lemma	form	morph_code
C	C	SgAdt
C	C	SgG
C	C	SgN
C	C-d	PlN
C	C-ga	SgKom
C	C-id	PlP
C	C-iks	PlTr
C	C-il	PlAd
C	C-ile	PlAll
C	C-ilt	PlAbl
C	C-is	PlIn
C	C-isse	PlIll
C	C-ist	PlEl
C	C-ks	SgTr
C	C-l	SgAd
C	C-le	SgAll
C	C-lt	SgAbl
C	C-na	SgEs
C	C-ni	SgTer
C	C-s	SgIn
C	C-sse	SgIll
C	C-st	SgEl
C	C-t	SgP
C	C-ta	SgAb
C	C-te	PlG
C	C-tega	PlKom
C	C-teks	PlTr
C	C-tel	PlAd
C	C-tele	PlAll
C	C-telt	PlAbl
C	C-tena	PlEs
C	C-teni	PlTer
C	C-tes	PlIn
C	C-tesse	PlIll
C	C-test	PlEl
C	C-teta	PlAb
c	c	SgAdt
c	c	SgG
c	c	SgN
c	cd	PlN
c	cd	SgP
c	cde	PlG
c	cdega	PlKom
c	cdeks	PlTr
c	cdel	PlAd
c	cdele	PlAll
c	cdelt	PlAbl
c	cdena	PlEs
c	cdeni	PlTer
c	cdes	PlIn
c	cdesse	PlIll
c	cdest	PlEl
c	cdeta	PlAb
c	cga	SgKom
c	cks	SgTr
c	cl	SgAd
c	cle	SgAll
c	clt	SgAbl
c	cna	SgEs
c	cni	SgTer
c	cs	SgIn
c	csid	PlP
c	csse	SgIll
c	cst	SgEl
c	cta	SgAb
c	c	ID
ca	ca	ID
Ca	Ca	ID
Cabo Verde	Cabo Verde	SgAdt
Cabo Verde	Cabo Verde	SgG
Cabo Verde	Cabo Verde	SgN
Cabo Verde	Cabo Verded	PlN
Cabo Verde	Cabo Verdede	PlG
Cabo Verde	Cabo Verdedega	PlKom
Cabo Verde	Cabo Verdedeks	PlTr
Cabo Verde	Cabo Verdedel	PlAd
Cabo Verde	Cabo Verdedele	PlAll
Cabo Verde	Cabo Verdedelt	PlAbl
Cabo Verde	Cabo Verdedena	PlEs
Cabo Verde	Cabo Verdedeni	PlTer
Cabo Verde	Cabo Verdedes	PlIn
Cabo Verde	Cabo Verdedesse	PlIll
Cabo Verde	Cabo Verdedest	PlEl
Cabo Verde	Cabo Verdedeta	PlAb
Cabo Verde	Cabo Verdega	SgKom
Cabo Verde	Cabo Verdeks	SgTr
Cabo Verde	Cabo Verdel	SgAd
Cabo Verde	Cabo Verdele	SgAll
Cabo Verde	Cabo Verdelt	SgAbl
Cabo Verde	Cabo Verdena	SgEs
Cabo Verde	Cabo Verdeni	SgTer
Cabo Verde	Cabo Verdes	SgIn
Cabo Verde	Cabo Verdesid	PlP
Cabo Verde	Cabo Verdesse	SgIll
Cabo Verde	Cabo Verdest	SgEl
Cabo Verde	Cabo Verdet	SgP
Cabo Verde	Cabo Verdeta	SgAb
cachaça	cachaça	SgAdt
cachaça	cachaça	SgG
cachaça	cachaça	SgN
cachaça	cachaça'd	PlN
cachaça	cachaça'de	PlG
cachaça	cachaça'dega	PlKom
cachaça	cachaça'deks	PlTr
cachaça	cachaça'del	PlAd
cachaça	cachaça'dele	PlAll
cachaça	cachaça'delt	PlAbl
cachaça	cachaça'dena	PlEs
cachaça	cachaça'deni	PlTer
cachaça	cachaça'des	PlIn
cachaça	cachaça'desse	PlIll
cachaça	cachaça'dest	PlEl
cachaça	cachaça'deta	PlAb
cachaça	cachaça'ga	SgKom
cachaça	cachaça'ks	SgTr
cachaça	cachaça'l	SgAd
cachaça	cachaça'le	SgAll
cachaça	cachaça'lt	SgAbl
cachaça	cachaça'na	SgEs
cachaça	cachaça'ni	SgTer
cachaça	cachaça's	SgIn
cachaça	cachaça'sid	PlP
cachaça	cachaça'sse	SgIll
cachaça	cachaça'st	SgEl
cachaça	cachaça't	SgP
cachaça	cachaça'ta	SgAb
caciotta	caciotta	SgAdt
caciotta	caciotta	SgG
caciotta	caciotta	SgN
caciotta	caciotta'd	PlN
caciotta	caciotta'de	PlG
caciotta	caciotta'dega	PlKom
caciotta	caciotta'deks	PlTr
caciotta	caciotta'del	PlAd
caciotta	caciotta'dele	PlAll
caciotta	caciotta'delt	PlAbl
caciotta	caciotta'dena	PlEs
caciotta	caciotta'deni	PlTer
caciotta	caciotta'des	PlIn
caciotta	caciotta'desse	PlIll
caciotta	caciotta'dest	PlEl
caciotta	caciotta'deta	PlAb
caciotta	caciotta'ga	SgKom
caciotta	caciotta'ks	SgTr
caciotta	caciotta'l	SgAd
caciotta	caciotta'le	SgAll
caciotta	caciotta'lt	SgAbl
caciotta	caciotta'na	SgEs
caciotta	caciotta'ni	SgTer
caciotta	caciotta's	SgIn
caciotta	caciotta'sid	PlP
caciotta	caciotta'sse	SgIll
caciotta	caciotta'st	SgEl
caciotta	caciotta't	SgP
caciotta	caciotta'ta	SgAb
Caesari salat	Caesari salat	SgN
Caesari salat	Caesari salateid	PlP
Caesari salat	Caesari salati	SgG
Caesari salat	Caesari salatid	PlN
Caesari salat	Caesari salatiga	SgKom
Caesari salat	Caesari salatiks	SgTr
Caesari salat	Caesari salatil	SgAd
Caesari salat	Caesari salatile	SgAll
Caesari salat	Caesari salatilt	SgAbl
Caesari salat	Caesari salatina	SgEs
Caesari salat	Caesari salatini	SgTer
Caesari salat	Caesari salatis	SgIn
Caesari salat	Caesari salatisse	SgIll
Caesari salat	Caesari salatist	SgEl
Caesari salat	Caesari salatit	SgP
Caesari salat	Caesari salatita	SgAb
Caesari salat	Caesari salatite	PlG
Caesari salat	Caesari salatitega	PlKom
Caesari salat	Caesari salatiteks	PlTr
Caesari salat	Caesari salatitel	PlAd
Caesari salat	Caesari salatitele	PlAll
Caesari salat	Caesari salatitelt	PlAbl
Caesari salat	Caesari salatitena	PlEs
Caesari salat	Caesari salatiteni	PlTer
Caesari salat	Caesari salatites	PlIn
Caesari salat	Caesari salatitesse	PlIll
Caesari salat	Caesari salatitest	PlEl
Caesari salat	Caesari salatiteta	PlAb
café au lait	café au lait	SgAdt
café au lait	café au lait	SgG
café au lait	café au lait	SgN
café au lait	café au laitd	PlN
café au lait	café au laitd	SgP
café au lait	café au laitde	PlG
café au lait	café au laitdega	PlKom
café au lait	café au laitdeks	PlTr
café au lait	café au laitdel	PlAd
café au lait	café au laitdele	PlAll
café au lait	café au laitdelt	PlAbl
café au lait	café au laitdena	PlEs
café au lait	café au laitdeni	PlTer
café au lait	café au laitdes	PlIn
café au lait	café au laitdesse	PlIll
café au lait	café au laitdest	PlEl
café au lait	café au laitdeta	PlAb
café au lait	café au laitga	SgKom
café au lait	café au laitks	SgTr
café au lait	café au laitl	SgAd
café au lait	café au laitle	SgAll
café au lait	café au laitlt	SgAbl
café au lait	café au laitna	SgEs
café au lait	café au laitni	SgTer
café au lait	café au laits	SgIn
café au lait	café au laitsid	PlP
café au lait	café au laitsse	SgIll
café au lait	café au laitst	SgEl
café au lait	café au laitta	SgAb
caffè latte	caffè latte	SgAdt
caffè latte	caffè latte	SgG
caffè latte	caffè latte	SgN
caffè latte	caffè latte'd	PlN
caffè latte	caffè latte'de	PlG
caffè latte	caffè latte'dega	PlKom
caffè latte	caffè latte'deks	PlTr
caffè latte	caffè latte'del	PlAd
caffè latte	caffè latte'dele	PlAll
caffè latte	caffè latte'delt	PlAbl
caffè latte	caffè latte'dena	PlEs
caffè latte	caffè latte'deni	PlTer
caffè latte	caffè latte'des	PlIn
caffè latte	caffè latte'desse	PlIll
caffè latte	caffè latte'dest	PlEl
caffè latte	caffè latte'deta	PlAb
caffè latte	caffè latte'ga	SgKom
caffè latte	caffè latte'ks	SgTr
caffè latte	caffè latte'l	SgAd
caffè latte	caffè latte'le	SgAll
caffè latte	caffè latte'lt	SgAbl
caffè latte	caffè latte'na	SgEs
caffè latte	caffè latte'ni	SgTer
caffè latte	caffè latte's	SgIn
caffè latte	caffè latte'sid	PlP
caffè latte	caffè latte'sse	SgIll
caffè latte	caffè latte'st	SgEl
caffè latte	caffè latte't	SgP
caffè latte	caffè latte'ta	SgAb
caffè macchiato	caffè macchiato	SgAdt
caffè macchiato	caffè macchiato	SgG
caffè macchiato	caffè macchiato	SgN
caffè macchiato	caffè macchiato'd	PlN
caffè macchiato	caffè macchiato'de	PlG
caffè macchiato	caffè macchiato'dega	PlKom
caffè macchiato	caffè macchiato'deks	PlTr
caffè macchiato	caffè macchiato'del	PlAd
caffè macchiato	caffè macchiato'dele	PlAll
caffè macchiato	caffè macchiato'delt	PlAbl
caffè macchiato	caffè macchiato'dena	PlEs
caffè macchiato	caffè macchiato'deni	PlTer
caffè macchiato	caffè macchiato'des	PlIn
caffè macchiato	caffè macchiato'desse	PlIll
caffè macchiato	caffè macchiato'dest	PlEl
caffè macchiato	caffè macchiato'deta	PlAb
caffè macchiato	caffè macchiato'ga	SgKom
caffè macchiato	caffè macchiato'ks	SgTr
caffè macchiato	caffè macchiato'l	SgAd
caffè macchiato	caffè macchiato'le	SgAll
caffè macchiato	caffè macchiato'lt	SgAbl
caffè macchiato	caffè macchiato'na	SgEs
caffè macchiato	caffè macchiato'ni	SgTer
caffè macchiato	caffè macchiato's	SgIn
caffè macchiato	caffè macchiato'sid	PlP
caffè macchiato	caffè macchiato'sse	SgIll
caffè macchiato	caffè macchiato'st	SgEl
caffè macchiato	caffè macchiato't	SgP
caffè macchiato	caffè macchiato'ta	SgAb
cal	cal	SgAdt
cal	cal	SgG
cal	cal	SgN
cal	cal-d	PlN
cal	cal-ga	SgKom
cal	cal-id	PlP
cal	cal-iks	PlTr
cal	cal-il	PlAd
cal	cal-ile	PlAll
cal	cal-ilt	PlAbl
cal	cal-is	PlIn
cal	cal-isse	PlIll
cal	cal-ist	PlEl
cal	cal-ks	SgTr
cal	cal-l	SgAd
cal	cal-le	SgAll
cal	cal-lt	SgAbl
cal	cal-na	SgEs
cal	cal-ni	SgTer
cal	cal-s	SgIn
cal	cal-sse	SgIll
cal	cal-st	SgEl
cal	cal-t	SgP
cal	cal-ta	SgAb
cal	cal-te	PlG
cal	cal-tega	PlKom
cal	cal-teks	PlTr
cal	cal-tel	PlAd
cal	cal-tele	PlAll
cal	cal-telt	PlAbl
cal	cal-tena	PlEs
cal	cal-teni	PlTer
cal	cal-tes	PlIn
cal	cal-tesse	PlIll
cal	cal-test	PlEl
cal	cal-teta	PlAb
Calais' väin	Calais' väin	SgN
Calais' väin	Calais' väina	SgAdt
Calais' väin	Calais' väina	SgG
Calais' väin	Calais' väina	SgP
Calais' väin	Calais' väinaga	SgKom
Calais' väin	Calais' väinaks	SgTr
Calais' väin	Calais' väinal	SgAd
Calais' väin	Calais' väinale	SgAll
Calais' väin	Calais' väinalt	SgAbl
Calais' väin	Calais' väinana	SgEs
Calais' väin	Calais' väinani	SgTer
Calais' väin	Calais' väinas	SgIn
Calais' väin	Calais' väinasse	SgIll
Calais' väin	Calais' väinast	SgEl
Calais' väin	Calais' väinata	SgAb
calzone	calzone	SgAdt
calzone	calzone	SgG
calzone	calzone	SgN
calzone	calzone'd	PlN
calzone	calzone'de	PlG
calzone	calzone'dega	PlKom
calzone	calzone'deks	PlTr
calzone	calzone'del	PlAd
calzone	calzone'dele	PlAll
calzone	calzone'delt	PlAbl
calzone	calzone'dena	PlEs
calzone	calzone'deni	PlTer
calzone	calzone'des	PlIn
calzone	calzone'desse	PlIll
calzone	calzone'dest	PlEl
calzone	calzone'deta	PlAb
calzone	calzone'ga	SgKom
calzone	calzone'ks	SgTr
calzone	calzone'l	SgAd
calzone	calzone'le	SgAll
calzone	calzone'lt	SgAbl
calzone	calzone'na	SgEs
calzone	calzone'ni	SgTer
calzone	calzone's	SgIn
calzone	calzone'sid	PlP
calzone	calzone'sse	SgIll
calzone	calzone'st	SgEl
calzone	calzone't	SgP
calzone	calzone'ta	SgAb
Camembert	Camembert	SgN
Camembert	Camemberte	PlP
Camembert	Camemberteks	PlTr
Camembert	Camembertel	PlAd
Camembert	Camembertele	PlAll
Camembert	Camembertelt	PlAbl
Camembert	Camembertes	PlIn
Camembert	Camembertesse	PlIll
Camembert	Camembertest	PlEl
Camembert	Camemberti	SgAdt
Camembert	Camemberti	SgG
Camembert	Camemberti	SgP
Camembert	Camembertid	PlN
Camembert	Camembertide	PlG
Camembert	Camembertidega	PlKom
Camembert	Camembertideks	PlTr
Camembert	Camembertidel	PlAd
Camembert	Camembertidele	PlAll
Camembert	Camembertidelt	PlAbl
Camembert	Camembertidena	PlEs
Camembert	Camembertideni	PlTer
Camembert	Camembertides	PlIn
Camembert	Camembertidesse	PlIll
Camembert	Camembertidest	PlEl
Camembert	Camembertideta	PlAb
Camembert	Camembertiga	SgKom
Camembert	Camembertiks	SgTr
Camembert	Camembertil	SgAd
Camembert	Camembertile	SgAll
Camembert	Camembertilt	SgAbl
Camembert	Camembertina	SgEs
Camembert	Camembertini	SgTer
Camembert	Camembertis	SgIn
Camembert	Camembertisid	PlP
Camembert	Camembertisse	SgIll
Camembert	Camembertist	SgEl
Camembert	Camembertita	SgAb
camera obscura	camera obscura	SgAdt
camera obscura	camera obscura	SgG
camera obscura	camera obscura	SgN
camera obscura	camera obscura'd	PlN
camera obscura	camera obscura'de	PlG
camera obscura	camera obscura'dega	PlKom
camera obscura	camera obscura'deks	PlTr
camera obscura	camera obscura'del	PlAd
camera obscura	camera obscura'dele	PlAll
camera obscura	camera obscura'delt	PlAbl
camera obscura	camera obscura'dena	PlEs
camera obscura	camera obscura'deni	PlTer
camera obscura	camera obscura'des	PlIn
camera obscura	camera obscura'desse	PlIll
camera obscura	camera obscura'dest	PlEl
camera obscura	camera obscura'deta	PlAb
camera obscura	camera obscura'ga	SgKom
camera obscura	camera obscura'ks	SgTr
camera obscura	camera obscura'l	SgAd
camera obscura	camera obscura'le	SgAll
camera obscura	camera obscura'lt	SgAbl
camera obscura	camera obscura'na	SgEs
camera obscura	camera obscura'ni	SgTer
camera obscura	camera obscura's	SgIn
camera obscura	camera obscura'sid	PlP
camera obscura	camera obscura'sse	SgIll
camera obscura	camera obscura'st	SgEl
camera obscura	camera obscura't	SgP
camera obscura	camera obscura'ta	SgAb
camp	camp	SgN
camp	camp'e	PlP
camp	camp'eks	PlTr
camp	camp'el	PlAd
camp	camp'ele	PlAll
camp	camp'elt	PlAbl
camp	camp'es	PlIn
camp	camp'esse	PlIll
camp	camp'est	PlEl
camp	camp'i	SgAdt
camp	camp'i	SgG
camp	camp'i	SgP
camp	camp'id	PlN
camp	camp'ide	PlG
camp	camp'idega	PlKom
camp	camp'ideks	PlTr
camp	camp'idel	PlAd
camp	camp'idele	PlAll
camp	camp'idelt	PlAbl
camp	camp'idena	PlEs
camp	camp'ideni	PlTer
camp	camp'ides	PlIn
camp	camp'idesse	PlIll
camp	camp'idest	PlEl
camp	camp'ideta	PlAb
camp	camp'iga	SgKom
camp	camp'iks	SgTr
camp	camp'il	SgAd
camp	camp'ile	SgAll
camp	camp'ilt	SgAbl
camp	camp'ina	SgEs
camp	camp'ini	SgTer
camp	camp'is	SgIn
camp	camp'isid	PlP
camp	camp'isse	SgIll
camp	camp'ist	SgEl
camp	camp'ita	SgAb
cannelloni	cannelloni	SgAdt
cannelloni	cannelloni	SgG
cannelloni	cannelloni	SgN
cannelloni	cannelloni'd	PlN
cannelloni	cannelloni'de	PlG
cannelloni	cannelloni'dega	PlKom
cannelloni	cannelloni'deks	PlTr
cannelloni	cannelloni'del	PlAd
cannelloni	cannelloni'dele	PlAll
cannelloni	cannelloni'delt	PlAbl
cannelloni	cannelloni'dena	PlEs
cannelloni	cannelloni'deni	PlTer
cannelloni	cannelloni'des	PlIn
cannelloni	cannelloni'desse	PlIll
cannelloni	cannelloni'dest	PlEl
cannelloni	cannelloni'deta	PlAb
cannelloni	cannelloni'ga	SgKom
cannelloni	cannelloni'ks	SgTr
cannelloni	cannelloni'l	SgAd
cannelloni	cannelloni'le	SgAll
cannelloni	cannelloni'lt	SgAbl
cannelloni	cannelloni'na	SgEs
cannelloni	cannelloni'ni	SgTer
cannelloni	cannelloni's	SgIn
cannelloni	cannelloni'sid	PlP
cannelloni	cannelloni'sse	SgIll
cannelloni	cannelloni'st	SgEl
cannelloni	cannelloni't	SgP
cannelloni	cannelloni'ta	SgAb
cantabile	cantabile	ID
capoeira	capoeira	SgAdt
capoeira	capoeira	SgG
capoeira	capoeira	SgN
capoeira	capoeirad	PlN
capoeira	capoeirade	PlG
capoeira	capoeiradega	PlKom
capoeira	capoeiradeks	PlTr
capoeira	capoeiradel	PlAd
capoeira	capoeiradele	PlAll
capoeira	capoeiradelt	PlAbl
capoeira	capoeiradena	PlEs
capoeira	capoeiradeni	PlTer
capoeira	capoeirades	PlIn
capoeira	capoeiradesse	PlIll
capoeira	capoeiradest	PlEl
capoeira	capoeiradeta	PlAb
capoeira	capoeiraga	SgKom
capoeira	capoeiraks	SgTr
capoeira	capoeiral	SgAd
capoeira	capoeirale	SgAll
capoeira	capoeiralt	SgAbl
capoeira	capoeirana	SgEs
capoeira	capoeirani	SgTer
capoeira	capoeiras	SgIn
capoeira	capoeirasid	PlP
capoeira	capoeirasse	SgIll
capoeira	capoeirast	SgEl
capoeira	capoeirat	SgP
capoeira	capoeirata	SgAb
caponata	caponata	SgAdt
caponata	caponata	SgG
caponata	caponata	SgN
caponata	caponata'd	PlN
caponata	caponata'de	PlG
caponata	caponata'dega	PlKom
caponata	caponata'deks	PlTr
caponata	caponata'del	PlAd
caponata	caponata'dele	PlAll
caponata	caponata'delt	PlAbl
caponata	caponata'dena	PlEs
caponata	caponata'deni	PlTer
caponata	caponata'des	PlIn
caponata	caponata'desse	PlIll
caponata	caponata'dest	PlEl
caponata	caponata'deta	PlAb
caponata	caponata'ga	SgKom
caponata	caponata'ks	SgTr
caponata	caponata'l	SgAd
caponata	caponata'le	SgAll
caponata	caponata'lt	SgAbl
caponata	caponata'na	SgEs
caponata	caponata'ni	SgTer
caponata	caponata's	SgIn
caponata	caponata'sid	PlP
caponata	caponata'sse	SgIll
caponata	caponata'st	SgEl
caponata	caponata't	SgP
caponata	caponata'ta	SgAb
cappuccino	cappuccino	SgAdt
cappuccino	cappuccino	SgG
cappuccino	cappuccino	SgN
cappuccino	cappuccino'd	PlN
cappuccino	cappuccino'de	PlG
cappuccino	cappuccino'dega	PlKom
cappuccino	cappuccino'deks	PlTr
cappuccino	cappuccino'del	PlAd
cappuccino	cappuccino'dele	PlAll
cappuccino	cappuccino'delt	PlAbl
cappuccino	cappuccino'dena	PlEs
cappuccino	cappuccino'deni	PlTer
cappuccino	cappuccino'des	PlIn
cappuccino	cappuccino'desse	PlIll
cappuccino	cappuccino'dest	PlEl
cappuccino	cappuccino'deta	PlAb
cappuccino	cappuccino'ga	SgKom
cappuccino	cappuccino'ks	SgTr
cappuccino	cappuccino'l	SgAd
cappuccino	cappuccino'le	SgAll
cappuccino	cappuccino'lt	SgAbl
cappuccino	cappuccino'na	SgEs
cappuccino	cappuccino'ni	SgTer
cappuccino	cappuccino's	SgIn
cappuccino	cappuccino'sid	PlP
cappuccino	cappuccino'sse	SgIll
cappuccino	cappuccino'st	SgEl
cappuccino	cappuccino't	SgP
cappuccino	cappuccino'ta	SgAb
Capri	Capreid	PlP
Capri	Capreiks	PlTr
Capri	Capreil	PlAd
Capri	Capreile	PlAll
Capri	Capreilt	PlAbl
Capri	Capreis	PlIn
Capri	Capreisse	PlIll
Capri	Capreist	PlEl
Capri	Capri	SgAdt
Capri	Capri	SgG
Capri	Capri	SgN
Capri	Caprid	PlN
Capri	Capriga	SgKom
Capri	Capriks	SgTr
Capri	Capril	SgAd
Capri	Caprile	SgAll
Capri	Caprilt	SgAbl
Capri	Caprina	SgEs
Capri	Caprini	SgTer
Capri	Capris	SgIn
Capri	Caprisse	SgIll
Capri	Caprist	SgEl
Capri	Caprit	SgP
Capri	Caprita	SgAb
Capri	Caprite	PlG
Capri	Capritega	PlKom
Capri	Capriteks	PlTr
Capri	Capritel	PlAd
Capri	Capritele	PlAll
Capri	Capritelt	PlAbl
Capri	Capritena	PlEs
Capri	Capriteni	PlTer
Capri	Caprites	PlIn
Capri	Capritesse	PlIll
Capri	Capritest	PlEl
Capri	Capriteta	PlAb
carpaccio	carpaccio	SgAdt
carpaccio	carpaccio	SgG
carpaccio	carpaccio	SgN
carpaccio	carpaccio'd	PlN
carpaccio	carpaccio'de	PlG
carpaccio	carpaccio'dega	PlKom
carpaccio	carpaccio'deks	PlTr
carpaccio	carpaccio'del	PlAd
carpaccio	carpaccio'dele	PlAll
carpaccio	carpaccio'delt	PlAbl
carpaccio	carpaccio'dena	PlEs
carpaccio	carpaccio'deni	PlTer
carpaccio	carpaccio'des	PlIn
carpaccio	carpaccio'desse	PlIll
carpaccio	carpaccio'dest	PlEl
carpaccio	carpaccio'deta	PlAb
carpaccio	carpaccio'ga	SgKom
carpaccio	carpaccio'ks	SgTr
carpaccio	carpaccio'l	SgAd
carpaccio	carpaccio'le	SgAll
carpaccio	carpaccio'lt	SgAbl
carpaccio	carpaccio'na	SgEs
carpaccio	carpaccio'ni	SgTer
carpaccio	carpaccio's	SgIn
carpaccio	carpaccio'sid	PlP
carpaccio	carpaccio'sse	SgIll
carpaccio	carpaccio'st	SgEl
carpaccio	carpaccio't	SgP
carpaccio	carpaccio'ta	SgAb
cash and carry	cash and carry	SgAdt
cash and carry	cash and carry	SgG
cash and carry	cash and carry	SgN
cash and carry	cash and carry'd	PlN
cash and carry	cash and carry'de	PlG
cash and carry	cash and carry'dega	PlKom
cash and carry	cash and carry'deks	PlTr
cash and carry	cash and carry'del	PlAd
cash and carry	cash and carry'dele	PlAll
cash and carry	cash and carry'delt	PlAbl
cash and carry	cash and carry'dena	PlEs
cash and carry	cash and carry'deni	PlTer
cash and carry	cash and carry'des	PlIn
cash and carry	cash and carry'desse	PlIll
cash and carry	cash and carry'dest	PlEl
cash and carry	cash and carry'deta	PlAb
cash and carry	cash and carry'ga	SgKom
cash and carry	cash and carry'ks	SgTr
cash and carry	cash and carry'l	SgAd
cash and carry	cash and carry'le	SgAll
cash and carry	cash and carry'lt	SgAbl
cash and carry	cash and carry'na	SgEs
cash and carry	cash and carry'ni	SgTer
cash and carry	cash and carry's	SgIn
cash and carry	cash and carry'sid	PlP
cash and carry	cash and carry'sse	SgIll
cash and carry	cash and carry'st	SgEl
cash and carry	cash and carry't	SgP
cash and carry	cash and carry'ta	SgAb
casting	casting	SgAdt
casting	casting	SgN
casting	casting'u	SgG
casting	casting'ud	PlN
casting	casting'uga	SgKom
casting	casting'uid	PlP
casting	casting'uiks	PlTr
casting	casting'uil	PlAd
casting	casting'uile	PlAll
casting	casting'uilt	PlAbl
casting	casting'uis	PlIn
casting	casting'uisse	PlIll
casting	casting'uist	PlEl
casting	casting'uks	SgTr
casting	casting'ul	SgAd
casting	casting'ule	SgAll
casting	casting'ult	SgAbl
casting	casting'una	SgEs
casting	casting'uni	SgTer
casting	casting'us	SgIn
casting	casting'usse	SgIll
casting	casting'ust	SgEl
casting	casting'ut	SgP
casting	casting'uta	SgAb
casting	casting'ute	PlG
casting	casting'utega	PlKom
casting	casting'uteks	PlTr
casting	casting'utel	PlAd
casting	casting'utele	PlAll
casting	casting'utelt	PlAbl
casting	casting'utena	PlEs
casting	casting'uteni	PlTer
casting	casting'utes	PlIn
casting	casting'utesse	PlIll
casting	casting'utest	PlEl
casting	casting'uteta	PlAb
catering	catering	SgN
catering	catering'e	PlP
catering	catering'eks	PlTr
catering	catering'el	PlAd
catering	catering'ele	PlAll
catering	catering'elt	PlAbl
catering	catering'es	PlIn
catering	catering'esse	PlIll
catering	catering'est	PlEl
catering	catering'i	SgAdt
catering	catering'i	SgG
catering	catering'i	SgP
catering	catering'id	PlN
catering	catering'ide	PlG
catering	catering'idega	PlKom
catering	catering'ideks	PlTr
catering	catering'idel	PlAd
catering	catering'idele	PlAll
catering	catering'idelt	PlAbl
catering	catering'idena	PlEs
catering	catering'ideni	PlTer
catering	catering'ides	PlIn
catering	catering'idesse	PlIll
catering	catering'idest	PlEl
catering	catering'ideta	PlAb
catering	catering'iga	SgKom
catering	catering'iks	SgTr
catering	catering'il	SgAd
catering	catering'ile	SgAll
catering	catering'ilt	SgAbl
catering	catering'ina	SgEs
catering	catering'ini	SgTer
catering	catering'is	SgIn
catering	catering'isid	PlP
catering	catering'isse	SgIll
catering	catering'ist	SgEl
catering	catering'ita	SgAb
catwalk	catwalk	SgN
catwalk	catwalke	PlP
catwalk	catwalkeks	PlTr
catwalk	catwalkel	PlAd
catwalk	catwalkele	PlAll
catwalk	catwalkelt	PlAbl
catwalk	catwalkes	PlIn
catwalk	catwalkesse	PlIll
catwalk	catwalkest	PlEl
catwalk	catwalki	SgAdt
catwalk	catwalki	SgG
catwalk	catwalki	SgP
catwalk	catwalkid	PlN
catwalk	catwalkide	PlG
catwalk	catwalkidega	PlKom
catwalk	catwalkideks	PlTr
catwalk	catwalkidel	PlAd
catwalk	catwalkidele	PlAll
catwalk	catwalkidelt	PlAbl
catwalk	catwalkidena	PlEs
catwalk	catwalkideni	PlTer
catwalk	catwalkides	PlIn
catwalk	catwalkidesse	PlIll
catwalk	catwalkidest	PlEl
catwalk	catwalkideta	PlAb
catwalk	catwalkiga	SgKom
catwalk	catwalkiks	SgTr
catwalk	catwalkil	SgAd
catwalk	catwalkile	SgAll
catwalk	catwalkilt	SgAbl
catwalk	catwalkina	SgEs
catwalk	catwalkini	SgTer
catwalk	catwalkis	SgIn
catwalk	catwalkisid	PlP
catwalk	catwalkisse	SgIll
catwalk	catwalkist	SgEl
catwalk	catwalkita	SgAb
cava	cava	SgAdt
cava	cava	SgG
cava	cava	SgN
cava	cava'd	PlN
cava	cava'de	PlG
cava	cava'dega	PlKom
cava	cava'deks	PlTr
cava	cava'del	PlAd
cava	cava'dele	PlAll
cava	cava'delt	PlAbl
cava	cava'dena	PlEs
cava	cava'deni	PlTer
cava	cava'des	PlIn
cava	cava'desse	PlIll
cava	cava'dest	PlEl
cava	cava'deta	PlAb
cava	cava'ga	SgKom
cava	cava'ks	SgTr
cava	cava'l	SgAd
cava	cava'le	SgAll
cava	cava'lt	SgAbl
cava	cava'na	SgEs
cava	cava'ni	SgTer
cava	cava's	SgIn
cava	cava'sid	PlP
cava	cava'sse	SgIll
cava	cava'st	SgEl
cava	cava't	SgP
cava	cava'ta	SgAb
Cayenne'i pipar	Cayenne’i pipar	SgN
Cayenne'i pipar	Cayenne’i piparde	PlG
Cayenne'i pipar	Cayenne’i pipardega	PlKom
Cayenne'i pipar	Cayenne’i pipardeks	PlTr
Cayenne'i pipar	Cayenne’i pipardel	PlAd
Cayenne'i pipar	Cayenne’i pipardele	PlAll
Cayenne'i pipar	Cayenne’i pipardelt	PlAbl
Cayenne'i pipar	Cayenne’i pipardena	PlEs
Cayenne'i pipar	Cayenne’i pipardeni	PlTer
Cayenne'i pipar	Cayenne’i pipardes	PlIn
Cayenne'i pipar	Cayenne’i pipardesse	PlIll
Cayenne'i pipar	Cayenne’i pipardest	PlEl
Cayenne'i pipar	Cayenne’i pipardeta	PlAb
Cayenne'i pipar	Cayenne’i pipart	SgP
Cayenne'i pipar	Cayenne’i pipra	SgG
Cayenne'i pipar	Cayenne’i piprad	PlN
Cayenne'i pipar	Cayenne’i pipraga	SgKom
Cayenne'i pipar	Cayenne’i pipraid	PlP
Cayenne'i pipar	Cayenne’i pipraks	SgTr
Cayenne'i pipar	Cayenne’i pipral	SgAd
Cayenne'i pipar	Cayenne’i piprale	SgAll
Cayenne'i pipar	Cayenne’i pipralt	SgAbl
Cayenne'i pipar	Cayenne’i piprana	SgEs
Cayenne'i pipar	Cayenne’i piprani	SgTer
Cayenne'i pipar	Cayenne’i pipras	SgIn
Cayenne'i pipar	Cayenne’i piprasse	SgIll
Cayenne'i pipar	Cayenne’i piprast	SgEl
Cayenne'i pipar	Cayenne’i piprata	SgAb
Cd	Cd	ID
cd	cd	SgAdt
cd	cd	SgG
cd	cd	SgN
cd	cd-d	PlN
cd	cd-ga	SgKom
cd	cd-id	PlP
cd	cd-iks	PlTr
cd	cd-il	PlAd
cd	cd-ile	PlAll
cd	cd-ilt	PlAbl
cd	cd-is	PlIn
cd	cd-isse	PlIll
cd	cd-ist	PlEl
cd	cd-ks	SgTr
cd	cd-l	SgAd
cd	cd-le	SgAll
cd	cd-lt	SgAbl
cd	cd-na	SgEs
cd	cd-ni	SgTer
cd	cd-s	SgIn
cd	cd-sse	SgIll
cd	cd-st	SgEl
cd	cd-t	SgP
cd	cd-ta	SgAb
cd	cd-te	PlG
cd	cd-tega	PlKom
cd	cd-teks	PlTr
cd	cd-tel	PlAd
cd	cd-tele	PlAll
cd	cd-telt	PlAbl
cd	cd-tena	PlEs
cd	cd-teni	PlTer
cd	cd-tes	PlIn
cd	cd-tesse	PlIll
cd	cd-test	PlEl
cd	cd-teta	PlAb
CD-mängija	-	SgAdt
CD-mängija	CD-mängija	SgG
CD-mängija	CD-mängija	SgN
CD-mängija	CD-mängijad	PlN
CD-mängija	CD-mängijaga	SgKom
CD-mängija	CD-mängijaid	PlP
CD-mängija	CD-mängijaiks	PlTr
CD-mängija	CD-mängijail	PlAd
CD-mängija	CD-mängijaile	PlAll
CD-mängija	CD-mängijailt	PlAbl
CD-mängija	CD-mängijais	PlIn
CD-mängija	CD-mängijaisse	PlIll
CD-mängija	CD-mängijaist	PlEl
CD-mängija	CD-mängijaks	SgTr
CD-mängija	CD-mängijal	SgAd
CD-mängija	CD-mängijale	SgAll
CD-mängija	CD-mängijalt	SgAbl
CD-mängija	CD-mängijana	SgEs
CD-mängija	CD-mängijani	SgTer
CD-mängija	CD-mängijas	SgIn
CD-mängija	CD-mängijasse	SgIll
CD-mängija	CD-mängijast	SgEl
CD-mängija	CD-mängijat	SgP
CD-mängija	CD-mängijata	SgAb
CD-mängija	CD-mängijate	PlG
CD-mängija	CD-mängijatega	PlKom
CD-mängija	CD-mängijateks	PlTr
CD-mängija	CD-mängijatel	PlAd
CD-mängija	CD-mängijatele	PlAll
CD-mängija	CD-mängijatelt	PlAbl
CD-mängija	CD-mängijatena	PlEs
CD-mängija	CD-mängijateni	PlTer
CD-mängija	CD-mängijates	PlIn
CD-mängija	CD-mängijatesse	PlIll
CD-mängija	CD-mängijatest	PlEl
CD-mängija	CD-mängijateta	PlAb
CD-plaat	CD-plaadeks	PlTr
CD-plaat	CD-plaadel	PlAd
CD-plaat	CD-plaadele	PlAll
CD-plaat	CD-plaadelt	PlAbl
CD-plaat	CD-plaades	PlIn
CD-plaat	CD-plaadesse	PlIll
CD-plaat	CD-plaadest	PlEl
CD-plaat	CD-plaadi	SgG
CD-plaat	CD-plaadid	PlN
CD-plaat	CD-plaadiga	SgKom
CD-plaat	CD-plaadiks	SgTr
CD-plaat	CD-plaadil	SgAd
CD-plaat	CD-plaadile	SgAll
CD-plaat	CD-plaadilt	SgAbl
CD-plaat	CD-plaadina	SgEs
CD-plaat	CD-plaadini	SgTer
CD-plaat	CD-plaadis	SgIn
CD-plaat	CD-plaadisse	SgIll
CD-plaat	CD-plaadist	SgEl
CD-plaat	CD-plaadita	SgAb
CD-plaat	CD-plaat	SgN
CD-plaat	CD-plaate	PlP
CD-plaat	CD-plaati	SgAdt
CD-plaat	CD-plaati	SgP
CD-plaat	CD-plaatide	PlG
CD-plaat	CD-plaatidega	PlKom
CD-plaat	CD-plaatideks	PlTr
CD-plaat	CD-plaatidel	PlAd
CD-plaat	CD-plaatidele	PlAll
CD-plaat	CD-plaatidelt	PlAbl
CD-plaat	CD-plaatidena	PlEs
CD-plaat	CD-plaatideni	PlTer
CD-plaat	CD-plaatides	PlIn
CD-plaat	CD-plaatidesse	PlIll
CD-plaat	CD-plaatidest	PlEl
CD-plaat	CD-plaatideta	PlAb
CD-plaat	CD-plaatisid	PlP
CD-ROM	CD-ROM	SgN
CD-ROM	CD-ROM-e	PlP
CD-ROM	CD-ROM-eks	PlTr
CD-ROM	CD-ROM-el	PlAd
CD-ROM	CD-ROM-ele	PlAll
CD-ROM	CD-ROM-elt	PlAbl
CD-ROM	CD-ROM-es	PlIn
CD-ROM	CD-ROM-esse	PlIll
CD-ROM	CD-ROM-est	PlEl
CD-ROM	CD-ROM-i	SgAdt
CD-ROM	CD-ROM-i	SgG
CD-ROM	CD-ROM-i	SgP
CD-ROM	CD-ROM-id	PlN
CD-ROM	CD-ROM-ide	PlG
CD-ROM	CD-ROM-idega	PlKom
CD-ROM	CD-ROM-ideks	PlTr
CD-ROM	CD-ROM-idel	PlAd
CD-ROM	CD-ROM-idele	PlAll
CD-ROM	CD-ROM-idelt	PlAbl
CD-ROM	CD-ROM-idena	PlEs
CD-ROM	CD-ROM-ideni	PlTer
CD-ROM	CD-ROM-ides	PlIn
CD-ROM	CD-ROM-idesse	PlIll
CD-ROM	CD-ROM-idest	PlEl
CD-ROM	CD-ROM-ideta	PlAb
CD-ROM	CD-ROM-iga	SgKom
CD-ROM	CD-ROM-iks	SgTr
CD-ROM	CD-ROM-il	SgAd
CD-ROM	CD-ROM-ile	SgAll
CD-ROM	CD-ROM-ilt	SgAbl
CD-ROM	CD-ROM-ina	SgEs
CD-ROM	CD-ROM-ini	SgTer
CD-ROM	CD-ROM-is	SgIn
CD-ROM	CD-ROM-isid	PlP
CD-ROM	CD-ROM-isse	SgIll
CD-ROM	CD-ROM-ist	SgEl
CD-ROM	CD-ROM-ita	SgAb
C-duur	C-duur	SgN
C-duur	C-duure	PlP
C-duur	C-duureks	PlTr
C-duur	C-duurel	PlAd
C-duur	C-duurele	PlAll
C-duur	C-duurelt	PlAbl
C-duur	C-duures	PlIn
C-duur	C-duuresse	PlIll
C-duur	C-duurest	PlEl
C-duur	C-duuri	SgAdt
C-duur	C-duuri	SgG
C-duur	C-duuri	SgP
C-duur	C-duurid	PlN
C-duur	C-duuride	PlG
C-duur	C-duuridega	PlKom
C-duur	C-duurideks	PlTr
C-duur	C-duuridel	PlAd
C-duur	C-duuridele	PlAll
C-duur	C-duuridelt	PlAbl
C-duur	C-duuridena	PlEs
C-duur	C-duurideni	PlTer
C-duur	C-duurides	PlIn
C-duur	C-duuridesse	PlIll
C-duur	C-duuridest	PlEl
C-duur	C-duurideta	PlAb
C-duur	C-duuriga	SgKom
C-duur	C-duuriks	SgTr
C-duur	C-duuril	SgAd
C-duur	C-duurile	SgAll
C-duur	C-duurilt	SgAbl
C-duur	C-duurina	SgEs
C-duur	C-duurini	SgTer
C-duur	C-duuris	SgIn
C-duur	C-duurisid	PlP
C-duur	C-duurisse	SgIll
C-duur	C-duurist	SgEl
C-duur	C-duurita	SgAb
Ce	Ce	ID
CE-märgis	-	SgAdt
CE-märgis	CE-märgis	SgN
CE-märgis	CE-märgise	SgG
CE-märgis	CE-märgised	PlN
CE-märgis	CE-märgisega	SgKom
CE-märgis	CE-märgiseid	PlP
CE-märgis	CE-märgiseiks	PlTr
CE-märgis	CE-märgiseil	PlAd
CE-märgis	CE-märgiseile	PlAll
CE-märgis	CE-märgiseilt	PlAbl
CE-märgis	CE-märgiseis	PlIn
CE-märgis	CE-märgiseisse	PlIll
CE-märgis	CE-märgiseist	PlEl
CE-märgis	CE-märgiseks	SgTr
CE-märgis	CE-märgisel	SgAd
CE-märgis	CE-märgisele	SgAll
CE-märgis	CE-märgiselt	SgAbl
CE-märgis	CE-märgisena	SgEs
CE-märgis	CE-märgiseni	SgTer
CE-märgis	CE-märgises	SgIn
CE-märgis	CE-märgisesse	SgIll
CE-märgis	CE-märgisest	SgEl
CE-märgis	CE-märgiseta	SgAb
CE-märgis	CE-märgist	SgP
CE-märgis	CE-märgiste	PlG
CE-märgis	CE-märgistega	PlKom
CE-märgis	CE-märgisteks	PlTr
CE-märgis	CE-märgistel	PlAd
CE-märgis	CE-märgistele	PlAll
CE-märgis	CE-märgistelt	PlAbl
CE-märgis	CE-märgistena	PlEs
CE-märgis	CE-märgisteni	PlTer
CE-märgis	CE-märgistes	PlIn
CE-märgis	CE-märgistesse	PlIll
CE-märgis	CE-märgistest	PlEl
CE-märgis	CE-märgisteta	PlAb
Ceres	Ceres	SgAdt
Ceres	Ceres	SgN
Ceres	Cerese	SgG
Ceres	Ceresed	PlN
Ceres	Ceresega	SgKom
Ceres	Cereseid	PlP
Ceres	Cereseiks	PlTr
Ceres	Cereseil	PlAd
Ceres	Cereseile	PlAll
Ceres	Cereseilt	PlAbl
Ceres	Cereseis	PlIn
Ceres	Cereseisse	PlIll
Ceres	Cereseist	PlEl
Ceres	Cereseks	SgTr
Ceres	Ceresel	SgAd
Ceres	Ceresele	SgAll
Ceres	Cereselt	SgAbl
Ceres	Ceresena	SgEs
Ceres	Cereseni	SgTer
Ceres	Cereses	SgIn
Ceres	Ceresesse	SgIll
Ceres	Ceresest	SgEl
Ceres	Cereseta	SgAb
Ceres	Cerest	SgP
Ceres	Cereste	PlG
Ceres	Cerestega	PlKom
Ceres	Ceresteks	PlTr
Ceres	Cerestel	PlAd
Ceres	Cerestele	PlAll
Ceres	Cerestelt	PlAbl
Ceres	Cerestena	PlEs
Ceres	Ceresteni	PlTer
Ceres	Cerestes	PlIn
Ceres	Cerestesse	PlIll
Ceres	Cerestest	PlEl
Ceres	Ceresteta	PlAb
CERN	CERN	SgN
CERN	CERN-e	PlP
CERN	CERN-eks	PlTr
CERN	CERN-el	PlAd
CERN	CERN-ele	PlAll
CERN	CERN-elt	PlAbl
CERN	CERN-es	PlIn
CERN	CERN-esse	PlIll
CERN	CERN-est	PlEl
CERN	CERN-i	SgAdt
CERN	CERN-i	SgG
CERN	CERN-i	SgP
CERN	CERN-id	PlN
CERN	CERN-ide	PlG
CERN	CERN-idega	PlKom
CERN	CERN-ideks	PlTr
CERN	CERN-idel	PlAd
CERN	CERN-idele	PlAll
CERN	CERN-idelt	PlAbl
CERN	CERN-idena	PlEs
CERN	CERN-ideni	PlTer
CERN	CERN-ides	PlIn
CERN	CERN-idesse	PlIll
CERN	CERN-idest	PlEl
CERN	CERN-ideta	PlAb
CERN	CERN-iga	SgKom
CERN	CERN-iks	SgTr
CERN	CERN-il	SgAd
CERN	CERN-ile	SgAll
CERN	CERN-ilt	SgAbl
CERN	CERN-ina	SgEs
CERN	CERN-ini	SgTer
CERN	CERN-is	SgIn
CERN	CERN-isid	PlP
CERN	CERN-isse	SgIll
CERN	CERN-ist	SgEl
CERN	CERN-ita	SgAb
ceviche	ceviche	SgAdt
ceviche	ceviche	SgG
ceviche	ceviche	SgN
ceviche	ceviche'd	PlN
ceviche	ceviche'de	PlG
ceviche	ceviche'dega	PlKom
ceviche	ceviche'deks	PlTr
ceviche	ceviche'del	PlAd
ceviche	ceviche'dele	PlAll
ceviche	ceviche'delt	PlAbl
ceviche	ceviche'dena	PlEs
ceviche	ceviche'deni	PlTer
ceviche	ceviche'des	PlIn
ceviche	ceviche'desse	PlIll
ceviche	ceviche'dest	PlEl
ceviche	ceviche'deta	PlAb
ceviche	ceviche'ga	SgKom
ceviche	ceviche'ks	SgTr
ceviche	ceviche'l	SgAd
ceviche	ceviche'le	SgAll
ceviche	ceviche'lt	SgAbl
ceviche	ceviche'na	SgEs
ceviche	ceviche'ni	SgTer
ceviche	ceviche's	SgIn
ceviche	ceviche'sid	PlP
ceviche	ceviche'sse	SgIll
ceviche	ceviche'st	SgEl
ceviche	ceviche't	SgP
ceviche	ceviche'ta	SgAb
Cf	Cf	ID
cg	cg	PlP
cg	cg	SgAdt
cg	cg	SgG
cg	cg	SgN
cg	cg	SgP
cg	cg-d	PlN
cg	cg-de	PlG
cg	cg-dega	PlKom
cg	cg-deks	PlTr
cg	cg-del	PlAd
cg	cg-dele	PlAll
cg	cg-delt	PlAbl
cg	cg-dena	PlEs
cg	cg-deni	PlTer
cg	cg-des	PlIn
cg	cg-desse	PlIll
cg	cg-dest	PlEl
cg	cg-deta	PlAb
cg	cg-ga	SgKom
cg	cg-ks	PlTr
cg	cg-ks	SgTr
cg	cg-l	PlAd
cg	cg-l	SgAd
cg	cg-le	PlAll
cg	cg-le	SgAll
cg	cg-lt	PlAbl
cg	cg-lt	SgAbl
cg	cg-na	SgEs
cg	cg-ni	SgTer
cg	cg-s	PlIn
cg	cg-s	SgIn
cg	cg-sid	PlP
cg	cg-sse	PlIll
cg	cg-sse	SgIll
cg	cg-st	PlEl
cg	cg-st	SgEl
cg	cg-ta	SgAb
CGS-süsteem	CGS-süsteem	SgN
CGS-süsteem	CGS-süsteeme	PlP
CGS-süsteem	CGS-süsteemeks	PlTr
CGS-süsteem	CGS-süsteemel	PlAd
CGS-süsteem	CGS-süsteemele	PlAll
CGS-süsteem	CGS-süsteemelt	PlAbl
CGS-süsteem	CGS-süsteemes	PlIn
CGS-süsteem	CGS-süsteemesse	PlIll
CGS-süsteem	CGS-süsteemest	PlEl
CGS-süsteem	CGS-süsteemi	SgAdt
CGS-süsteem	CGS-süsteemi	SgG
CGS-süsteem	CGS-süsteemi	SgP
CGS-süsteem	CGS-süsteemid	PlN
CGS-süsteem	CGS-süsteemide	PlG
CGS-süsteem	CGS-süsteemidega	PlKom
CGS-süsteem	CGS-süsteemideks	PlTr
CGS-süsteem	CGS-süsteemidel	PlAd
CGS-süsteem	CGS-süsteemidele	PlAll
CGS-süsteem	CGS-süsteemidelt	PlAbl
CGS-süsteem	CGS-süsteemidena	PlEs
CGS-süsteem	CGS-süsteemideni	PlTer
CGS-süsteem	CGS-süsteemides	PlIn
CGS-süsteem	CGS-süsteemidesse	PlIll
CGS-süsteem	CGS-süsteemidest	PlEl
CGS-süsteem	CGS-süsteemideta	PlAb
CGS-süsteem	CGS-süsteemiga	SgKom
CGS-süsteem	CGS-süsteemiks	SgTr
CGS-süsteem	CGS-süsteemil	SgAd
CGS-süsteem	CGS-süsteemile	SgAll
CGS-süsteem	CGS-süsteemilt	SgAbl
CGS-süsteem	CGS-süsteemina	SgEs
CGS-süsteem	CGS-süsteemini	SgTer
CGS-süsteem	CGS-süsteemis	SgIn
CGS-süsteem	CGS-süsteemisid	PlP
CGS-süsteem	CGS-süsteemisse	SgIll
CGS-süsteem	CGS-süsteemist	SgEl
CGS-süsteem	CGS-süsteemita	SgAb
chai	chai	SgAdt
chai	chai	SgG
chai	chai	SgN
chai	chai'd	PlN
chai	chai'd	SgP
chai	chai'de	PlG
chai	chai'dega	PlKom
chai	chai'deks	PlTr
chai	chai'del	PlAd
chai	chai'dele	PlAll
chai	chai'delt	PlAbl
chai	chai'dena	PlEs
chai	chai'deni	PlTer
chai	chai'des	PlIn
chai	chai'desse	PlIll
chai	chai'dest	PlEl
chai	chai'deta	PlAb
chai	chai'ga	SgKom
chai	chai'ks	SgTr
chai	chai'l	SgAd
chai	chai'le	SgAll
chai	chai'lt	SgAbl
chai	chai'na	SgEs
chai	chai'ni	SgTer
chai	chai's	SgIn
chai	chai'sid	PlP
chai	chai'sse	SgIll
chai	chai'st	SgEl
chai	chai'ta	SgAb
Chaneli kostüüm	Chaneli kostüüm	SgN
Chaneli kostüüm	Chaneli kostüüme	PlP
Chaneli kostüüm	Chaneli kostüümi	SgAdt
Chaneli kostüüm	Chaneli kostüümi	SgG
Chaneli kostüüm	Chaneli kostüümi	SgP
Chaneli kostüüm	Chaneli kostüümid	PlN
Chaneli kostüüm	Chaneli kostüümide	PlG
Chaneli kostüüm	Chaneli kostüümidega	PlKom
Chaneli kostüüm	Chaneli kostüümideks	PlTr
Chaneli kostüüm	Chaneli kostüümidel	PlAd
Chaneli kostüüm	Chaneli kostüümidele	PlAll
Chaneli kostüüm	Chaneli kostüümidelt	PlAbl
Chaneli kostüüm	Chaneli kostüümidena	PlEs
Chaneli kostüüm	Chaneli kostüümideni	PlTer
Chaneli kostüüm	Chaneli kostüümides	PlIn
Chaneli kostüüm	Chaneli kostüümidesse	PlIll
Chaneli kostüüm	Chaneli kostüümidest	PlEl
Chaneli kostüüm	Chaneli kostüümideta	PlAb
Chaneli kostüüm	Chaneli kostüümiga	SgKom
Chaneli kostüüm	Chaneli kostüümiks	SgTr
Chaneli kostüüm	Chaneli kostüümil	SgAd
Chaneli kostüüm	Chaneli kostüümile	SgAll
Chaneli kostüüm	Chaneli kostüümilt	SgAbl
Chaneli kostüüm	Chaneli kostüümina	SgEs
Chaneli kostüüm	Chaneli kostüümini	SgTer
Chaneli kostüüm	Chaneli kostüümis	SgIn
Chaneli kostüüm	Chaneli kostüümisid	PlP
Chaneli kostüüm	Chaneli kostüümisse	SgIll
Chaneli kostüüm	Chaneli kostüümist	SgEl
Chaneli kostüüm	Chaneli kostüümita	SgAb
chargé d'affaires	chargé d'affaires	SgN
chargé d'affaires	chargé d'affaires'e	PlP
chargé d'affaires	chargé d'affaires'eks	PlTr
chargé d'affaires	chargé d'affaires'el	PlAd
chargé d'affaires	chargé d'affaires'ele	PlAll
chargé d'affaires	chargé d'affaires'elt	PlAbl
chargé d'affaires	chargé d'affaires'es	PlIn
chargé d'affaires	chargé d'affaires'esse	PlIll
chargé d'affaires	chargé d'affaires'est	PlEl
chargé d'affaires	chargé d'affaires'i	SgAdt
chargé d'affaires	chargé d'affaires'i	SgG
chargé d'affaires	chargé d'affaires'i	SgP
chargé d'affaires	chargé d'affaires'id	PlN
chargé d'affaires	chargé d'affaires'ide	PlG
chargé d'affaires	chargé d'affaires'idega	PlKom
chargé d'affaires	chargé d'affaires'ideks	PlTr
chargé d'affaires	chargé d'affaires'idel	PlAd
chargé d'affaires	chargé d'affaires'idele	PlAll
chargé d'affaires	chargé d'affaires'idelt	PlAbl
chargé d'affaires	chargé d'affaires'idena	PlEs
chargé d'affaires	chargé d'affaires'ideni	PlTer
chargé d'affaires	chargé d'affaires'ides	PlIn
chargé d'affaires	chargé d'affaires'idesse	PlIll
chargé d'affaires	chargé d'affaires'idest	PlEl
chargé d'affaires	chargé d'affaires'ideta	PlAb
chargé d'affaires	chargé d'affaires'iga	SgKom
chargé d'affaires	chargé d'affaires'iks	SgTr
chargé d'affaires	chargé d'affaires'il	SgAd
chargé d'affaires	chargé d'affaires'ile	SgAll
chargé d'affaires	chargé d'affaires'ilt	SgAbl
chargé d'affaires	chargé d'affaires'ina	SgEs
chargé d'affaires	chargé d'affaires'ini	SgTer
chargé d'affaires	chargé d'affaires'is	SgIn
chargé d'affaires	chargé d'affaires'isid	PlP
chargé d'affaires	chargé d'affaires'isse	SgIll
chargé d'affaires	chargé d'affaires'ist	SgEl
chargé d'affaires	chargé d'affaires'ita	SgAb
charleston	charleston	SgAdt
charleston	charleston	SgN
charleston	charleston'eid	PlP
charleston	charleston'eiks	PlTr
charleston	charleston'eil	PlAd
charleston	charleston'eile	PlAll
charleston	charleston'eilt	PlAbl
charleston	charleston'eis	PlIn
charleston	charleston'eisse	PlIll
charleston	charleston'eist	PlEl
charleston	charleston'i	SgG
charleston	charleston'id	PlN
charleston	charleston'iga	SgKom
charleston	charleston'iks	SgTr
charleston	charleston'il	SgAd
charleston	charleston'ile	SgAll
charleston	charleston'ilt	SgAbl
charleston	charleston'ina	SgEs
charleston	charleston'ini	SgTer
charleston	charleston'is	SgIn
charleston	charleston'isse	SgIll
charleston	charleston'ist	SgEl
charleston	charleston'it	SgP
charleston	charleston'ita	SgAb
charleston	charleston'ite	PlG
charleston	charleston'itega	PlKom
charleston	charleston'iteks	PlTr
charleston	charleston'itel	PlAd
charleston	charleston'itele	PlAll
charleston	charleston'itelt	PlAbl
charleston	charleston'itena	PlEs
charleston	charleston'iteni	PlTer
charleston	charleston'ites	PlIn
charleston	charleston'itesse	PlIll
charleston	charleston'itest	PlEl
charleston	charleston'iteta	PlAb
chateaubriand	chateaubriand	SgN
chateaubriand	chateaubriand'e	PlP
chateaubriand	chateaubriand'eks	PlTr
chateaubriand	chateaubriand'el	PlAd
chateaubriand	chateaubriand'ele	PlAll
chateaubriand	chateaubriand'elt	PlAbl
chateaubriand	chateaubriand'es	PlIn
chateaubriand	chateaubriand'esse	PlIll
chateaubriand	chateaubriand'est	PlEl
chateaubriand	chateaubriand'i	SgAdt
chateaubriand	chateaubriand'i	SgG
chateaubriand	chateaubriand'i	SgP
chateaubriand	chateaubriand'id	PlN
chateaubriand	chateaubriand'ide	PlG
chateaubriand	chateaubriand'idega	PlKom
chateaubriand	chateaubriand'ideks	PlTr
chateaubriand	chateaubriand'idel	PlAd
chateaubriand	chateaubriand'idele	PlAll
chateaubriand	chateaubriand'idelt	PlAbl
chateaubriand	chateaubriand'idena	PlEs
chateaubriand	chateaubriand'ideni	PlTer
chateaubriand	chateaubriand'ides	PlIn
chateaubriand	chateaubriand'idesse	PlIll
chateaubriand	chateaubriand'idest	PlEl
chateaubriand	chateaubriand'ideta	PlAb
chateaubriand	chateaubriand'iga	SgKom
chateaubriand	chateaubriand'iks	SgTr
chateaubriand	chateaubriand'il	SgAd
chateaubriand	chateaubriand'ile	SgAll
chateaubriand	chateaubriand'ilt	SgAbl
chateaubriand	chateaubriand'ina	SgEs
chateaubriand	chateaubriand'ini	SgTer
chateaubriand	chateaubriand'is	SgIn
chateaubriand	chateaubriand'isid	PlP
chateaubriand	chateaubriand'isse	SgIll
chateaubriand	chateaubriand'ist	SgEl
chateaubriand	chateaubriand'ita	SgAb
check-in	check-in	SgN
check-in	check-in'e	PlP
check-in	check-in'eks	PlTr
check-in	check-in'el	PlAd
check-in	check-in'ele	PlAll
check-in	check-in'elt	PlAbl
check-in	check-in'es	PlIn
check-in	check-in'esse	PlIll
check-in	check-in'est	PlEl
check-in	check-in'i	SgAdt
check-in	check-in'i	SgG
check-in	check-in'i	SgP
check-in	check-in'id	PlN
check-in	check-in'ide	PlG
check-in	check-in'idega	PlKom
check-in	check-in'ideks	PlTr
check-in	check-in'idel	PlAd
check-in	check-in'idele	PlAll
check-in	check-in'idelt	PlAbl
check-in	check-in'idena	PlEs
check-in	check-in'ideni	PlTer
check-in	check-in'ides	PlIn
check-in	check-in'idesse	PlIll
check-in	check-in'idest	PlEl
check-in	check-in'ideta	PlAb
check-in	check-in'iga	SgKom
check-in	check-in'iks	SgTr
check-in	check-in'il	SgAd
check-in	check-in'ile	SgAll
check-in	check-in'ilt	SgAbl
check-in	check-in'ina	SgEs
check-in	check-in'ini	SgTer
check-in	check-in'is	SgIn
check-in	check-in'isid	PlP
check-in	check-in'isse	SgIll
check-in	check-in'ist	SgEl
check-in	check-in'ita	SgAb
check-out	check-out	SgN
check-out	check-out'e	PlP
check-out	check-out'eks	PlTr
check-out	check-out'el	PlAd
check-out	check-out'ele	PlAll
check-out	check-out'elt	PlAbl
check-out	check-out'es	PlIn
check-out	check-out'esse	PlIll
check-out	check-out'est	PlEl
check-out	check-out'i	SgAdt
check-out	check-out'i	SgG
check-out	check-out'i	SgP
check-out	check-out'id	PlN
check-out	check-out'ide	PlG
check-out	check-out'idega	PlKom
check-out	check-out'ideks	PlTr
check-out	check-out'idel	PlAd
check-out	check-out'idele	PlAll
check-out	check-out'idelt	PlAbl
check-out	check-out'idena	PlEs
check-out	check-out'ideni	PlTer
check-out	check-out'ides	PlIn
check-out	check-out'idesse	PlIll
check-out	check-out'idest	PlEl
check-out	check-out'ideta	PlAb
check-out	check-out'iga	SgKom
check-out	check-out'iks	SgTr
check-out	check-out'il	SgAd
check-out	check-out'ile	SgAll
check-out	check-out'ilt	SgAbl
check-out	check-out'ina	SgEs
check-out	check-out'ini	SgTer
check-out	check-out'is	SgIn
check-out	check-out'isid	PlP
check-out	check-out'isse	SgIll
check-out	check-out'ist	SgEl
check-out	check-out'ita	SgAb
Checkpoint Charlie	Checkpoint Charlie	SgAdt
Checkpoint Charlie	Checkpoint Charlie	SgG
Checkpoint Charlie	Checkpoint Charlie	SgN
Checkpoint Charlie	Checkpoint Charlied	PlN
Checkpoint Charlie	Checkpoint Charliede	PlG
Checkpoint Charlie	Checkpoint Charliedega	PlKom
Checkpoint Charlie	Checkpoint Charliedeks	PlTr
Checkpoint Charlie	Checkpoint Charliedel	PlAd
Checkpoint Charlie	Checkpoint Charliedele	PlAll
Checkpoint Charlie	Checkpoint Charliedelt	PlAbl
Checkpoint Charlie	Checkpoint Charliedena	PlEs
Checkpoint Charlie	Checkpoint Charliedeni	PlTer
Checkpoint Charlie	Checkpoint Charliedes	PlIn
Checkpoint Charlie	Checkpoint Charliedesse	PlIll
Checkpoint Charlie	Checkpoint Charliedest	PlEl
Checkpoint Charlie	Checkpoint Charliedeta	PlAb
Checkpoint Charlie	Checkpoint Charliega	SgKom
Checkpoint Charlie	Checkpoint Charlieks	SgTr
Checkpoint Charlie	Checkpoint Charliel	SgAd
Checkpoint Charlie	Checkpoint Charliele	SgAll
Checkpoint Charlie	Checkpoint Charlielt	SgAbl
Checkpoint Charlie	Checkpoint Charliena	SgEs
Checkpoint Charlie	Checkpoint Charlieni	SgTer
Checkpoint Charlie	Checkpoint Charlies	SgIn
Checkpoint Charlie	Checkpoint Charliesid	PlP
Checkpoint Charlie	Checkpoint Charliesse	SgIll
Checkpoint Charlie	Checkpoint Charliest	SgEl
Checkpoint Charlie	Checkpoint Charliet	SgP
Checkpoint Charlie	Checkpoint Charlieta	SgAb
Cheddar	Cheddar	SgAdt
Cheddar	Cheddar	SgN
Cheddar	Cheddareid	PlP
Cheddar	Cheddareiks	PlTr
Cheddar	Cheddareil	PlAd
Cheddar	Cheddareile	PlAll
Cheddar	Cheddareilt	PlAbl
Cheddar	Cheddareis	PlIn
Cheddar	Cheddareisse	PlIll
Cheddar	Cheddareist	PlEl
Cheddar	Cheddari	SgG
Cheddar	Cheddarid	PlN
Cheddar	Cheddariga	SgKom
Cheddar	Cheddariks	SgTr
Cheddar	Cheddaril	SgAd
Cheddar	Cheddarile	SgAll
Cheddar	Cheddarilt	SgAbl
Cheddar	Cheddarina	SgEs
Cheddar	Cheddarini	SgTer
Cheddar	Cheddaris	SgIn
Cheddar	Cheddarisse	SgIll
Cheddar	Cheddarist	SgEl
Cheddar	Cheddarit	SgP
Cheddar	Cheddarita	SgAb
Cheddar	Cheddarite	PlG
Cheddar	Cheddaritega	PlKom
Cheddar	Cheddariteks	PlTr
Cheddar	Cheddaritel	PlAd
Cheddar	Cheddaritele	PlAll
Cheddar	Cheddaritelt	PlAbl
Cheddar	Cheddaritena	PlEs
Cheddar	Cheddariteni	PlTer
Cheddar	Cheddarites	PlIn
Cheddar	Cheddaritesse	PlIll
Cheddar	Cheddaritest	PlEl
Cheddar	Cheddariteta	PlAb
chia	chia	SgAdt
chia	chia	SgG
chia	chia	SgN
chia	chia'd	PlN
chia	chia'de	PlG
chia	chia'dega	PlKom
chia	chia'deks	PlTr
chia	chia'del	PlAd
chia	chia'dele	PlAll
chia	chia'delt	PlAbl
chia	chia'dena	PlEs
chia	chia'deni	PlTer
chia	chia'des	PlIn
chia	chia'desse	PlIll
chia	chia'dest	PlEl
chia	chia'deta	PlAb
chia	chia'ga	SgKom
chia	chia'ks	SgTr
chia	chia'l	SgAd
chia	chia'le	SgAll
chia	chia'lt	SgAbl
chia	chia'na	SgEs
chia	chia'ni	SgTer
chia	chia's	SgIn
chia	chia'sid	PlP
chia	chia'sse	SgIll
chia	chia'st	SgEl
chia	chia't	SgP
chia	chia'ta	SgAb
Chippendale’i stiil	Chippendale’i stiil	SgN
Chippendale’i stiil	Chippendale’i stiile	PlP
Chippendale’i stiil	Chippendale’i stiili	SgAdt
Chippendale’i stiil	Chippendale’i stiili	SgG
Chippendale’i stiil	Chippendale’i stiili	SgP
Chippendale’i stiil	Chippendale’i stiilid	PlN
Chippendale’i stiil	Chippendale’i stiilide	PlG
Chippendale’i stiil	Chippendale’i stiilidega	PlKom
Chippendale’i stiil	Chippendale’i stiilideks	PlTr
Chippendale’i stiil	Chippendale’i stiilidel	PlAd
Chippendale’i stiil	Chippendale’i stiilidele	PlAll
Chippendale’i stiil	Chippendale’i stiilidelt	PlAbl
Chippendale’i stiil	Chippendale’i stiilidena	PlEs
Chippendale’i stiil	Chippendale’i stiilideni	PlTer
Chippendale’i stiil	Chippendale’i stiilides	PlIn
Chippendale’i stiil	Chippendale’i stiilidesse	PlIll
Chippendale’i stiil	Chippendale’i stiilidest	PlEl
Chippendale’i stiil	Chippendale’i stiilideta	PlAb
Chippendale’i stiil	Chippendale’i stiiliga	SgKom
Chippendale’i stiil	Chippendale’i stiiliks	SgTr
Chippendale’i stiil	Chippendale’i stiilil	SgAd
Chippendale’i stiil	Chippendale’i stiilile	SgAll
Chippendale’i stiil	Chippendale’i stiililt	SgAbl
Chippendale’i stiil	Chippendale’i stiilina	SgEs
Chippendale’i stiil	Chippendale’i stiilini	SgTer
Chippendale’i stiil	Chippendale’i stiilis	SgIn
Chippendale’i stiil	Chippendale’i stiilisid	PlP
Chippendale’i stiil	Chippendale’i stiilisse	SgIll
Chippendale’i stiil	Chippendale’i stiilist	SgEl
Chippendale’i stiil	Chippendale’i stiilita	SgAb
chorizo	chorizo	SgAdt
chorizo	chorizo	SgG
chorizo	chorizo	SgN
chorizo	chorizo'd	PlN
chorizo	chorizo'de	PlG
chorizo	chorizo'dega	PlKom
chorizo	chorizo'deks	PlTr
chorizo	chorizo'del	PlAd
chorizo	chorizo'dele	PlAll
chorizo	chorizo'delt	PlAbl
chorizo	chorizo'dena	PlEs
chorizo	chorizo'deni	PlTer
chorizo	chorizo'des	PlIn
chorizo	chorizo'desse	PlIll
chorizo	chorizo'dest	PlEl
chorizo	chorizo'deta	PlAb
chorizo	chorizo'ga	SgKom
chorizo	chorizo'ks	SgTr
chorizo	chorizo'l	SgAd
chorizo	chorizo'le	SgAll
chorizo	chorizo'lt	SgAbl
chorizo	chorizo'na	SgEs
chorizo	chorizo'ni	SgTer
chorizo	chorizo's	SgIn
chorizo	chorizo'sid	PlP
chorizo	chorizo'sse	SgIll
chorizo	chorizo'st	SgEl
chorizo	chorizo't	SgP
chorizo	chorizo'ta	SgAb
Ci	Ci	SgAdt
Ci	Ci	SgG
Ci	Ci	SgN
Ci	Ci-d	PlN
Ci	Ci-d	SgP
Ci	Ci-de	PlG
Ci	Ci-dega	PlKom
Ci	Ci-deks	PlTr
Ci	Ci-del	PlAd
Ci	Ci-dele	PlAll
Ci	Ci-delt	PlAbl
Ci	Ci-dena	PlEs
Ci	Ci-deni	PlTer
Ci	Ci-des	PlIn
Ci	Ci-desse	PlIll
Ci	Ci-dest	PlEl
Ci	Ci-deta	PlAb
Ci	Ci-ga	SgKom
Ci	Ci-ks	SgTr
Ci	Ci-l	SgAd
Ci	Ci-le	SgAll
Ci	Ci-lt	SgAbl
Ci	Ci-na	SgEs
Ci	Ci-ni	SgTer
Ci	Ci-s	SgIn
Ci	Ci-sid	PlP
Ci	Ci-sse	SgIll
Ci	Ci-st	SgEl
Ci	Ci-ta	SgAb
CIA	CIA	SgAdt
CIA	CIA	SgG
CIA	CIA	SgN
CIA	CIA-d	PlN
CIA	CIA-d	SgP
CIA	CIA-de	PlG
CIA	CIA-dega	PlKom
CIA	CIA-deks	PlTr
CIA	CIA-del	PlAd
CIA	CIA-dele	PlAll
CIA	CIA-delt	PlAbl
CIA	CIA-dena	PlEs
CIA	CIA-deni	PlTer
CIA	CIA-des	PlIn
CIA	CIA-desse	PlIll
CIA	CIA-dest	PlEl
CIA	CIA-deta	PlAb
CIA	CIA-ga	SgKom
CIA	CIA-ks	SgTr
CIA	CIA-l	SgAd
CIA	CIA-le	SgAll
CIA	CIA-lt	SgAbl
CIA	CIA-na	SgEs
CIA	CIA-ni	SgTer
CIA	CIA-s	SgIn
CIA	CIA-sid	PlP
CIA	CIA-sse	SgIll
CIA	CIA-st	SgEl
CIA	CIA-ta	SgAb
ciabatta	ciabatta	SgAdt
ciabatta	ciabatta	SgG
ciabatta	ciabatta	SgN
ciabatta	ciabatta'd	PlN
ciabatta	ciabatta'de	PlG
ciabatta	ciabatta'dega	PlKom
ciabatta	ciabatta'deks	PlTr
ciabatta	ciabatta'del	PlAd
ciabatta	ciabatta'dele	PlAll
ciabatta	ciabatta'delt	PlAbl
ciabatta	ciabatta'dena	PlEs
ciabatta	ciabatta'deni	PlTer
ciabatta	ciabatta'des	PlIn
ciabatta	ciabatta'desse	PlIll
ciabatta	ciabatta'dest	PlEl
ciabatta	ciabatta'deta	PlAb
ciabatta	ciabatta'ga	SgKom
ciabatta	ciabatta'ks	SgTr
ciabatta	ciabatta'l	SgAd
ciabatta	ciabatta'le	SgAll
ciabatta	ciabatta'lt	SgAbl
ciabatta	ciabatta'na	SgEs
ciabatta	ciabatta'ni	SgTer
ciabatta	ciabatta's	SgIn
ciabatta	ciabatta'sid	PlP
ciabatta	ciabatta'sse	SgIll
ciabatta	ciabatta'st	SgEl
ciabatta	ciabatta't	SgP
ciabatta	ciabatta'ta	SgAb
cinquecento	cinquecento	SgAdt
cinquecento	cinquecento	SgG
cinquecento	cinquecento	SgN
cinquecento	cinquecento'd	PlN
cinquecento	cinquecento'de	PlG
cinquecento	cinquecento'dega	PlKom
cinquecento	cinquecento'deks	PlTr
cinquecento	cinquecento'del	PlAd
cinquecento	cinquecento'dele	PlAll
cinquecento	cinquecento'delt	PlAbl
cinquecento	cinquecento'dena	PlEs
cinquecento	cinquecento'deni	PlTer
cinquecento	cinquecento'des	PlIn
cinquecento	cinquecento'desse	PlIll
cinquecento	cinquecento'dest	PlEl
cinquecento	cinquecento'deta	PlAb
cinquecento	cinquecento'ga	SgKom
cinquecento	cinquecento'ks	SgTr
cinquecento	cinquecento'l	SgAd
cinquecento	cinquecento'le	SgAll
cinquecento	cinquecento'lt	SgAbl
cinquecento	cinquecento'na	SgEs
cinquecento	cinquecento'ni	SgTer
cinquecento	cinquecento's	SgIn
cinquecento	cinquecento'sid	PlP
cinquecento	cinquecento'sse	SgIll
cinquecento	cinquecento'st	SgEl
cinquecento	cinquecento't	SgP
cinquecento	cinquecento'ta	SgAb
circa	circa	ID
circulus vitiosus	circulus vitiosus	SgAdt
circulus vitiosus	circulus vitiosus	SgN
circulus vitiosus	circulus vitiosus'e	SgG
circulus vitiosus	circulus vitiosus'ed	PlN
circulus vitiosus	circulus vitiosus'ega	SgKom
circulus vitiosus	circulus vitiosus'eid	PlP
circulus vitiosus	circulus vitiosus'eiks	PlTr
circulus vitiosus	circulus vitiosus'eil	PlAd
circulus vitiosus	circulus vitiosus'eile	PlAll
circulus vitiosus	circulus vitiosus'eilt	PlAbl
circulus vitiosus	circulus vitiosus'eis	PlIn
circulus vitiosus	circulus vitiosus'eisse	PlIll
circulus vitiosus	circulus vitiosus'eist	PlEl
circulus vitiosus	circulus vitiosus'eks	SgTr
circulus vitiosus	circulus vitiosus'el	SgAd
circulus vitiosus	circulus vitiosus'ele	SgAll
circulus vitiosus	circulus vitiosus'elt	SgAbl
circulus vitiosus	circulus vitiosus'ena	SgEs
circulus vitiosus	circulus vitiosus'eni	SgTer
circulus vitiosus	circulus vitiosus'es	SgIn
circulus vitiosus	circulus vitiosus'esse	SgIll
circulus vitiosus	circulus vitiosus'est	SgEl
circulus vitiosus	circulus vitiosus'eta	SgAb
circulus vitiosus	circulus vitiosus'i	PlP
circulus vitiosus	circulus vitiosus'iks	PlTr
circulus vitiosus	circulus vitiosus'il	PlAd
circulus vitiosus	circulus vitiosus'ile	PlAll
circulus vitiosus	circulus vitiosus'ilt	PlAbl
circulus vitiosus	circulus vitiosus'is	PlIn
circulus vitiosus	circulus vitiosus'isse	PlIll
circulus vitiosus	circulus vitiosus'ist	PlEl
circulus vitiosus	circulus vitiosus'se	SgAdt
circulus vitiosus	circulus vitiosus't	SgP
circulus vitiosus	circulus vitiosus'te	PlG
circulus vitiosus	circulus vitiosus'tega	PlKom
circulus vitiosus	circulus vitiosus'teks	PlTr
circulus vitiosus	circulus vitiosus'tel	PlAd
circulus vitiosus	circulus vitiosus'tele	PlAll
circulus vitiosus	circulus vitiosus'telt	PlAbl
circulus vitiosus	circulus vitiosus'tena	PlEs
circulus vitiosus	circulus vitiosus'teni	PlTer
circulus vitiosus	circulus vitiosus'tes	PlIn
circulus vitiosus	circulus vitiosus'tesse	PlIll
circulus vitiosus	circulus vitiosus'test	PlEl
circulus vitiosus	circulus vitiosus'teta	PlAb
cis	cis	SgN
cis	cis'e	PlP
cis	cis'eks	PlTr
cis	cis'el	PlAd
cis	cis'ele	PlAll
cis	cis'elt	PlAbl
cis	cis'es	PlIn
cis	cis'esse	PlIll
cis	cis'est	PlEl
cis	cis'i	SgAdt
cis	cis'i	SgG
cis	cis'i	SgP
cis	cis'id	PlN
cis	cis'ide	PlG
cis	cis'idega	PlKom
cis	cis'ideks	PlTr
cis	cis'idel	PlAd
cis	cis'idele	PlAll
cis	cis'idelt	PlAbl
cis	cis'idena	PlEs
cis	cis'ideni	PlTer
cis	cis'ides	PlIn
cis	cis'idesse	PlIll
cis	cis'idest	PlEl
cis	cis'ideta	PlAb
cis	cis'iga	SgKom
cis	cis'iks	SgTr
cis	cis'il	SgAd
cis	cis'ile	SgAll
cis	cis'ilt	SgAbl
cis	cis'ina	SgEs
cis	cis'ini	SgTer
cis	cis'is	SgIn
cis	cis'isid	PlP
cis	cis'isse	SgIll
cis	cis'ist	SgEl
cis	cis'ita	SgAb
city	city	SgAdt
city	city	SgG
city	city	SgN
city	city'd	PlN
city	city'de	PlG
city	city'dega	PlKom
city	city'deks	PlTr
city	city'del	PlAd
city	city'dele	PlAll
city	city'delt	PlAbl
city	city'dena	PlEs
city	city'deni	PlTer
city	city'des	PlIn
city	city'desse	PlIll
city	city'dest	PlEl
city	city'deta	PlAb
city	city'ga	SgKom
city	city'ks	SgTr
city	city'l	SgAd
city	city'le	SgAll
city	city'lt	SgAbl
city	city'na	SgEs
city	city'ni	SgTer
city	city's	SgIn
city	city'sid	PlP
city	city'sse	SgIll
city	city'st	SgEl
city	city't	SgP
city	city'ta	SgAb
cl	cl	SgAdt
cl	cl	SgG
cl	cl	SgN
cl	cl-d	PlN
cl	cl-ga	SgKom
cl	cl-id	PlP
cl	cl-iks	PlTr
cl	cl-il	PlAd
cl	cl-ile	PlAll
cl	cl-ilt	PlAbl
cl	cl-is	PlIn
cl	cl-isse	PlIll
cl	cl-ist	PlEl
cl	cl-ks	SgTr
cl	cl-l	SgAd
cl	cl-le	SgAll
cl	cl-lt	SgAbl
cl	cl-na	SgEs
cl	cl-ni	SgTer
cl	cl-s	SgIn
cl	cl-sse	SgIll
cl	cl-st	SgEl
cl	cl-t	SgP
cl	cl-ta	SgAb
cl	cl-te	PlG
cl	cl-tega	PlKom
cl	cl-teks	PlTr
cl	cl-tel	PlAd
cl	cl-tele	PlAll
cl	cl-telt	PlAbl
cl	cl-tena	PlEs
cl	cl-teni	PlTer
cl	cl-tes	PlIn
cl	cl-tesse	PlIll
cl	cl-test	PlEl
cl	cl-teta	PlAb
Cl	Cl	ID
cm	cm	SgAdt
cm	cm	SgG
cm	cm	SgN
cm	cm-d	PlN
cm	cm-ga	SgKom
cm	cm-id	PlP
cm	cm-iks	PlTr
cm	cm-il	PlAd
cm	cm-ile	PlAll
cm	cm-ilt	PlAbl
cm	cm-is	PlIn
cm	cm-isse	PlIll
cm	cm-ist	PlEl
cm	cm-ks	SgTr
cm	cm-l	SgAd
cm	cm-le	SgAll
cm	cm-lt	SgAbl
cm	cm-na	SgEs
cm	cm-ni	SgTer
cm	cm-s	SgIn
cm	cm-sse	SgIll
cm	cm-st	SgEl
cm	cm-t	SgP
cm	cm-ta	SgAb
cm	cm-te	PlG
cm	cm-tega	PlKom
cm	cm-teks	PlTr
cm	cm-tel	PlAd
cm	cm-tele	PlAll
cm	cm-telt	PlAbl
cm	cm-tena	PlEs
cm	cm-teni	PlTer
cm	cm-tes	PlIn
cm	cm-tesse	PlIll
cm	cm-test	PlEl
cm	cm-teta	PlAb
Cm	Cm	ID
c-moll	c-moll	SgN
c-moll	c-molle	PlP
c-moll	c-molleks	PlTr
c-moll	c-mollel	PlAd
c-moll	c-mollele	PlAll
c-moll	c-mollelt	PlAbl
c-moll	c-molles	PlIn
c-moll	c-mollesse	PlIll
c-moll	c-mollest	PlEl
c-moll	c-molli	SgAdt
c-moll	c-molli	SgG
c-moll	c-molli	SgP
c-moll	c-mollid	PlN
c-moll	c-mollide	PlG
c-moll	c-mollidega	PlKom
c-moll	c-mollideks	PlTr
c-moll	c-mollidel	PlAd
c-moll	c-mollidele	PlAll
c-moll	c-mollidelt	PlAbl
c-moll	c-mollidena	PlEs
c-moll	c-mollideni	PlTer
c-moll	c-mollides	PlIn
c-moll	c-mollidesse	PlIll
c-moll	c-mollidest	PlEl
c-moll	c-mollideta	PlAb
c-moll	c-molliga	SgKom
c-moll	c-molliks	SgTr
c-moll	c-mollil	SgAd
c-moll	c-mollile	SgAll
c-moll	c-mollilt	SgAbl
c-moll	c-mollina	SgEs
c-moll	c-mollini	SgTer
c-moll	c-mollis	SgIn
c-moll	c-mollisid	PlP
c-moll	c-mollisse	SgIll
c-moll	c-mollist	SgEl
c-moll	c-mollita	SgAb
Cn	Cn	ID
CNN	CNN	SgN
CNN	CNN-i	SgAdt
CNN	CNN-i	SgG
CNN	CNN-i	SgP
CNN	CNN-id	PlN
CNN	CNN-ide	PlG
CNN	CNN-idega	PlKom
CNN	CNN-ideks	PlTr
CNN	CNN-idel	PlAd
CNN	CNN-idele	PlAll
CNN	CNN-idelt	PlAbl
CNN	CNN-idena	PlEs
CNN	CNN-ideni	PlTer
CNN	CNN-ides	PlIn
CNN	CNN-idesse	PlIll
CNN	CNN-idest	PlEl
CNN	CNN-ideta	PlAb
CNN	CNN-iga	SgKom
CNN	CNN-iks	SgTr
CNN	CNN-il	SgAd
CNN	CNN-ile	SgAll
CNN	CNN-ilt	SgAbl
CNN	CNN-ina	SgEs
CNN	CNN-ini	SgTer
CNN	CNN-is	SgIn
CNN	CNN-isid	PlP
CNN	CNN-isse	SgIll
CNN	CNN-ist	SgEl
CNN	CNN-ita	SgAb
Co	Co	ID
Coca-Cola	Coca-Cola	SgAdt
Coca-Cola	Coca-Cola	SgG
Coca-Cola	Coca-Cola	SgN
Coca-Cola	Coca-Colad	PlN
Coca-Cola	Coca-Colade	PlG
Coca-Cola	Coca-Coladega	PlKom
Coca-Cola	Coca-Coladeks	PlTr
Coca-Cola	Coca-Coladel	PlAd
Coca-Cola	Coca-Coladele	PlAll
Coca-Cola	Coca-Coladelt	PlAbl
Coca-Cola	Coca-Coladena	PlEs
Coca-Cola	Coca-Coladeni	PlTer
Coca-Cola	Coca-Colades	PlIn
Coca-Cola	Coca-Coladesse	PlIll
Coca-Cola	Coca-Coladest	PlEl
Coca-Cola	Coca-Coladeta	PlAb
Coca-Cola	Coca-Colaga	SgKom
Coca-Cola	Coca-Colaks	SgTr
Coca-Cola	Coca-Colal	SgAd
Coca-Cola	Coca-Colale	SgAll
Coca-Cola	Coca-Colalt	SgAbl
Coca-Cola	Coca-Colana	SgEs
Coca-Cola	Coca-Colani	SgTer
Coca-Cola	Coca-Colas	SgIn
Coca-Cola	Coca-Colasid	PlP
Coca-Cola	Coca-Colasse	SgIll
Coca-Cola	Coca-Colast	SgEl
Coca-Cola	Coca-Colat	SgP
Coca-Cola	Coca-Colata	SgAb
coetus	coetus	SgAdt
coetus	coetus	SgN
coetus	coetus'e	SgG
coetus	coetus'ed	PlN
coetus	coetus'ega	SgKom
coetus	coetus'eid	PlP
coetus	coetus'eiks	PlTr
coetus	coetus'eil	PlAd
coetus	coetus'eile	PlAll
coetus	coetus'eilt	PlAbl
coetus	coetus'eis	PlIn
coetus	coetus'eisse	PlIll
coetus	coetus'eist	PlEl
coetus	coetus'eks	SgTr
coetus	coetus'el	SgAd
coetus	coetus'ele	SgAll
coetus	coetus'elt	SgAbl
coetus	coetus'ena	SgEs
coetus	coetus'eni	SgTer
coetus	coetus'es	SgIn
coetus	coetus'esse	SgIll
coetus	coetus'est	SgEl
coetus	coetus'eta	SgAb
coetus	coetus'i	PlP
coetus	coetus'iks	PlTr
coetus	coetus'il	PlAd
coetus	coetus'ile	PlAll
coetus	coetus'ilt	PlAbl
coetus	coetus'is	PlIn
coetus	coetus'isse	PlIll
coetus	coetus'ist	PlEl
coetus	coetus'se	SgAdt
coetus	coetus't	SgP
coetus	coetus'te	PlG
coetus	coetus'tega	PlKom
coetus	coetus'teks	PlTr
coetus	coetus'tel	PlAd
coetus	coetus'tele	PlAll
coetus	coetus'telt	PlAbl
coetus	coetus'tena	PlEs
coetus	coetus'teni	PlTer
coetus	coetus'tes	PlIn
coetus	coetus'tesse	PlIll
coetus	coetus'test	PlEl
coetus	coetus'teta	PlAb
coitus	coitus	SgAdt
coitus	coitus	SgN
coitus	coitus'e	SgG
coitus	coitus'ed	PlN
coitus	coitus'ega	SgKom
coitus	coitus'eid	PlP
coitus	coitus'eiks	PlTr
coitus	coitus'eil	PlAd
coitus	coitus'eile	PlAll
coitus	coitus'eilt	PlAbl
coitus	coitus'eis	PlIn
coitus	coitus'eisse	PlIll
coitus	coitus'eist	PlEl
coitus	coitus'eks	SgTr
coitus	coitus'el	SgAd
coitus	coitus'ele	SgAll
coitus	coitus'elt	SgAbl
coitus	coitus'ena	SgEs
coitus	coitus'eni	SgTer
coitus	coitus'es	SgIn
coitus	coitus'esse	SgIll
coitus	coitus'est	SgEl
coitus	coitus'eta	SgAb
coitus	coitus'i	PlP
coitus	coitus'iks	PlTr
coitus	coitus'il	PlAd
coitus	coitus'ile	PlAll
coitus	coitus'ilt	PlAbl
coitus	coitus'is	PlIn
coitus	coitus'isse	PlIll
coitus	coitus'ist	PlEl
coitus	coitus'se	SgAdt
coitus	coitus't	SgP
coitus	coitus'te	PlG
coitus	coitus'tega	PlKom
coitus	coitus'teks	PlTr
coitus	coitus'tel	PlAd
coitus	coitus'tele	PlAll
coitus	coitus'telt	PlAbl
coitus	coitus'tena	PlEs
coitus	coitus'teni	PlTer
coitus	coitus'tes	PlIn
coitus	coitus'tesse	PlIll
coitus	coitus'test	PlEl
coitus	coitus'teta	PlAb
coitus interruptus	coitus interruptus	SgAdt
coitus interruptus	coitus interruptus	SgN
coitus interruptus	coitus interruptus'e	SgG
coitus interruptus	coitus interruptus'ed	PlN
coitus interruptus	coitus interruptus'ega	SgKom
coitus interruptus	coitus interruptus'eid	PlP
coitus interruptus	coitus interruptus'eiks	PlTr
coitus interruptus	coitus interruptus'eil	PlAd
coitus interruptus	coitus interruptus'eile	PlAll
coitus interruptus	coitus interruptus'eilt	PlAbl
coitus interruptus	coitus interruptus'eis	PlIn
coitus interruptus	coitus interruptus'eisse	PlIll
coitus interruptus	coitus interruptus'eist	PlEl
coitus interruptus	coitus interruptus'eks	SgTr
coitus interruptus	coitus interruptus'el	SgAd
coitus interruptus	coitus interruptus'ele	SgAll
coitus interruptus	coitus interruptus'elt	SgAbl
coitus interruptus	coitus interruptus'ena	SgEs
coitus interruptus	coitus interruptus'eni	SgTer
coitus interruptus	coitus interruptus'es	SgIn
coitus interruptus	coitus interruptus'esse	SgIll
coitus interruptus	coitus interruptus'est	SgEl
coitus interruptus	coitus interruptus'eta	SgAb
coitus interruptus	coitus interruptus'i	PlP
coitus interruptus	coitus interruptus'iks	PlTr
coitus interruptus	coitus interruptus'il	PlAd
coitus interruptus	coitus interruptus'ile	PlAll
coitus interruptus	coitus interruptus'ilt	PlAbl
coitus interruptus	coitus interruptus'is	PlIn
coitus interruptus	coitus interruptus'isse	PlIll
coitus interruptus	coitus interruptus'ist	PlEl
coitus interruptus	coitus interruptus'se	SgAdt
coitus interruptus	coitus interruptus't	SgP
coitus interruptus	coitus interruptus'te	PlG
coitus interruptus	coitus interruptus'tega	PlKom
coitus interruptus	coitus interruptus'teks	PlTr
coitus interruptus	coitus interruptus'tel	PlAd
coitus interruptus	coitus interruptus'tele	PlAll
coitus interruptus	coitus interruptus'telt	PlAbl
coitus interruptus	coitus interruptus'tena	PlEs
coitus interruptus	coitus interruptus'teni	PlTer
coitus interruptus	coitus interruptus'tes	PlIn
coitus interruptus	coitus interruptus'tesse	PlIll
coitus interruptus	coitus interruptus'test	PlEl
coitus interruptus	coitus interruptus'teta	PlAb
coli-bakter	coli-bakter	SgAdt
coli-bakter	coli-bakter	SgN
coli-bakter	coli-baktereid	PlP
coli-bakter	coli-baktereiks	PlTr
coli-bakter	coli-baktereil	PlAd
coli-bakter	coli-baktereile	PlAll
coli-bakter	coli-baktereilt	PlAbl
coli-bakter	coli-baktereis	PlIn
coli-bakter	coli-baktereisse	PlIll
coli-bakter	coli-baktereist	PlEl
coli-bakter	coli-bakteri	SgG
coli-bakter	coli-bakterid	PlN
coli-bakter	coli-bakteriga	SgKom
coli-bakter	coli-bakteriks	SgTr
coli-bakter	coli-bakteril	SgAd
coli-bakter	coli-bakterile	SgAll
coli-bakter	coli-bakterilt	SgAbl
coli-bakter	coli-bakterina	SgEs
coli-bakter	coli-bakterini	SgTer
coli-bakter	coli-bakteris	SgIn
coli-bakter	coli-bakterisse	SgIll
coli-bakter	coli-bakterist	SgEl
coli-bakter	coli-bakterit	SgP
coli-bakter	coli-bakterita	SgAb
coli-bakter	coli-bakterite	PlG
coli-bakter	coli-bakteritega	PlKom
coli-bakter	coli-bakteriteks	PlTr
coli-bakter	coli-bakteritel	PlAd
coli-bakter	coli-bakteritele	PlAll
coli-bakter	coli-bakteritelt	PlAbl
coli-bakter	coli-bakteritena	PlEs
coli-bakter	coli-bakteriteni	PlTer
coli-bakter	coli-bakterites	PlIn
coli-bakter	coli-bakteritesse	PlIll
coli-bakter	coli-bakteritest	PlEl
coli-bakter	coli-bakteriteta	PlAb
Colombia	Colombia	SgAdt
Colombia	Colombia	SgG
Colombia	Colombia	SgN
Colombia	Colombiad	PlN
Colombia	Colombiaga	SgKom
Colombia	Colombiaid	PlP
Colombia	Colombiaiks	PlTr
Colombia	Colombiail	PlAd
Colombia	Colombiaile	PlAll
Colombia	Colombiailt	PlAbl
Colombia	Colombiais	PlIn
Colombia	Colombiaisse	PlIll
Colombia	Colombiaist	PlEl
Colombia	Colombiaks	SgTr
Colombia	Colombial	SgAd
Colombia	Colombiale	SgAll
Colombia	Colombialt	SgAbl
Colombia	Colombiana	SgEs
Colombia	Colombiani	SgTer
Colombia	Colombias	SgIn
Colombia	Colombiasse	SgIll
Colombia	Colombiast	SgEl
Colombia	Colombiat	SgP
Colombia	Colombiata	SgAb
Colombia	Colombiate	PlG
Colombia	Colombiatega	PlKom
Colombia	Colombiateks	PlTr
Colombia	Colombiatel	PlAd
Colombia	Colombiatele	PlAll
Colombia	Colombiatelt	PlAbl
Colombia	Colombiatena	PlEs
Colombia	Colombiateni	PlTer
Colombia	Colombiates	PlIn
Colombia	Colombiatesse	PlIll
Colombia	Colombiatest	PlEl
Colombia	Colombiateta	PlAb
Colorado	Colorado	SgAdt
Colorado	Colorado	SgG
Colorado	Colorado	SgN
Colorado	Coloradod	PlN
Colorado	Coloradode	PlG
Colorado	Coloradodega	PlKom
Colorado	Coloradodeks	PlTr
Colorado	Coloradodel	PlAd
Colorado	Coloradodele	PlAll
Colorado	Coloradodelt	PlAbl
Colorado	Coloradodena	PlEs
Colorado	Coloradodeni	PlTer
Colorado	Coloradodes	PlIn
Colorado	Coloradodesse	PlIll
Colorado	Coloradodest	PlEl
Colorado	Coloradodeta	PlAb
Colorado	Coloradoga	SgKom
Colorado	Coloradoks	SgTr
Colorado	Coloradol	SgAd
Colorado	Coloradole	SgAll
Colorado	Coloradolt	SgAbl
Colorado	Coloradona	SgEs
Colorado	Coloradoni	SgTer
Colorado	Colorados	SgIn
Colorado	Coloradosid	PlP
Colorado	Coloradosse	SgIll
Colorado	Coloradost	SgEl
Colorado	Coloradot	SgP
Colorado	Coloradota	SgAb
Colorado mardikas	Colorado mardika	SgG
Colorado mardikas	Colorado mardikad	PlN
Colorado mardikas	Colorado mardikaga	SgKom
Colorado mardikas	Colorado mardikaid	PlP
Colorado mardikas	Colorado mardikaks	SgTr
Colorado mardikas	Colorado mardikal	SgAd
Colorado mardikas	Colorado mardikale	SgAll
Colorado mardikas	Colorado mardikalt	SgAbl
Colorado mardikas	Colorado mardikana	SgEs
Colorado mardikas	Colorado mardikani	SgTer
Colorado mardikas	Colorado mardikas	SgIn
Colorado mardikas	Colorado mardikas	SgN
Colorado mardikas	Colorado mardikasse	SgIll
Colorado mardikas	Colorado mardikast	SgEl
Colorado mardikas	Colorado mardikat	SgP
Colorado mardikas	Colorado mardikata	SgAb
Colorado mardikas	Colorado mardikate	PlG
Colorado mardikas	Colorado mardikatega	PlKom
Colorado mardikas	Colorado mardikateks	PlTr
Colorado mardikas	Colorado mardikatel	PlAd
Colorado mardikas	Colorado mardikatele	PlAll
Colorado mardikas	Colorado mardikatelt	PlAbl
Colorado mardikas	Colorado mardikatena	PlEs
Colorado mardikas	Colorado mardikateni	PlTer
Colorado mardikas	Colorado mardikates	PlIn
Colorado mardikas	Colorado mardikatesse	PlIll
Colorado mardikas	Colorado mardikatest	PlEl
Colorado mardikas	Colorado mardikateta	PlAb
comeback	comeback	SgN
comeback	comeback'e	PlP
comeback	comeback'eks	PlTr
comeback	comeback'el	PlAd
comeback	comeback'ele	PlAll
comeback	comeback'elt	PlAbl
comeback	comeback'es	PlIn
comeback	comeback'esse	PlIll
comeback	comeback'est	PlEl
comeback	comeback'i	SgAdt
comeback	comeback'i	SgG
comeback	comeback'i	SgP
comeback	comeback'id	PlN
comeback	comeback'ide	PlG
comeback	comeback'idega	PlKom
comeback	comeback'ideks	PlTr
comeback	comeback'idel	PlAd
comeback	comeback'idele	PlAll
comeback	comeback'idelt	PlAbl
comeback	comeback'idena	PlEs
comeback	comeback'ideni	PlTer
comeback	comeback'ides	PlIn
comeback	comeback'idesse	PlIll
comeback	comeback'idest	PlEl
comeback	comeback'ideta	PlAb
comeback	comeback'iga	SgKom
comeback	comeback'iks	SgTr
comeback	comeback'il	SgAd
comeback	comeback'ile	SgAll
comeback	comeback'ilt	SgAbl
comeback	comeback'ina	SgEs
comeback	comeback'ini	SgTer
comeback	comeback'is	SgIn
comeback	comeback'isid	PlP
comeback	comeback'isse	SgIll
comeback	comeback'ist	SgEl
comeback	comeback'ita	SgAb
commedia dell’arte	commedia dell’arte	SgAdt
commedia dell’arte	commedia dell’arte	SgG
commedia dell’arte	commedia dell’arte	SgN
commedia dell’arte	commedia dell’arte'd	PlN
commedia dell’arte	commedia dell’arte'de	PlG
commedia dell’arte	commedia dell’arte'dega	PlKom
commedia dell’arte	commedia dell’arte'deks	PlTr
commedia dell’arte	commedia dell’arte'del	PlAd
commedia dell’arte	commedia dell’arte'dele	PlAll
commedia dell’arte	commedia dell’arte'delt	PlAbl
commedia dell’arte	commedia dell’arte'dena	PlEs
commedia dell’arte	commedia dell’arte'deni	PlTer
commedia dell’arte	commedia dell’arte'des	PlIn
commedia dell’arte	commedia dell’arte'desse	PlIll
commedia dell’arte	commedia dell’arte'dest	PlEl
commedia dell’arte	commedia dell’arte'deta	PlAb
commedia dell’arte	commedia dell’arte'ga	SgKom
commedia dell’arte	commedia dell’arte'ks	SgTr
commedia dell’arte	commedia dell’arte'l	SgAd
commedia dell’arte	commedia dell’arte'le	SgAll
commedia dell’arte	commedia dell’arte'lt	SgAbl
commedia dell’arte	commedia dell’arte'na	SgEs
commedia dell’arte	commedia dell’arte'ni	SgTer
commedia dell’arte	commedia dell’arte's	SgIn
commedia dell’arte	commedia dell’arte'sid	PlP
commedia dell’arte	commedia dell’arte'sse	SgIll
commedia dell’arte	commedia dell’arte'st	SgEl
commedia dell’arte	commedia dell’arte't	SgP
commedia dell’arte	commedia dell’arte'ta	SgAb
comodo	comodo	ID
Como järv	Como järv	SgN
Como järv	Como järve	SgAdt
Como järv	Como järve	SgG
Como järv	Como järve	SgP
Como järv	Como järvega	SgKom
Como järv	Como järveks	SgTr
Como järv	Como järvel	SgAd
Como järv	Como järvele	SgAll
Como järv	Como järvelt	SgAbl
Como järv	Como järvena	SgEs
Como järv	Como järveni	SgTer
Como järv	Como järves	SgIn
Como järv	Como järvesse	SgIll
Como järv	Como järvest	SgEl
Como järv	Como järveta	SgAb
concerto grosso	concerto grosso	SgAdt
concerto grosso	concerto grosso	SgG
concerto grosso	concerto grosso	SgN
concerto grosso	concerto grosso'd	PlN
concerto grosso	concerto grosso'de	PlG
concerto grosso	concerto grosso'dega	PlKom
concerto grosso	concerto grosso'deks	PlTr
concerto grosso	concerto grosso'del	PlAd
concerto grosso	concerto grosso'dele	PlAll
concerto grosso	concerto grosso'delt	PlAbl
concerto grosso	concerto grosso'dena	PlEs
concerto grosso	concerto grosso'deni	PlTer
concerto grosso	concerto grosso'des	PlIn
concerto grosso	concerto grosso'desse	PlIll
concerto grosso	concerto grosso'dest	PlEl
concerto grosso	concerto grosso'deta	PlAb
concerto grosso	concerto grosso'ga	SgKom
concerto grosso	concerto grosso'ks	SgTr
concerto grosso	concerto grosso'l	SgAd
concerto grosso	concerto grosso'le	SgAll
concerto grosso	concerto grosso'lt	SgAbl
concerto grosso	concerto grosso'na	SgEs
concerto grosso	concerto grosso'ni	SgTer
concerto grosso	concerto grosso's	SgIn
concerto grosso	concerto grosso'sid	PlP
concerto grosso	concerto grosso'sse	SgIll
concerto grosso	concerto grosso'st	SgEl
concerto grosso	concerto grosso't	SgP
concerto grosso	concerto grosso'ta	SgAb
condition humaine	condition humaine	SgN
condition humaine	condition humaine'e	PlP
condition humaine	condition humaine'eks	PlTr
condition humaine	condition humaine'el	PlAd
condition humaine	condition humaine'ele	PlAll
condition humaine	condition humaine'elt	PlAbl
condition humaine	condition humaine'es	PlIn
condition humaine	condition humaine'esse	PlIll
condition humaine	condition humaine'est	PlEl
condition humaine	condition humaine'i	SgAdt
condition humaine	condition humaine'i	SgG
condition humaine	condition humaine'i	SgP
condition humaine	condition humaine'id	PlN
condition humaine	condition humaine'ide	PlG
condition humaine	condition humaine'idega	PlKom
condition humaine	condition humaine'ideks	PlTr
condition humaine	condition humaine'idel	PlAd
condition humaine	condition humaine'idele	PlAll
condition humaine	condition humaine'idelt	PlAbl
condition humaine	condition humaine'idena	PlEs
condition humaine	condition humaine'ideni	PlTer
condition humaine	condition humaine'ides	PlIn
condition humaine	condition humaine'idesse	PlIll
condition humaine	condition humaine'idest	PlEl
condition humaine	condition humaine'ideta	PlAb
condition humaine	condition humaine'iga	SgKom
condition humaine	condition humaine'iks	SgTr
condition humaine	condition humaine'il	SgAd
condition humaine	condition humaine'ile	SgAll
condition humaine	condition humaine'ilt	SgAbl
condition humaine	condition humaine'ina	SgEs
condition humaine	condition humaine'ini	SgTer
condition humaine	condition humaine'is	SgIn
condition humaine	condition humaine'isid	PlP
condition humaine	condition humaine'isse	SgIll
condition humaine	condition humaine'ist	SgEl
condition humaine	condition humaine'ita	SgAb
confit	confit	SgN
confit	confit'	SgAdt
confit	confit'	SgG
confit	confit'd	PlN
confit	confit'd	SgP
confit	confit'de	PlG
confit	confit'dega	PlKom
confit	confit'deks	PlTr
confit	confit'del	PlAd
confit	confit'dele	PlAll
confit	confit'delt	PlAbl
confit	confit'dena	PlEs
confit	confit'deni	PlTer
confit	confit'des	PlIn
confit	confit'desse	PlIll
confit	confit'dest	PlEl
confit	confit'deta	PlAb
confit	confit'ga	SgKom
confit	confit'ks	SgTr
confit	confit'l	SgAd
confit	confit'le	SgAll
confit	confit'lt	SgAbl
confit	confit'na	SgEs
confit	confit'ni	SgTer
confit	confit's	SgIn
confit	confit'sid	PlP
confit	confit'sse	SgIll
confit	confit'st	SgEl
confit	confit'ta	SgAb
contra	contra	ID
Cooki saared	Cooki saar	SgN
Cooki saared	Cooki saarde	SgAdt
Cooki saared	Cooki saare	SgG
Cooki saared	Cooki saared	PlN
Cooki saared	Cooki saarega	SgKom
Cooki saared	Cooki saareks	SgTr
Cooki saared	Cooki saarel	SgAd
Cooki saared	Cooki saarele	SgAll
Cooki saared	Cooki saarelt	SgAbl
Cooki saared	Cooki saarena	SgEs
Cooki saared	Cooki saareni	SgTer
Cooki saared	Cooki saares	SgIn
Cooki saared	Cooki saaresse	SgIll
Cooki saared	Cooki saarest	SgEl
Cooki saared	Cooki saareta	SgAb
Cooki saared	Cooki saari	PlP
Cooki saared	Cooki saart	SgP
Cooki saared	Cooki saarte	PlG
Cooki saared	Cooki saartega	PlKom
Cooki saared	Cooki saarteks	PlTr
Cooki saared	Cooki saartel	PlAd
Cooki saared	Cooki saartele	PlAll
Cooki saared	Cooki saartelt	PlAbl
Cooki saared	Cooki saartena	PlEs
Cooki saared	Cooki saarteni	PlTer
Cooki saared	Cooki saartes	PlIn
Cooki saared	Cooki saartesse	PlIll
Cooki saared	Cooki saartest	PlEl
Cooki saared	Cooki saarteta	PlAb
Cooperi test	Cooperi test	SgN
Cooperi test	Cooperi teste	PlP
Cooperi test	Cooperi testi	SgAdt
Cooperi test	Cooperi testi	SgG
Cooperi test	Cooperi testi	SgP
Cooperi test	Cooperi testid	PlN
Cooperi test	Cooperi testide	PlG
Cooperi test	Cooperi testidega	PlKom
Cooperi test	Cooperi testideks	PlTr
Cooperi test	Cooperi testidel	PlAd
Cooperi test	Cooperi testidele	PlAll
Cooperi test	Cooperi testidelt	PlAbl
Cooperi test	Cooperi testidena	PlEs
Cooperi test	Cooperi testideni	PlTer
Cooperi test	Cooperi testides	PlIn
Cooperi test	Cooperi testidesse	PlIll
Cooperi test	Cooperi testidest	PlEl
Cooperi test	Cooperi testideta	PlAb
Cooperi test	Cooperi testiga	SgKom
Cooperi test	Cooperi testiks	SgTr
Cooperi test	Cooperi testil	SgAd
Cooperi test	Cooperi testile	SgAll
Cooperi test	Cooperi testilt	SgAbl
Cooperi test	Cooperi testina	SgEs
Cooperi test	Cooperi testini	SgTer
Cooperi test	Cooperi testis	SgIn
Cooperi test	Cooperi testisid	PlP
Cooperi test	Cooperi testisse	SgIll
Cooperi test	Cooperi testist	SgEl
Cooperi test	Cooperi testita	SgAb
copyright	copyright	SgN
copyright	copyright'e	PlP
copyright	copyright'eks	PlTr
copyright	copyright'el	PlAd
copyright	copyright'ele	PlAll
copyright	copyright'elt	PlAbl
copyright	copyright'es	PlIn
copyright	copyright'esse	PlIll
copyright	copyright'est	PlEl
copyright	copyright'i	SgAdt
copyright	copyright'i	SgG
copyright	copyright'i	SgP
copyright	copyright'id	PlN
copyright	copyright'ide	PlG
copyright	copyright'idega	PlKom
copyright	copyright'ideks	PlTr
copyright	copyright'idel	PlAd
copyright	copyright'idele	PlAll
copyright	copyright'idelt	PlAbl
copyright	copyright'idena	PlEs
copyright	copyright'ideni	PlTer
copyright	copyright'ides	PlIn
copyright	copyright'idesse	PlIll
copyright	copyright'idest	PlEl
copyright	copyright'ideta	PlAb
copyright	copyright'iga	SgKom
copyright	copyright'iks	SgTr
copyright	copyright'il	SgAd
copyright	copyright'ile	SgAll
copyright	copyright'ilt	SgAbl
copyright	copyright'ina	SgEs
copyright	copyright'ini	SgTer
copyright	copyright'is	SgIn
copyright	copyright'isid	PlP
copyright	copyright'isse	SgIll
copyright	copyright'ist	SgEl
copyright	copyright'ita	SgAb
copywriter	copywriter	SgAdt
copywriter	copywriter	SgN
copywriter	copywriter'eid	PlP
copywriter	copywriter'eiks	PlTr
copywriter	copywriter'eil	PlAd
copywriter	copywriter'eile	PlAll
copywriter	copywriter'eilt	PlAbl
copywriter	copywriter'eis	PlIn
copywriter	copywriter'eisse	PlIll
copywriter	copywriter'eist	PlEl
copywriter	copywriter'i	SgG
copywriter	copywriter'id	PlN
copywriter	copywriter'iga	SgKom
copywriter	copywriter'iks	SgTr
copywriter	copywriter'il	SgAd
copywriter	copywriter'ile	SgAll
copywriter	copywriter'ilt	SgAbl
copywriter	copywriter'ina	SgEs
copywriter	copywriter'ini	SgTer
copywriter	copywriter'is	SgIn
copywriter	copywriter'isse	SgIll
copywriter	copywriter'ist	SgEl
copywriter	copywriter'it	SgP
copywriter	copywriter'ita	SgAb
copywriter	copywriter'ite	PlG
copywriter	copywriter'itega	PlKom
copywriter	copywriter'iteks	PlTr
copywriter	copywriter'itel	PlAd
copywriter	copywriter'itele	PlAll
copywriter	copywriter'itelt	PlAbl
copywriter	copywriter'itena	PlEs
copywriter	copywriter'iteni	PlTer
copywriter	copywriter'ites	PlIn
copywriter	copywriter'itesse	PlIll
copywriter	copywriter'itest	PlEl
copywriter	copywriter'iteta	PlAb
coq au vin	coq au vin	SgN
coq au vin	coq au vin'e	PlP
coq au vin	coq au vin'eks	PlTr
coq au vin	coq au vin'el	PlAd
coq au vin	coq au vin'ele	PlAll
coq au vin	coq au vin'elt	PlAbl
coq au vin	coq au vin'es	PlIn
coq au vin	coq au vin'esse	PlIll
coq au vin	coq au vin'est	PlEl
coq au vin	coq au vin'i	SgAdt
coq au vin	coq au vin'i	SgG
coq au vin	coq au vin'i	SgP
coq au vin	coq au vin'id	PlN
coq au vin	coq au vin'ide	PlG
coq au vin	coq au vin'idega	PlKom
coq au vin	coq au vin'ideks	PlTr
coq au vin	coq au vin'idel	PlAd
coq au vin	coq au vin'idele	PlAll
coq au vin	coq au vin'idelt	PlAbl
coq au vin	coq au vin'idena	PlEs
coq au vin	coq au vin'ideni	PlTer
coq au vin	coq au vin'ides	PlIn
coq au vin	coq au vin'idesse	PlIll
coq au vin	coq au vin'idest	PlEl
coq au vin	coq au vin'ideta	PlAb
coq au vin	coq au vin'iga	SgKom
coq au vin	coq au vin'iks	SgTr
coq au vin	coq au vin'il	SgAd
coq au vin	coq au vin'ile	SgAll
coq au vin	coq au vin'ilt	SgAbl
coq au vin	coq au vin'ina	SgEs
coq au vin	coq au vin'ini	SgTer
coq au vin	coq au vin'is	SgIn
coq au vin	coq au vin'isid	PlP
coq au vin	coq au vin'isse	SgIll
coq au vin	coq au vin'ist	SgEl
coq au vin	coq au vin'ita	SgAb
corno	corno	SgAdt
corno	corno	SgG
corno	corno	SgN
corno	corno'd	PlN
corno	corno'de	PlG
corno	corno'dega	PlKom
corno	corno'deks	PlTr
corno	corno'del	PlAd
corno	corno'dele	PlAll
corno	corno'delt	PlAbl
corno	corno'dena	PlEs
corno	corno'deni	PlTer
corno	corno'des	PlIn
corno	corno'desse	PlIll
corno	corno'dest	PlEl
corno	corno'deta	PlAb
corno	corno'ga	SgKom
corno	corno'ks	SgTr
corno	corno'l	SgAd
corno	corno'le	SgAll
corno	corno'lt	SgAbl
corno	corno'na	SgEs
corno	corno'ni	SgTer
corno	corno's	SgIn
corno	corno'sid	PlP
corno	corno'sse	SgIll
corno	corno'st	SgEl
corno	corno't	SgP
corno	corno'ta	SgAb
Cornwall	Cornwall	SgN
Cornwall	Cornwalle	PlP
Cornwall	Cornwalleks	PlTr
Cornwall	Cornwallel	PlAd
Cornwall	Cornwallele	PlAll
Cornwall	Cornwallelt	PlAbl
Cornwall	Cornwalles	PlIn
Cornwall	Cornwallesse	PlIll
Cornwall	Cornwallest	PlEl
Cornwall	Cornwalli	SgAdt
Cornwall	Cornwalli	SgG
Cornwall	Cornwalli	SgP
Cornwall	Cornwallid	PlN
Cornwall	Cornwallide	PlG
Cornwall	Cornwallidega	PlKom
Cornwall	Cornwallideks	PlTr
Cornwall	Cornwallidel	PlAd
Cornwall	Cornwallidele	PlAll
Cornwall	Cornwallidelt	PlAbl
Cornwall	Cornwallidena	PlEs
Cornwall	Cornwallideni	PlTer
Cornwall	Cornwallides	PlIn
Cornwall	Cornwallidesse	PlIll
Cornwall	Cornwallidest	PlEl
Cornwall	Cornwallideta	PlAb
Cornwall	Cornwalliga	SgKom
Cornwall	Cornwalliks	SgTr
Cornwall	Cornwallil	SgAd
Cornwall	Cornwallile	SgAll
Cornwall	Cornwallilt	SgAbl
Cornwall	Cornwallina	SgEs
Cornwall	Cornwallini	SgTer
Cornwall	Cornwallis	SgIn
Cornwall	Cornwallisid	PlP
Cornwall	Cornwallisse	SgIll
Cornwall	Cornwallist	SgEl
Cornwall	Cornwallita	SgAb
corpus delicti	corpus delicti	SgAdt
corpus delicti	corpus delicti	SgG
corpus delicti	corpus delicti	SgN
corpus delicti	corpus delicti'd	PlN
corpus delicti	corpus delicti'de	PlG
corpus delicti	corpus delicti'dega	PlKom
corpus delicti	corpus delicti'deks	PlTr
corpus delicti	corpus delicti'del	PlAd
corpus delicti	corpus delicti'dele	PlAll
corpus delicti	corpus delicti'delt	PlAbl
corpus delicti	corpus delicti'dena	PlEs
corpus delicti	corpus delicti'deni	PlTer
corpus delicti	corpus delicti'des	PlIn
corpus delicti	corpus delicti'desse	PlIll
corpus delicti	corpus delicti'dest	PlEl
corpus delicti	corpus delicti'deta	PlAb
corpus delicti	corpus delicti'ga	SgKom
corpus delicti	corpus delicti'ks	SgTr
corpus delicti	corpus delicti'l	SgAd
corpus delicti	corpus delicti'le	SgAll
corpus delicti	corpus delicti'lt	SgAbl
corpus delicti	corpus delicti'na	SgEs
corpus delicti	corpus delicti'ni	SgTer
corpus delicti	corpus delicti's	SgIn
corpus delicti	corpus delicti'sid	PlP
corpus delicti	corpus delicti'sse	SgIll
corpus delicti	corpus delicti'st	SgEl
corpus delicti	corpus delicti't	SgP
corpus delicti	corpus delicti'ta	SgAb
corrida	corrida	SgAdt
corrida	corrida	SgG
corrida	corrida	SgN
corrida	corrida'd	PlN
corrida	corrida'de	PlG
corrida	corrida'dega	PlKom
corrida	corrida'deks	PlTr
corrida	corrida'del	PlAd
corrida	corrida'dele	PlAll
corrida	corrida'delt	PlAbl
corrida	corrida'dena	PlEs
corrida	corrida'deni	PlTer
corrida	corrida'des	PlIn
corrida	corrida'desse	PlIll
corrida	corrida'dest	PlEl
corrida	corrida'deta	PlAb
corrida	corrida'ga	SgKom
corrida	corrida'ks	SgTr
corrida	corrida'l	SgAd
corrida	corrida'le	SgAll
corrida	corrida'lt	SgAbl
corrida	corrida'na	SgEs
corrida	corrida'ni	SgTer
corrida	corrida's	SgIn
corrida	corrida'sid	PlP
corrida	corrida'sse	SgIll
corrida	corrida'st	SgEl
corrida	corrida't	SgP
corrida	corrida'ta	SgAb
Cortes	-	SgAdt
Cortes	Cortes	SgN
Cortes	Cortese	SgG
Cortes	Cortesed	PlN
Cortes	Cortesega	SgKom
Cortes	Corteseid	PlP
Cortes	Corteseiks	PlTr
Cortes	Corteseil	PlAd
Cortes	Corteseile	PlAll
Cortes	Corteseilt	PlAbl
Cortes	Corteseis	PlIn
Cortes	Corteseisse	PlIll
Cortes	Corteseist	PlEl
Cortes	Corteseks	SgTr
Cortes	Cortesel	SgAd
Cortes	Cortesele	SgAll
Cortes	Corteselt	SgAbl
Cortes	Cortesena	SgEs
Cortes	Corteseni	SgTer
Cortes	Corteses	SgIn
Cortes	Cortesesse	SgIll
Cortes	Cortesest	SgEl
Cortes	Corteseta	SgAb
Cortes	Cortest	SgP
Cortes	Corteste	PlG
Cortes	Cortestega	PlKom
Cortes	Cortesteks	PlTr
Cortes	Cortestel	PlAd
Cortes	Cortestele	PlAll
Cortes	Cortestelt	PlAbl
Cortes	Cortestena	PlEs
Cortes	Cortesteni	PlTer
Cortes	Cortestes	PlIn
Cortes	Cortestesse	PlIll
Cortes	Cortestest	PlEl
Cortes	Cortesteta	PlAb
cortes	cortes	SgAdt
cortes	cortes	SgN
cortes	cortes'e	SgG
cortes	cortes'ed	PlN
cortes	cortes'ega	SgKom
cortes	cortes'eid	PlP
cortes	cortes'eiks	PlTr
cortes	cortes'eil	PlAd
cortes	cortes'eile	PlAll
cortes	cortes'eilt	PlAbl
cortes	cortes'eis	PlIn
cortes	cortes'eisse	PlIll
cortes	cortes'eist	PlEl
cortes	cortes'eks	SgTr
cortes	cortes'el	SgAd
cortes	cortes'ele	SgAll
cortes	cortes'elt	SgAbl
cortes	cortes'ena	SgEs
cortes	cortes'eni	SgTer
cortes	cortes'es	SgIn
cortes	cortes'esse	SgIll
cortes	cortes'est	SgEl
cortes	cortes'eta	SgAb
cortes	cortes't	SgP
cortes	cortes'te	PlG
cortes	cortes'tega	PlKom
cortes	cortes'teks	PlTr
cortes	cortes'tel	PlAd
cortes	cortes'tele	PlAll
cortes	cortes'telt	PlAbl
cortes	cortes'tena	PlEs
cortes	cortes'teni	PlTer
cortes	cortes'tes	PlIn
cortes	cortes'tesse	PlIll
cortes	cortes'test	PlEl
cortes	cortes'teta	PlAb
cos	cos	ID
cosec	cosec	ID
Costa Rica	Costa Rica	SgAdt
Costa Rica	Costa Rica	SgG
Costa Rica	Costa Rica	SgN
Costa Rica	Costa Ricad	PlN
Costa Rica	Costa Ricade	PlG
Costa Rica	Costa Ricadega	PlKom
Costa Rica	Costa Ricadeks	PlTr
Costa Rica	Costa Ricadel	PlAd
Costa Rica	Costa Ricadele	PlAll
Costa Rica	Costa Ricadelt	PlAbl
Costa Rica	Costa Ricadena	PlEs
Costa Rica	Costa Ricadeni	PlTer
Costa Rica	Costa Ricades	PlIn
Costa Rica	Costa Ricadesse	PlIll
Costa Rica	Costa Ricadest	PlEl
Costa Rica	Costa Ricadeta	PlAb
Costa Rica	Costa Ricaga	SgKom
Costa Rica	Costa Ricaks	SgTr
Costa Rica	Costa Rical	SgAd
Costa Rica	Costa Ricale	SgAll
Costa Rica	Costa Ricalt	SgAbl
Costa Rica	Costa Ricana	SgEs
Costa Rica	Costa Ricani	SgTer
Costa Rica	Costa Ricas	SgIn
Costa Rica	Costa Ricasid	PlP
Costa Rica	Costa Ricasse	SgIll
Costa Rica	Costa Ricast	SgEl
Costa Rica	Costa Ricat	SgP
Costa Rica	Costa Ricata	SgAb
cot	cot	ID
Côte d'Azur	Côte d'Azur	SgN
Côte d'Azur	Côte d'Azure	PlP
Côte d'Azur	Côte d'Azureks	PlTr
Côte d'Azur	Côte d'Azurel	PlAd
Côte d'Azur	Côte d'Azurele	PlAll
Côte d'Azur	Côte d'Azurelt	PlAbl
Côte d'Azur	Côte d'Azures	PlIn
Côte d'Azur	Côte d'Azuresse	PlIll
Côte d'Azur	Côte d'Azurest	PlEl
Côte d'Azur	Côte d'Azuri	SgAdt
Côte d'Azur	Côte d'Azuri	SgG
Côte d'Azur	Côte d'Azuri	SgP
Côte d'Azur	Côte d'Azurid	PlN
Côte d'Azur	Côte d'Azuride	PlG
Côte d'Azur	Côte d'Azuridega	PlKom
Côte d'Azur	Côte d'Azurideks	PlTr
Côte d'Azur	Côte d'Azuridel	PlAd
Côte d'Azur	Côte d'Azuridele	PlAll
Côte d'Azur	Côte d'Azuridelt	PlAbl
Côte d'Azur	Côte d'Azuridena	PlEs
Côte d'Azur	Côte d'Azurideni	PlTer
Côte d'Azur	Côte d'Azurides	PlIn
Côte d'Azur	Côte d'Azuridesse	PlIll
Côte d'Azur	Côte d'Azuridest	PlEl
Côte d'Azur	Côte d'Azurideta	PlAb
Côte d'Azur	Côte d'Azuriga	SgKom
Côte d'Azur	Côte d'Azuriks	SgTr
Côte d'Azur	Côte d'Azuril	SgAd
Côte d'Azur	Côte d'Azurile	SgAll
Côte d'Azur	Côte d'Azurilt	SgAbl
Côte d'Azur	Côte d'Azurina	SgEs
Côte d'Azur	Côte d'Azurini	SgTer
Côte d'Azur	Côte d'Azuris	SgIn
Côte d'Azur	Côte d'Azurisid	PlP
Côte d'Azur	Côte d'Azurisse	SgIll
Côte d'Azur	Côte d'Azurist	SgEl
Côte d'Azur	Côte d'Azurita	SgAb
Côte d'Ivoire	Côte d'Ivoire	SgN
Côte d'Ivoire	Côte d'Ivoire'e	PlP
Côte d'Ivoire	Côte d'Ivoire'eks	PlTr
Côte d'Ivoire	Côte d'Ivoire'el	PlAd
Côte d'Ivoire	Côte d'Ivoire'ele	PlAll
Côte d'Ivoire	Côte d'Ivoire'elt	PlAbl
Côte d'Ivoire	Côte d'Ivoire'es	PlIn
Côte d'Ivoire	Côte d'Ivoire'esse	PlIll
Côte d'Ivoire	Côte d'Ivoire'est	PlEl
Côte d'Ivoire	Côte d'Ivoire'i	SgAdt
Côte d'Ivoire	Côte d'Ivoire'i	SgG
Côte d'Ivoire	Côte d'Ivoire'i	SgP
Côte d'Ivoire	Côte d'Ivoire'id	PlN
Côte d'Ivoire	Côte d'Ivoire'ide	PlG
Côte d'Ivoire	Côte d'Ivoire'idega	PlKom
Côte d'Ivoire	Côte d'Ivoire'ideks	PlTr
Côte d'Ivoire	Côte d'Ivoire'idel	PlAd
Côte d'Ivoire	Côte d'Ivoire'idele	PlAll
Côte d'Ivoire	Côte d'Ivoire'idelt	PlAbl
Côte d'Ivoire	Côte d'Ivoire'idena	PlEs
Côte d'Ivoire	Côte d'Ivoire'ideni	PlTer
Côte d'Ivoire	Côte d'Ivoire'ides	PlIn
Côte d'Ivoire	Côte d'Ivoire'idesse	PlIll
Côte d'Ivoire	Côte d'Ivoire'idest	PlEl
Côte d'Ivoire	Côte d'Ivoire'ideta	PlAb
Côte d'Ivoire	Côte d'Ivoire'iga	SgKom
Côte d'Ivoire	Côte d'Ivoire'iks	SgTr
Côte d'Ivoire	Côte d'Ivoire'il	SgAd
Côte d'Ivoire	Côte d'Ivoire'ile	SgAll
Côte d'Ivoire	Côte d'Ivoire'ilt	SgAbl
Côte d'Ivoire	Côte d'Ivoire'ina	SgEs
Côte d'Ivoire	Côte d'Ivoire'ini	SgTer
Côte d'Ivoire	Côte d'Ivoire'is	SgIn
Côte d'Ivoire	Côte d'Ivoire'isid	PlP
Côte d'Ivoire	Côte d'Ivoire'isse	SgIll
Côte d'Ivoire	Côte d'Ivoire'ist	SgEl
Côte d'Ivoire	Côte d'Ivoire'ita	SgAb
country	country	SgAdt
country	country	SgG
country	country	SgN
country	country'd	PlN
country	country'ga	SgKom
country	country'id	PlP
country	country'iks	PlTr
country	country'il	PlAd
country	country'ile	PlAll
country	country'ilt	PlAbl
country	country'is	PlIn
country	country'isse	PlIll
country	country'ist	PlEl
country	country'ks	SgTr
country	country'l	SgAd
country	country'le	SgAll
country	country'lt	SgAbl
country	country'na	SgEs
country	country'ni	SgTer
country	country's	SgIn
country	country'sse	SgIll
country	country'st	SgEl
country	country't	SgP
country	country'ta	SgAb
country	country'te	PlG
country	country'tega	PlKom
country	country'teks	PlTr
country	country'tel	PlAd
country	country'tele	PlAll
country	country'telt	PlAbl
country	country'tena	PlEs
country	country'teni	PlTer
country	country'tes	PlIn
country	country'tesse	PlIll
country	country'test	PlEl
country	country'teta	PlAb
Cr	Cr	ID
crack	crack	SgN
crack	crack'e	PlP
crack	crack'eks	PlTr
crack	crack'el	PlAd
crack	crack'ele	PlAll
crack	crack'elt	PlAbl
crack	crack'es	PlIn
crack	crack'esse	PlIll
crack	crack'est	PlEl
crack	crack'i	SgAdt
crack	crack'i	SgG
crack	crack'i	SgP
crack	crack'id	PlN
crack	crack'ide	PlG
crack	crack'idega	PlKom
crack	crack'ideks	PlTr
crack	crack'idel	PlAd
crack	crack'idele	PlAll
crack	crack'idelt	PlAbl
crack	crack'idena	PlEs
crack	crack'ideni	PlTer
crack	crack'ides	PlIn
crack	crack'idesse	PlIll
crack	crack'idest	PlEl
crack	crack'ideta	PlAb
crack	crack'iga	SgKom
crack	crack'iks	SgTr
crack	crack'il	SgAd
crack	crack'ile	SgAll
crack	crack'ilt	SgAbl
crack	crack'ina	SgEs
crack	crack'ini	SgTer
crack	crack'is	SgIn
crack	crack'isid	PlP
crack	crack'isse	SgIll
crack	crack'ist	SgEl
crack	crack'ita	SgAb
Crémant	Crémant	SgN
Crémant	Crémante	PlP
Crémant	Crémanteks	PlTr
Crémant	Crémantel	PlAd
Crémant	Crémantele	PlAll
Crémant	Crémantelt	PlAbl
Crémant	Crémantes	PlIn
Crémant	Crémantesse	PlIll
Crémant	Crémantest	PlEl
Crémant	Crémanti	SgAdt
Crémant	Crémanti	SgG
Crémant	Crémanti	SgP
Crémant	Crémantid	PlN
Crémant	Crémantide	PlG
Crémant	Crémantidega	PlKom
Crémant	Crémantideks	PlTr
Crémant	Crémantidel	PlAd
Crémant	Crémantidele	PlAll
Crémant	Crémantidelt	PlAbl
Crémant	Crémantidena	PlEs
Crémant	Crémantideni	PlTer
Crémant	Crémantides	PlIn
Crémant	Crémantidesse	PlIll
Crémant	Crémantidest	PlEl
Crémant	Crémantideta	PlAb
Crémant	Crémantiga	SgKom
Crémant	Crémantiks	SgTr
Crémant	Crémantil	SgAd
Crémant	Crémantile	SgAll
Crémant	Crémantilt	SgAbl
Crémant	Crémantina	SgEs
Crémant	Crémantini	SgTer
Crémant	Crémantis	SgIn
Crémant	Crémantisid	PlP
Crémant	Crémantisse	SgIll
Crémant	Crémantist	SgEl
Crémant	Crémantita	SgAb
crème de la crème	crème de la crème	SgN
crème de la crème	crème de la crème'e	PlP
crème de la crème	crème de la crème'eks	PlTr
crème de la crème	crème de la crème'el	PlAd
crème de la crème	crème de la crème'ele	PlAll
crème de la crème	crème de la crème'elt	PlAbl
crème de la crème	crème de la crème'es	PlIn
crème de la crème	crème de la crème'esse	PlIll
crème de la crème	crème de la crème'est	PlEl
crème de la crème	crème de la crème'i	SgAdt
crème de la crème	crème de la crème'i	SgG
crème de la crème	crème de la crème'i	SgP
crème de la crème	crème de la crème'id	PlN
crème de la crème	crème de la crème'ide	PlG
crème de la crème	crème de la crème'idega	PlKom
crème de la crème	crème de la crème'ideks	PlTr
crème de la crème	crème de la crème'idel	PlAd
crème de la crème	crème de la crème'idele	PlAll
crème de la crème	crème de la crème'idelt	PlAbl
crème de la crème	crème de la crème'idena	PlEs
crème de la crème	crème de la crème'ideni	PlTer
crème de la crème	crème de la crème'ides	PlIn
crème de la crème	crème de la crème'idesse	PlIll
crème de la crème	crème de la crème'idest	PlEl
crème de la crème	crème de la crème'ideta	PlAb
crème de la crème	crème de la crème'iga	SgKom
crème de la crème	crème de la crème'iks	SgTr
crème de la crème	crème de la crème'il	SgAd
crème de la crème	crème de la crème'ile	SgAll
crème de la crème	crème de la crème'ilt	SgAbl
crème de la crème	crème de la crème'ina	SgEs
crème de la crème	crème de la crème'ini	SgTer
crème de la crème	crème de la crème'is	SgIn
crème de la crème	crème de la crème'isid	PlP
crème de la crème	crème de la crème'isse	SgIll
crème de la crème	crème de la crème'ist	SgEl
crème de la crème	crème de la crème'ita	SgAb
crème fraîche	crème fraîche	SgN
crème fraîche	crème fraîche'e	PlP
crème fraîche	crème fraîche'eks	PlTr
crème fraîche	crème fraîche'el	PlAd
crème fraîche	crème fraîche'ele	PlAll
crème fraîche	crème fraîche'elt	PlAbl
crème fraîche	crème fraîche'es	PlIn
crème fraîche	crème fraîche'esse	PlIll
crème fraîche	crème fraîche'est	PlEl
crème fraîche	crème fraîche'i	SgAdt
crème fraîche	crème fraîche'i	SgG
crème fraîche	crème fraîche'i	SgP
crème fraîche	crème fraîche'id	PlN
crème fraîche	crème fraîche'ide	PlG
crème fraîche	crème fraîche'idega	PlKom
crème fraîche	crème fraîche'ideks	PlTr
crème fraîche	crème fraîche'idel	PlAd
crème fraîche	crème fraîche'idele	PlAll
crème fraîche	crème fraîche'idelt	PlAbl
crème fraîche	crème fraîche'idena	PlEs
crème fraîche	crème fraîche'ideni	PlTer
crème fraîche	crème fraîche'ides	PlIn
crème fraîche	crème fraîche'idesse	PlIll
crème fraîche	crème fraîche'idest	PlEl
crème fraîche	crème fraîche'ideta	PlAb
crème fraîche	crème fraîche'iga	SgKom
crème fraîche	crème fraîche'iks	SgTr
crème fraîche	crème fraîche'il	SgAd
crème fraîche	crème fraîche'ile	SgAll
crème fraîche	crème fraîche'ilt	SgAbl
crème fraîche	crème fraîche'ina	SgEs
crème fraîche	crème fraîche'ini	SgTer
crème fraîche	crème fraîche'is	SgIn
crème fraîche	crème fraîche'isid	PlP
crème fraîche	crème fraîche'isse	SgIll
crème fraîche	crème fraîche'ist	SgEl
crème fraîche	crème fraîche'ita	SgAb
crêperie	crêperie	SgAdt
crêperie	crêperie	SgG
crêperie	crêperie	SgN
crêperie	crêperie'd	PlN
crêperie	crêperie'd	SgP
crêperie	crêperie'de	PlG
crêperie	crêperie'dega	PlKom
crêperie	crêperie'deks	PlTr
crêperie	crêperie'del	PlAd
crêperie	crêperie'dele	PlAll
crêperie	crêperie'delt	PlAbl
crêperie	crêperie'dena	PlEs
crêperie	crêperie'deni	PlTer
crêperie	crêperie'des	PlIn
crêperie	crêperie'desse	PlIll
crêperie	crêperie'dest	PlEl
crêperie	crêperie'deta	PlAb
crêperie	crêperie'ga	SgKom
crêperie	crêperie'ks	SgTr
crêperie	crêperie'l	SgAd
crêperie	crêperie'le	SgAll
crêperie	crêperie'lt	SgAbl
crêperie	crêperie'na	SgEs
crêperie	crêperie'ni	SgTer
crêperie	crêperie's	SgIn
crêperie	crêperie'sid	PlP
crêperie	crêperie'sse	SgIll
crêperie	crêperie'st	SgEl
crêperie	crêperie'ta	SgAb
crescendo	crescendo	ID
croissant	croissant	SgN
croissant	croissant'e	PlP
croissant	croissant'eks	PlTr
croissant	croissant'el	PlAd
croissant	croissant'ele	PlAll
croissant	croissant'elt	PlAbl
croissant	croissant'es	PlIn
croissant	croissant'esse	PlIll
croissant	croissant'est	PlEl
croissant	croissant'i	SgAdt
croissant	croissant'i	SgG
croissant	croissant'i	SgP
croissant	croissant'id	PlN
croissant	croissant'ide	PlG
croissant	croissant'idega	PlKom
croissant	croissant'ideks	PlTr
croissant	croissant'idel	PlAd
croissant	croissant'idele	PlAll
croissant	croissant'idelt	PlAbl
croissant	croissant'idena	PlEs
croissant	croissant'ideni	PlTer
croissant	croissant'ides	PlIn
croissant	croissant'idesse	PlIll
croissant	croissant'idest	PlEl
croissant	croissant'ideta	PlAb
croissant	croissant'iga	SgKom
croissant	croissant'iks	SgTr
croissant	croissant'il	SgAd
croissant	croissant'ile	SgAll
croissant	croissant'ilt	SgAbl
croissant	croissant'ina	SgEs
croissant	croissant'ini	SgTer
croissant	croissant'is	SgIn
croissant	croissant'isid	PlP
croissant	croissant'isse	SgIll
croissant	croissant'ist	SgEl
croissant	croissant'ita	SgAb
Cs	Cs	ID
ct	ct	PlP
ct	ct	SgAdt
ct	ct	SgG
ct	ct	SgN
ct	ct	SgP
ct	ct-d	PlN
ct	ct-de	PlG
ct	ct-dega	PlKom
ct	ct-deks	PlTr
ct	ct-del	PlAd
ct	ct-dele	PlAll
ct	ct-delt	PlAbl
ct	ct-dena	PlEs
ct	ct-deni	PlTer
ct	ct-des	PlIn
ct	ct-desse	PlIll
ct	ct-dest	PlEl
ct	ct-deta	PlAb
ct	ct-ga	SgKom
ct	ct-ks	PlTr
ct	ct-ks	SgTr
ct	ct-l	PlAd
ct	ct-l	SgAd
ct	ct-le	PlAll
ct	ct-le	SgAll
ct	ct-lt	PlAbl
ct	ct-lt	SgAbl
ct	ct-na	SgEs
ct	ct-ni	SgTer
ct	ct-s	PlIn
ct	ct-s	SgIn
ct	ct-sid	PlP
ct	ct-sse	PlIll
ct	ct-sse	SgIll
ct	ct-st	PlEl
ct	ct-st	SgEl
ct	ct-ta	SgAb
Cu	Cu	ID
cum laude	cum laude	ID
Cupido	Cupido	SgAdt
Cupido	Cupido	SgG
Cupido	Cupido	SgN
Cupido	Cupidod	PlN
Cupido	Cupidoga	SgKom
Cupido	Cupidoid	PlP
Cupido	Cupidoiks	PlTr
Cupido	Cupidoil	PlAd
Cupido	Cupidoile	PlAll
Cupido	Cupidoilt	PlAbl
Cupido	Cupidois	PlIn
Cupido	Cupidoisse	PlIll
Cupido	Cupidoist	PlEl
Cupido	Cupidoks	SgTr
Cupido	Cupidol	SgAd
Cupido	Cupidole	SgAll
Cupido	Cupidolt	SgAbl
Cupido	Cupidona	SgEs
Cupido	Cupidoni	SgTer
Cupido	Cupidos	SgIn
Cupido	Cupidosse	SgIll
Cupido	Cupidost	SgEl
Cupido	Cupidot	SgP
Cupido	Cupidota	SgAb
Cupido	Cupidote	PlG
Cupido	Cupidotega	PlKom
Cupido	Cupidoteks	PlTr
Cupido	Cupidotel	PlAd
Cupido	Cupidotele	PlAll
Cupido	Cupidotelt	PlAbl
Cupido	Cupidotena	PlEs
Cupido	Cupidoteni	PlTer
Cupido	Cupidotes	PlIn
Cupido	Cupidotesse	PlIll
Cupido	Cupidotest	PlEl
Cupido	Cupidoteta	PlAb
Curaçao	Curaçao	SgAdt
Curaçao	Curaçao	SgG
Curaçao	Curaçao	SgN
Curaçao	Curaçaod	PlN
Curaçao	Curaçaod	SgP
Curaçao	Curaçaode	PlG
Curaçao	Curaçaodega	PlKom
Curaçao	Curaçaodeks	PlTr
Curaçao	Curaçaodel	PlAd
Curaçao	Curaçaodele	PlAll
Curaçao	Curaçaodelt	PlAbl
Curaçao	Curaçaodena	PlEs
Curaçao	Curaçaodeni	PlTer
Curaçao	Curaçaodes	PlIn
Curaçao	Curaçaodesse	PlIll
Curaçao	Curaçaodest	PlEl
Curaçao	Curaçaodeta	PlAb
Curaçao	Curaçaoga	SgKom
Curaçao	Curaçaoks	SgTr
Curaçao	Curaçaol	SgAd
Curaçao	Curaçaole	SgAll
Curaçao	Curaçaolt	SgAbl
Curaçao	Curaçaona	SgEs
Curaçao	Curaçaoni	SgTer
Curaçao	Curaçaos	SgIn
Curaçao	Curaçaosid	PlP
Curaçao	Curaçaosse	SgIll
Curaçao	Curaçaost	SgEl
Curaçao	Curaçaota	SgAb
curling	curling	SgAdt
curling	curling	SgN
curling	curling'u	SgG
curling	curling'ud	PlN
curling	curling'uga	SgKom
curling	curling'uid	PlP
curling	curling'uiks	PlTr
curling	curling'uil	PlAd
curling	curling'uile	PlAll
curling	curling'uilt	PlAbl
curling	curling'uis	PlIn
curling	curling'uisse	PlIll
curling	curling'uist	PlEl
curling	curling'uks	SgTr
curling	curling'ul	SgAd
curling	curling'ule	SgAll
curling	curling'ult	SgAbl
curling	curling'una	SgEs
curling	curling'uni	SgTer
curling	curling'us	SgIn
curling	curling'usse	SgIll
curling	curling'ust	SgEl
curling	curling'ut	SgP
curling	curling'uta	SgAb
curling	curling'ute	PlG
curling	curling'utega	PlKom
curling	curling'uteks	PlTr
curling	curling'utel	PlAd
curling	curling'utele	PlAll
curling	curling'utelt	PlAbl
curling	curling'utena	PlEs
curling	curling'uteni	PlTer
curling	curling'utes	PlIn
curling	curling'utesse	PlIll
curling	curling'utest	PlEl
curling	curling'uteta	PlAb
curriculum vitae	curriculum vitae	SgAdt
curriculum vitae	curriculum vitae	SgG
curriculum vitae	curriculum vitae	SgN
curriculum vitae	curriculum vitae'd	PlN
curriculum vitae	curriculum vitae'de	PlG
curriculum vitae	curriculum vitae'dega	PlKom
curriculum vitae	curriculum vitae'deks	PlTr
curriculum vitae	curriculum vitae'del	PlAd
curriculum vitae	curriculum vitae'dele	PlAll
curriculum vitae	curriculum vitae'delt	PlAbl
curriculum vitae	curriculum vitae'dena	PlEs
curriculum vitae	curriculum vitae'deni	PlTer
curriculum vitae	curriculum vitae'des	PlIn
curriculum vitae	curriculum vitae'desse	PlIll
curriculum vitae	curriculum vitae'dest	PlEl
curriculum vitae	curriculum vitae'deta	PlAb
curriculum vitae	curriculum vitae'ga	SgKom
curriculum vitae	curriculum vitae'ks	SgTr
curriculum vitae	curriculum vitae'l	SgAd
curriculum vitae	curriculum vitae'le	SgAll
curriculum vitae	curriculum vitae'lt	SgAbl
curriculum vitae	curriculum vitae'na	SgEs
curriculum vitae	curriculum vitae'ni	SgTer
curriculum vitae	curriculum vitae's	SgIn
curriculum vitae	curriculum vitae'sid	PlP
curriculum vitae	curriculum vitae'sse	SgIll
curriculum vitae	curriculum vitae'st	SgEl
curriculum vitae	curriculum vitae't	SgP
curriculum vitae	curriculum vitae'ta	SgAb
curry	curry	SgAdt
curry	curry	SgG
curry	curry	SgN
curry	curry'd	PlN
curry	curry'de	PlG
curry	curry'dega	PlKom
curry	curry'deks	PlTr
curry	curry'del	PlAd
curry	curry'dele	PlAll
curry	curry'delt	PlAbl
curry	curry'dena	PlEs
curry	curry'deni	PlTer
curry	curry'des	PlIn
curry	curry'desse	PlIll
curry	curry'dest	PlEl
curry	curry'deta	PlAb
curry	curry'ga	SgKom
curry	curry'ks	SgTr
curry	curry'l	SgAd
curry	curry'le	SgAll
curry	curry'lt	SgAbl
curry	curry'na	SgEs
curry	curry'ni	SgTer
curry	curry's	SgIn
curry	curry'sid	PlP
curry	curry'sse	SgIll
curry	curry'st	SgEl
curry	curry't	SgP
curry	curry'ta	SgAb
C-vitamiin	C-	??
C-vitamiin	C-vitamiin	SgN
C-vitamiin	C-vitamiine	PlP
C-vitamiin	C-vitamiineks	PlTr
C-vitamiin	C-vitamiinel	PlAd
C-vitamiin	C-vitamiinele	PlAll
C-vitamiin	C-vitamiinelt	PlAbl
C-vitamiin	C-vitamiines	PlIn
C-vitamiin	C-vitamiinesse	PlIll
C-vitamiin	C-vitamiinest	PlEl
C-vitamiin	C-vitamiini	SgAdt
C-vitamiin	C-vitamiini	SgG
C-vitamiin	C-vitamiini	SgP
C-vitamiin	C-vitamiinid	PlN
C-vitamiin	C-vitamiinide	PlG
C-vitamiin	C-vitamiinidega	PlKom
C-vitamiin	C-vitamiinideks	PlTr
C-vitamiin	C-vitamiinidel	PlAd
C-vitamiin	C-vitamiinidele	PlAll
C-vitamiin	C-vitamiinidelt	PlAbl
C-vitamiin	C-vitamiinidena	PlEs
C-vitamiin	C-vitamiinideni	PlTer
C-vitamiin	C-vitamiinides	PlIn
C-vitamiin	C-vitamiinidesse	PlIll
C-vitamiin	C-vitamiinidest	PlEl
C-vitamiin	C-vitamiinideta	PlAb
C-vitamiin	C-vitamiiniga	SgKom
C-vitamiin	C-vitamiiniks	SgTr
C-vitamiin	C-vitamiinil	SgAd
C-vitamiin	C-vitamiinile	SgAll
C-vitamiin	C-vitamiinilt	SgAbl
C-vitamiin	C-vitamiinina	SgEs
C-vitamiin	C-vitamiinini	SgTer
C-vitamiin	C-vitamiinis	SgIn
C-vitamiin	C-vitamiinisid	PlP
C-vitamiin	C-vitamiinisse	SgIll
C-vitamiin	C-vitamiinist	SgEl
C-vitamiin	C-vitamiinita	SgAb
c-võti	-	SgAdt
c-võti	c-võti	SgN
c-võti	c-võtit	SgP
c-võti	c-võtme	SgG
c-võti	c-võtmed	PlN
c-võti	c-võtmega	SgKom
c-võti	c-võtmeid	PlP
c-võti	c-võtmeiks	PlTr
c-võti	c-võtmeil	PlAd
c-võti	c-võtmeile	PlAll
c-võti	c-võtmeilt	PlAbl
c-võti	c-võtmeis	PlIn
c-võti	c-võtmeisse	PlIll
c-võti	c-võtmeist	PlEl
c-võti	c-võtmeks	SgTr
c-võti	c-võtmel	SgAd
c-võti	c-võtmele	SgAll
c-võti	c-võtmelt	SgAbl
c-võti	c-võtmena	SgEs
c-võti	c-võtmeni	SgTer
c-võti	c-võtmes	SgIn
c-võti	c-võtmesse	SgIll
c-võti	c-võtmest	SgEl
c-võti	c-võtmeta	SgAb
c-võti	c-võtmete	PlG
c-võti	c-võtmetega	PlKom
c-võti	c-võtmeteks	PlTr
c-võti	c-võtmetel	PlAd
c-võti	c-võtmetele	PlAll
c-võti	c-võtmetelt	PlAbl
c-võti	c-võtmetena	PlEs
c-võti	c-võtmeteni	PlTer
c-võti	c-võtmetes	PlIn
c-võti	c-võtmetesse	PlIll
c-võti	c-võtmetest	PlEl
c-võti	c-võtmeteta	PlAb
C-kategooria	-	SgAdt
C-kategooria	C-kategooria	SgG
C-kategooria	C-kategooria	SgN
C-kategooria	C-kategooriad	PlN
C-kategooria	C-kategooriaga	SgKom
C-kategooria	C-kategooriaid	PlP
C-kategooria	C-kategooriaiks	PlTr
C-kategooria	C-kategooriail	PlAd
C-kategooria	C-kategooriaile	PlAll
C-kategooria	C-kategooriailt	PlAbl
C-kategooria	C-kategooriais	PlIn
C-kategooria	C-kategooriaisse	PlIll
C-kategooria	C-kategooriaist	PlEl
C-kategooria	C-kategooriaks	SgTr
C-kategooria	C-kategoorial	SgAd
C-kategooria	C-kategooriale	SgAll
C-kategooria	C-kategoorialt	SgAbl
C-kategooria	C-kategooriana	SgEs
C-kategooria	C-kategooriani	SgTer
C-kategooria	C-kategoorias	SgIn
C-kategooria	C-kategooriasse	SgIll
C-kategooria	C-kategooriast	SgEl
C-kategooria	C-kategooriat	SgP
C-kategooria	C-kategooriata	SgAb
C-kategooria	C-kategooriate	PlG
C-kategooria	C-kategooriatega	PlKom
C-kategooria	C-kategooriateks	PlTr
C-kategooria	C-kategooriatel	PlAd
C-kategooria	C-kategooriatele	PlAll
C-kategooria	C-kategooriatelt	PlAbl
C-kategooria	C-kategooriatena	PlEs
C-kategooria	C-kategooriateni	PlTer
C-kategooria	C-kategooriates	PlIn
C-kategooria	C-kategooriatesse	PlIll
C-kategooria	C-kategooriatest	PlEl
C-kategooria	C-kategooriateta	PlAb
C-hepatiit	C-hepatiidi	SgG
C-hepatiit	C-hepatiidid	PlN
C-hepatiit	C-hepatiidiga	SgKom
C-hepatiit	C-hepatiidiks	SgTr
C-hepatiit	C-hepatiidil	SgAd
C-hepatiit	C-hepatiidile	SgAll
C-hepatiit	C-hepatiidilt	SgAbl
C-hepatiit	C-hepatiidina	SgEs
C-hepatiit	C-hepatiidini	SgTer
C-hepatiit	C-hepatiidis	SgIn
C-hepatiit	C-hepatiidisse	SgIll
C-hepatiit	C-hepatiidist	SgEl
C-hepatiit	C-hepatiidita	SgAb
C-hepatiit	C-hepatiit	SgN
C-hepatiit	C-hepatiite	PlP
C-hepatiit	C-hepatiiti	SgAdt
C-hepatiit	C-hepatiiti	SgP
C-hepatiit	C-hepatiitide	PlG
C-hepatiit	C-hepatiitidega	PlKom
C-hepatiit	C-hepatiitideks	PlTr
C-hepatiit	C-hepatiitidel	PlAd
C-hepatiit	C-hepatiitidele	PlAll
C-hepatiit	C-hepatiitidelt	PlAbl
C-hepatiit	C-hepatiitidena	PlEs
C-hepatiit	C-hepatiitideni	PlTer
C-hepatiit	C-hepatiitides	PlIn
C-hepatiit	C-hepatiitidesse	PlIll
C-hepatiit	C-hepatiitidest	PlEl
C-hepatiit	C-hepatiitideta	PlAb
C-hepatiit	C-hepatiitisid	PlP
California	California	SgAdt
California	California	SgG
California	California	SgN
California	Californiad	PlN
California	Californiaga	SgKom
California	Californiaid	PlP
California	Californiaiks	PlTr
California	Californiail	PlAd
California	Californiaile	PlAll
California	Californiailt	PlAbl
California	Californiais	PlIn
California	Californiaisse	PlIll
California	Californiaist	PlEl
California	Californiaks	SgTr
California	Californial	SgAd
California	Californiale	SgAll
California	Californialt	SgAbl
California	Californiana	SgEs
California	Californiani	SgTer
California	Californias	SgIn
California	Californiasse	SgIll
California	Californiast	SgEl
California	Californiat	SgP
California	Californiata	SgAb
California	Californiate	PlG
California	Californiatega	PlKom
California	Californiateks	PlTr
California	Californiatel	PlAd
California	Californiatele	PlAll
California	Californiatelt	PlAbl
California	Californiatena	PlEs
California	Californiateni	PlTer
California	Californiates	PlIn
California	Californiatesse	PlIll
California	Californiatest	PlEl
California	Californiateta	PlAb
Caracas	Caracas	SgAdt
Caracas	Caracas	SgN
Caracas	Caracase	SgG
Caracas	Caracased	PlN
Caracas	Caracasega	SgKom
Caracas	Caracaseid	PlP
Caracas	Caracaseiks	PlTr
Caracas	Caracaseil	PlAd
Caracas	Caracaseile	PlAll
Caracas	Caracaseilt	PlAbl
Caracas	Caracaseis	PlIn
Caracas	Caracaseisse	PlIll
Caracas	Caracaseist	PlEl
Caracas	Caracaseks	SgTr
Caracas	Caracasel	SgAd
Caracas	Caracasele	SgAll
Caracas	Caracaselt	SgAbl
Caracas	Caracasena	SgEs
Caracas	Caracaseni	SgTer
Caracas	Caracases	SgIn
Caracas	Caracasesse	SgIll
Caracas	Caracasest	SgEl
Caracas	Caracaseta	SgAb
Caracas	Caracast	SgP
Caracas	Caracaste	PlG
Caracas	Caracastega	PlKom
Caracas	Caracasteks	PlTr
Caracas	Caracastel	PlAd
Caracas	Caracastele	PlAll
Caracas	Caracastelt	PlAbl
Caracas	Caracastena	PlEs
Caracas	Caracasteni	PlTer
Caracas	Caracastes	PlIn
Caracas	Caracastesse	PlIll
Caracas	Caracastest	PlEl
Caracas	Caracasteta	PlAb
Chișinău	Chișinău	SgAdt
Chișinău	Chișinău	SgG
Chișinău	Chișinău	SgN
Chișinău	Chișinăud	PlN
Chișinău	Chișinăud	SgP
Chișinău	Chișinăude	PlG
Chișinău	Chișinăudega	PlKom
Chișinău	Chișinăudeks	PlTr
Chișinău	Chișinăudel	PlAd
Chișinău	Chișinăudele	PlAll
Chișinău	Chișinăudelt	PlAbl
Chișinău	Chișinăudena	PlEs
Chișinău	Chișinăudeni	PlTer
Chișinău	Chișinăudes	PlIn
Chișinău	Chișinăudesse	PlIll
Chișinău	Chișinăudest	PlEl
Chișinău	Chișinăudeta	PlAb
Chișinău	Chișinăuga	SgKom
Chișinău	Chișinăuks	SgTr
Chișinău	Chișinăul	SgAd
Chișinău	Chișinăule	SgAll
Chișinău	Chișinăult	SgAbl
Chișinău	Chișinăuna	SgEs
Chișinău	Chișinăuni	SgTer
Chișinău	Chișinăus	SgIn
Chișinău	Chișinăusid	PlP
Chișinău	Chișinăusse	SgIll
Chișinău	Chișinăust	SgEl
Chișinău	Chișinăuta	SgAb
calando	calando	ID
cito	cito	ID
coca-cola	coca-cola	SgAdt
coca-cola	coca-cola	SgG
coca-cola	coca-cola	SgN
coca-cola	coca-cola'd	PlN
coca-cola	coca-cola'de	PlG
coca-cola	coca-cola'dega	PlKom
coca-cola	coca-cola'deks	PlTr
coca-cola	coca-cola'del	PlAd
coca-cola	coca-cola'dele	PlAll
coca-cola	coca-cola'delt	PlAbl
coca-cola	coca-cola'dena	PlEs
coca-cola	coca-cola'deni	PlTer
coca-cola	coca-cola'des	PlIn
coca-cola	coca-cola'desse	PlIll
coca-cola	coca-cola'dest	PlEl
coca-cola	coca-cola'deta	PlAb
coca-cola	coca-cola'ga	SgKom
coca-cola	coca-cola'ks	SgTr
coca-cola	coca-cola'l	SgAd
coca-cola	coca-cola'le	SgAll
coca-cola	coca-cola'lt	SgAbl
coca-cola	coca-cola'na	SgEs
coca-cola	coca-cola'ni	SgTer
coca-cola	coca-cola's	SgIn
coca-cola	coca-cola'sid	PlP
coca-cola	coca-cola'sse	SgIll
coca-cola	coca-cola'st	SgEl
coca-cola	coca-cola't	SgP
coca-cola	coca-cola'ta	SgAb
comme il faut	comme il faut	SgAdt
comme il faut	comme il faut	SgG
comme il faut	comme il faut	SgN
comme il faut	comme il fautd	PlN
comme il faut	comme il fautd	SgP
comme il faut	comme il fautde	PlG
comme il faut	comme il fautdega	PlKom
comme il faut	comme il fautdeks	PlTr
comme il faut	comme il fautdel	PlAd
comme il faut	comme il fautdele	PlAll
comme il faut	comme il fautdelt	PlAbl
comme il faut	comme il fautdena	PlEs
comme il faut	comme il fautdeni	PlTer
comme il faut	comme il fautdes	PlIn
comme il faut	comme il fautdesse	PlIll
comme il faut	comme il fautdest	PlEl
comme il faut	comme il fautdeta	PlAb
comme il faut	comme il fautga	SgKom
comme il faut	comme il fautks	SgTr
comme il faut	comme il fautl	SgAd
comme il faut	comme il fautle	SgAll
comme il faut	comme il fautlt	SgAbl
comme il faut	comme il fautna	SgEs
comme il faut	comme il fautni	SgTer
comme il faut	comme il fauts	SgIn
comme il faut	comme il fautsid	PlP
comme il faut	comme il fautsse	SgIll
comme il faut	comme il fautst	SgEl
comme il faut	comme il fautta	SgAb
Cēsis	Cēsis	SgAdt
Cēsis	Cēsis	SgN
Cēsis	Cēsise	SgG
Cēsis	Cēsised	PlN
Cēsis	Cēsisega	SgKom
Cēsis	Cēsiseid	PlP
Cēsis	Cēsiseiks	PlTr
Cēsis	Cēsiseil	PlAd
Cēsis	Cēsiseile	PlAll
Cēsis	Cēsiseilt	PlAbl
Cēsis	Cēsiseis	PlIn
Cēsis	Cēsiseisse	PlIll
Cēsis	Cēsiseist	PlEl
Cēsis	Cēsiseks	SgTr
Cēsis	Cēsisel	SgAd
Cēsis	Cēsisele	SgAll
Cēsis	Cēsiselt	SgAbl
Cēsis	Cēsisena	SgEs
Cēsis	Cēsiseni	SgTer
Cēsis	Cēsises	SgIn
Cēsis	Cēsisesse	SgIll
Cēsis	Cēsisest	SgEl
Cēsis	Cēsiseta	SgAb
Cēsis	Cēsist	SgP
Cēsis	Cēsiste	PlG
Cēsis	Cēsistega	PlKom
Cēsis	Cēsisteks	PlTr
Cēsis	Cēsistel	PlAd
Cēsis	Cēsistele	PlAll
Cēsis	Cēsistelt	PlAbl
Cēsis	Cēsistena	PlEs
Cēsis	Cēsisteni	PlTer
Cēsis	Cēsistes	PlIn
Cēsis	Cēsistesse	PlIll
Cēsis	Cēsistest	PlEl
Cēsis	Cēsisteta	PlAb
Canberra	Canberra	SgAdt
Canberra	Canberra	SgG
Canberra	Canberra	SgN
Canberra	Canberrad	PlN
Canberra	Canberrade	PlG
Canberra	Canberradega	PlKom
Canberra	Canberradeks	PlTr
Canberra	Canberradel	PlAd
Canberra	Canberradele	PlAll
Canberra	Canberradelt	PlAbl
Canberra	Canberradena	PlEs
Canberra	Canberradeni	PlTer
Canberra	Canberrades	PlIn
Canberra	Canberradesse	PlIll
Canberra	Canberradest	PlEl
Canberra	Canberradeta	PlAb
Canberra	Canberraga	SgKom
Canberra	Canberraks	SgTr
Canberra	Canberral	SgAd
Canberra	Canberrale	SgAll
Canberra	Canberralt	SgAbl
Canberra	Canberrana	SgEs
Canberra	Canberrani	SgTer
Canberra	Canberras	SgIn
Canberra	Canberrasid	PlP
Canberra	Canberrasse	SgIll
Canberra	Canberrast	SgEl
Canberra	Canberrat	SgP
Canberra	Canberrata	SgAb
CV	CV	SgAdt
CV	CV	SgG
CV	CV	SgN
CV	CV-d	PlN
CV	CV-d	SgP
CV	CV-de	PlG
CV	CV-dega	PlKom
CV	CV-deks	PlTr
CV	CV-del	PlAd
CV	CV-dele	PlAll
CV	CV-delt	PlAbl
CV	CV-dena	PlEs
CV	CV-deni	PlTer
CV	CV-des	PlIn
CV	CV-desse	PlIll
CV	CV-dest	PlEl
CV	CV-deta	PlAb
CV	CV-ga	SgKom
CV	CV-ks	SgTr
CV	CV-l	SgAd
CV	CV-le	SgAll
CV	CV-lt	SgAbl
CV	CV-na	SgEs
CV	CV-ni	SgTer
CV	CV-s	SgIn
CV	CV-sid	PlP
CV	CV-sse	SgIll
CV	CV-st	SgEl
CV	CV-ta	SgAb
Cheddari juust	Cheddari juust	SgN
Cheddari juust	Cheddari juuste	PlP
Cheddari juust	Cheddari juustu	SgAdt
Cheddari juust	Cheddari juustu	SgG
Cheddari juust	Cheddari juustu	SgP
Cheddari juust	Cheddari juustud	PlN
Cheddari juust	Cheddari juustude	PlG
Cheddari juust	Cheddari juustudega	PlKom
Cheddari juust	Cheddari juustudeks	PlTr
Cheddari juust	Cheddari juustudel	PlAd
Cheddari juust	Cheddari juustudele	PlAll
Cheddari juust	Cheddari juustudelt	PlAbl
Cheddari juust	Cheddari juustudena	PlEs
Cheddari juust	Cheddari juustudeni	PlTer
Cheddari juust	Cheddari juustudes	PlIn
Cheddari juust	Cheddari juustudesse	PlIll
Cheddari juust	Cheddari juustudest	PlEl
Cheddari juust	Cheddari juustudeta	PlAb
Cheddari juust	Cheddari juustuga	SgKom
Cheddari juust	Cheddari juustuks	SgTr
Cheddari juust	Cheddari juustul	SgAd
Cheddari juust	Cheddari juustule	SgAll
Cheddari juust	Cheddari juustult	SgAbl
Cheddari juust	Cheddari juustuna	SgEs
Cheddari juust	Cheddari juustuni	SgTer
Cheddari juust	Cheddari juustus	SgIn
Cheddari juust	Cheddari juustusid	PlP
Cheddari juust	Cheddari juustusse	SgIll
Cheddari juust	Cheddari juustust	SgEl
Cheddari juust	Cheddari juustuta	SgAb
Cava	Cava	SgAdt
Cava	Cava	SgG
Cava	Cava	SgN
Cava	Cavad	PlN
Cava	Cavade	PlG
Cava	Cavadega	PlKom
Cava	Cavadeks	PlTr
Cava	Cavadel	PlAd
Cava	Cavadele	PlAll
Cava	Cavadelt	PlAbl
Cava	Cavadena	PlEs
Cava	Cavadeni	PlTer
Cava	Cavades	PlIn
Cava	Cavadesse	PlIll
Cava	Cavadest	PlEl
Cava	Cavadeta	PlAb
Cava	Cavaga	SgKom
Cava	Cavaks	SgTr
Cava	Caval	SgAd
Cava	Cavale	SgAll
Cava	Cavalt	SgAbl
Cava	Cavana	SgEs
Cava	Cavani	SgTer
Cava	Cavas	SgIn
Cava	Cavasid	PlP
Cava	Cavasse	SgIll
Cava	Cavast	SgEl
Cava	Cavat	SgP
Cava	Cavata	SgAb
cis-sooline	-	SgAdt
cis-sooline	cis-sooline	SgN
cis-sooline	cis-soolise	SgG
cis-sooline	cis-soolised	PlN
cis-sooline	cis-soolisega	SgKom
cis-sooline	cis-sooliseid	PlP
cis-sooline	cis-sooliseiks	PlTr
cis-sooline	cis-sooliseil	PlAd
cis-sooline	cis-sooliseile	PlAll
cis-sooline	cis-sooliseilt	PlAbl
cis-sooline	cis-sooliseis	PlIn
cis-sooline	cis-sooliseisse	PlIll
cis-sooline	cis-sooliseist	PlEl
cis-sooline	cis-sooliseks	SgTr
cis-sooline	cis-soolisel	SgAd
cis-sooline	cis-soolisele	SgAll
cis-sooline	cis-sooliselt	SgAbl
cis-sooline	cis-soolisena	SgEs
cis-sooline	cis-sooliseni	SgTer
cis-sooline	cis-soolises	SgIn
cis-sooline	cis-soolisesse	SgIll
cis-sooline	cis-soolisest	SgEl
cis-sooline	cis-sooliseta	SgAb
cis-sooline	cis-soolisi	PlP
cis-sooline	cis-soolisiks	PlTr
cis-sooline	cis-soolisil	PlAd
cis-sooline	cis-soolisile	PlAll
cis-sooline	cis-soolisilt	PlAbl
cis-sooline	cis-soolisis	PlIn
cis-sooline	cis-soolisisse	PlIll
cis-sooline	cis-soolisist	PlEl
cis-sooline	cis-soolisse	SgAdt
cis-sooline	cis-soolist	SgP
cis-sooline	cis-sooliste	PlG
cis-sooline	cis-soolistega	PlKom
cis-sooline	cis-soolisteks	PlTr
cis-sooline	cis-soolistel	PlAd
cis-sooline	cis-soolistele	PlAll
cis-sooline	cis-soolistelt	PlAbl
cis-sooline	cis-soolistena	PlEs
cis-sooline	cis-soolisteni	PlTer
cis-sooline	cis-soolistes	PlIn
cis-sooline	cis-soolistesse	PlIll
cis-sooline	cis-soolistest	PlEl
cis-sooline	cis-soolisteta	PlAb
chatbot	chatbot	SgN
chatbot	chatbot'e	PlP
chatbot	chatbot'eks	PlTr
chatbot	chatbot'el	PlAd
chatbot	chatbot'ele	PlAll
chatbot	chatbot'elt	PlAbl
chatbot	chatbot'es	PlIn
chatbot	chatbot'esse	PlIll
chatbot	chatbot'est	PlEl
chatbot	chatbot'i	SgAdt
chatbot	chatbot'i	SgG
chatbot	chatbot'i	SgP
chatbot	chatbot'id	PlN
chatbot	chatbot'ide	PlG
chatbot	chatbot'idega	PlKom
chatbot	chatbot'ideks	PlTr
chatbot	chatbot'idel	PlAd
chatbot	chatbot'idele	PlAll
chatbot	chatbot'idelt	PlAbl
chatbot	chatbot'idena	PlEs
chatbot	chatbot'ideni	PlTer
chatbot	chatbot'ides	PlIn
chatbot	chatbot'idesse	PlIll
chatbot	chatbot'idest	PlEl
chatbot	chatbot'ideta	PlAb
chatbot	chatbot'iga	SgKom
chatbot	chatbot'iks	SgTr
chatbot	chatbot'il	SgAd
chatbot	chatbot'ile	SgAll
chatbot	chatbot'ilt	SgAbl
chatbot	chatbot'ina	SgEs
chatbot	chatbot'ini	SgTer
chatbot	chatbot'is	SgIn
chatbot	chatbot'isid	PlP
chatbot	chatbot'isse	SgIll
chatbot	chatbot'ist	SgEl
chatbot	chatbot'ita	SgAb
Celsiuse skaala	Celsiuse skaala	SgAdt
Celsiuse skaala	Celsiuse skaala	SgG
Celsiuse skaala	Celsiuse skaala	SgN
Celsiuse skaala	Celsiuse skaalad	PlN
Celsiuse skaala	Celsiuse skaalade	PlG
Celsiuse skaala	Celsiuse skaaladega	PlKom
Celsiuse skaala	Celsiuse skaaladeks	PlTr
Celsiuse skaala	Celsiuse skaaladel	PlAd
Celsiuse skaala	Celsiuse skaaladele	PlAll
Celsiuse skaala	Celsiuse skaaladelt	PlAbl
Celsiuse skaala	Celsiuse skaaladena	PlEs
Celsiuse skaala	Celsiuse skaaladeni	PlTer
Celsiuse skaala	Celsiuse skaalades	PlIn
Celsiuse skaala	Celsiuse skaaladesse	PlIll
Celsiuse skaala	Celsiuse skaaladest	PlEl
Celsiuse skaala	Celsiuse skaaladeta	PlAb
Celsiuse skaala	Celsiuse skaalaga	SgKom
Celsiuse skaala	Celsiuse skaalaks	SgTr
Celsiuse skaala	Celsiuse skaalal	SgAd
Celsiuse skaala	Celsiuse skaalale	SgAll
Celsiuse skaala	Celsiuse skaalalt	SgAbl
Celsiuse skaala	Celsiuse skaalana	SgEs
Celsiuse skaala	Celsiuse skaalani	SgTer
Celsiuse skaala	Celsiuse skaalas	SgIn
Celsiuse skaala	Celsiuse skaalasid	PlP
Celsiuse skaala	Celsiuse skaalasse	SgIll
Celsiuse skaala	Celsiuse skaalast	SgEl
Celsiuse skaala	Celsiuse skaalat	SgP
Celsiuse skaala	Celsiuse skaalata	SgAb
colombialane	colombialane	SgN
colombialane	colombialase	SgG
colombialane	colombialased	PlN
colombialane	colombialasega	SgKom
colombialane	colombialaseks	SgTr
colombialane	colombialasel	SgAd
colombialane	colombialasele	SgAll
colombialane	colombialaselt	SgAbl
colombialane	colombialasena	SgEs
colombialane	colombialaseni	SgTer
colombialane	colombialases	SgIn
colombialane	colombialasesse	SgIll
colombialane	colombialasest	SgEl
colombialane	colombialaseta	SgAb
colombialane	colombialasi	PlP
colombialane	colombialasiks	PlTr
colombialane	colombialasil	PlAd
colombialane	colombialasile	PlAll
colombialane	colombialasilt	PlAbl
colombialane	colombialasis	PlIn
colombialane	colombialasisse	PlIll
colombialane	colombialasist	PlEl
colombialane	colombialasse	SgAdt
colombialane	colombialast	SgP
colombialane	colombialaste	PlG
colombialane	colombialastega	PlKom
colombialane	colombialasteks	PlTr
colombialane	colombialastel	PlAd
colombialane	colombialastele	PlAll
colombialane	colombialastelt	PlAbl
colombialane	colombialastena	PlEs
colombialane	colombialasteni	PlTer
colombialane	colombialastes	PlIn
colombialane	colombialastesse	PlIll
colombialane	colombialastest	PlEl
colombialane	colombialasteta	PlAb
chihuahua	chihuahua	SgAdt
chihuahua	chihuahua	SgG
chihuahua	chihuahua	SgN
chihuahua	chihuahua'd	PlN
chihuahua	chihuahua'de	PlG
chihuahua	chihuahua'dega	PlKom
chihuahua	chihuahua'deks	PlTr
chihuahua	chihuahua'del	PlAd
chihuahua	chihuahua'dele	PlAll
chihuahua	chihuahua'delt	PlAbl
chihuahua	chihuahua'dena	PlEs
chihuahua	chihuahua'deni	PlTer
chihuahua	chihuahua'des	PlIn
chihuahua	chihuahua'desse	PlIll
chihuahua	chihuahua'dest	PlEl
chihuahua	chihuahua'deta	PlAb
chihuahua	chihuahua'ga	SgKom
chihuahua	chihuahua'ks	SgTr
chihuahua	chihuahua'l	SgAd
chihuahua	chihuahua'le	SgAll
chihuahua	chihuahua'lt	SgAbl
chihuahua	chihuahua'na	SgEs
chihuahua	chihuahua'ni	SgTer
chihuahua	chihuahua's	SgIn
chihuahua	chihuahua'sid	PlP
chihuahua	chihuahua'sse	SgIll
chihuahua	chihuahua'st	SgEl
chihuahua	chihuahua't	SgP
chihuahua	chihuahua'ta	SgAb
coach	coach	SgN
coach	coach'e	PlP
coach	coach'eks	PlTr
coach	coach'el	PlAd
coach	coach'ele	PlAll
coach	coach'elt	PlAbl
coach	coach'es	PlIn
coach	coach'esse	PlIll
coach	coach'est	PlEl
coach	coach'i	SgAdt
coach	coach'i	SgG
coach	coach'i	SgP
coach	coach'id	PlN
coach	coach'ide	PlG
coach	coach'idega	PlKom
coach	coach'ideks	PlTr
coach	coach'idel	PlAd
coach	coach'idele	PlAll
coach	coach'idelt	PlAbl
coach	coach'idena	PlEs
coach	coach'ideni	PlTer
coach	coach'ides	PlIn
coach	coach'idesse	PlIll
coach	coach'idest	PlEl
coach	coach'ideta	PlAb
coach	coach'iga	SgKom
coach	coach'iks	SgTr
coach	coach'il	SgAd
coach	coach'ile	SgAll
coach	coach'ilt	SgAbl
coach	coach'ina	SgEs
coach	coach'ini	SgTer
coach	coach'is	SgIn
coach	coach'isid	PlP
coach	coach'isse	SgIll
coach	coach'ist	SgEl
coach	coach'ita	SgAb
coaching	coaching	SgAdt
coaching	coaching	SgN
coaching	coaching'u	SgG
coaching	coaching'ud	PlN
coaching	coaching'uga	SgKom
coaching	coaching'uid	PlP
coaching	coaching'uiks	PlTr
coaching	coaching'uil	PlAd
coaching	coaching'uile	PlAll
coaching	coaching'uilt	PlAbl
coaching	coaching'uis	PlIn
coaching	coaching'uisse	PlIll
coaching	coaching'uist	PlEl
coaching	coaching'uks	SgTr
coaching	coaching'ul	SgAd
coaching	coaching'ule	SgAll
coaching	coaching'ult	SgAbl
coaching	coaching'una	SgEs
coaching	coaching'uni	SgTer
coaching	coaching'us	SgIn
coaching	coaching'usse	SgIll
coaching	coaching'ust	SgEl
coaching	coaching'ut	SgP
coaching	coaching'uta	SgAb
coaching	coaching'ute	PlG
coaching	coaching'utega	PlKom
coaching	coaching'uteks	PlTr
coaching	coaching'utel	PlAd
coaching	coaching'utele	PlAll
coaching	coaching'utelt	PlAbl
coaching	coaching'utena	PlEs
coaching	coaching'uteni	PlTer
coaching	coaching'utes	PlIn
coaching	coaching'utesse	PlIll
coaching	coaching'utest	PlEl
coaching	coaching'uteta	PlAb
COVID-19	COVID-19	SgAdt
COVID-19	COVID-19	SgG
COVID-19	COVID-19	SgN
COVID-19	COVID-19-d	PlN
COVID-19	COVID-19-ga	SgKom
COVID-19	COVID-19-id	PlP
COVID-19	COVID-19-iks	PlTr
COVID-19	COVID-19-il	PlAd
COVID-19	COVID-19-ile	PlAll
COVID-19	COVID-19-ilt	PlAbl
COVID-19	COVID-19-is	PlIn
COVID-19	COVID-19-isse	PlIll
COVID-19	COVID-19-ist	PlEl
COVID-19	COVID-19-ks	SgTr
COVID-19	COVID-19-l	SgAd
COVID-19	COVID-19-le	SgAll
COVID-19	COVID-19-lt	SgAbl
COVID-19	COVID-19-na	SgEs
COVID-19	COVID-19-ni	SgTer
COVID-19	COVID-19-s	SgIn
COVID-19	COVID-19-sse	SgIll
COVID-19	COVID-19-st	SgEl
COVID-19	COVID-19-t	SgP
COVID-19	COVID-19-ta	SgAb
COVID-19	COVID-19-te	PlG
COVID-19	COVID-19-tega	PlKom
COVID-19	COVID-19-teks	PlTr
COVID-19	COVID-19-tel	PlAd
COVID-19	COVID-19-tele	PlAll
COVID-19	COVID-19-telt	PlAbl
COVID-19	COVID-19-tena	PlEs
COVID-19	COVID-19-teni	PlTer
COVID-19	COVID-19-tes	PlIn
COVID-19	COVID-19-tesse	PlIll
COVID-19	COVID-19-test	PlEl
COVID-19	COVID-19-teta	PlAb
CD	CD	SgAdt
CD	CD	SgG
CD	CD	SgN
CD	CD-d	PlN
CD	CD-d	SgP
CD	CD-de	PlG
CD	CD-dega	PlKom
CD	CD-deks	PlTr
CD	CD-del	PlAd
CD	CD-dele	PlAll
CD	CD-delt	PlAbl
CD	CD-dena	PlEs
CD	CD-deni	PlTer
CD	CD-des	PlIn
CD	CD-desse	PlIll
CD	CD-dest	PlEl
CD	CD-deta	PlAb
CD	CD-ga	SgKom
CD	CD-ks	SgTr
CD	CD-l	SgAd
CD	CD-le	SgAll
CD	CD-lt	SgAbl
CD	CD-na	SgEs
CD	CD-ni	SgTer
CD	CD-s	SgIn
CD	CD-sid	PlP
CD	CD-sse	SgIll
CD	CD-st	SgEl
CD	CD-ta	SgAb
californialane	californialane	SgN
californialane	californialase	SgG
californialane	californialased	PlN
californialane	californialasega	SgKom
californialane	californialaseks	SgTr
californialane	californialasel	SgAd
californialane	californialasele	SgAll
californialane	californialaselt	SgAbl
californialane	californialasena	SgEs
californialane	californialaseni	SgTer
californialane	californialases	SgIn
californialane	californialasesse	SgIll
californialane	californialasest	SgEl
californialane	californialaseta	SgAb
californialane	californialasi	PlP
californialane	californialasiks	PlTr
californialane	californialasil	PlAd
californialane	californialasile	PlAll
californialane	californialasilt	PlAbl
californialane	californialasis	PlIn
californialane	californialasisse	PlIll
californialane	californialasist	PlEl
californialane	californialasse	SgAdt
californialane	californialast	SgP
californialane	californialaste	PlG
californialane	californialastega	PlKom
californialane	californialasteks	PlTr
californialane	californialastel	PlAd
californialane	californialastele	PlAll
californialane	californialastelt	PlAbl
californialane	californialastena	PlEs
californialane	californialasteni	PlTer
californialane	californialastes	PlIn
californialane	californialastesse	PlIll
californialane	californialastest	PlEl
californialane	californialasteta	PlAb
chaga	chaga	SgAdt
chaga	chaga	SgG
chaga	chaga	SgN
chaga	chagad	PlN
chaga	chagade	PlG
chaga	chagadega	PlKom
chaga	chagadeks	PlTr
chaga	chagadel	PlAd
chaga	chagadele	PlAll
chaga	chagadelt	PlAbl
chaga	chagadena	PlEs
chaga	chagadeni	PlTer
chaga	chagades	PlIn
chaga	chagadesse	PlIll
chaga	chagadest	PlEl
chaga	chagadeta	PlAb
chaga	chagaga	SgKom
chaga	chagaks	SgTr
chaga	chagal	SgAd
chaga	chagale	SgAll
chaga	chagalt	SgAbl
chaga	chagana	SgEs
chaga	chagani	SgTer
chaga	chagas	SgIn
chaga	chagasid	PlP
chaga	chagasse	SgIll
chaga	chagast	SgEl
chaga	chagat	SgP
chaga	chagata	SgAb
Celsiuse kraad	Celsiuse kraad	SgN
Celsiuse kraad	Celsiuse kraade	PlP
Celsiuse kraad	Celsiuse kraadi	SgAdt
Celsiuse kraad	Celsiuse kraadi	SgG
Celsiuse kraad	Celsiuse kraadi	SgP
Celsiuse kraad	Celsiuse kraadid	PlN
Celsiuse kraad	Celsiuse kraadide	PlG
Celsiuse kraad	Celsiuse kraadidega	PlKom
Celsiuse kraad	Celsiuse kraadideks	PlTr
Celsiuse kraad	Celsiuse kraadidel	PlAd
Celsiuse kraad	Celsiuse kraadidele	PlAll
Celsiuse kraad	Celsiuse kraadidelt	PlAbl
Celsiuse kraad	Celsiuse kraadidena	PlEs
Celsiuse kraad	Celsiuse kraadideni	PlTer
Celsiuse kraad	Celsiuse kraadides	PlIn
Celsiuse kraad	Celsiuse kraadidesse	PlIll
Celsiuse kraad	Celsiuse kraadidest	PlEl
Celsiuse kraad	Celsiuse kraadideta	PlAb
Celsiuse kraad	Celsiuse kraadiga	SgKom
Celsiuse kraad	Celsiuse kraadiks	SgTr
Celsiuse kraad	Celsiuse kraadil	SgAd
Celsiuse kraad	Celsiuse kraadile	SgAll
Celsiuse kraad	Celsiuse kraadilt	SgAbl
Celsiuse kraad	Celsiuse kraadina	SgEs
Celsiuse kraad	Celsiuse kraadini	SgTer
Celsiuse kraad	Celsiuse kraadis	SgIn
Celsiuse kraad	Celsiuse kraadisid	PlP
Celsiuse kraad	Celsiuse kraadisse	SgIll
Celsiuse kraad	Celsiuse kraadist	SgEl
Celsiuse kraad	Celsiuse kraadita	SgAb
Celsiuse temperatuuriskaala	Celsiuse temperatuuriskaala	SgAdt
Celsiuse temperatuuriskaala	Celsiuse temperatuuriskaala	SgG
Celsiuse temperatuuriskaala	Celsiuse temperatuuriskaala	SgN
Celsiuse temperatuuriskaala	Celsiuse temperatuuriskaalad	PlN
Celsiuse temperatuuriskaala	Celsiuse temperatuuriskaalade	PlG
Celsiuse temperatuuriskaala	Celsiuse temperatuuriskaaladega	PlKom
Celsiuse temperatuuriskaala	Celsiuse temperatuuriskaaladeks	PlTr
Celsiuse temperatuuriskaala	Celsiuse temperatuuriskaaladel	PlAd
Celsiuse temperatuuriskaala	Celsiuse temperatuuriskaaladele	PlAll
Celsiuse temperatuuriskaala	Celsiuse temperatuuriskaaladelt	PlAbl
Celsiuse temperatuuriskaala	Celsiuse temperatuuriskaaladena	PlEs
Celsiuse temperatuuriskaala	Celsiuse temperatuuriskaaladeni	PlTer
Celsiuse temperatuuriskaala	Celsiuse temperatuuriskaalades	PlIn
Celsiuse temperatuuriskaala	Celsiuse temperatuuriskaaladesse	PlIll
Celsiuse temperatuuriskaala	Celsiuse temperatuuriskaaladest	PlEl
Celsiuse temperatuuriskaala	Celsiuse temperatuuriskaaladeta	PlAb
Celsiuse temperatuuriskaala	Celsiuse temperatuuriskaalaga	SgKom
Celsiuse temperatuuriskaala	Celsiuse temperatuuriskaalaks	SgTr
Celsiuse temperatuuriskaala	Celsiuse temperatuuriskaalal	SgAd
Celsiuse temperatuuriskaala	Celsiuse temperatuuriskaalale	SgAll
Celsiuse temperatuuriskaala	Celsiuse temperatuuriskaalalt	SgAbl
Celsiuse temperatuuriskaala	Celsiuse temperatuuriskaalana	SgEs
Celsiuse temperatuuriskaala	Celsiuse temperatuuriskaalani	SgTer
Celsiuse temperatuuriskaala	Celsiuse temperatuuriskaalas	SgIn
Celsiuse temperatuuriskaala	Celsiuse temperatuuriskaalasid	PlP
Celsiuse temperatuuriskaala	Celsiuse temperatuuriskaalasse	SgIll
Celsiuse temperatuuriskaala	Celsiuse temperatuuriskaalast	SgEl
Celsiuse temperatuuriskaala	Celsiuse temperatuuriskaalat	SgP
Celsiuse temperatuuriskaala	Celsiuse temperatuuriskaalata	SgAb
cajun'i köök	cajun'i köögi	SgG
cajun'i köök	cajun'i köögid	PlN
cajun'i köök	cajun'i köögiga	SgKom
cajun'i köök	cajun'i köögiks	SgTr
cajun'i köök	cajun'i köögil	SgAd
cajun'i köök	cajun'i köögile	SgAll
cajun'i köök	cajun'i köögilt	SgAbl
cajun'i köök	cajun'i köögina	SgEs
cajun'i köök	cajun'i köögini	SgTer
cajun'i köök	cajun'i köögis	SgIn
cajun'i köök	cajun'i köögisse	SgIll
cajun'i köök	cajun'i köögist	SgEl
cajun'i köök	cajun'i köögita	SgAb
cajun'i köök	cajun'i köök	SgN
cajun'i köök	cajun'i kööke	PlP
cajun'i köök	cajun'i kööki	SgAdt
cajun'i köök	cajun'i kööki	SgP
cajun'i köök	cajun'i köökide	PlG
cajun'i köök	cajun'i köökidega	PlKom
cajun'i köök	cajun'i köökideks	PlTr
cajun'i köök	cajun'i köökidel	PlAd
cajun'i köök	cajun'i köökidele	PlAll
cajun'i köök	cajun'i köökidelt	PlAbl
cajun'i köök	cajun'i köökidena	PlEs
cajun'i köök	cajun'i köökideni	PlTer
cajun'i köök	cajun'i köökides	PlIn
cajun'i köök	cajun'i köökidesse	PlIll
cajun'i köök	cajun'i köökidest	PlEl
cajun'i köök	cajun'i köökideta	PlAb
cajun'i köök	cajun'i köökisid	PlP
Celebes	Celebes	SgN
Celebes	Celebese	SgG
Celebes	Celebesed	PlN
Celebes	Celebesega	SgKom
Celebes	Celebeseks	SgTr
Celebes	Celebesel	SgAd
Celebes	Celebesele	SgAll
Celebes	Celebeselt	SgAbl
Celebes	Celebesena	SgEs
Celebes	Celebeseni	SgTer
Celebes	Celebeses	SgIn
Celebes	Celebesesse	SgIll
Celebes	Celebesest	SgEl
Celebes	Celebeseta	SgAb
Celebes	Celebesi	PlP
Celebes	Celebesiks	PlTr
Celebes	Celebesil	PlAd
Celebes	Celebesile	PlAll
Celebes	Celebesilt	PlAbl
Celebes	Celebesis	PlIn
Celebes	Celebesisse	PlIll
Celebes	Celebesist	PlEl
Celebes	Celebesse	SgAdt
Celebes	Celebest	SgP
Celebes	Celebeste	PlG
Celebes	Celebestega	PlKom
Celebes	Celebesteks	PlTr
Celebes	Celebestel	PlAd
Celebes	Celebestele	PlAll
Celebes	Celebestelt	PlAbl
Celebes	Celebestena	PlEs
Celebes	Celebesteni	PlTer
Celebes	Celebestes	PlIn
Celebes	Celebestesse	PlIll
Celebes	Celebestest	PlEl
Celebes	Celebesteta	PlAb
capo	capo	SgAdt
capo	capo	SgG
capo	capo	SgN
capo	capo'd	PlN
capo	capo'de	PlG
capo	capo'dega	PlKom
capo	capo'deks	PlTr
capo	capo'del	PlAd
capo	capo'dele	PlAll
capo	capo'delt	PlAbl
capo	capo'dena	PlEs
capo	capo'deni	PlTer
capo	capo'des	PlIn
capo	capo'desse	PlIll
capo	capo'dest	PlEl
capo	capo'deta	PlAb
capo	capo'ga	SgKom
capo	capo'ks	SgTr
capo	capo'l	SgAd
capo	capo'le	SgAll
capo	capo'lt	SgAbl
capo	capo'na	SgEs
capo	capo'ni	SgTer
capo	capo's	SgIn
capo	capo'sid	PlP
capo	capo'sse	SgIll
capo	capo'st	SgEl
capo	capo't	SgP
capo	capo'ta	SgAb
crème brûlée	crème brûlée	SgAdt
crème brûlée	crème brûlée	SgG
crème brûlée	crème brûlée	SgN
crème brûlée	crème brûlée'd	PlN
crème brûlée	crème brûlée'd	SgP
crème brûlée	crème brûlée'de	PlG
crème brûlée	crème brûlée'dega	PlKom
crème brûlée	crème brûlée'deks	PlTr
crème brûlée	crème brûlée'del	PlAd
crème brûlée	crème brûlée'dele	PlAll
crème brûlée	crème brûlée'delt	PlAbl
crème brûlée	crème brûlée'dena	PlEs
crème brûlée	crème brûlée'deni	PlTer
crème brûlée	crème brûlée'des	PlIn
crème brûlée	crème brûlée'desse	PlIll
crème brûlée	crème brûlée'dest	PlEl
crème brûlée	crème brûlée'deta	PlAb
crème brûlée	crème brûlée'ga	SgKom
crème brûlée	crème brûlée'id	PlP
crème brûlée	crème brûlée'iks	PlTr
crème brûlée	crème brûlée'il	PlAd
crème brûlée	crème brûlée'ile	PlAll
crème brûlée	crème brûlée'ilt	PlAbl
crème brûlée	crème brûlée'is	PlIn
crème brûlée	crème brûlée'isse	PlIll
crème brûlée	crème brûlée'ist	PlEl
crème brûlée	crème brûlée'ks	SgTr
crème brûlée	crème brûlée'l	SgAd
crème brûlée	crème brûlée'le	SgAll
crème brûlée	crème brûlée'lt	SgAbl
crème brûlée	crème brûlée'na	SgEs
crème brûlée	crème brûlée'ni	SgTer
crème brûlée	crème brûlée's	SgIn
crème brûlée	crème brûlée'sid	PlP
crème brûlée	crème brûlée'sse	SgIll
crème brûlée	crème brûlée'st	SgEl
crème brûlée	crème brûlée'ta	SgAb
chat	chat	SgN
chat	chat'e	PlP
chat	chat'eks	PlTr
chat	chat'el	PlAd
chat	chat'ele	PlAll
chat	chat'elt	PlAbl
chat	chat'es	PlIn
chat	chat'esse	PlIll
chat	chat'est	PlEl
chat	chat'i	SgAdt
chat	chat'i	SgG
chat	chat'i	SgP
chat	chat'id	PlN
chat	chat'ide	PlG
chat	chat'idega	PlKom
chat	chat'ideks	PlTr
chat	chat'idel	PlAd
chat	chat'idele	PlAll
chat	chat'idelt	PlAbl
chat	chat'idena	PlEs
chat	chat'ideni	PlTer
chat	chat'ides	PlIn
chat	chat'idesse	PlIll
chat	chat'idest	PlEl
chat	chat'ideta	PlAb
chat	chat'iga	SgKom
chat	chat'iks	SgTr
chat	chat'il	SgAd
chat	chat'ile	SgAll
chat	chat'ilt	SgAbl
chat	chat'ina	SgEs
chat	chat'ini	SgTer
chat	chat'is	SgIn
chat	chat'isid	PlP
chat	chat'isse	SgIll
chat	chat'ist	SgEl
chat	chat'ita	SgAb
corgi	corgi	SgAdt
corgi	corgi	SgG
corgi	corgi	SgN
corgi	corgi'd	PlN
corgi	corgi'de	PlG
corgi	corgi'dega	PlKom
corgi	corgi'deks	PlTr
corgi	corgi'del	PlAd
corgi	corgi'dele	PlAll
corgi	corgi'delt	PlAbl
corgi	corgi'dena	PlEs
corgi	corgi'deni	PlTer
corgi	corgi'des	PlIn
corgi	corgi'desse	PlIll
corgi	corgi'dest	PlEl
corgi	corgi'deta	PlAb
corgi	corgi'ga	SgKom
corgi	corgi'ks	SgTr
corgi	corgi'l	SgAd
corgi	corgi'le	SgAll
corgi	corgi'lt	SgAbl
corgi	corgi'na	SgEs
corgi	corgi'ni	SgTer
corgi	corgi's	SgIn
corgi	corgi'sid	PlP
corgi	corgi'sse	SgIll
corgi	corgi'st	SgEl
corgi	corgi't	SgP
corgi	corgi'ta	SgAb
Cardiff	Cardiff	SgAdt
Cardiff	Cardiff	SgN
Cardiff	Cardiffeid	PlP
Cardiff	Cardiffeiks	PlTr
Cardiff	Cardiffeil	PlAd
Cardiff	Cardiffeile	PlAll
Cardiff	Cardiffeilt	PlAbl
Cardiff	Cardiffeis	PlIn
Cardiff	Cardiffeisse	PlIll
Cardiff	Cardiffeist	PlEl
Cardiff	Cardiffi	SgG
Cardiff	Cardiffid	PlN
Cardiff	Cardiffiga	SgKom
Cardiff	Cardiffiks	SgTr
Cardiff	Cardiffil	SgAd
Cardiff	Cardiffile	SgAll
Cardiff	Cardiffilt	SgAbl
Cardiff	Cardiffina	SgEs
Cardiff	Cardiffini	SgTer
Cardiff	Cardiffis	SgIn
Cardiff	Cardiffisse	SgIll
Cardiff	Cardiffist	SgEl
Cardiff	Cardiffit	SgP
Cardiff	Cardiffita	SgAb
Cardiff	Cardiffite	PlG
Cardiff	Cardiffitega	PlKom
Cardiff	Cardiffiteks	PlTr
Cardiff	Cardiffitel	PlAd
Cardiff	Cardiffitele	PlAll
Cardiff	Cardiffitelt	PlAbl
Cardiff	Cardiffitena	PlEs
Cardiff	Cardiffiteni	PlTer
Cardiff	Cardiffites	PlIn
Cardiff	Cardiffitesse	PlIll
Cardiff	Cardiffitest	PlEl
Cardiff	Cardiffiteta	PlAb
Chemnitz	Chemnitz	SgAdt
Chemnitz	Chemnitz	SgN
Chemnitz	Chemnitzeid	PlP
Chemnitz	Chemnitzeiks	PlTr
Chemnitz	Chemnitzeil	PlAd
Chemnitz	Chemnitzeile	PlAll
Chemnitz	Chemnitzeilt	PlAbl
Chemnitz	Chemnitzeis	PlIn
Chemnitz	Chemnitzeisse	PlIll
Chemnitz	Chemnitzeist	PlEl
Chemnitz	Chemnitzi	SgG
Chemnitz	Chemnitzid	PlN
Chemnitz	Chemnitziga	SgKom
Chemnitz	Chemnitziks	SgTr
Chemnitz	Chemnitzil	SgAd
Chemnitz	Chemnitzile	SgAll
Chemnitz	Chemnitzilt	SgAbl
Chemnitz	Chemnitzina	SgEs
Chemnitz	Chemnitzini	SgTer
Chemnitz	Chemnitzis	SgIn
Chemnitz	Chemnitzisse	SgIll
Chemnitz	Chemnitzist	SgEl
Chemnitz	Chemnitzit	SgP
Chemnitz	Chemnitzita	SgAb
Chemnitz	Chemnitzite	PlG
Chemnitz	Chemnitzitega	PlKom
Chemnitz	Chemnitziteks	PlTr
Chemnitz	Chemnitzitel	PlAd
Chemnitz	Chemnitzitele	PlAll
Chemnitz	Chemnitzitelt	PlAbl
Chemnitz	Chemnitzitena	PlEs
Chemnitz	Chemnitziteni	PlTer
Chemnitz	Chemnitzites	PlIn
Chemnitz	Chemnitzitesse	PlIll
Chemnitz	Chemnitzitest	PlEl
Chemnitz	Chemnitziteta	PlAb
Cottbus	Cottbus	SgAdt
Cottbus	Cottbus	SgN
Cottbus	Cottbuse	SgG
Cottbus	Cottbused	PlN
Cottbus	Cottbusega	SgKom
Cottbus	Cottbuseid	PlP
Cottbus	Cottbuseiks	PlTr
Cottbus	Cottbuseil	PlAd
Cottbus	Cottbuseile	PlAll
Cottbus	Cottbuseilt	PlAbl
Cottbus	Cottbuseis	PlIn
Cottbus	Cottbuseisse	PlIll
Cottbus	Cottbuseist	PlEl
Cottbus	Cottbuseks	SgTr
Cottbus	Cottbusel	SgAd
Cottbus	Cottbusele	SgAll
Cottbus	Cottbuselt	SgAbl
Cottbus	Cottbusena	SgEs
Cottbus	Cottbuseni	SgTer
Cottbus	Cottbuses	SgIn
Cottbus	Cottbusesse	SgIll
Cottbus	Cottbusest	SgEl
Cottbus	Cottbuseta	SgAb
Cottbus	Cottbust	SgP
Cottbus	Cottbuste	PlG
Cottbus	Cottbustega	PlKom
Cottbus	Cottbusteks	PlTr
Cottbus	Cottbustel	PlAd
Cottbus	Cottbustele	PlAll
Cottbus	Cottbustelt	PlAbl
Cottbus	Cottbustena	PlEs
Cottbus	Cottbusteni	PlTer
Cottbus	Cottbustes	PlIn
Cottbus	Cottbustesse	PlIll
Cottbus	Cottbustest	PlEl
Cottbus	Cottbusteta	PlAb
CO2-neutraalsus	CO2-neutraalsus	SgN
CO2-neutraalsus	CO2-neutraalsuse	SgG
CO2-neutraalsus	CO2-neutraalsused	PlN
CO2-neutraalsus	CO2-neutraalsusega	SgKom
CO2-neutraalsus	CO2-neutraalsuseid	PlP
CO2-neutraalsus	CO2-neutraalsuseks	SgTr
CO2-neutraalsus	CO2-neutraalsusel	SgAd
CO2-neutraalsus	CO2-neutraalsusele	SgAll
CO2-neutraalsus	CO2-neutraalsuselt	SgAbl
CO2-neutraalsus	CO2-neutraalsusena	SgEs
CO2-neutraalsus	CO2-neutraalsuseni	SgTer
CO2-neutraalsus	CO2-neutraalsuses	SgIn
CO2-neutraalsus	CO2-neutraalsusesse	SgIll
CO2-neutraalsus	CO2-neutraalsusest	SgEl
CO2-neutraalsus	CO2-neutraalsuseta	SgAb
CO2-neutraalsus	CO2-neutraalsusi	PlP
CO2-neutraalsus	CO2-neutraalsusse	SgAdt
CO2-neutraalsus	CO2-neutraalsust	SgP
CO2-neutraalsus	CO2-neutraalsuste	PlG
CO2-neutraalsus	CO2-neutraalsustega	PlKom
CO2-neutraalsus	CO2-neutraalsusteks	PlTr
CO2-neutraalsus	CO2-neutraalsustel	PlAd
CO2-neutraalsus	CO2-neutraalsustele	PlAll
CO2-neutraalsus	CO2-neutraalsustelt	PlAbl
CO2-neutraalsus	CO2-neutraalsustena	PlEs
CO2-neutraalsus	CO2-neutraalsusteni	PlTer
CO2-neutraalsus	CO2-neutraalsustes	PlIn
CO2-neutraalsus	CO2-neutraalsustesse	PlIll
CO2-neutraalsus	CO2-neutraalsustest	PlEl
CO2-neutraalsus	CO2-neutraalsusteta	PlAb
CO2-neutraalne	CO2-neutraalne	SgN
CO2-neutraalne	CO2-neutraalse	SgG
CO2-neutraalne	CO2-neutraalsed	PlN
CO2-neutraalne	CO2-neutraalsega	SgKom
CO2-neutraalne	CO2-neutraalseid	PlP
CO2-neutraalne	CO2-neutraalseks	SgTr
CO2-neutraalne	CO2-neutraalsel	SgAd
CO2-neutraalne	CO2-neutraalsele	SgAll
CO2-neutraalne	CO2-neutraalselt	SgAbl
CO2-neutraalne	CO2-neutraalsena	SgEs
CO2-neutraalne	CO2-neutraalseni	SgTer
CO2-neutraalne	CO2-neutraalses	SgIn
CO2-neutraalne	CO2-neutraalsesse	SgIll
CO2-neutraalne	CO2-neutraalsest	SgEl
CO2-neutraalne	CO2-neutraalset	SgP
CO2-neutraalne	CO2-neutraalseta	SgAb
CO2-neutraalne	CO2-neutraalsete	PlG
CO2-neutraalne	CO2-neutraalsetega	PlKom
CO2-neutraalne	CO2-neutraalseteks	PlTr
CO2-neutraalne	CO2-neutraalsetel	PlAd
CO2-neutraalne	CO2-neutraalsetele	PlAll
CO2-neutraalne	CO2-neutraalsetelt	PlAbl
CO2-neutraalne	CO2-neutraalsetena	PlEs
CO2-neutraalne	CO2-neutraalseteni	PlTer
CO2-neutraalne	CO2-neutraalsetes	PlIn
CO2-neutraalne	CO2-neutraalsetesse	PlIll
CO2-neutraalne	CO2-neutraalsetest	PlEl
CO2-neutraalne	CO2-neutraalseteta	PlAb
Colombo	Colombo	SgAdt
Colombo	Colombo	SgG
Colombo	Colombo	SgN
Colombo	Colombod	PlN
Colombo	Colombode	PlG
Colombo	Colombodega	PlKom
Colombo	Colombodeks	PlTr
Colombo	Colombodel	PlAd
Colombo	Colombodele	PlAll
Colombo	Colombodelt	PlAbl
Colombo	Colombodena	PlEs
Colombo	Colombodeni	PlTer
Colombo	Colombodes	PlIn
Colombo	Colombodesse	PlIll
Colombo	Colombodest	PlEl
Colombo	Colombodeta	PlAb
Colombo	Colomboga	SgKom
Colombo	Colomboks	SgTr
Colombo	Colombol	SgAd
Colombo	Colombole	SgAll
Colombo	Colombolt	SgAbl
Colombo	Colombona	SgEs
Colombo	Colomboni	SgTer
Colombo	Colombos	SgIn
Colombo	Colombosid	PlP
Colombo	Colombosse	SgIll
Colombo	Colombost	SgEl
Colombo	Colombot	SgP
Colombo	Colombota	SgAb
Cotonou	Cotonou	SgAdt
Cotonou	Cotonou	SgG
Cotonou	Cotonou	SgN
Cotonou	Cotonoud	PlN
Cotonou	Cotonoud	SgP
Cotonou	Cotonoude	PlG
Cotonou	Cotonoudega	PlKom
Cotonou	Cotonoudeks	PlTr
Cotonou	Cotonoudel	PlAd
Cotonou	Cotonoudele	PlAll
Cotonou	Cotonoudelt	PlAbl
Cotonou	Cotonoudena	PlEs
Cotonou	Cotonoudeni	PlTer
Cotonou	Cotonoudes	PlIn
Cotonou	Cotonoudesse	PlIll
Cotonou	Cotonoudest	PlEl
Cotonou	Cotonoudeta	PlAb
Cotonou	Cotonouga	SgKom
Cotonou	Cotonouks	SgTr
Cotonou	Cotonoul	SgAd
Cotonou	Cotonoule	SgAll
Cotonou	Cotonoult	SgAbl
Cotonou	Cotonouna	SgEs
Cotonou	Cotonouni	SgTer
Cotonou	Cotonous	SgIn
Cotonou	Cotonousid	PlP
Cotonou	Cotonousse	SgIll
Cotonou	Cotonoust	SgEl
Cotonou	Cotonouta	SgAb
Conakry	Conakry	SgAdt
Conakry	Conakry	SgG
Conakry	Conakry	SgN
Conakry	Conakryd	PlN
Conakry	Conakryeid	PlP
Conakry	Conakryeiks	PlTr
Conakry	Conakryeil	PlAd
Conakry	Conakryeile	PlAll
Conakry	Conakryeilt	PlAbl
Conakry	Conakryeis	PlIn
Conakry	Conakryeisse	PlIll
Conakry	Conakryeist	PlEl
Conakry	Conakryga	SgKom
Conakry	Conakryks	SgTr
Conakry	Conakryl	SgAd
Conakry	Conakryle	SgAll
Conakry	Conakrylt	SgAbl
Conakry	Conakryna	SgEs
Conakry	Conakryni	SgTer
Conakry	Conakrys	SgIn
Conakry	Conakrysse	SgIll
Conakry	Conakryst	SgEl
Conakry	Conakryt	SgP
Conakry	Conakryta	SgAb
Conakry	Conakryte	PlG
Conakry	Conakrytega	PlKom
Conakry	Conakryteks	PlTr
Conakry	Conakrytel	PlAd
Conakry	Conakrytele	PlAll
Conakry	Conakrytelt	PlAbl
Conakry	Conakrytena	PlEs
Conakry	Conakryteni	PlTer
Conakry	Conakrytes	PlIn
Conakry	Conakrytesse	PlIll
Conakry	Conakrytest	PlEl
Conakry	Conakryteta	PlAb
Ciudad Trujillo	Ciudad Trujillo	SgAdt
Ciudad Trujillo	Ciudad Trujillo	SgG
Ciudad Trujillo	Ciudad Trujillo	SgN
Ciudad Trujillo	Ciudad Trujillod	PlN
Ciudad Trujillo	Ciudad Trujillode	PlG
Ciudad Trujillo	Ciudad Trujillodega	PlKom
Ciudad Trujillo	Ciudad Trujillodeks	PlTr
Ciudad Trujillo	Ciudad Trujillodel	PlAd
Ciudad Trujillo	Ciudad Trujillodele	PlAll
Ciudad Trujillo	Ciudad Trujillodelt	PlAbl
Ciudad Trujillo	Ciudad Trujillodena	PlEs
Ciudad Trujillo	Ciudad Trujillodeni	PlTer
Ciudad Trujillo	Ciudad Trujillodes	PlIn
Ciudad Trujillo	Ciudad Trujillodesse	PlIll
Ciudad Trujillo	Ciudad Trujillodest	PlEl
Ciudad Trujillo	Ciudad Trujillodeta	PlAb
Ciudad Trujillo	Ciudad Trujilloga	SgKom
Ciudad Trujillo	Ciudad Trujilloks	SgTr
Ciudad Trujillo	Ciudad Trujillol	SgAd
Ciudad Trujillo	Ciudad Trujillole	SgAll
Ciudad Trujillo	Ciudad Trujillolt	SgAbl
Ciudad Trujillo	Ciudad Trujillona	SgEs
Ciudad Trujillo	Ciudad Trujilloni	SgTer
Ciudad Trujillo	Ciudad Trujillos	SgIn
Ciudad Trujillo	Ciudad Trujillosid	PlP
Ciudad Trujillo	Ciudad Trujillosse	SgIll
Ciudad Trujillo	Ciudad Trujillost	SgEl
Ciudad Trujillo	Ciudad Trujillot	SgP
Ciudad Trujillo	Ciudad Trujillota	SgAb
Ciudad de Guatemala	Ciudad de Guatemala	SgAdt
Ciudad de Guatemala	Ciudad de Guatemala	SgG
Ciudad de Guatemala	Ciudad de Guatemala	SgN
Ciudad de Guatemala	Ciudad de Guatemalad	PlN
Ciudad de Guatemala	Ciudad de Guatemalade	PlG
Ciudad de Guatemala	Ciudad de Guatemaladega	PlKom
Ciudad de Guatemala	Ciudad de Guatemaladeks	PlTr
Ciudad de Guatemala	Ciudad de Guatemaladel	PlAd
Ciudad de Guatemala	Ciudad de Guatemaladele	PlAll
Ciudad de Guatemala	Ciudad de Guatemaladelt	PlAbl
Ciudad de Guatemala	Ciudad de Guatemaladena	PlEs
Ciudad de Guatemala	Ciudad de Guatemaladeni	PlTer
Ciudad de Guatemala	Ciudad de Guatemalades	PlIn
Ciudad de Guatemala	Ciudad de Guatemaladesse	PlIll
Ciudad de Guatemala	Ciudad de Guatemaladest	PlEl
Ciudad de Guatemala	Ciudad de Guatemaladeta	PlAb
Ciudad de Guatemala	Ciudad de Guatemalaga	SgKom
Ciudad de Guatemala	Ciudad de Guatemalaks	SgTr
Ciudad de Guatemala	Ciudad de Guatemalal	SgAd
Ciudad de Guatemala	Ciudad de Guatemalale	SgAll
Ciudad de Guatemala	Ciudad de Guatemalalt	SgAbl
Ciudad de Guatemala	Ciudad de Guatemalana	SgEs
Ciudad de Guatemala	Ciudad de Guatemalani	SgTer
Ciudad de Guatemala	Ciudad de Guatemalas	SgIn
Ciudad de Guatemala	Ciudad de Guatemalasid	PlP
Ciudad de Guatemala	Ciudad de Guatemalasse	SgIll
Ciudad de Guatemala	Ciudad de Guatemalast	SgEl
Ciudad de Guatemala	Ciudad de Guatemalat	SgP
Ciudad de Guatemala	Ciudad de Guatemalata	SgAb
Cockburn Town	Cockburn Town	SgN
Cockburn Town	Cockburn Towne	PlP
Cockburn Town	Cockburn Towneks	PlTr
Cockburn Town	Cockburn Townel	PlAd
Cockburn Town	Cockburn Townele	PlAll
Cockburn Town	Cockburn Townelt	PlAbl
Cockburn Town	Cockburn Townes	PlIn
Cockburn Town	Cockburn Townesse	PlIll
Cockburn Town	Cockburn Townest	PlEl
Cockburn Town	Cockburn Towni	SgAdt
Cockburn Town	Cockburn Towni	SgG
Cockburn Town	Cockburn Towni	SgP
Cockburn Town	Cockburn Townid	PlN
Cockburn Town	Cockburn Townide	PlG
Cockburn Town	Cockburn Townidega	PlKom
Cockburn Town	Cockburn Townideks	PlTr
Cockburn Town	Cockburn Townidel	PlAd
Cockburn Town	Cockburn Townidele	PlAll
Cockburn Town	Cockburn Townidelt	PlAbl
Cockburn Town	Cockburn Townidena	PlEs
Cockburn Town	Cockburn Townideni	PlTer
Cockburn Town	Cockburn Townides	PlIn
Cockburn Town	Cockburn Townidesse	PlIll
Cockburn Town	Cockburn Townidest	PlEl
Cockburn Town	Cockburn Townideta	PlAb
Cockburn Town	Cockburn Towniga	SgKom
Cockburn Town	Cockburn Towniks	SgTr
Cockburn Town	Cockburn Townil	SgAd
Cockburn Town	Cockburn Townile	SgAll
Cockburn Town	Cockburn Townilt	SgAbl
Cockburn Town	Cockburn Townina	SgEs
Cockburn Town	Cockburn Townini	SgTer
Cockburn Town	Cockburn Townis	SgIn
Cockburn Town	Cockburn Townisid	PlP
Cockburn Town	Cockburn Townisse	SgIll
Cockburn Town	Cockburn Townist	SgEl
Cockburn Town	Cockburn Townita	SgAb
Charlotte Amalie	Charlotte Amalie	SgAdt
Charlotte Amalie	Charlotte Amalie	SgG
Charlotte Amalie	Charlotte Amalie	SgN
Charlotte Amalie	Charlotte Amalied	PlN
Charlotte Amalie	Charlotte Amaliega	SgKom
Charlotte Amalie	Charlotte Amalieid	PlP
Charlotte Amalie	Charlotte Amalieiks	PlTr
Charlotte Amalie	Charlotte Amalieil	PlAd
Charlotte Amalie	Charlotte Amalieile	PlAll
Charlotte Amalie	Charlotte Amalieilt	PlAbl
Charlotte Amalie	Charlotte Amalieis	PlIn
Charlotte Amalie	Charlotte Amalieisse	PlIll
Charlotte Amalie	Charlotte Amalieist	PlEl
Charlotte Amalie	Charlotte Amalieks	SgTr
Charlotte Amalie	Charlotte Amaliel	SgAd
Charlotte Amalie	Charlotte Amaliele	SgAll
Charlotte Amalie	Charlotte Amalielt	SgAbl
Charlotte Amalie	Charlotte Amaliena	SgEs
Charlotte Amalie	Charlotte Amalieni	SgTer
Charlotte Amalie	Charlotte Amalies	SgIn
Charlotte Amalie	Charlotte Amaliesse	SgIll
Charlotte Amalie	Charlotte Amaliest	SgEl
Charlotte Amalie	Charlotte Amaliet	SgP
Charlotte Amalie	Charlotte Amalieta	SgAb
Charlotte Amalie	Charlotte Amaliete	PlG
Charlotte Amalie	Charlotte Amalietega	PlKom
Charlotte Amalie	Charlotte Amalieteks	PlTr
Charlotte Amalie	Charlotte Amalietel	PlAd
Charlotte Amalie	Charlotte Amalietele	PlAll
Charlotte Amalie	Charlotte Amalietelt	PlAbl
Charlotte Amalie	Charlotte Amalietena	PlEs
Charlotte Amalie	Charlotte Amalieteni	PlTer
Charlotte Amalie	Charlotte Amalietes	PlIn
Charlotte Amalie	Charlotte Amalietesse	PlIll
Charlotte Amalie	Charlotte Amalietest	PlEl
Charlotte Amalie	Charlotte Amalieteta	PlAb
chia-seemned	-	SgAdt
chia-seemned	chia-seeme	SgN
chia-seemned	chia-seemet	SgP
chia-seemned	chia-seemne	SgG
chia-seemned	chia-seemned	PlN
chia-seemned	chia-seemnega	SgKom
chia-seemned	chia-seemneid	PlP
chia-seemned	chia-seemneiks	PlTr
chia-seemned	chia-seemneil	PlAd
chia-seemned	chia-seemneile	PlAll
chia-seemned	chia-seemneilt	PlAbl
chia-seemned	chia-seemneis	PlIn
chia-seemned	chia-seemneisse	PlIll
chia-seemned	chia-seemneist	PlEl
chia-seemned	chia-seemneks	SgTr
chia-seemned	chia-seemnel	SgAd
chia-seemned	chia-seemnele	SgAll
chia-seemned	chia-seemnelt	SgAbl
chia-seemned	chia-seemnena	SgEs
chia-seemned	chia-seemneni	SgTer
chia-seemned	chia-seemnes	SgIn
chia-seemned	chia-seemnesse	SgIll
chia-seemned	chia-seemnest	SgEl
chia-seemned	chia-seemneta	SgAb
chia-seemned	chia-seemnete	PlG
chia-seemned	chia-seemnetega	PlKom
chia-seemned	chia-seemneteks	PlTr
chia-seemned	chia-seemnetel	PlAd
chia-seemned	chia-seemnetele	PlAll
chia-seemned	chia-seemnetelt	PlAbl
chia-seemned	chia-seemnetena	PlEs
chia-seemned	chia-seemneteni	PlTer
chia-seemned	chia-seemnetes	PlIn
chia-seemned	chia-seemnetesse	PlIll
chia-seemned	chia-seemnetest	PlEl
chia-seemned	chia-seemneteta	PlAb
Cayenne	Cayenne	SgN
Cayenne	Cayenne'e	PlP
Cayenne	Cayenne'eks	PlTr
Cayenne	Cayenne'el	PlAd
Cayenne	Cayenne'ele	PlAll
Cayenne	Cayenne'elt	PlAbl
Cayenne	Cayenne'es	PlIn
Cayenne	Cayenne'esse	PlIll
Cayenne	Cayenne'est	PlEl
Cayenne	Cayenne'i	SgAdt
Cayenne	Cayenne'i	SgG
Cayenne	Cayenne'i	SgP
Cayenne	Cayenne'id	PlN
Cayenne	Cayenne'ide	PlG
Cayenne	Cayenne'idega	PlKom
Cayenne	Cayenne'ideks	PlTr
Cayenne	Cayenne'idel	PlAd
Cayenne	Cayenne'idele	PlAll
Cayenne	Cayenne'idelt	PlAbl
Cayenne	Cayenne'idena	PlEs
Cayenne	Cayenne'ideni	PlTer
Cayenne	Cayenne'ides	PlIn
Cayenne	Cayenne'idesse	PlIll
Cayenne	Cayenne'idest	PlEl
Cayenne	Cayenne'ideta	PlAb
Cayenne	Cayenne'iga	SgKom
Cayenne	Cayenne'iks	SgTr
Cayenne	Cayenne'il	SgAd
Cayenne	Cayenne'ile	SgAll
Cayenne	Cayenne'ilt	SgAbl
Cayenne	Cayenne'ina	SgEs
Cayenne	Cayenne'ini	SgTer
Cayenne	Cayenne'is	SgIn
Cayenne	Cayenne'isid	PlP
Cayenne	Cayenne'isse	SgIll
Cayenne	Cayenne'ist	SgEl
Cayenne	Cayenne'ita	SgAb
Castries	Castries	SgN
Castries	Castriese	PlP
Castries	Castrieseks	PlTr
Castries	Castriesel	PlAd
Castries	Castriesele	PlAll
Castries	Castrieselt	PlAbl
Castries	Castrieses	PlIn
Castries	Castriesesse	PlIll
Castries	Castriesest	PlEl
Castries	Castriesi	SgAdt
Castries	Castriesi	SgG
Castries	Castriesi	SgP
Castries	Castriesid	PlN
Castries	Castrieside	PlG
Castries	Castriesidega	PlKom
Castries	Castriesideks	PlTr
Castries	Castriesidel	PlAd
Castries	Castriesidele	PlAll
Castries	Castriesidelt	PlAbl
Castries	Castriesidena	PlEs
Castries	Castriesideni	PlTer
Castries	Castriesides	PlIn
Castries	Castriesidesse	PlIll
Castries	Castriesidest	PlEl
Castries	Castriesideta	PlAb
Castries	Castriesiga	SgKom
Castries	Castriesiks	SgTr
Castries	Castriesil	SgAd
Castries	Castriesile	SgAll
Castries	Castriesilt	SgAbl
Castries	Castriesina	SgEs
Castries	Castriesini	SgTer
Castries	Castriesis	SgIn
Castries	Castriesisid	PlP
Castries	Castriesisse	SgIll
Castries	Castriesist	SgEl
Castries	Castriesita	SgAb
COVID-19-tõend	-	SgAdt
COVID-19-tõend	COVID-19-tõend	SgN
COVID-19-tõend	COVID-19-tõendeid	PlP
COVID-19-tõend	COVID-19-tõendeiks	PlTr
COVID-19-tõend	COVID-19-tõendeil	PlAd
COVID-19-tõend	COVID-19-tõendeile	PlAll
COVID-19-tõend	COVID-19-tõendeilt	PlAbl
COVID-19-tõend	COVID-19-tõendeis	PlIn
COVID-19-tõend	COVID-19-tõendeisse	PlIll
COVID-19-tõend	COVID-19-tõendeist	PlEl
COVID-19-tõend	COVID-19-tõendi	SgG
COVID-19-tõend	COVID-19-tõendid	PlN
COVID-19-tõend	COVID-19-tõendiga	SgKom
COVID-19-tõend	COVID-19-tõendiks	SgTr
COVID-19-tõend	COVID-19-tõendil	SgAd
COVID-19-tõend	COVID-19-tõendile	SgAll
COVID-19-tõend	COVID-19-tõendilt	SgAbl
COVID-19-tõend	COVID-19-tõendina	SgEs
COVID-19-tõend	COVID-19-tõendini	SgTer
COVID-19-tõend	COVID-19-tõendis	SgIn
COVID-19-tõend	COVID-19-tõendisse	SgIll
COVID-19-tõend	COVID-19-tõendist	SgEl
COVID-19-tõend	COVID-19-tõendit	SgP
COVID-19-tõend	COVID-19-tõendita	SgAb
COVID-19-tõend	COVID-19-tõendite	PlG
COVID-19-tõend	COVID-19-tõenditega	PlKom
COVID-19-tõend	COVID-19-tõenditeks	PlTr
COVID-19-tõend	COVID-19-tõenditel	PlAd
COVID-19-tõend	COVID-19-tõenditele	PlAll
COVID-19-tõend	COVID-19-tõenditelt	PlAbl
COVID-19-tõend	COVID-19-tõenditena	PlEs
COVID-19-tõend	COVID-19-tõenditeni	PlTer
COVID-19-tõend	COVID-19-tõendites	PlIn
COVID-19-tõend	COVID-19-tõenditesse	PlIll
COVID-19-tõend	COVID-19-tõenditest	PlEl
COVID-19-tõend	COVID-19-tõenditeta	PlAb
Ciudad de México	Ciudad de México	SgAdt
Ciudad de México	Ciudad de México	SgG
Ciudad de México	Ciudad de México	SgN
Ciudad de México	Ciudad de Méxicod	PlN
Ciudad de México	Ciudad de Méxicoga	SgKom
Ciudad de México	Ciudad de Méxicoid	PlP
Ciudad de México	Ciudad de Méxicoiks	PlTr
Ciudad de México	Ciudad de Méxicoil	PlAd
Ciudad de México	Ciudad de Méxicoile	PlAll
Ciudad de México	Ciudad de Méxicoilt	PlAbl
Ciudad de México	Ciudad de Méxicois	PlIn
Ciudad de México	Ciudad de Méxicoisse	PlIll
Ciudad de México	Ciudad de Méxicoist	PlEl
Ciudad de México	Ciudad de Méxicoks	SgTr
Ciudad de México	Ciudad de Méxicol	SgAd
Ciudad de México	Ciudad de Méxicole	SgAll
Ciudad de México	Ciudad de Méxicolt	SgAbl
Ciudad de México	Ciudad de Méxicona	SgEs
Ciudad de México	Ciudad de Méxiconi	SgTer
Ciudad de México	Ciudad de Méxicos	SgIn
Ciudad de México	Ciudad de Méxicosse	SgIll
Ciudad de México	Ciudad de Méxicost	SgEl
Ciudad de México	Ciudad de Méxicot	SgP
Ciudad de México	Ciudad de Méxicota	SgAb
Ciudad de México	Ciudad de Méxicote	PlG
Ciudad de México	Ciudad de Méxicotega	PlKom
Ciudad de México	Ciudad de Méxicoteks	PlTr
Ciudad de México	Ciudad de Méxicotel	PlAd
Ciudad de México	Ciudad de Méxicotele	PlAll
Ciudad de México	Ciudad de Méxicotelt	PlAbl
Ciudad de México	Ciudad de Méxicotena	PlEs
Ciudad de México	Ciudad de Méxicoteni	PlTer
Ciudad de México	Ciudad de Méxicotes	PlIn
Ciudad de México	Ciudad de Méxicotesse	PlIll
Ciudad de México	Ciudad de Méxicotest	PlEl
Ciudad de México	Ciudad de Méxicoteta	PlAb
Changchun	Changchun	SgN
Changchun	Changchune	PlP
Changchun	Changchuneks	PlTr
Changchun	Changchunel	PlAd
Changchun	Changchunele	PlAll
Changchun	Changchunelt	PlAbl
Changchun	Changchunes	PlIn
Changchun	Changchunesse	PlIll
Changchun	Changchunest	PlEl
Changchun	Changchuni	SgAdt
Changchun	Changchuni	SgG
Changchun	Changchuni	SgP
Changchun	Changchunid	PlN
Changchun	Changchunide	PlG
Changchun	Changchunidega	PlKom
Changchun	Changchunideks	PlTr
Changchun	Changchunidel	PlAd
Changchun	Changchunidele	PlAll
Changchun	Changchunidelt	PlAbl
Changchun	Changchunidena	PlEs
Changchun	Changchunideni	PlTer
Changchun	Changchunides	PlIn
Changchun	Changchunidesse	PlIll
Changchun	Changchunidest	PlEl
Changchun	Changchunideta	PlAb
Changchun	Changchuniga	SgKom
Changchun	Changchuniks	SgTr
Changchun	Changchunil	SgAd
Changchun	Changchunile	SgAll
Changchun	Changchunilt	SgAbl
Changchun	Changchunina	SgEs
Changchun	Changchunini	SgTer
Changchun	Changchunis	SgIn
Changchun	Changchunisid	PlP
Changchun	Changchunisse	SgIll
Changchun	Changchunist	SgEl
Changchun	Changchunita	SgAb
Chennai	Chennai	SgAdt
Chennai	Chennai	SgG
Chennai	Chennai	SgN
Chennai	Chennaid	PlN
Chennai	Chennaid	SgP
Chennai	Chennaide	PlG
Chennai	Chennaidega	PlKom
Chennai	Chennaideks	PlTr
Chennai	Chennaidel	PlAd
Chennai	Chennaidele	PlAll
Chennai	Chennaidelt	PlAbl
Chennai	Chennaidena	PlEs
Chennai	Chennaideni	PlTer
Chennai	Chennaides	PlIn
Chennai	Chennaidesse	PlIll
Chennai	Chennaidest	PlEl
Chennai	Chennaideta	PlAb
Chennai	Chennaiga	SgKom
Chennai	Chennaiks	SgTr
Chennai	Chennail	SgAd
Chennai	Chennaile	SgAll
Chennai	Chennailt	SgAbl
Chennai	Chennaina	SgEs
Chennai	Chennaini	SgTer
Chennai	Chennais	SgIn
Chennai	Chennaisid	PlP
Chennai	Chennaisse	SgIll
Chennai	Chennaist	SgEl
Chennai	Chennaita	SgAb
Coromandeli rannik	Coromandeli rannik	SgN
Coromandeli rannik	Coromandeli ranniku	SgG
Coromandeli rannik	Coromandeli rannikuga	SgKom
Coromandeli rannik	Coromandeli rannikuks	SgTr
Coromandeli rannik	Coromandeli rannikul	SgAd
Coromandeli rannik	Coromandeli rannikule	SgAll
Coromandeli rannik	Coromandeli rannikult	SgAbl
Coromandeli rannik	Coromandeli rannikuna	SgEs
Coromandeli rannik	Coromandeli rannikuni	SgTer
Coromandeli rannik	Coromandeli rannikus	SgIn
Coromandeli rannik	Coromandeli rannikusse	SgIll
Coromandeli rannik	Coromandeli rannikust	SgEl
Coromandeli rannik	Coromandeli rannikut	SgP
Coromandeli rannik	Coromandeli rannikuta	SgAb
California poolsaar	California poolsaar	SgN
California poolsaar	California poolsaarde	SgAdt
California poolsaar	California poolsaare	SgG
California poolsaar	California poolsaared	PlN
California poolsaar	California poolsaarega	SgKom
California poolsaar	California poolsaareks	SgTr
California poolsaar	California poolsaarel	SgAd
California poolsaar	California poolsaarele	SgAll
California poolsaar	California poolsaarelt	SgAbl
California poolsaar	California poolsaarena	SgEs
California poolsaar	California poolsaareni	SgTer
California poolsaar	California poolsaares	SgIn
California poolsaar	California poolsaaresse	SgIll
California poolsaar	California poolsaarest	SgEl
California poolsaar	California poolsaareta	SgAb
California poolsaar	California poolsaari	PlP
California poolsaar	California poolsaart	SgP
California poolsaar	California poolsaarte	PlG
California poolsaar	California poolsaartega	PlKom
California poolsaar	California poolsaarteks	PlTr
California poolsaar	California poolsaartel	PlAd
California poolsaar	California poolsaartele	PlAll
California poolsaar	California poolsaartelt	PlAbl
California poolsaar	California poolsaartena	PlEs
California poolsaar	California poolsaarteni	PlTer
California poolsaar	California poolsaartes	PlIn
California poolsaar	California poolsaartesse	PlIll
California poolsaar	California poolsaartest	PlEl
California poolsaar	California poolsaarteta	PlAb
Colombina	Colombina	SgAdt
Colombina	Colombina	SgG
Colombina	Colombina	SgN
Colombina	Colombinad	PlN
Colombina	Colombinade	PlG
Colombina	Colombinadega	PlKom
Colombina	Colombinadeks	PlTr
Colombina	Colombinadel	PlAd
Colombina	Colombinadele	PlAll
Colombina	Colombinadelt	PlAbl
Colombina	Colombinadena	PlEs
Colombina	Colombinadeni	PlTer
Colombina	Colombinades	PlIn
Colombina	Colombinadesse	PlIll
Colombina	Colombinadest	PlEl
Colombina	Colombinadeta	PlAb
Colombina	Colombinaga	SgKom
Colombina	Colombinaks	SgTr
Colombina	Colombinal	SgAd
Colombina	Colombinale	SgAll
Colombina	Colombinalt	SgAbl
Colombina	Colombinana	SgEs
Colombina	Colombinani	SgTer
Colombina	Colombinas	SgIn
Colombina	Colombinasid	PlP
Colombina	Colombinasse	SgIll
Colombina	Colombinast	SgEl
Colombina	Colombinat	SgP
Colombina	Colombinata	SgAb
COVID-19-suremus	COVID-19-suremus	SgN
COVID-19-suremus	COVID-19-suremuse	SgG
COVID-19-suremus	COVID-19-suremused	PlN
COVID-19-suremus	COVID-19-suremusega	SgKom
COVID-19-suremus	COVID-19-suremuseks	SgTr
COVID-19-suremus	COVID-19-suremusel	SgAd
COVID-19-suremus	COVID-19-suremusele	SgAll
COVID-19-suremus	COVID-19-suremuselt	SgAbl
COVID-19-suremus	COVID-19-suremusena	SgEs
COVID-19-suremus	COVID-19-suremuseni	SgTer
COVID-19-suremus	COVID-19-suremuses	SgIn
COVID-19-suremus	COVID-19-suremusesse	SgIll
COVID-19-suremus	COVID-19-suremusest	SgEl
COVID-19-suremus	COVID-19-suremuseta	SgAb
COVID-19-suremus	COVID-19-suremusi	PlP
COVID-19-suremus	COVID-19-suremusiks	PlTr
COVID-19-suremus	COVID-19-suremusil	PlAd
COVID-19-suremus	COVID-19-suremusile	PlAll
COVID-19-suremus	COVID-19-suremusilt	PlAbl
COVID-19-suremus	COVID-19-suremusis	PlIn
COVID-19-suremus	COVID-19-suremusisse	PlIll
COVID-19-suremus	COVID-19-suremusist	PlEl
COVID-19-suremus	COVID-19-suremusse	SgAdt
COVID-19-suremus	COVID-19-suremust	SgP
COVID-19-suremus	COVID-19-suremuste	PlG
COVID-19-suremus	COVID-19-suremustega	PlKom
COVID-19-suremus	COVID-19-suremusteks	PlTr
COVID-19-suremus	COVID-19-suremustel	PlAd
COVID-19-suremus	COVID-19-suremustele	PlAll
COVID-19-suremus	COVID-19-suremustelt	PlAbl
COVID-19-suremus	COVID-19-suremustena	PlEs
COVID-19-suremus	COVID-19-suremusteni	PlTer
COVID-19-suremus	COVID-19-suremustes	PlIn
COVID-19-suremus	COVID-19-suremustesse	PlIll
COVID-19-suremus	COVID-19-suremustest	PlEl
COVID-19-suremus	COVID-19-suremusteta	PlAb
COVID-19-vaktsiin	COVID-19-vaktsiin	SgN
COVID-19-vaktsiin	COVID-19-vaktsiine	PlP
COVID-19-vaktsiin	COVID-19-vaktsiineks	PlTr
COVID-19-vaktsiin	COVID-19-vaktsiinel	PlAd
COVID-19-vaktsiin	COVID-19-vaktsiinele	PlAll
COVID-19-vaktsiin	COVID-19-vaktsiinelt	PlAbl
COVID-19-vaktsiin	COVID-19-vaktsiines	PlIn
COVID-19-vaktsiin	COVID-19-vaktsiinesse	PlIll
COVID-19-vaktsiin	COVID-19-vaktsiinest	PlEl
COVID-19-vaktsiin	COVID-19-vaktsiini	SgAdt
COVID-19-vaktsiin	COVID-19-vaktsiini	SgG
COVID-19-vaktsiin	COVID-19-vaktsiini	SgP
COVID-19-vaktsiin	COVID-19-vaktsiinid	PlN
COVID-19-vaktsiin	COVID-19-vaktsiinide	PlG
COVID-19-vaktsiin	COVID-19-vaktsiinidega	PlKom
COVID-19-vaktsiin	COVID-19-vaktsiinideks	PlTr
COVID-19-vaktsiin	COVID-19-vaktsiinidel	PlAd
COVID-19-vaktsiin	COVID-19-vaktsiinidele	PlAll
COVID-19-vaktsiin	COVID-19-vaktsiinidelt	PlAbl
COVID-19-vaktsiin	COVID-19-vaktsiinidena	PlEs
COVID-19-vaktsiin	COVID-19-vaktsiinideni	PlTer
COVID-19-vaktsiin	COVID-19-vaktsiinides	PlIn
COVID-19-vaktsiin	COVID-19-vaktsiinidesse	PlIll
COVID-19-vaktsiin	COVID-19-vaktsiinidest	PlEl
COVID-19-vaktsiin	COVID-19-vaktsiinideta	PlAb
COVID-19-vaktsiin	COVID-19-vaktsiiniga	SgKom
COVID-19-vaktsiin	COVID-19-vaktsiiniks	SgTr
COVID-19-vaktsiin	COVID-19-vaktsiinil	SgAd
COVID-19-vaktsiin	COVID-19-vaktsiinile	SgAll
COVID-19-vaktsiin	COVID-19-vaktsiinilt	SgAbl
COVID-19-vaktsiin	COVID-19-vaktsiinina	SgEs
COVID-19-vaktsiin	COVID-19-vaktsiinini	SgTer
COVID-19-vaktsiin	COVID-19-vaktsiinis	SgIn
COVID-19-vaktsiin	COVID-19-vaktsiinisid	PlP
COVID-19-vaktsiin	COVID-19-vaktsiinisse	SgIll
COVID-19-vaktsiin	COVID-19-vaktsiinist	SgEl
COVID-19-vaktsiin	COVID-19-vaktsiinita	SgAb
COVID-19-ravim	-	SgAdt
COVID-19-ravim	COVID-19-ravim	SgN
COVID-19-ravim	COVID-19-ravimeid	PlP
COVID-19-ravim	COVID-19-ravimeiks	PlTr
COVID-19-ravim	COVID-19-ravimeil	PlAd
COVID-19-ravim	COVID-19-ravimeile	PlAll
COVID-19-ravim	COVID-19-ravimeilt	PlAbl
COVID-19-ravim	COVID-19-ravimeis	PlIn
COVID-19-ravim	COVID-19-ravimeisse	PlIll
COVID-19-ravim	COVID-19-ravimeist	PlEl
COVID-19-ravim	COVID-19-ravimi	SgG
COVID-19-ravim	COVID-19-ravimid	PlN
COVID-19-ravim	COVID-19-ravimiga	SgKom
COVID-19-ravim	COVID-19-ravimiks	SgTr
COVID-19-ravim	COVID-19-ravimil	SgAd
COVID-19-ravim	COVID-19-ravimile	SgAll
COVID-19-ravim	COVID-19-ravimilt	SgAbl
COVID-19-ravim	COVID-19-ravimina	SgEs
COVID-19-ravim	COVID-19-ravimini	SgTer
COVID-19-ravim	COVID-19-ravimis	SgIn
COVID-19-ravim	COVID-19-ravimisse	SgIll
COVID-19-ravim	COVID-19-ravimist	SgEl
COVID-19-ravim	COVID-19-ravimit	SgP
COVID-19-ravim	COVID-19-ravimita	SgAb
COVID-19-ravim	COVID-19-ravimite	PlG
COVID-19-ravim	COVID-19-ravimitega	PlKom
COVID-19-ravim	COVID-19-ravimiteks	PlTr
COVID-19-ravim	COVID-19-ravimitel	PlAd
COVID-19-ravim	COVID-19-ravimitele	PlAll
COVID-19-ravim	COVID-19-ravimitelt	PlAbl
COVID-19-ravim	COVID-19-ravimitena	PlEs
COVID-19-ravim	COVID-19-ravimiteni	PlTer
COVID-19-ravim	COVID-19-ravimites	PlIn
COVID-19-ravim	COVID-19-ravimitesse	PlIll
COVID-19-ravim	COVID-19-ravimitest	PlEl
COVID-19-ravim	COVID-19-ravimiteta	PlAb
CEO	CEO	SgAdt
CEO	CEO	SgG
CEO	CEO	SgN
CEO	CEO-d	PlN
CEO	CEO-d	SgP
CEO	CEO-de	PlG
CEO	CEO-dega	PlKom
CEO	CEO-deks	PlTr
CEO	CEO-del	PlAd
CEO	CEO-dele	PlAll
CEO	CEO-delt	PlAbl
CEO	CEO-dena	PlEs
CEO	CEO-deni	PlTer
CEO	CEO-des	PlIn
CEO	CEO-desse	PlIll
CEO	CEO-dest	PlEl
CEO	CEO-deta	PlAb
CEO	CEO-ga	SgKom
CEO	CEO-ks	SgTr
CEO	CEO-l	SgAd
CEO	CEO-le	SgAll
CEO	CEO-lt	SgAbl
CEO	CEO-na	SgEs
CEO	CEO-ni	SgTer
CEO	CEO-s	SgIn
CEO	CEO-sid	PlP
CEO	CEO-sse	SgIll
CEO	CEO-st	SgEl
CEO	CEO-ta	SgAb
chill	chill	SgN
chill	chill'e	PlP
chill	chill'eks	PlTr
chill	chill'el	PlAd
chill	chill'ele	PlAll
chill	chill'elt	PlAbl
chill	chill'es	PlIn
chill	chill'esse	PlIll
chill	chill'est	PlEl
chill	chill'i	SgAdt
chill	chill'i	SgG
chill	chill'i	SgP
chill	chill'id	PlN
chill	chill'ide	PlG
chill	chill'idega	PlKom
chill	chill'ideks	PlTr
chill	chill'idel	PlAd
chill	chill'idele	PlAll
chill	chill'idelt	PlAbl
chill	chill'idena	PlEs
chill	chill'ideni	PlTer
chill	chill'ides	PlIn
chill	chill'idesse	PlIll
chill	chill'idest	PlEl
chill	chill'ideta	PlAb
chill	chill'iga	SgKom
chill	chill'iks	SgTr
chill	chill'il	SgAd
chill	chill'ile	SgAll
chill	chill'ilt	SgAbl
chill	chill'ina	SgEs
chill	chill'ini	SgTer
chill	chill'is	SgIn
chill	chill'isid	PlP
chill	chill'isse	SgIll
chill	chill'ist	SgEl
chill	chill'ita	SgAb
Cádiz	Cádiz	SgAdt
Cádiz	Cádiz	SgN
Cádiz	Cádizeid	PlP
Cádiz	Cádizeiks	PlTr
Cádiz	Cádizeil	PlAd
Cádiz	Cádizeile	PlAll
Cádiz	Cádizeilt	PlAbl
Cádiz	Cádizeis	PlIn
Cádiz	Cádizeisse	PlIll
Cádiz	Cádizeist	PlEl
Cádiz	Cádizi	SgG
Cádiz	Cádizid	PlN
Cádiz	Cádiziga	SgKom
Cádiz	Cádiziks	SgTr
Cádiz	Cádizil	SgAd
Cádiz	Cádizile	SgAll
Cádiz	Cádizilt	SgAbl
Cádiz	Cádizina	SgEs
Cádiz	Cádizini	SgTer
Cádiz	Cádizis	SgIn
Cádiz	Cádizisse	SgIll
Cádiz	Cádizist	SgEl
Cádiz	Cádizit	SgP
Cádiz	Cádizita	SgAb
Cádiz	Cádizite	PlG
Cádiz	Cádizitega	PlKom
Cádiz	Cádiziteks	PlTr
Cádiz	Cádizitel	PlAd
Cádiz	Cádizitele	PlAll
Cádiz	Cádizitelt	PlAbl
Cádiz	Cádizitena	PlEs
Cádiz	Cádiziteni	PlTer
Cádiz	Cádizites	PlIn
Cádiz	Cádizitesse	PlIll
Cádiz	Cádizitest	PlEl
Cádiz	Cádiziteta	PlAb
Caen	Caen	SgN
Caen	Caene	PlP
Caen	Caeneks	PlTr
Caen	Caenel	PlAd
Caen	Caenele	PlAll
Caen	Caenelt	PlAbl
Caen	Caenes	PlIn
Caen	Caenesse	PlIll
Caen	Caenest	PlEl
Caen	Caeni	SgAdt
Caen	Caeni	SgG
Caen	Caeni	SgP
Caen	Caenid	PlN
Caen	Caenide	PlG
Caen	Caenidega	PlKom
Caen	Caenideks	PlTr
Caen	Caenidel	PlAd
Caen	Caenidele	PlAll
Caen	Caenidelt	PlAbl
Caen	Caenidena	PlEs
Caen	Caenideni	PlTer
Caen	Caenides	PlIn
Caen	Caenidesse	PlIll
Caen	Caenidest	PlEl
Caen	Caenideta	PlAb
Caen	Caeniga	SgKom
Caen	Caeniks	SgTr
Caen	Caenil	SgAd
Caen	Caenile	SgAll
Caen	Caenilt	SgAbl
Caen	Caenina	SgEs
Caen	Caenini	SgTer
Caen	Caenis	SgIn
Caen	Caenisid	PlP
Caen	Caenisse	SgIll
Caen	Caenist	SgEl
Caen	Caenita	SgAb
Caerdydd	Caerdydd	SgN
Caerdydd	Caerdydde	PlP
Caerdydd	Caerdyddeks	PlTr
Caerdydd	Caerdyddel	PlAd
Caerdydd	Caerdyddele	PlAll
Caerdydd	Caerdyddelt	PlAbl
Caerdydd	Caerdyddes	PlIn
Caerdydd	Caerdyddesse	PlIll
Caerdydd	Caerdyddest	PlEl
Caerdydd	Caerdyddi	SgAdt
Caerdydd	Caerdyddi	SgG
Caerdydd	Caerdyddi	SgP
Caerdydd	Caerdyddid	PlN
Caerdydd	Caerdyddide	PlG
Caerdydd	Caerdyddidega	PlKom
Caerdydd	Caerdyddideks	PlTr
Caerdydd	Caerdyddidel	PlAd
Caerdydd	Caerdyddidele	PlAll
Caerdydd	Caerdyddidelt	PlAbl
Caerdydd	Caerdyddidena	PlEs
Caerdydd	Caerdyddideni	PlTer
Caerdydd	Caerdyddides	PlIn
Caerdydd	Caerdyddidesse	PlIll
Caerdydd	Caerdyddidest	PlEl
Caerdydd	Caerdyddideta	PlAb
Caerdydd	Caerdyddiga	SgKom
Caerdydd	Caerdyddiks	SgTr
Caerdydd	Caerdyddil	SgAd
Caerdydd	Caerdyddile	SgAll
Caerdydd	Caerdyddilt	SgAbl
Caerdydd	Caerdyddina	SgEs
Caerdydd	Caerdyddini	SgTer
Caerdydd	Caerdyddis	SgIn
Caerdydd	Caerdyddisid	PlP
Caerdydd	Caerdyddisse	SgIll
Caerdydd	Caerdyddist	SgEl
Caerdydd	Caerdyddita	SgAb
Cagliari	Cagliareid	PlP
Cagliari	Cagliareiks	PlTr
Cagliari	Cagliareil	PlAd
Cagliari	Cagliareile	PlAll
Cagliari	Cagliareilt	PlAbl
Cagliari	Cagliareis	PlIn
Cagliari	Cagliareisse	PlIll
Cagliari	Cagliareist	PlEl
Cagliari	Cagliari	SgAdt
Cagliari	Cagliari	SgG
Cagliari	Cagliari	SgN
Cagliari	Cagliarid	PlN
Cagliari	Cagliariga	SgKom
Cagliari	Cagliariks	SgTr
Cagliari	Cagliaril	SgAd
Cagliari	Cagliarile	SgAll
Cagliari	Cagliarilt	SgAbl
Cagliari	Cagliarina	SgEs
Cagliari	Cagliarini	SgTer
Cagliari	Cagliaris	SgIn
Cagliari	Cagliarisse	SgIll
Cagliari	Cagliarist	SgEl
Cagliari	Cagliarit	SgP
Cagliari	Cagliarita	SgAb
Cagliari	Cagliarite	PlG
Cagliari	Cagliaritega	PlKom
Cagliari	Cagliariteks	PlTr
Cagliari	Cagliaritel	PlAd
Cagliari	Cagliaritele	PlAll
Cagliari	Cagliaritelt	PlAbl
Cagliari	Cagliaritena	PlEs
Cagliari	Cagliariteni	PlTer
Cagliari	Cagliarites	PlIn
Cagliari	Cagliaritesse	PlIll
Cagliari	Cagliaritest	PlEl
Cagliari	Cagliariteta	PlAb
Cahors	Cahors	SgN
Cahors	Cahorse	PlP
Cahors	Cahorseks	PlTr
Cahors	Cahorsel	PlAd
Cahors	Cahorsele	PlAll
Cahors	Cahorselt	PlAbl
Cahors	Cahorses	PlIn
Cahors	Cahorsesse	PlIll
Cahors	Cahorsest	PlEl
Cahors	Cahorsi	SgAdt
Cahors	Cahorsi	SgG
Cahors	Cahorsi	SgP
Cahors	Cahorsid	PlN
Cahors	Cahorside	PlG
Cahors	Cahorsidega	PlKom
Cahors	Cahorsideks	PlTr
Cahors	Cahorsidel	PlAd
Cahors	Cahorsidele	PlAll
Cahors	Cahorsidelt	PlAbl
Cahors	Cahorsidena	PlEs
Cahors	Cahorsideni	PlTer
Cahors	Cahorsides	PlIn
Cahors	Cahorsidesse	PlIll
Cahors	Cahorsidest	PlEl
Cahors	Cahorsideta	PlAb
Cahors	Cahorsiga	SgKom
Cahors	Cahorsiks	SgTr
Cahors	Cahorsil	SgAd
Cahors	Cahorsile	SgAll
Cahors	Cahorsilt	SgAbl
Cahors	Cahorsina	SgEs
Cahors	Cahorsini	SgTer
Cahors	Cahorsis	SgIn
Cahors	Cahorsisid	PlP
Cahors	Cahorsisse	SgIll
Cahors	Cahorsist	SgEl
Cahors	Cahorsita	SgAb
Calabria	Calabria	SgAdt
Calabria	Calabria	SgG
Calabria	Calabria	SgN
Calabria	Calabriad	PlN
Calabria	Calabriaga	SgKom
Calabria	Calabriaid	PlP
Calabria	Calabriaiks	PlTr
Calabria	Calabriail	PlAd
Calabria	Calabriaile	PlAll
Calabria	Calabriailt	PlAbl
Calabria	Calabriais	PlIn
Calabria	Calabriaisse	PlIll
Calabria	Calabriaist	PlEl
Calabria	Calabriaks	SgTr
Calabria	Calabrial	SgAd
Calabria	Calabriale	SgAll
Calabria	Calabrialt	SgAbl
Calabria	Calabriana	SgEs
Calabria	Calabriani	SgTer
Calabria	Calabrias	SgIn
Calabria	Calabriasse	SgIll
Calabria	Calabriast	SgEl
Calabria	Calabriat	SgP
Calabria	Calabriata	SgAb
Calabria	Calabriate	PlG
Calabria	Calabriatega	PlKom
Calabria	Calabriateks	PlTr
Calabria	Calabriatel	PlAd
Calabria	Calabriatele	PlAll
Calabria	Calabriatelt	PlAbl
Calabria	Calabriatena	PlEs
Calabria	Calabriateni	PlTer
Calabria	Calabriates	PlIn
Calabria	Calabriatesse	PlIll
Calabria	Calabriatest	PlEl
Calabria	Calabriateta	PlAb
Calais	Calais	SgN
Calais	Calais'	SgAdt
Calais	Calais'	SgG
Calais	Calais'd	PlN
Calais	Calais'd	SgP
Calais	Calais'de	PlG
Calais	Calais'dega	PlKom
Calais	Calais'deks	PlTr
Calais	Calais'del	PlAd
Calais	Calais'dele	PlAll
Calais	Calais'delt	PlAbl
Calais	Calais'dena	PlEs
Calais	Calais'deni	PlTer
Calais	Calais'des	PlIn
Calais	Calais'desse	PlIll
Calais	Calais'dest	PlEl
Calais	Calais'deta	PlAb
Calais	Calais'ga	SgKom
Calais	Calais'ks	SgTr
Calais	Calais'l	SgAd
Calais	Calais'le	SgAll
Calais	Calais'lt	SgAbl
Calais	Calais'na	SgEs
Calais	Calais'ni	SgTer
Calais	Calais's	SgIn
Calais	Calais'sid	PlP
Calais	Calais'sse	SgIll
Calais	Calais'st	SgEl
Calais	Calais'ta	SgAb
Calgary	Calgary	SgAdt
Calgary	Calgary	SgG
Calgary	Calgary	SgN
Calgary	Calgaryd	PlN
Calgary	Calgaryga	SgKom
Calgary	Calgaryid	PlP
Calgary	Calgaryiks	PlTr
Calgary	Calgaryil	PlAd
Calgary	Calgaryile	PlAll
Calgary	Calgaryilt	PlAbl
Calgary	Calgaryis	PlIn
Calgary	Calgaryisse	PlIll
Calgary	Calgaryist	PlEl
Calgary	Calgaryks	SgTr
Calgary	Calgaryl	SgAd
Calgary	Calgaryle	SgAll
Calgary	Calgarylt	SgAbl
Calgary	Calgaryna	SgEs
Calgary	Calgaryni	SgTer
Calgary	Calgarys	SgIn
Calgary	Calgarysse	SgIll
Calgary	Calgaryst	SgEl
Calgary	Calgaryt	SgP
Calgary	Calgaryta	SgAb
Calgary	Calgaryte	PlG
Calgary	Calgarytega	PlKom
Calgary	Calgaryteks	PlTr
Calgary	Calgarytel	PlAd
Calgary	Calgarytele	PlAll
Calgary	Calgarytelt	PlAbl
Calgary	Calgarytena	PlEs
Calgary	Calgaryteni	PlTer
Calgary	Calgarytes	PlIn
Calgary	Calgarytesse	PlIll
Calgary	Calgarytest	PlEl
Calgary	Calgaryteta	PlAb
Cali	Cali	SgAdt
Cali	Cali	SgG
Cali	Cali	SgN
Cali	Calid	PlN
Cali	Calide	PlG
Cali	Calidega	PlKom
Cali	Calideks	PlTr
Cali	Calidel	PlAd
Cali	Calidele	PlAll
Cali	Calidelt	PlAbl
Cali	Calidena	PlEs
Cali	Calideni	PlTer
Cali	Calides	PlIn
Cali	Calidesse	PlIll
Cali	Calidest	PlEl
Cali	Calideta	PlAb
Cali	Caliga	SgKom
Cali	Caliks	SgTr
Cali	Calil	SgAd
Cali	Calile	SgAll
Cali	Calilt	SgAbl
Cali	Calina	SgEs
Cali	Calini	SgTer
Cali	Calis	SgIn
Cali	Calisid	PlP
Cali	Calisse	SgIll
Cali	Calist	SgEl
Cali	Calit	SgP
Cali	Calita	SgAb
Cambridge	Cambridge	SgN
Cambridge	Cambridge'e	PlP
Cambridge	Cambridge'eks	PlTr
Cambridge	Cambridge'el	PlAd
Cambridge	Cambridge'ele	PlAll
Cambridge	Cambridge'elt	PlAbl
Cambridge	Cambridge'es	PlIn
Cambridge	Cambridge'esse	PlIll
Cambridge	Cambridge'est	PlEl
Cambridge	Cambridge'i	SgAdt
Cambridge	Cambridge'i	SgG
Cambridge	Cambridge'i	SgP
Cambridge	Cambridge'id	PlN
Cambridge	Cambridge'ide	PlG
Cambridge	Cambridge'idega	PlKom
Cambridge	Cambridge'ideks	PlTr
Cambridge	Cambridge'idel	PlAd
Cambridge	Cambridge'idele	PlAll
Cambridge	Cambridge'idelt	PlAbl
Cambridge	Cambridge'idena	PlEs
Cambridge	Cambridge'ideni	PlTer
Cambridge	Cambridge'ides	PlIn
Cambridge	Cambridge'idesse	PlIll
Cambridge	Cambridge'idest	PlEl
Cambridge	Cambridge'ideta	PlAb
Cambridge	Cambridge'iga	SgKom
Cambridge	Cambridge'iks	SgTr
Cambridge	Cambridge'il	SgAd
Cambridge	Cambridge'ile	SgAll
Cambridge	Cambridge'ilt	SgAbl
Cambridge	Cambridge'ina	SgEs
Cambridge	Cambridge'ini	SgTer
Cambridge	Cambridge'is	SgIn
Cambridge	Cambridge'isid	PlP
Cambridge	Cambridge'isse	SgIll
Cambridge	Cambridge'ist	SgEl
Cambridge	Cambridge'ita	SgAb
Campania	Campania	SgAdt
Campania	Campania	SgG
Campania	Campania	SgN
Campania	Campaniad	PlN
Campania	Campaniaga	SgKom
Campania	Campaniaid	PlP
Campania	Campaniaiks	PlTr
Campania	Campaniail	PlAd
Campania	Campaniaile	PlAll
Campania	Campaniailt	PlAbl
Campania	Campaniais	PlIn
Campania	Campaniaisse	PlIll
Campania	Campaniaist	PlEl
Campania	Campaniaks	SgTr
Campania	Campanial	SgAd
Campania	Campaniale	SgAll
Campania	Campanialt	SgAbl
Campania	Campaniana	SgEs
Campania	Campaniani	SgTer
Campania	Campanias	SgIn
Campania	Campaniasse	SgIll
Campania	Campaniast	SgEl
Campania	Campaniat	SgP
Campania	Campaniata	SgAb
Campania	Campaniate	PlG
Campania	Campaniatega	PlKom
Campania	Campaniateks	PlTr
Campania	Campaniatel	PlAd
Campania	Campaniatele	PlAll
Campania	Campaniatelt	PlAbl
Campania	Campaniatena	PlEs
Campania	Campaniateni	PlTer
Campania	Campaniates	PlIn
Campania	Campaniatesse	PlIll
Campania	Campaniatest	PlEl
Campania	Campaniateta	PlAb
Camp David	Camp David	SgAdt
Camp David	Camp David	SgN
Camp David	Camp Davideid	PlP
Camp David	Camp Davideiks	PlTr
Camp David	Camp Davideil	PlAd
Camp David	Camp Davideile	PlAll
Camp David	Camp Davideilt	PlAbl
Camp David	Camp Davideis	PlIn
Camp David	Camp Davideisse	PlIll
Camp David	Camp Davideist	PlEl
Camp David	Camp Davidi	SgG
Camp David	Camp Davidid	PlN
Camp David	Camp Davidiga	SgKom
Camp David	Camp Davidiks	SgTr
Camp David	Camp Davidil	SgAd
Camp David	Camp Davidile	SgAll
Camp David	Camp Davidilt	SgAbl
Camp David	Camp Davidina	SgEs
Camp David	Camp Davidini	SgTer
Camp David	Camp Davidis	SgIn
Camp David	Camp Davidisse	SgIll
Camp David	Camp Davidist	SgEl
Camp David	Camp Davidit	SgP
Camp David	Camp Davidita	SgAb
Camp David	Camp Davidite	PlG
Camp David	Camp Daviditega	PlKom
Camp David	Camp Daviditeks	PlTr
Camp David	Camp Daviditel	PlAd
Camp David	Camp Daviditele	PlAll
Camp David	Camp Daviditelt	PlAbl
Camp David	Camp Daviditena	PlEs
Camp David	Camp Daviditeni	PlTer
Camp David	Camp Davidites	PlIn
Camp David	Camp Daviditesse	PlIll
Camp David	Camp Daviditest	PlEl
Camp David	Camp Daviditeta	PlAb
Canaverali neem	Canaverali neem	SgN
Canaverali neem	Canaverali neeme	SgAdt
Canaverali neem	Canaverali neeme	SgG
Canaverali neem	Canaverali neeme	SgP
Canaverali neem	Canaverali neemed	PlN
Canaverali neem	Canaverali neemede	PlG
Canaverali neem	Canaverali neemedega	PlKom
Canaverali neem	Canaverali neemedeks	PlTr
Canaverali neem	Canaverali neemedel	PlAd
Canaverali neem	Canaverali neemedele	PlAll
Canaverali neem	Canaverali neemedelt	PlAbl
Canaverali neem	Canaverali neemedena	PlEs
Canaverali neem	Canaverali neemedeni	PlTer
Canaverali neem	Canaverali neemedes	PlIn
Canaverali neem	Canaverali neemedesse	PlIll
Canaverali neem	Canaverali neemedest	PlEl
Canaverali neem	Canaverali neemedeta	PlAb
Canaverali neem	Canaverali neemega	SgKom
Canaverali neem	Canaverali neemeks	SgTr
Canaverali neem	Canaverali neemel	SgAd
Canaverali neem	Canaverali neemele	SgAll
Canaverali neem	Canaverali neemelt	SgAbl
Canaverali neem	Canaverali neemena	SgEs
Canaverali neem	Canaverali neemeni	SgTer
Canaverali neem	Canaverali neemes	SgIn
Canaverali neem	Canaverali neemesid	PlP
Canaverali neem	Canaverali neemesse	SgIll
Canaverali neem	Canaverali neemest	SgEl
Canaverali neem	Canaverali neemeta	SgAb
Canaverali neem	Canaverali neemi	PlP
Canaverali neem	Canaverali neemiks	PlTr
Canaverali neem	Canaverali neemil	PlAd
Canaverali neem	Canaverali neemile	PlAll
Canaverali neem	Canaverali neemilt	PlAbl
Canaverali neem	Canaverali neemis	PlIn
Canaverali neem	Canaverali neemisse	PlIll
Canaverali neem	Canaverali neemist	PlEl
Cannae	Cannae	SgAdt
Cannae	Cannae	SgG
Cannae	Cannae	SgN
Cannae	Cannaed	PlN
Cannae	Cannaed	SgP
Cannae	Cannaede	PlG
Cannae	Cannaedega	PlKom
Cannae	Cannaedeks	PlTr
Cannae	Cannaedel	PlAd
Cannae	Cannaedele	PlAll
Cannae	Cannaedelt	PlAbl
Cannae	Cannaedena	PlEs
Cannae	Cannaedeni	PlTer
Cannae	Cannaedes	PlIn
Cannae	Cannaedesse	PlIll
Cannae	Cannaedest	PlEl
Cannae	Cannaedeta	PlAb
Cannae	Cannaega	SgKom
Cannae	Cannaeks	SgTr
Cannae	Cannael	SgAd
Cannae	Cannaele	SgAll
Cannae	Cannaelt	SgAbl
Cannae	Cannaena	SgEs
Cannae	Cannaeni	SgTer
Cannae	Cannaes	SgIn
Cannae	Cannaesid	PlP
Cannae	Cannaesse	SgIll
Cannae	Cannaest	SgEl
Cannae	Cannaeta	SgAb
Cannes	Cannes	SgN
Cannes	Cannese	PlP
Cannes	Canneseks	PlTr
Cannes	Cannesel	PlAd
Cannes	Cannesele	PlAll
Cannes	Canneselt	PlAbl
Cannes	Canneses	PlIn
Cannes	Cannesesse	PlIll
Cannes	Cannesest	PlEl
Cannes	Cannesi	SgAdt
Cannes	Cannesi	SgG
Cannes	Cannesi	SgP
Cannes	Cannesid	PlN
Cannes	Canneside	PlG
Cannes	Cannesidega	PlKom
Cannes	Cannesideks	PlTr
Cannes	Cannesidel	PlAd
Cannes	Cannesidele	PlAll
Cannes	Cannesidelt	PlAbl
Cannes	Cannesidena	PlEs
Cannes	Cannesideni	PlTer
Cannes	Cannesides	PlIn
Cannes	Cannesidesse	PlIll
Cannes	Cannesidest	PlEl
Cannes	Cannesideta	PlAb
Cannes	Cannesiga	SgKom
Cannes	Cannesiks	SgTr
Cannes	Cannesil	SgAd
Cannes	Cannesile	SgAll
Cannes	Cannesilt	SgAbl
Cannes	Cannesina	SgEs
Cannes	Cannesini	SgTer
Cannes	Cannesis	SgIn
Cannes	Cannesisid	PlP
Cannes	Cannesisse	SgIll
Cannes	Cannesist	SgEl
Cannes	Cannesita	SgAb
Canterbury	Canterbury	SgAdt
Canterbury	Canterbury	SgG
Canterbury	Canterbury	SgN
Canterbury	Canterburyd	PlN
Canterbury	Canterburyde	PlG
Canterbury	Canterburydega	PlKom
Canterbury	Canterburydeks	PlTr
Canterbury	Canterburydel	PlAd
Canterbury	Canterburydele	PlAll
Canterbury	Canterburydelt	PlAbl
Canterbury	Canterburydena	PlEs
Canterbury	Canterburydeni	PlTer
Canterbury	Canterburydes	PlIn
Canterbury	Canterburydesse	PlIll
Canterbury	Canterburydest	PlEl
Canterbury	Canterburydeta	PlAb
Canterbury	Canterburyga	SgKom
Canterbury	Canterburyks	SgTr
Canterbury	Canterburyl	SgAd
Canterbury	Canterburyle	SgAll
Canterbury	Canterburylt	SgAbl
Canterbury	Canterburyna	SgEs
Canterbury	Canterburyni	SgTer
Canterbury	Canterburys	SgIn
Canterbury	Canterburysid	PlP
Canterbury	Canterburysse	SgIll
Canterbury	Canterburyst	SgEl
Canterbury	Canterburyt	SgP
Canterbury	Canterburyta	SgAb
Carlisle	Carlisle	SgN
Carlisle	Carlisle'e	PlP
Carlisle	Carlisle'eks	PlTr
Carlisle	Carlisle'el	PlAd
Carlisle	Carlisle'ele	PlAll
Carlisle	Carlisle'elt	PlAbl
Carlisle	Carlisle'es	PlIn
Carlisle	Carlisle'esse	PlIll
Carlisle	Carlisle'est	PlEl
Carlisle	Carlisle'i	SgAdt
Carlisle	Carlisle'i	SgG
Carlisle	Carlisle'i	SgP
Carlisle	Carlisle'id	PlN
Carlisle	Carlisle'ide	PlG
Carlisle	Carlisle'idega	PlKom
Carlisle	Carlisle'ideks	PlTr
Carlisle	Carlisle'idel	PlAd
Carlisle	Carlisle'idele	PlAll
Carlisle	Carlisle'idelt	PlAbl
Carlisle	Carlisle'idena	PlEs
Carlisle	Carlisle'ideni	PlTer
Carlisle	Carlisle'ides	PlIn
Carlisle	Carlisle'idesse	PlIll
Carlisle	Carlisle'idest	PlEl
Carlisle	Carlisle'ideta	PlAb
Carlisle	Carlisle'iga	SgKom
Carlisle	Carlisle'iks	SgTr
Carlisle	Carlisle'il	SgAd
Carlisle	Carlisle'ile	SgAll
Carlisle	Carlisle'ilt	SgAbl
Carlisle	Carlisle'ina	SgEs
Carlisle	Carlisle'ini	SgTer
Carlisle	Carlisle'is	SgIn
Carlisle	Carlisle'isid	PlP
Carlisle	Carlisle'isse	SgIll
Carlisle	Carlisle'ist	SgEl
Carlisle	Carlisle'ita	SgAb
Carpentaria laht	Carpentaria lahe	SgG
Carpentaria laht	Carpentaria lahega	SgKom
Carpentaria laht	Carpentaria laheks	SgTr
Carpentaria laht	Carpentaria lahel	SgAd
Carpentaria laht	Carpentaria lahele	SgAll
Carpentaria laht	Carpentaria lahelt	SgAbl
Carpentaria laht	Carpentaria lahena	SgEs
Carpentaria laht	Carpentaria laheni	SgTer
Carpentaria laht	Carpentaria lahes	SgIn
Carpentaria laht	Carpentaria lahesse	SgIll
Carpentaria laht	Carpentaria lahest	SgEl
Carpentaria laht	Carpentaria laheta	SgAb
Carpentaria laht	Carpentaria laht	SgN
Carpentaria laht	Carpentaria lahte	SgAdt
Carpentaria laht	Carpentaria lahte	SgP
Cartagena	Cartagena	SgAdt
Cartagena	Cartagena	SgG
Cartagena	Cartagena	SgN
Cartagena	Cartagenad	PlN
Cartagena	Cartagenade	PlG
Cartagena	Cartagenadega	PlKom
Cartagena	Cartagenadeks	PlTr
Cartagena	Cartagenadel	PlAd
Cartagena	Cartagenadele	PlAll
Cartagena	Cartagenadelt	PlAbl
Cartagena	Cartagenadena	PlEs
Cartagena	Cartagenadeni	PlTer
Cartagena	Cartagenades	PlIn
Cartagena	Cartagenadesse	PlIll
Cartagena	Cartagenadest	PlEl
Cartagena	Cartagenadeta	PlAb
Cartagena	Cartagenaga	SgKom
Cartagena	Cartagenaks	SgTr
Cartagena	Cartagenal	SgAd
Cartagena	Cartagenale	SgAll
Cartagena	Cartagenalt	SgAbl
Cartagena	Cartagenana	SgEs
Cartagena	Cartagenani	SgTer
Cartagena	Cartagenas	SgIn
Cartagena	Cartagenasid	PlP
Cartagena	Cartagenasse	SgIll
Cartagena	Cartagenast	SgEl
Cartagena	Cartagenat	SgP
Cartagena	Cartagenata	SgAb
Casablanca	Casablanca	SgAdt
Casablanca	Casablanca	SgG
Casablanca	Casablanca	SgN
Casablanca	Casablancad	PlN
Casablanca	Casablancade	PlG
Casablanca	Casablancadega	PlKom
Casablanca	Casablancadeks	PlTr
Casablanca	Casablancadel	PlAd
Casablanca	Casablancadele	PlAll
Casablanca	Casablancadelt	PlAbl
Casablanca	Casablancadena	PlEs
Casablanca	Casablancadeni	PlTer
Casablanca	Casablancades	PlIn
Casablanca	Casablancadesse	PlIll
Casablanca	Casablancadest	PlEl
Casablanca	Casablancadeta	PlAb
Casablanca	Casablancaga	SgKom
Casablanca	Casablancaks	SgTr
Casablanca	Casablancal	SgAd
Casablanca	Casablancale	SgAll
Casablanca	Casablancalt	SgAbl
Casablanca	Casablancana	SgEs
Casablanca	Casablancani	SgTer
Casablanca	Casablancas	SgIn
Casablanca	Casablancasid	PlP
Casablanca	Casablancasse	SgIll
Casablanca	Casablancast	SgEl
Casablanca	Casablancat	SgP
Casablanca	Casablancata	SgAb
Casiquiare	Casiquiare	SgAdt
Casiquiare	Casiquiare	SgG
Casiquiare	Casiquiare	SgN
Casiquiare	Casiquiared	PlN
Casiquiare	Casiquiarede	PlG
Casiquiare	Casiquiaredega	PlKom
Casiquiare	Casiquiaredeks	PlTr
Casiquiare	Casiquiaredel	PlAd
Casiquiare	Casiquiaredele	PlAll
Casiquiare	Casiquiaredelt	PlAbl
Casiquiare	Casiquiaredena	PlEs
Casiquiare	Casiquiaredeni	PlTer
Casiquiare	Casiquiaredes	PlIn
Casiquiare	Casiquiaredesse	PlIll
Casiquiare	Casiquiaredest	PlEl
Casiquiare	Casiquiaredeta	PlAb
Casiquiare	Casiquiarega	SgKom
Casiquiare	Casiquiareks	SgTr
Casiquiare	Casiquiarel	SgAd
Casiquiare	Casiquiarele	SgAll
Casiquiare	Casiquiarelt	SgAbl
Casiquiare	Casiquiarena	SgEs
Casiquiare	Casiquiareni	SgTer
Casiquiare	Casiquiares	SgIn
Casiquiare	Casiquiaresid	PlP
Casiquiare	Casiquiaresse	SgIll
Casiquiare	Casiquiarest	SgEl
Casiquiare	Casiquiaret	SgP
Casiquiare	Casiquiareta	SgAb
Casnewydd	Casnewydd	SgAdt
Casnewydd	Casnewydd	SgN
Casnewydd	Casnewyddeid	PlP
Casnewydd	Casnewyddeiks	PlTr
Casnewydd	Casnewyddeil	PlAd
Casnewydd	Casnewyddeile	PlAll
Casnewydd	Casnewyddeilt	PlAbl
Casnewydd	Casnewyddeis	PlIn
Casnewydd	Casnewyddeisse	PlIll
Casnewydd	Casnewyddeist	PlEl
Casnewydd	Casnewyddi	SgG
Casnewydd	Casnewyddid	PlN
Casnewydd	Casnewyddiga	SgKom
Casnewydd	Casnewyddiks	SgTr
Casnewydd	Casnewyddil	SgAd
Casnewydd	Casnewyddile	SgAll
Casnewydd	Casnewyddilt	SgAbl
Casnewydd	Casnewyddina	SgEs
Casnewydd	Casnewyddini	SgTer
Casnewydd	Casnewyddis	SgIn
Casnewydd	Casnewyddisse	SgIll
Casnewydd	Casnewyddist	SgEl
Casnewydd	Casnewyddit	SgP
Casnewydd	Casnewyddita	SgAb
Casnewydd	Casnewyddite	PlG
Casnewydd	Casnewydditega	PlKom
Casnewydd	Casnewydditeks	PlTr
Casnewydd	Casnewydditel	PlAd
Casnewydd	Casnewydditele	PlAll
Casnewydd	Casnewydditelt	PlAbl
Casnewydd	Casnewydditena	PlEs
Casnewydd	Casnewydditeni	PlTer
Casnewydd	Casnewyddites	PlIn
Casnewydd	Casnewydditesse	PlIll
Casnewydd	Casnewydditest	PlEl
Casnewydd	Casnewydditeta	PlAb
Castilla – La Mancha	Castilla-La Mancha	SgAdt
Castilla – La Mancha	Castilla-La Mancha	SgG
Castilla – La Mancha	Castilla-La Mancha	SgN
Castilla – La Mancha	Castilla-La Manchad	PlN
Castilla – La Mancha	Castilla-La Manchade	PlG
Castilla – La Mancha	Castilla-La Manchadega	PlKom
Castilla – La Mancha	Castilla-La Manchadeks	PlTr
Castilla – La Mancha	Castilla-La Manchadel	PlAd
Castilla – La Mancha	Castilla-La Manchadele	PlAll
Castilla – La Mancha	Castilla-La Manchadelt	PlAbl
Castilla – La Mancha	Castilla-La Manchadena	PlEs
Castilla – La Mancha	Castilla-La Manchadeni	PlTer
Castilla – La Mancha	Castilla-La Manchades	PlIn
Castilla – La Mancha	Castilla-La Manchadesse	PlIll
Castilla – La Mancha	Castilla-La Manchadest	PlEl
Castilla – La Mancha	Castilla-La Manchadeta	PlAb
Castilla – La Mancha	Castilla-La Manchaga	SgKom
Castilla – La Mancha	Castilla-La Manchaks	SgTr
Castilla – La Mancha	Castilla-La Manchal	SgAd
Castilla – La Mancha	Castilla-La Manchale	SgAll
Castilla – La Mancha	Castilla-La Manchalt	SgAbl
Castilla – La Mancha	Castilla-La Manchana	SgEs
Castilla – La Mancha	Castilla-La Manchani	SgTer
Castilla – La Mancha	Castilla-La Manchas	SgIn
Castilla – La Mancha	Castilla-La Manchasid	PlP
Castilla – La Mancha	Castilla-La Manchasse	SgIll
Castilla – La Mancha	Castilla-La Manchast	SgEl
Castilla – La Mancha	Castilla-La Manchat	SgP
Castilla – La Mancha	Castilla-La Manchata	SgAb
Castilla y León	Castilla y León	SgN
Castilla y León	Castilla y Leóne	PlP
Castilla y León	Castilla y Leóneks	PlTr
Castilla y León	Castilla y Leónel	PlAd
Castilla y León	Castilla y Leónele	PlAll
Castilla y León	Castilla y Leónelt	PlAbl
Castilla y León	Castilla y Leónes	PlIn
Castilla y León	Castilla y Leónesse	PlIll
Castilla y León	Castilla y Leónest	PlEl
Castilla y León	Castilla y Leóni	SgAdt
Castilla y León	Castilla y Leóni	SgG
Castilla y León	Castilla y Leóni	SgP
Castilla y León	Castilla y Leónid	PlN
Castilla y León	Castilla y Leónide	PlG
Castilla y León	Castilla y Leónidega	PlKom
Castilla y León	Castilla y Leónideks	PlTr
Castilla y León	Castilla y Leónidel	PlAd
Castilla y León	Castilla y Leónidele	PlAll
Castilla y León	Castilla y Leónidelt	PlAbl
Castilla y León	Castilla y Leónidena	PlEs
Castilla y León	Castilla y Leónideni	PlTer
Castilla y León	Castilla y Leónides	PlIn
Castilla y León	Castilla y Leónidesse	PlIll
Castilla y León	Castilla y Leónidest	PlEl
Castilla y León	Castilla y Leónideta	PlAb
Castilla y León	Castilla y Leóniga	SgKom
Castilla y León	Castilla y Leóniks	SgTr
Castilla y León	Castilla y Leónil	SgAd
Castilla y León	Castilla y Leónile	SgAll
Castilla y León	Castilla y Leónilt	SgAbl
Castilla y León	Castilla y Leónina	SgEs
Castilla y León	Castilla y Leónini	SgTer
Castilla y León	Castilla y Leónis	SgIn
Castilla y León	Castilla y Leónisid	PlP
Castilla y León	Castilla y Leónisse	SgIll
Castilla y León	Castilla y Leónist	SgEl
Castilla y León	Castilla y Leónita	SgAb
Catania	Catania	SgAdt
Catania	Catania	SgG
Catania	Catania	SgN
Catania	Cataniad	PlN
Catania	Cataniaga	SgKom
Catania	Cataniaid	PlP
Catania	Cataniaiks	PlTr
Catania	Cataniail	PlAd
Catania	Cataniaile	PlAll
Catania	Cataniailt	PlAbl
Catania	Cataniais	PlIn
Catania	Cataniaisse	PlIll
Catania	Cataniaist	PlEl
Catania	Cataniaks	SgTr
Catania	Catanial	SgAd
Catania	Cataniale	SgAll
Catania	Catanialt	SgAbl
Catania	Cataniana	SgEs
Catania	Cataniani	SgTer
Catania	Catanias	SgIn
Catania	Cataniasse	SgIll
Catania	Cataniast	SgEl
Catania	Cataniat	SgP
Catania	Cataniata	SgAb
Catania	Cataniate	PlG
Catania	Cataniatega	PlKom
Catania	Cataniateks	PlTr
Catania	Cataniatel	PlAd
Catania	Cataniatele	PlAll
Catania	Cataniatelt	PlAbl
Catania	Cataniatena	PlEs
Catania	Cataniateni	PlTer
Catania	Cataniates	PlIn
Catania	Cataniatesse	PlIll
Catania	Cataniatest	PlEl
Catania	Cataniateta	PlAb
Cetinje	Cetinje	SgAdt
Cetinje	Cetinje	SgG
Cetinje	Cetinje	SgN
Cetinje	Cetinjed	PlN
Cetinje	Cetinjega	SgKom
Cetinje	Cetinjeid	PlP
Cetinje	Cetinjeiks	PlTr
Cetinje	Cetinjeil	PlAd
Cetinje	Cetinjeile	PlAll
Cetinje	Cetinjeilt	PlAbl
Cetinje	Cetinjeis	PlIn
Cetinje	Cetinjeisse	PlIll
Cetinje	Cetinjeist	PlEl
Cetinje	Cetinjeks	SgTr
Cetinje	Cetinjel	SgAd
Cetinje	Cetinjele	SgAll
Cetinje	Cetinjelt	SgAbl
Cetinje	Cetinjena	SgEs
Cetinje	Cetinjeni	SgTer
Cetinje	Cetinjes	SgIn
Cetinje	Cetinjesse	SgIll
Cetinje	Cetinjest	SgEl
Cetinje	Cetinjet	SgP
Cetinje	Cetinjeta	SgAb
Cetinje	Cetinjete	PlG
Cetinje	Cetinjetega	PlKom
Cetinje	Cetinjeteks	PlTr
Cetinje	Cetinjetel	PlAd
Cetinje	Cetinjetele	PlAll
Cetinje	Cetinjetelt	PlAbl
Cetinje	Cetinjetena	PlEs
Cetinje	Cetinjeteni	PlTer
Cetinje	Cetinjetes	PlIn
Cetinje	Cetinjetesse	PlIll
Cetinje	Cetinjetest	PlEl
Cetinje	Cetinjeteta	PlAb
Ceuta	Ceuta	SgAdt
Ceuta	Ceuta	SgG
Ceuta	Ceuta	SgN
Ceuta	Ceutad	PlN
Ceuta	Ceutade	PlG
Ceuta	Ceutadega	PlKom
Ceuta	Ceutadeks	PlTr
Ceuta	Ceutadel	PlAd
Ceuta	Ceutadele	PlAll
Ceuta	Ceutadelt	PlAbl
Ceuta	Ceutadena	PlEs
Ceuta	Ceutadeni	PlTer
Ceuta	Ceutades	PlIn
Ceuta	Ceutadesse	PlIll
Ceuta	Ceutadest	PlEl
Ceuta	Ceutadeta	PlAb
Ceuta	Ceutaga	SgKom
Ceuta	Ceutaks	SgTr
Ceuta	Ceutal	SgAd
Ceuta	Ceutale	SgAll
Ceuta	Ceutalt	SgAbl
Ceuta	Ceutana	SgEs
Ceuta	Ceutani	SgTer
Ceuta	Ceutas	SgIn
Ceuta	Ceutasid	PlP
Ceuta	Ceutasse	SgIll
Ceuta	Ceutast	SgEl
Ceuta	Ceutat	SgP
Ceuta	Ceutata	SgAb
Chaco	Chaco	SgAdt
Chaco	Chaco	SgG
Chaco	Chaco	SgN
Chaco	Chacod	PlN
Chaco	Chacode	PlG
Chaco	Chacodega	PlKom
Chaco	Chacodeks	PlTr
Chaco	Chacodel	PlAd
Chaco	Chacodele	PlAll
Chaco	Chacodelt	PlAbl
Chaco	Chacodena	PlEs
Chaco	Chacodeni	PlTer
Chaco	Chacodes	PlIn
Chaco	Chacodesse	PlIll
Chaco	Chacodest	PlEl
Chaco	Chacodeta	PlAb
Chaco	Chacoga	SgKom
Chaco	Chacoks	SgTr
Chaco	Chacol	SgAd
Chaco	Chacole	SgAll
Chaco	Chacolt	SgAbl
Chaco	Chacona	SgEs
Chaco	Chaconi	SgTer
Chaco	Chacos	SgIn
Chaco	Chacosid	PlP
Chaco	Chacosse	SgIll
Chaco	Chacost	SgEl
Chaco	Chacot	SgP
Chaco	Chacota	SgAb
Chalkidike	Chalkidike	SgAdt
Chalkidike	Chalkidike	SgG
Chalkidike	Chalkidike	SgN
Chalkidike	Chalkidiked	PlN
Chalkidike	Chalkidikega	SgKom
Chalkidike	Chalkidikeid	PlP
Chalkidike	Chalkidikeiks	PlTr
Chalkidike	Chalkidikeil	PlAd
Chalkidike	Chalkidikeile	PlAll
Chalkidike	Chalkidikeilt	PlAbl
Chalkidike	Chalkidikeis	PlIn
Chalkidike	Chalkidikeisse	PlIll
Chalkidike	Chalkidikeist	PlEl
Chalkidike	Chalkidikeks	SgTr
Chalkidike	Chalkidikel	SgAd
Chalkidike	Chalkidikele	SgAll
Chalkidike	Chalkidikelt	SgAbl
Chalkidike	Chalkidikena	SgEs
Chalkidike	Chalkidikeni	SgTer
Chalkidike	Chalkidikes	SgIn
Chalkidike	Chalkidikesse	SgIll
Chalkidike	Chalkidikest	SgEl
Chalkidike	Chalkidiket	SgP
Chalkidike	Chalkidiketa	SgAb
Chalkidike	Chalkidikete	PlG
Chalkidike	Chalkidiketega	PlKom
Chalkidike	Chalkidiketeks	PlTr
Chalkidike	Chalkidiketel	PlAd
Chalkidike	Chalkidiketele	PlAll
Chalkidike	Chalkidiketelt	PlAbl
Chalkidike	Chalkidiketena	PlEs
Chalkidike	Chalkidiketeni	PlTer
Chalkidike	Chalkidiketes	PlIn
Chalkidike	Chalkidiketesse	PlIll
Chalkidike	Chalkidiketest	PlEl
Chalkidike	Chalkidiketeta	PlAb
Champagne	Champagne	SgN
Champagne	Champagne'e	PlP
Champagne	Champagne'eks	PlTr
Champagne	Champagne'el	PlAd
Champagne	Champagne'ele	PlAll
Champagne	Champagne'elt	PlAbl
Champagne	Champagne'es	PlIn
Champagne	Champagne'esse	PlIll
Champagne	Champagne'est	PlEl
Champagne	Champagne'i	SgAdt
Champagne	Champagne'i	SgG
Champagne	Champagne'i	SgP
Champagne	Champagne'id	PlN
Champagne	Champagne'ide	PlG
Champagne	Champagne'idega	PlKom
Champagne	Champagne'ideks	PlTr
Champagne	Champagne'idel	PlAd
Champagne	Champagne'idele	PlAll
Champagne	Champagne'idelt	PlAbl
Champagne	Champagne'idena	PlEs
Champagne	Champagne'ideni	PlTer
Champagne	Champagne'ides	PlIn
Champagne	Champagne'idesse	PlIll
Champagne	Champagne'idest	PlEl
Champagne	Champagne'ideta	PlAb
Champagne	Champagne'iga	SgKom
Champagne	Champagne'iks	SgTr
Champagne	Champagne'il	SgAd
Champagne	Champagne'ile	SgAll
Champagne	Champagne'ilt	SgAbl
Champagne	Champagne'ina	SgEs
Champagne	Champagne'ini	SgTer
Champagne	Champagne'is	SgIn
Champagne	Champagne'isid	PlP
Champagne	Champagne'isse	SgIll
Champagne	Champagne'ist	SgEl
Champagne	Champagne'ita	SgAb
Chandigarh	Chandigarh	SgN
Chandigarh	Chandigarhe	PlP
Chandigarh	Chandigarheks	PlTr
Chandigarh	Chandigarhel	PlAd
Chandigarh	Chandigarhele	PlAll
Chandigarh	Chandigarhelt	PlAbl
Chandigarh	Chandigarhes	PlIn
Chandigarh	Chandigarhesse	PlIll
Chandigarh	Chandigarhest	PlEl
Chandigarh	Chandigarhi	SgAdt
Chandigarh	Chandigarhi	SgG
Chandigarh	Chandigarhi	SgP
Chandigarh	Chandigarhid	PlN
Chandigarh	Chandigarhide	PlG
Chandigarh	Chandigarhidega	PlKom
Chandigarh	Chandigarhideks	PlTr
Chandigarh	Chandigarhidel	PlAd
Chandigarh	Chandigarhidele	PlAll
Chandigarh	Chandigarhidelt	PlAbl
Chandigarh	Chandigarhidena	PlEs
Chandigarh	Chandigarhideni	PlTer
Chandigarh	Chandigarhides	PlIn
Chandigarh	Chandigarhidesse	PlIll
Chandigarh	Chandigarhidest	PlEl
Chandigarh	Chandigarhideta	PlAb
Chandigarh	Chandigarhiga	SgKom
Chandigarh	Chandigarhiks	SgTr
Chandigarh	Chandigarhil	SgAd
Chandigarh	Chandigarhile	SgAll
Chandigarh	Chandigarhilt	SgAbl
Chandigarh	Chandigarhina	SgEs
Chandigarh	Chandigarhini	SgTer
Chandigarh	Chandigarhis	SgIn
Chandigarh	Chandigarhisid	PlP
Chandigarh	Chandigarhisse	SgIll
Chandigarh	Chandigarhist	SgEl
Chandigarh	Chandigarhita	SgAb
Changsha	Changsha	SgAdt
Changsha	Changsha	SgG
Changsha	Changsha	SgN
Changsha	Changshad	PlN
Changsha	Changshad	SgP
Changsha	Changshade	PlG
Changsha	Changshadega	PlKom
Changsha	Changshadeks	PlTr
Changsha	Changshadel	PlAd
Changsha	Changshadele	PlAll
Changsha	Changshadelt	PlAbl
Changsha	Changshadena	PlEs
Changsha	Changshadeni	PlTer
Changsha	Changshades	PlIn
Changsha	Changshadesse	PlIll
Changsha	Changshadest	PlEl
Changsha	Changshadeta	PlAb
Changsha	Changshaga	SgKom
Changsha	Changshaks	SgTr
Changsha	Changshal	SgAd
Changsha	Changshale	SgAll
Changsha	Changshalt	SgAbl
Changsha	Changshana	SgEs
Changsha	Changshani	SgTer
Changsha	Changshas	SgIn
Changsha	Changshasid	PlP
Changsha	Changshasse	SgIll
Changsha	Changshast	SgEl
Changsha	Changshata	SgAb
Chaniá	Chaniá	SgAdt
Chaniá	Chaniá	SgG
Chaniá	Chaniá	SgN
Chaniá	Chaniád	PlN
Chaniá	Chaniád	SgP
Chaniá	Chaniáde	PlG
Chaniá	Chaniádega	PlKom
Chaniá	Chaniádeks	PlTr
Chaniá	Chaniádel	PlAd
Chaniá	Chaniádele	PlAll
Chaniá	Chaniádelt	PlAbl
Chaniá	Chaniádena	PlEs
Chaniá	Chaniádeni	PlTer
Chaniá	Chaniádes	PlIn
Chaniá	Chaniádesse	PlIll
Chaniá	Chaniádest	PlEl
Chaniá	Chaniádeta	PlAb
Chaniá	Chaniága	SgKom
Chaniá	Chaniáks	SgTr
Chaniá	Chaniál	SgAd
Chaniá	Chaniále	SgAll
Chaniá	Chaniált	SgAbl
Chaniá	Chaniána	SgEs
Chaniá	Chaniáni	SgTer
Chaniá	Chaniás	SgIn
Chaniá	Chaniásid	PlP
Chaniá	Chaniásse	SgIll
Chaniá	Chaniást	SgEl
Chaniá	Chaniáta	SgAb
Chari	Chari	SgAdt
Chari	Chari	SgG
Chari	Chari	SgN
Chari	Charid	PlN
Chari	Charid	SgP
Chari	Charide	PlG
Chari	Charidega	PlKom
Chari	Charideks	PlTr
Chari	Charidel	PlAd
Chari	Charidele	PlAll
Chari	Charidelt	PlAbl
Chari	Charidena	PlEs
Chari	Charideni	PlTer
Chari	Charides	PlIn
Chari	Charidesse	PlIll
Chari	Charidest	PlEl
Chari	Charideta	PlAb
Chari	Chariga	SgKom
Chari	Chariks	SgTr
Chari	Charil	SgAd
Chari	Charile	SgAll
Chari	Charilt	SgAbl
Chari	Charina	SgEs
Chari	Charini	SgTer
Chari	Charis	SgIn
Chari	Charisid	PlP
Chari	Charisse	SgIll
Chari	Charist	SgEl
Chari	Charita	SgAb
Chattanooga	Chattanooga	SgAdt
Chattanooga	Chattanooga	SgG
Chattanooga	Chattanooga	SgN
Chattanooga	Chattanoogad	PlN
Chattanooga	Chattanoogade	PlG
Chattanooga	Chattanoogadega	PlKom
Chattanooga	Chattanoogadeks	PlTr
Chattanooga	Chattanoogadel	PlAd
Chattanooga	Chattanoogadele	PlAll
Chattanooga	Chattanoogadelt	PlAbl
Chattanooga	Chattanoogadena	PlEs
Chattanooga	Chattanoogadeni	PlTer
Chattanooga	Chattanoogades	PlIn
Chattanooga	Chattanoogadesse	PlIll
Chattanooga	Chattanoogadest	PlEl
Chattanooga	Chattanoogadeta	PlAb
Chattanooga	Chattanoogaga	SgKom
Chattanooga	Chattanoogaks	SgTr
Chattanooga	Chattanoogal	SgAd
Chattanooga	Chattanoogale	SgAll
Chattanooga	Chattanoogalt	SgAbl
Chattanooga	Chattanoogana	SgEs
Chattanooga	Chattanoogani	SgTer
Chattanooga	Chattanoogas	SgIn
Chattanooga	Chattanoogasid	PlP
Chattanooga	Chattanoogasse	SgIll
Chattanooga	Chattanoogast	SgEl
Chattanooga	Chattanoogat	SgP
Chattanooga	Chattanoogata	SgAb
Cheju	Cheju	SgAdt
Cheju	Cheju	SgG
Cheju	Cheju	SgN
Cheju	Chejud	PlN
Cheju	Chejude	PlG
Cheju	Chejudega	PlKom
Cheju	Chejudeks	PlTr
Cheju	Chejudel	PlAd
Cheju	Chejudele	PlAll
Cheju	Chejudelt	PlAbl
Cheju	Chejudena	PlEs
Cheju	Chejudeni	PlTer
Cheju	Chejudes	PlIn
Cheju	Chejudesse	PlIll
Cheju	Chejudest	PlEl
Cheju	Chejudeta	PlAb
Cheju	Chejuga	SgKom
Cheju	Chejuks	SgTr
Cheju	Chejul	SgAd
Cheju	Chejule	SgAll
Cheju	Chejult	SgAbl
Cheju	Chejuna	SgEs
Cheju	Chejuni	SgTer
Cheju	Chejus	SgIn
Cheju	Chejusid	PlP
Cheju	Chejusse	SgIll
Cheju	Chejust	SgEl
Cheju	Chejut	SgP
Cheju	Chejuta	SgAb
Chengdu	Chengdu	SgAdt
Chengdu	Chengdu	SgG
Chengdu	Chengdu	SgN
Chengdu	Chengdud	PlN
Chengdu	Chengdud	SgP
Chengdu	Chengdude	PlG
Chengdu	Chengdudega	PlKom
Chengdu	Chengdudeks	PlTr
Chengdu	Chengdudel	PlAd
Chengdu	Chengdudele	PlAll
Chengdu	Chengdudelt	PlAbl
Chengdu	Chengdudena	PlEs
Chengdu	Chengdudeni	PlTer
Chengdu	Chengdudes	PlIn
Chengdu	Chengdudesse	PlIll
Chengdu	Chengdudest	PlEl
Chengdu	Chengdudeta	PlAb
Chengdu	Chengduga	SgKom
Chengdu	Chengduks	SgTr
Chengdu	Chengdul	SgAd
Chengdu	Chengdule	SgAll
Chengdu	Chengdult	SgAbl
Chengdu	Chengduna	SgEs
Chengdu	Chengduni	SgTer
Chengdu	Chengdus	SgIn
Chengdu	Chengdusid	PlP
Chengdu	Chengdusse	SgIll
Chengdu	Chengdust	SgEl
Chengdu	Chengduta	SgAb
Cherbourg	Cherbourg	SgN
Cherbourg	Cherbourge	PlP
Cherbourg	Cherbourgeks	PlTr
Cherbourg	Cherbourgel	PlAd
Cherbourg	Cherbourgele	PlAll
Cherbourg	Cherbourgelt	PlAbl
Cherbourg	Cherbourges	PlIn
Cherbourg	Cherbourgesse	PlIll
Cherbourg	Cherbourgest	PlEl
Cherbourg	Cherbourgi	SgAdt
Cherbourg	Cherbourgi	SgG
Cherbourg	Cherbourgi	SgP
Cherbourg	Cherbourgid	PlN
Cherbourg	Cherbourgide	PlG
Cherbourg	Cherbourgidega	PlKom
Cherbourg	Cherbourgideks	PlTr
Cherbourg	Cherbourgidel	PlAd
Cherbourg	Cherbourgidele	PlAll
Cherbourg	Cherbourgidelt	PlAbl
Cherbourg	Cherbourgidena	PlEs
Cherbourg	Cherbourgideni	PlTer
Cherbourg	Cherbourgides	PlIn
Cherbourg	Cherbourgidesse	PlIll
Cherbourg	Cherbourgidest	PlEl
Cherbourg	Cherbourgideta	PlAb
Cherbourg	Cherbourgiga	SgKom
Cherbourg	Cherbourgiks	SgTr
Cherbourg	Cherbourgil	SgAd
Cherbourg	Cherbourgile	SgAll
Cherbourg	Cherbourgilt	SgAbl
Cherbourg	Cherbourgina	SgEs
Cherbourg	Cherbourgini	SgTer
Cherbourg	Cherbourgis	SgIn
Cherbourg	Cherbourgisid	PlP
Cherbourg	Cherbourgisse	SgIll
Cherbourg	Cherbourgist	SgEl
Cherbourg	Cherbourgita	SgAb
Cheshire	Cheshire	SgAdt
Cheshire	Cheshire	SgN
Cheshire	Cheshire'eid	PlP
Cheshire	Cheshire'eiks	PlTr
Cheshire	Cheshire'eil	PlAd
Cheshire	Cheshire'eile	PlAll
Cheshire	Cheshire'eilt	PlAbl
Cheshire	Cheshire'eis	PlIn
Cheshire	Cheshire'eisse	PlIll
Cheshire	Cheshire'eist	PlEl
Cheshire	Cheshire'i	SgG
Cheshire	Cheshire'id	PlN
Cheshire	Cheshire'iga	SgKom
Cheshire	Cheshire'iks	SgTr
Cheshire	Cheshire'il	SgAd
Cheshire	Cheshire'ile	SgAll
Cheshire	Cheshire'ilt	SgAbl
Cheshire	Cheshire'ina	SgEs
Cheshire	Cheshire'ini	SgTer
Cheshire	Cheshire'is	SgIn
Cheshire	Cheshire'isse	SgIll
Cheshire	Cheshire'ist	SgEl
Cheshire	Cheshire'it	SgP
Cheshire	Cheshire'ita	SgAb
Cheshire	Cheshire'ite	PlG
Cheshire	Cheshire'itega	PlKom
Cheshire	Cheshire'iteks	PlTr
Cheshire	Cheshire'itel	PlAd
Cheshire	Cheshire'itele	PlAll
Cheshire	Cheshire'itelt	PlAbl
Cheshire	Cheshire'itena	PlEs
Cheshire	Cheshire'iteni	PlTer
Cheshire	Cheshire'ites	PlIn
Cheshire	Cheshire'itesse	PlIll
Cheshire	Cheshire'itest	PlEl
Cheshire	Cheshire'iteta	PlAb
Chester	Chester	SgAdt
Chester	Chester	SgN
Chester	Chestereid	PlP
Chester	Chestereiks	PlTr
Chester	Chestereil	PlAd
Chester	Chestereile	PlAll
Chester	Chestereilt	PlAbl
Chester	Chestereis	PlIn
Chester	Chestereisse	PlIll
Chester	Chestereist	PlEl
Chester	Chesteri	SgG
Chester	Chesterid	PlN
Chester	Chesteriga	SgKom
Chester	Chesteriks	SgTr
Chester	Chesteril	SgAd
Chester	Chesterile	SgAll
Chester	Chesterilt	SgAbl
Chester	Chesterina	SgEs
Chester	Chesterini	SgTer
Chester	Chesteris	SgIn
Chester	Chesterisse	SgIll
Chester	Chesterist	SgEl
Chester	Chesterit	SgP
Chester	Chesterita	SgAb
Chester	Chesterite	PlG
Chester	Chesteritega	PlKom
Chester	Chesteriteks	PlTr
Chester	Chesteritel	PlAd
Chester	Chesteritele	PlAll
Chester	Chesteritelt	PlAbl
Chester	Chesteritena	PlEs
Chester	Chesteriteni	PlTer
Chester	Chesterites	PlIn
Chester	Chesteritesse	PlIll
Chester	Chesteritest	PlEl
Chester	Chesteriteta	PlAb
Cheyenne	Cheyenne	SgN
Cheyenne	Cheyenne'e	PlP
Cheyenne	Cheyenne'eks	PlTr
Cheyenne	Cheyenne'el	PlAd
Cheyenne	Cheyenne'ele	PlAll
Cheyenne	Cheyenne'elt	PlAbl
Cheyenne	Cheyenne'es	PlIn
Cheyenne	Cheyenne'esse	PlIll
Cheyenne	Cheyenne'est	PlEl
Cheyenne	Cheyenne'i	SgAdt
Cheyenne	Cheyenne'i	SgG
Cheyenne	Cheyenne'i	SgP
Cheyenne	Cheyenne'id	PlN
Cheyenne	Cheyenne'ide	PlG
Cheyenne	Cheyenne'idega	PlKom
Cheyenne	Cheyenne'ideks	PlTr
Cheyenne	Cheyenne'idel	PlAd
Cheyenne	Cheyenne'idele	PlAll
Cheyenne	Cheyenne'idelt	PlAbl
Cheyenne	Cheyenne'idena	PlEs
Cheyenne	Cheyenne'ideni	PlTer
Cheyenne	Cheyenne'ides	PlIn
Cheyenne	Cheyenne'idesse	PlIll
Cheyenne	Cheyenne'idest	PlEl
Cheyenne	Cheyenne'ideta	PlAb
Cheyenne	Cheyenne'iga	SgKom
Cheyenne	Cheyenne'iks	SgTr
Cheyenne	Cheyenne'il	SgAd
Cheyenne	Cheyenne'ile	SgAll
Cheyenne	Cheyenne'ilt	SgAbl
Cheyenne	Cheyenne'ina	SgEs
Cheyenne	Cheyenne'ini	SgTer
Cheyenne	Cheyenne'is	SgIn
Cheyenne	Cheyenne'isid	PlP
Cheyenne	Cheyenne'isse	SgIll
Cheyenne	Cheyenne'ist	SgEl
Cheyenne	Cheyenne'ita	SgAb
Chhattisgarh	Chhattisgarh	SgN
Chhattisgarh	Chhattisgarhe	PlP
Chhattisgarh	Chhattisgarheks	PlTr
Chhattisgarh	Chhattisgarhel	PlAd
Chhattisgarh	Chhattisgarhele	PlAll
Chhattisgarh	Chhattisgarhelt	PlAbl
Chhattisgarh	Chhattisgarhes	PlIn
Chhattisgarh	Chhattisgarhesse	PlIll
Chhattisgarh	Chhattisgarhest	PlEl
Chhattisgarh	Chhattisgarhi	SgAdt
Chhattisgarh	Chhattisgarhi	SgG
Chhattisgarh	Chhattisgarhi	SgP
Chhattisgarh	Chhattisgarhid	PlN
Chhattisgarh	Chhattisgarhide	PlG
Chhattisgarh	Chhattisgarhidega	PlKom
Chhattisgarh	Chhattisgarhideks	PlTr
Chhattisgarh	Chhattisgarhidel	PlAd
Chhattisgarh	Chhattisgarhidele	PlAll
Chhattisgarh	Chhattisgarhidelt	PlAbl
Chhattisgarh	Chhattisgarhidena	PlEs
Chhattisgarh	Chhattisgarhideni	PlTer
Chhattisgarh	Chhattisgarhides	PlIn
Chhattisgarh	Chhattisgarhidesse	PlIll
Chhattisgarh	Chhattisgarhidest	PlEl
Chhattisgarh	Chhattisgarhideta	PlAb
Chhattisgarh	Chhattisgarhiga	SgKom
Chhattisgarh	Chhattisgarhiks	SgTr
Chhattisgarh	Chhattisgarhil	SgAd
Chhattisgarh	Chhattisgarhile	SgAll
Chhattisgarh	Chhattisgarhilt	SgAbl
Chhattisgarh	Chhattisgarhina	SgEs
Chhattisgarh	Chhattisgarhini	SgTer
Chhattisgarh	Chhattisgarhis	SgIn
Chhattisgarh	Chhattisgarhisid	PlP
Chhattisgarh	Chhattisgarhisse	SgIll
Chhattisgarh	Chhattisgarhist	SgEl
Chhattisgarh	Chhattisgarhita	SgAb
Chiang Mai	Chiang Mai	SgAdt
Chiang Mai	Chiang Mai	SgG
Chiang Mai	Chiang Mai	SgN
Chiang Mai	Chiang Maid	PlN
Chiang Mai	Chiang Maid	SgP
Chiang Mai	Chiang Maide	PlG
Chiang Mai	Chiang Maidega	PlKom
Chiang Mai	Chiang Maideks	PlTr
Chiang Mai	Chiang Maidel	PlAd
Chiang Mai	Chiang Maidele	PlAll
Chiang Mai	Chiang Maidelt	PlAbl
Chiang Mai	Chiang Maidena	PlEs
Chiang Mai	Chiang Maideni	PlTer
Chiang Mai	Chiang Maides	PlIn
Chiang Mai	Chiang Maidesse	PlIll
Chiang Mai	Chiang Maidest	PlEl
Chiang Mai	Chiang Maideta	PlAb
Chiang Mai	Chiang Maiga	SgKom
Chiang Mai	Chiang Maiks	SgTr
Chiang Mai	Chiang Mail	SgAd
Chiang Mai	Chiang Maile	SgAll
Chiang Mai	Chiang Mailt	SgAbl
Chiang Mai	Chiang Maina	SgEs
Chiang Mai	Chiang Maini	SgTer
Chiang Mai	Chiang Mais	SgIn
Chiang Mai	Chiang Maisid	PlP
Chiang Mai	Chiang Maisse	SgIll
Chiang Mai	Chiang Maist	SgEl
Chiang Mai	Chiang Maita	SgAb
Chiapas	Chiapas	SgAdt
Chiapas	Chiapas	SgN
Chiapas	Chiapase	SgG
Chiapas	Chiapased	PlN
Chiapas	Chiapasega	SgKom
Chiapas	Chiapaseid	PlP
Chiapas	Chiapaseiks	PlTr
Chiapas	Chiapaseil	PlAd
Chiapas	Chiapaseile	PlAll
Chiapas	Chiapaseilt	PlAbl
Chiapas	Chiapaseis	PlIn
Chiapas	Chiapaseisse	PlIll
Chiapas	Chiapaseist	PlEl
Chiapas	Chiapaseks	SgTr
Chiapas	Chiapasel	SgAd
Chiapas	Chiapasele	SgAll
Chiapas	Chiapaselt	SgAbl
Chiapas	Chiapasena	SgEs
Chiapas	Chiapaseni	SgTer
Chiapas	Chiapases	SgIn
Chiapas	Chiapasesse	SgIll
Chiapas	Chiapasest	SgEl
Chiapas	Chiapaseta	SgAb
Chiapas	Chiapast	SgP
Chiapas	Chiapaste	PlG
Chiapas	Chiapastega	PlKom
Chiapas	Chiapasteks	PlTr
Chiapas	Chiapastel	PlAd
Chiapas	Chiapastele	PlAll
Chiapas	Chiapastelt	PlAbl
Chiapas	Chiapastena	PlEs
Chiapas	Chiapasteni	PlTer
Chiapas	Chiapastes	PlIn
Chiapas	Chiapastesse	PlIll
Chiapas	Chiapastest	PlEl
Chiapas	Chiapasteta	PlAb
Chicago	Chicago	SgAdt
Chicago	Chicago	SgG
Chicago	Chicago	SgN
Chicago	Chicagod	PlN
Chicago	Chicagode	PlG
Chicago	Chicagodega	PlKom
Chicago	Chicagodeks	PlTr
Chicago	Chicagodel	PlAd
Chicago	Chicagodele	PlAll
Chicago	Chicagodelt	PlAbl
Chicago	Chicagodena	PlEs
Chicago	Chicagodeni	PlTer
Chicago	Chicagodes	PlIn
Chicago	Chicagodesse	PlIll
Chicago	Chicagodest	PlEl
Chicago	Chicagodeta	PlAb
Chicago	Chicagoga	SgKom
Chicago	Chicagoks	SgTr
Chicago	Chicagol	SgAd
Chicago	Chicagole	SgAll
Chicago	Chicagolt	SgAbl
Chicago	Chicagona	SgEs
Chicago	Chicagoni	SgTer
Chicago	Chicagos	SgIn
Chicago	Chicagosid	PlP
Chicago	Chicagosse	SgIll
Chicago	Chicagost	SgEl
Chicago	Chicagot	SgP
Chicago	Chicagota	SgAb
Chihuahua	Chihuahua	SgAdt
Chihuahua	Chihuahua	SgG
Chihuahua	Chihuahua	SgN
Chihuahua	Chihuahuad	PlN
Chihuahua	Chihuahuade	PlG
Chihuahua	Chihuahuadega	PlKom
Chihuahua	Chihuahuadeks	PlTr
Chihuahua	Chihuahuadel	PlAd
Chihuahua	Chihuahuadele	PlAll
Chihuahua	Chihuahuadelt	PlAbl
Chihuahua	Chihuahuadena	PlEs
Chihuahua	Chihuahuadeni	PlTer
Chihuahua	Chihuahuades	PlIn
Chihuahua	Chihuahuadesse	PlIll
Chihuahua	Chihuahuadest	PlEl
Chihuahua	Chihuahuadeta	PlAb
Chihuahua	Chihuahuaga	SgKom
Chihuahua	Chihuahuaks	SgTr
Chihuahua	Chihuahual	SgAd
Chihuahua	Chihuahuale	SgAll
Chihuahua	Chihuahualt	SgAbl
Chihuahua	Chihuahuana	SgEs
Chihuahua	Chihuahuani	SgTer
Chihuahua	Chihuahuas	SgIn
Chihuahua	Chihuahuasid	PlP
Chihuahua	Chihuahuasse	SgIll
Chihuahua	Chihuahuast	SgEl
Chihuahua	Chihuahuat	SgP
Chihuahua	Chihuahuata	SgAb
Chíos	Chíos	SgAdt
Chíos	Chíos	SgN
Chíos	Chíose	SgG
Chíos	Chíosed	PlN
Chíos	Chíosega	SgKom
Chíos	Chíoseid	PlP
Chíos	Chíoseiks	PlTr
Chíos	Chíoseil	PlAd
Chíos	Chíoseile	PlAll
Chíos	Chíoseilt	PlAbl
Chíos	Chíoseis	PlIn
Chíos	Chíoseisse	PlIll
Chíos	Chíoseist	PlEl
Chíos	Chíoseks	SgTr
Chíos	Chíosel	SgAd
Chíos	Chíosele	SgAll
Chíos	Chíoselt	SgAbl
Chíos	Chíosena	SgEs
Chíos	Chíoseni	SgTer
Chíos	Chíoses	SgIn
Chíos	Chíosesse	SgIll
Chíos	Chíosest	SgEl
Chíos	Chíoseta	SgAb
Chíos	Chíost	SgP
Chíos	Chíoste	PlG
Chíos	Chíostega	PlKom
Chíos	Chíosteks	PlTr
Chíos	Chíostel	PlAd
Chíos	Chíostele	PlAll
Chíos	Chíostelt	PlAbl
Chíos	Chíostena	PlEs
Chíos	Chíosteni	PlTer
Chíos	Chíostes	PlIn
Chíos	Chíostesse	PlIll
Chíos	Chíostest	PlEl
Chíos	Chíosteta	PlAb
Chittagong	Chittagong	SgN
Chittagong	Chittagonge	PlP
Chittagong	Chittagongeks	PlTr
Chittagong	Chittagongel	PlAd
Chittagong	Chittagongele	PlAll
Chittagong	Chittagongelt	PlAbl
Chittagong	Chittagonges	PlIn
Chittagong	Chittagongesse	PlIll
Chittagong	Chittagongest	PlEl
Chittagong	Chittagongi	SgAdt
Chittagong	Chittagongi	SgG
Chittagong	Chittagongi	SgP
Chittagong	Chittagongid	PlN
Chittagong	Chittagongide	PlG
Chittagong	Chittagongidega	PlKom
Chittagong	Chittagongideks	PlTr
Chittagong	Chittagongidel	PlAd
Chittagong	Chittagongidele	PlAll
Chittagong	Chittagongidelt	PlAbl
Chittagong	Chittagongidena	PlEs
Chittagong	Chittagongideni	PlTer
Chittagong	Chittagongides	PlIn
Chittagong	Chittagongidesse	PlIll
Chittagong	Chittagongidest	PlEl
Chittagong	Chittagongideta	PlAb
Chittagong	Chittagongiga	SgKom
Chittagong	Chittagongiks	SgTr
Chittagong	Chittagongil	SgAd
Chittagong	Chittagongile	SgAll
Chittagong	Chittagongilt	SgAbl
Chittagong	Chittagongina	SgEs
Chittagong	Chittagongini	SgTer
Chittagong	Chittagongis	SgIn
Chittagong	Chittagongisid	PlP
Chittagong	Chittagongisse	SgIll
Chittagong	Chittagongist	SgEl
Chittagong	Chittagongita	SgAb
Chongqing	Chongqing	SgN
Chongqing	Chongqinge	PlP
Chongqing	Chongqingeks	PlTr
Chongqing	Chongqingel	PlAd
Chongqing	Chongqingele	PlAll
Chongqing	Chongqingelt	PlAbl
Chongqing	Chongqinges	PlIn
Chongqing	Chongqingesse	PlIll
Chongqing	Chongqingest	PlEl
Chongqing	Chongqingi	SgAdt
Chongqing	Chongqingi	SgG
Chongqing	Chongqingi	SgP
Chongqing	Chongqingid	PlN
Chongqing	Chongqingide	PlG
Chongqing	Chongqingidega	PlKom
Chongqing	Chongqingideks	PlTr
Chongqing	Chongqingidel	PlAd
Chongqing	Chongqingidele	PlAll
Chongqing	Chongqingidelt	PlAbl
Chongqing	Chongqingidena	PlEs
Chongqing	Chongqingideni	PlTer
Chongqing	Chongqingides	PlIn
Chongqing	Chongqingidesse	PlIll
Chongqing	Chongqingidest	PlEl
Chongqing	Chongqingideta	PlAb
Chongqing	Chongqingiga	SgKom
Chongqing	Chongqingiks	SgTr
Chongqing	Chongqingil	SgAd
Chongqing	Chongqingile	SgAll
Chongqing	Chongqingilt	SgAbl
Chongqing	Chongqingina	SgEs
Chongqing	Chongqingini	SgTer
Chongqing	Chongqingis	SgIn
Chongqing	Chongqingisid	PlP
Chongqing	Chongqingisse	SgIll
Chongqing	Chongqingist	SgEl
Chongqing	Chongqingita	SgAb
Christchurch	Christchurch	SgN
Christchurch	Christchurche	PlP
Christchurch	Christchurcheks	PlTr
Christchurch	Christchurchel	PlAd
Christchurch	Christchurchele	PlAll
Christchurch	Christchurchelt	PlAbl
Christchurch	Christchurches	PlIn
Christchurch	Christchurchesse	PlIll
Christchurch	Christchurchest	PlEl
Christchurch	Christchurchi	SgAdt
Christchurch	Christchurchi	SgG
Christchurch	Christchurchi	SgP
Christchurch	Christchurchid	PlN
Christchurch	Christchurchide	PlG
Christchurch	Christchurchidega	PlKom
Christchurch	Christchurchideks	PlTr
Christchurch	Christchurchidel	PlAd
Christchurch	Christchurchidele	PlAll
Christchurch	Christchurchidelt	PlAbl
Christchurch	Christchurchidena	PlEs
Christchurch	Christchurchideni	PlTer
Christchurch	Christchurchides	PlIn
Christchurch	Christchurchidesse	PlIll
Christchurch	Christchurchidest	PlEl
Christchurch	Christchurchideta	PlAb
Christchurch	Christchurchiga	SgKom
Christchurch	Christchurchiks	SgTr
Christchurch	Christchurchil	SgAd
Christchurch	Christchurchile	SgAll
Christchurch	Christchurchilt	SgAbl
Christchurch	Christchurchina	SgEs
Christchurch	Christchurchini	SgTer
Christchurch	Christchurchis	SgIn
Christchurch	Christchurchisid	PlP
Christchurch	Christchurchisse	SgIll
Christchurch	Christchurchist	SgEl
Christchurch	Christchurchita	SgAb
Cincinnati	Cincinnati	SgAdt
Cincinnati	Cincinnati	SgG
Cincinnati	Cincinnati	SgN
Cincinnati	Cincinnatid	PlN
Cincinnati	Cincinnatide	PlG
Cincinnati	Cincinnatidega	PlKom
Cincinnati	Cincinnatideks	PlTr
Cincinnati	Cincinnatidel	PlAd
Cincinnati	Cincinnatidele	PlAll
Cincinnati	Cincinnatidelt	PlAbl
Cincinnati	Cincinnatidena	PlEs
Cincinnati	Cincinnatideni	PlTer
Cincinnati	Cincinnatides	PlIn
Cincinnati	Cincinnatidesse	PlIll
Cincinnati	Cincinnatidest	PlEl
Cincinnati	Cincinnatideta	PlAb
Cincinnati	Cincinnatiga	SgKom
Cincinnati	Cincinnatiks	SgTr
Cincinnati	Cincinnatil	SgAd
Cincinnati	Cincinnatile	SgAll
Cincinnati	Cincinnatilt	SgAbl
Cincinnati	Cincinnatina	SgEs
Cincinnati	Cincinnatini	SgTer
Cincinnati	Cincinnatis	SgIn
Cincinnati	Cincinnatisid	PlP
Cincinnati	Cincinnatisse	SgIll
Cincinnati	Cincinnatist	SgEl
Cincinnati	Cincinnatit	SgP
Cincinnati	Cincinnatita	SgAb
Citlaltépetl	Citlaltépetl	SgAdt
Citlaltépetl	Citlaltépetl	SgN
Citlaltépetl	Citlaltépetleid	PlP
Citlaltépetl	Citlaltépetleiks	PlTr
Citlaltépetl	Citlaltépetleil	PlAd
Citlaltépetl	Citlaltépetleile	PlAll
Citlaltépetl	Citlaltépetleilt	PlAbl
Citlaltépetl	Citlaltépetleis	PlIn
Citlaltépetl	Citlaltépetleisse	PlIll
Citlaltépetl	Citlaltépetleist	PlEl
Citlaltépetl	Citlaltépetli	SgG
Citlaltépetl	Citlaltépetlid	PlN
Citlaltépetl	Citlaltépetliga	SgKom
Citlaltépetl	Citlaltépetliks	SgTr
Citlaltépetl	Citlaltépetlil	SgAd
Citlaltépetl	Citlaltépetlile	SgAll
Citlaltépetl	Citlaltépetlilt	SgAbl
Citlaltépetl	Citlaltépetlina	SgEs
Citlaltépetl	Citlaltépetlini	SgTer
Citlaltépetl	Citlaltépetlis	SgIn
Citlaltépetl	Citlaltépetlisse	SgIll
Citlaltépetl	Citlaltépetlist	SgEl
Citlaltépetl	Citlaltépetlit	SgP
Citlaltépetl	Citlaltépetlita	SgAb
Citlaltépetl	Citlaltépetlite	PlG
Citlaltépetl	Citlaltépetlitega	PlKom
Citlaltépetl	Citlaltépetliteks	PlTr
Citlaltépetl	Citlaltépetlitel	PlAd
Citlaltépetl	Citlaltépetlitele	PlAll
Citlaltépetl	Citlaltépetlitelt	PlAbl
Citlaltépetl	Citlaltépetlitena	PlEs
Citlaltépetl	Citlaltépetliteni	PlTer
Citlaltépetl	Citlaltépetlites	PlIn
Citlaltépetl	Citlaltépetlitesse	PlIll
Citlaltépetl	Citlaltépetlitest	PlEl
Citlaltépetl	Citlaltépetliteta	PlAb
Cleveland	Cleveland	SgN
Cleveland	Clevelande	PlP
Cleveland	Clevelandeks	PlTr
Cleveland	Clevelandel	PlAd
Cleveland	Clevelandele	PlAll
Cleveland	Clevelandelt	PlAbl
Cleveland	Clevelandes	PlIn
Cleveland	Clevelandesse	PlIll
Cleveland	Clevelandest	PlEl
Cleveland	Clevelandi	SgAdt
Cleveland	Clevelandi	SgG
Cleveland	Clevelandi	SgP
Cleveland	Clevelandid	PlN
Cleveland	Clevelandide	PlG
Cleveland	Clevelandidega	PlKom
Cleveland	Clevelandideks	PlTr
Cleveland	Clevelandidel	PlAd
Cleveland	Clevelandidele	PlAll
Cleveland	Clevelandidelt	PlAbl
Cleveland	Clevelandidena	PlEs
Cleveland	Clevelandideni	PlTer
Cleveland	Clevelandides	PlIn
Cleveland	Clevelandidesse	PlIll
Cleveland	Clevelandidest	PlEl
Cleveland	Clevelandideta	PlAb
Cleveland	Clevelandiga	SgKom
Cleveland	Clevelandiks	SgTr
Cleveland	Clevelandil	SgAd
Cleveland	Clevelandile	SgAll
Cleveland	Clevelandilt	SgAbl
Cleveland	Clevelandina	SgEs
Cleveland	Clevelandini	SgTer
Cleveland	Clevelandis	SgIn
Cleveland	Clevelandisid	PlP
Cleveland	Clevelandisse	SgIll
Cleveland	Clevelandist	SgEl
Cleveland	Clevelandita	SgAb
Cluj-Napoca	Cluj-Napoca	SgAdt
Cluj-Napoca	Cluj-Napoca	SgG
Cluj-Napoca	Cluj-Napoca	SgN
Cluj-Napoca	Cluj-Napocad	PlN
Cluj-Napoca	Cluj-Napocade	PlG
Cluj-Napoca	Cluj-Napocadega	PlKom
Cluj-Napoca	Cluj-Napocadeks	PlTr
Cluj-Napoca	Cluj-Napocadel	PlAd
Cluj-Napoca	Cluj-Napocadele	PlAll
Cluj-Napoca	Cluj-Napocadelt	PlAbl
Cluj-Napoca	Cluj-Napocadena	PlEs
Cluj-Napoca	Cluj-Napocadeni	PlTer
Cluj-Napoca	Cluj-Napocades	PlIn
Cluj-Napoca	Cluj-Napocadesse	PlIll
Cluj-Napoca	Cluj-Napocadest	PlEl
Cluj-Napoca	Cluj-Napocadeta	PlAb
Cluj-Napoca	Cluj-Napocaga	SgKom
Cluj-Napoca	Cluj-Napocaks	SgTr
Cluj-Napoca	Cluj-Napocal	SgAd
Cluj-Napoca	Cluj-Napocale	SgAll
Cluj-Napoca	Cluj-Napocalt	SgAbl
Cluj-Napoca	Cluj-Napocana	SgEs
Cluj-Napoca	Cluj-Napocani	SgTer
Cluj-Napoca	Cluj-Napocas	SgIn
Cluj-Napoca	Cluj-Napocasid	PlP
Cluj-Napoca	Cluj-Napocasse	SgIll
Cluj-Napoca	Cluj-Napocast	SgEl
Cluj-Napoca	Cluj-Napocat	SgP
Cluj-Napoca	Cluj-Napocata	SgAb
Clyde	Clyde	SgN
Clyde	Clyde'e	PlP
Clyde	Clyde'eks	PlTr
Clyde	Clyde'el	PlAd
Clyde	Clyde'ele	PlAll
Clyde	Clyde'elt	PlAbl
Clyde	Clyde'es	PlIn
Clyde	Clyde'esse	PlIll
Clyde	Clyde'est	PlEl
Clyde	Clyde'i	SgAdt
Clyde	Clyde'i	SgG
Clyde	Clyde'i	SgP
Clyde	Clyde'id	PlN
Clyde	Clyde'ide	PlG
Clyde	Clyde'idega	PlKom
Clyde	Clyde'ideks	PlTr
Clyde	Clyde'idel	PlAd
Clyde	Clyde'idele	PlAll
Clyde	Clyde'idelt	PlAbl
Clyde	Clyde'idena	PlEs
Clyde	Clyde'ideni	PlTer
Clyde	Clyde'ides	PlIn
Clyde	Clyde'idesse	PlIll
Clyde	Clyde'idest	PlEl
Clyde	Clyde'ideta	PlAb
Clyde	Clyde'iga	SgKom
Clyde	Clyde'iks	SgTr
Clyde	Clyde'il	SgAd
Clyde	Clyde'ile	SgAll
Clyde	Clyde'ilt	SgAbl
Clyde	Clyde'ina	SgEs
Clyde	Clyde'ini	SgTer
Clyde	Clyde'is	SgIn
Clyde	Clyde'isid	PlP
Clyde	Clyde'isse	SgIll
Clyde	Clyde'ist	SgEl
Clyde	Clyde'ita	SgAb
Cochin	Cochin	SgAdt
Cochin	Cochin	SgN
Cochin	Cochineid	PlP
Cochin	Cochineiks	PlTr
Cochin	Cochineil	PlAd
Cochin	Cochineile	PlAll
Cochin	Cochineilt	PlAbl
Cochin	Cochineis	PlIn
Cochin	Cochineisse	PlIll
Cochin	Cochineist	PlEl
Cochin	Cochini	SgG
Cochin	Cochinid	PlN
Cochin	Cochiniga	SgKom
Cochin	Cochiniks	SgTr
Cochin	Cochinil	SgAd
Cochin	Cochinile	SgAll
Cochin	Cochinilt	SgAbl
Cochin	Cochinina	SgEs
Cochin	Cochinini	SgTer
Cochin	Cochinis	SgIn
Cochin	Cochinisse	SgIll
Cochin	Cochinist	SgEl
Cochin	Cochinit	SgP
Cochin	Cochinita	SgAb
Cochin	Cochinite	PlG
Cochin	Cochinitega	PlKom
Cochin	Cochiniteks	PlTr
Cochin	Cochinitel	PlAd
Cochin	Cochinitele	PlAll
Cochin	Cochinitelt	PlAbl
Cochin	Cochinitena	PlEs
Cochin	Cochiniteni	PlTer
Cochin	Cochinites	PlIn
Cochin	Cochinitesse	PlIll
Cochin	Cochinitest	PlEl
Cochin	Cochiniteta	PlAb
Cognac	Cognac	SgN
Cognac	Cognace	PlP
Cognac	Cognaceks	PlTr
Cognac	Cognacel	PlAd
Cognac	Cognacele	PlAll
Cognac	Cognacelt	PlAbl
Cognac	Cognaces	PlIn
Cognac	Cognacesse	PlIll
Cognac	Cognacest	PlEl
Cognac	Cognaci	SgAdt
Cognac	Cognaci	SgG
Cognac	Cognaci	SgP
Cognac	Cognacid	PlN
Cognac	Cognacide	PlG
Cognac	Cognacidega	PlKom
Cognac	Cognacideks	PlTr
Cognac	Cognacidel	PlAd
Cognac	Cognacidele	PlAll
Cognac	Cognacidelt	PlAbl
Cognac	Cognacidena	PlEs
Cognac	Cognacideni	PlTer
Cognac	Cognacides	PlIn
Cognac	Cognacidesse	PlIll
Cognac	Cognacidest	PlEl
Cognac	Cognacideta	PlAb
Cognac	Cognaciga	SgKom
Cognac	Cognaciks	SgTr
Cognac	Cognacil	SgAd
Cognac	Cognacile	SgAll
Cognac	Cognacilt	SgAbl
Cognac	Cognacina	SgEs
Cognac	Cognacini	SgTer
Cognac	Cognacis	SgIn
Cognac	Cognacisid	PlP
Cognac	Cognacisse	SgIll
Cognac	Cognacist	SgEl
Cognac	Cognacita	SgAb
Colóni saarestik	Colóni saarestik	SgN
Colóni saarestik	Colóni saarestikku	SgAdt
Colóni saarestik	Colóni saarestikku	SgP
Colóni saarestik	Colóni saarestiku	SgG
Colóni saarestik	Colóni saarestikuga	SgKom
Colóni saarestik	Colóni saarestikuks	SgTr
Colóni saarestik	Colóni saarestikul	SgAd
Colóni saarestik	Colóni saarestikule	SgAll
Colóni saarestik	Colóni saarestikult	SgAbl
Colóni saarestik	Colóni saarestikuna	SgEs
Colóni saarestik	Colóni saarestikuni	SgTer
Colóni saarestik	Colóni saarestikus	SgIn
Colóni saarestik	Colóni saarestikusse	SgIll
Colóni saarestik	Colóni saarestikust	SgEl
Colóni saarestik	Colóni saarestikuta	SgAb
Columbia	Columbia	SgAdt
Columbia	Columbia	SgG
Columbia	Columbia	SgN
Columbia	Columbiad	PlN
Columbia	Columbiaga	SgKom
Columbia	Columbiaid	PlP
Columbia	Columbiaiks	PlTr
Columbia	Columbiail	PlAd
Columbia	Columbiaile	PlAll
Columbia	Columbiailt	PlAbl
Columbia	Columbiais	PlIn
Columbia	Columbiaisse	PlIll
Columbia	Columbiaist	PlEl
Columbia	Columbiaks	SgTr
Columbia	Columbial	SgAd
Columbia	Columbiale	SgAll
Columbia	Columbialt	SgAbl
Columbia	Columbiana	SgEs
Columbia	Columbiani	SgTer
Columbia	Columbias	SgIn
Columbia	Columbiasse	SgIll
Columbia	Columbiast	SgEl
Columbia	Columbiat	SgP
Columbia	Columbiata	SgAb
Columbia	Columbiate	PlG
Columbia	Columbiatega	PlKom
Columbia	Columbiateks	PlTr
Columbia	Columbiatel	PlAd
Columbia	Columbiatele	PlAll
Columbia	Columbiatelt	PlAbl
Columbia	Columbiatena	PlEs
Columbia	Columbiateni	PlTer
Columbia	Columbiates	PlIn
Columbia	Columbiatesse	PlIll
Columbia	Columbiatest	PlEl
Columbia	Columbiateta	PlAb
Columbus	Columbus	SgAdt
Columbus	Columbus	SgN
Columbus	Columbuse	SgG
Columbus	Columbused	PlN
Columbus	Columbusega	SgKom
Columbus	Columbuseid	PlP
Columbus	Columbuseiks	PlTr
Columbus	Columbuseil	PlAd
Columbus	Columbuseile	PlAll
Columbus	Columbuseilt	PlAbl
Columbus	Columbuseis	PlIn
Columbus	Columbuseisse	PlIll
Columbus	Columbuseist	PlEl
Columbus	Columbuseks	SgTr
Columbus	Columbusel	SgAd
Columbus	Columbusele	SgAll
Columbus	Columbuselt	SgAbl
Columbus	Columbusena	SgEs
Columbus	Columbuseni	SgTer
Columbus	Columbuses	SgIn
Columbus	Columbusesse	SgIll
Columbus	Columbusest	SgEl
Columbus	Columbuseta	SgAb
Columbus	Columbust	SgP
Columbus	Columbuste	PlG
Columbus	Columbustega	PlKom
Columbus	Columbusteks	PlTr
Columbus	Columbustel	PlAd
Columbus	Columbustele	PlAll
Columbus	Columbustelt	PlAbl
Columbus	Columbustena	PlEs
Columbus	Columbusteni	PlTer
Columbus	Columbustes	PlIn
Columbus	Columbustesse	PlIll
Columbus	Columbustest	PlEl
Columbus	Columbusteta	PlAb
Como	Como	SgAdt
Como	Como	SgG
Como	Como	SgN
Como	Comod	PlN
Como	Comode	PlG
Como	Comodega	PlKom
Como	Comodeks	PlTr
Como	Comodel	PlAd
Como	Comodele	PlAll
Como	Comodelt	PlAbl
Como	Comodena	PlEs
Como	Comodeni	PlTer
Como	Comodes	PlIn
Como	Comodesse	PlIll
Como	Comodest	PlEl
Como	Comodeta	PlAb
Como	Comoga	SgKom
Como	Comoks	SgTr
Como	Comol	SgAd
Como	Comole	SgAll
Como	Comolt	SgAbl
Como	Comona	SgEs
Como	Comoni	SgTer
Como	Comos	SgIn
Como	Comosid	PlP
Como	Comosse	SgIll
Como	Comost	SgEl
Como	Comot	SgP
Como	Comota	SgAb
Connecticut	Connecticut	SgN
Connecticut	Connecticute	PlP
Connecticut	Connecticuteks	PlTr
Connecticut	Connecticutel	PlAd
Connecticut	Connecticutele	PlAll
Connecticut	Connecticutelt	PlAbl
Connecticut	Connecticutes	PlIn
Connecticut	Connecticutesse	PlIll
Connecticut	Connecticutest	PlEl
Connecticut	Connecticuti	SgAdt
Connecticut	Connecticuti	SgG
Connecticut	Connecticuti	SgP
Connecticut	Connecticutid	PlN
Connecticut	Connecticutide	PlG
Connecticut	Connecticutidega	PlKom
Connecticut	Connecticutideks	PlTr
Connecticut	Connecticutidel	PlAd
Connecticut	Connecticutidele	PlAll
Connecticut	Connecticutidelt	PlAbl
Connecticut	Connecticutidena	PlEs
Connecticut	Connecticutideni	PlTer
Connecticut	Connecticutides	PlIn
Connecticut	Connecticutidesse	PlIll
Connecticut	Connecticutidest	PlEl
Connecticut	Connecticutideta	PlAb
Connecticut	Connecticutiga	SgKom
Connecticut	Connecticutiks	SgTr
Connecticut	Connecticutil	SgAd
Connecticut	Connecticutile	SgAll
Connecticut	Connecticutilt	SgAbl
Connecticut	Connecticutina	SgEs
Connecticut	Connecticutini	SgTer
Connecticut	Connecticutis	SgIn
Connecticut	Connecticutisid	PlP
Connecticut	Connecticutisse	SgIll
Connecticut	Connecticutist	SgEl
Connecticut	Connecticutita	SgAb
Constanța	Constanţa	SgAdt
Constanța	Constanţa	SgG
Constanța	Constanţa	SgN
Constanța	Constanţad	PlN
Constanța	Constanţade	PlG
Constanța	Constanţadega	PlKom
Constanța	Constanţadeks	PlTr
Constanța	Constanţadel	PlAd
Constanța	Constanţadele	PlAll
Constanța	Constanţadelt	PlAbl
Constanța	Constanţadena	PlEs
Constanța	Constanţadeni	PlTer
Constanța	Constanţades	PlIn
Constanța	Constanţadesse	PlIll
Constanța	Constanţadest	PlEl
Constanța	Constanţadeta	PlAb
Constanța	Constanţaga	SgKom
Constanța	Constanţaks	SgTr
Constanța	Constanţal	SgAd
Constanța	Constanţale	SgAll
Constanța	Constanţalt	SgAbl
Constanța	Constanţana	SgEs
Constanța	Constanţani	SgTer
Constanța	Constanţas	SgIn
Constanța	Constanţasid	PlP
Constanța	Constanţasse	SgIll
Constanța	Constanţast	SgEl
Constanța	Constanţat	SgP
Constanța	Constanţata	SgAb
Constantine	Constantine	SgN
Constantine	Constantine'e	PlP
Constantine	Constantine'eks	PlTr
Constantine	Constantine'el	PlAd
Constantine	Constantine'ele	PlAll
Constantine	Constantine'elt	PlAbl
Constantine	Constantine'es	PlIn
Constantine	Constantine'esse	PlIll
Constantine	Constantine'est	PlEl
Constantine	Constantine'i	SgAdt
Constantine	Constantine'i	SgG
Constantine	Constantine'i	SgP
Constantine	Constantine'id	PlN
Constantine	Constantine'ide	PlG
Constantine	Constantine'idega	PlKom
Constantine	Constantine'ideks	PlTr
Constantine	Constantine'idel	PlAd
Constantine	Constantine'idele	PlAll
Constantine	Constantine'idelt	PlAbl
Constantine	Constantine'idena	PlEs
Constantine	Constantine'ideni	PlTer
Constantine	Constantine'ides	PlIn
Constantine	Constantine'idesse	PlIll
Constantine	Constantine'idest	PlEl
Constantine	Constantine'ideta	PlAb
Constantine	Constantine'iga	SgKom
Constantine	Constantine'iks	SgTr
Constantine	Constantine'il	SgAd
Constantine	Constantine'ile	SgAll
Constantine	Constantine'ilt	SgAbl
Constantine	Constantine'ina	SgEs
Constantine	Constantine'ini	SgTer
Constantine	Constantine'is	SgIn
Constantine	Constantine'isid	PlP
Constantine	Constantine'isse	SgIll
Constantine	Constantine'ist	SgEl
Constantine	Constantine'ita	SgAb
Corcaigh	Corcaigh	SgN
Corcaigh	Corcaigh'	SgAdt
Corcaigh	Corcaigh'	SgG
Corcaigh	Corcaigh'd	PlN
Corcaigh	Corcaigh'd	SgP
Corcaigh	Corcaigh'de	PlG
Corcaigh	Corcaigh'dega	PlKom
Corcaigh	Corcaigh'deks	PlTr
Corcaigh	Corcaigh'del	PlAd
Corcaigh	Corcaigh'dele	PlAll
Corcaigh	Corcaigh'delt	PlAbl
Corcaigh	Corcaigh'dena	PlEs
Corcaigh	Corcaigh'deni	PlTer
Corcaigh	Corcaigh'des	PlIn
Corcaigh	Corcaigh'desse	PlIll
Corcaigh	Corcaigh'dest	PlEl
Corcaigh	Corcaigh'deta	PlAb
Corcaigh	Corcaigh'ga	SgKom
Corcaigh	Corcaigh'ks	SgTr
Corcaigh	Corcaigh'l	SgAd
Corcaigh	Corcaigh'le	SgAll
Corcaigh	Corcaigh'lt	SgAbl
Corcaigh	Corcaigh'na	SgEs
Corcaigh	Corcaigh'ni	SgTer
Corcaigh	Corcaigh's	SgIn
Corcaigh	Corcaigh'sid	PlP
Corcaigh	Corcaigh'sse	SgIll
Corcaigh	Corcaigh'st	SgEl
Corcaigh	Corcaigh'ta	SgAb
Córdoba	Córdoba	SgAdt
Córdoba	Córdoba	SgG
Córdoba	Córdoba	SgN
Córdoba	Córdobad	PlN
Córdoba	Córdobaga	SgKom
Córdoba	Córdobaid	PlP
Córdoba	Córdobaiks	PlTr
Córdoba	Córdobail	PlAd
Córdoba	Córdobaile	PlAll
Córdoba	Córdobailt	PlAbl
Córdoba	Córdobais	PlIn
Córdoba	Córdobaisse	PlIll
Córdoba	Córdobaist	PlEl
Córdoba	Córdobaks	SgTr
Córdoba	Córdobal	SgAd
Córdoba	Córdobale	SgAll
Córdoba	Córdobalt	SgAbl
Córdoba	Córdobana	SgEs
Córdoba	Córdobani	SgTer
Córdoba	Córdobas	SgIn
Córdoba	Córdobasse	SgIll
Córdoba	Córdobast	SgEl
Córdoba	Córdobat	SgP
Córdoba	Córdobata	SgAb
Córdoba	Córdobate	PlG
Córdoba	Córdobatega	PlKom
Córdoba	Córdobateks	PlTr
Córdoba	Córdobatel	PlAd
Córdoba	Córdobatele	PlAll
Córdoba	Córdobatelt	PlAbl
Córdoba	Córdobatena	PlEs
Córdoba	Córdobateni	PlTer
Córdoba	Córdobates	PlIn
Córdoba	Córdobatesse	PlIll
Córdoba	Córdobatest	PlEl
Córdoba	Córdobateta	PlAb
Cork	Cork	SgN
Cork	Corke	PlP
Cork	Corkeks	PlTr
Cork	Corkel	PlAd
Cork	Corkele	PlAll
Cork	Corkelt	PlAbl
Cork	Corkes	PlIn
Cork	Corkesse	PlIll
Cork	Corkest	PlEl
Cork	Corki	SgAdt
Cork	Corki	SgG
Cork	Corki	SgP
Cork	Corkid	PlN
Cork	Corkide	PlG
Cork	Corkidega	PlKom
Cork	Corkideks	PlTr
Cork	Corkidel	PlAd
Cork	Corkidele	PlAll
Cork	Corkidelt	PlAbl
Cork	Corkidena	PlEs
Cork	Corkideni	PlTer
Cork	Corkides	PlIn
Cork	Corkidesse	PlIll
Cork	Corkidest	PlEl
Cork	Corkideta	PlAb
Cork	Corkiga	SgKom
Cork	Corkiks	SgTr
Cork	Corkil	SgAd
Cork	Corkile	SgAll
Cork	Corkilt	SgAbl
Cork	Corkina	SgEs
Cork	Corkini	SgTer
Cork	Corkis	SgIn
Cork	Corkisid	PlP
Cork	Corkisse	SgIll
Cork	Corkist	SgEl
Cork	Corkita	SgAb
Cotopaxi	Cotopaxi	SgAdt
Cotopaxi	Cotopaxi	SgG
Cotopaxi	Cotopaxi	SgN
Cotopaxi	Cotopaxid	PlN
Cotopaxi	Cotopaxide	PlG
Cotopaxi	Cotopaxidega	PlKom
Cotopaxi	Cotopaxideks	PlTr
Cotopaxi	Cotopaxidel	PlAd
Cotopaxi	Cotopaxidele	PlAll
Cotopaxi	Cotopaxidelt	PlAbl
Cotopaxi	Cotopaxidena	PlEs
Cotopaxi	Cotopaxideni	PlTer
Cotopaxi	Cotopaxides	PlIn
Cotopaxi	Cotopaxidesse	PlIll
Cotopaxi	Cotopaxidest	PlEl
Cotopaxi	Cotopaxideta	PlAb
Cotopaxi	Cotopaxiga	SgKom
Cotopaxi	Cotopaxiks	SgTr
Cotopaxi	Cotopaxil	SgAd
Cotopaxi	Cotopaxile	SgAll
Cotopaxi	Cotopaxilt	SgAbl
Cotopaxi	Cotopaxina	SgEs
Cotopaxi	Cotopaxini	SgTer
Cotopaxi	Cotopaxis	SgIn
Cotopaxi	Cotopaxisid	PlP
Cotopaxi	Cotopaxisse	SgIll
Cotopaxi	Cotopaxist	SgEl
Cotopaxi	Cotopaxit	SgP
Cotopaxi	Cotopaxita	SgAb
Coventry	Coventry	SgAdt
Coventry	Coventry	SgG
Coventry	Coventry	SgN
Coventry	Coventryd	PlN
Coventry	Coventryga	SgKom
Coventry	Coventryid	PlP
Coventry	Coventryiks	PlTr
Coventry	Coventryil	PlAd
Coventry	Coventryile	PlAll
Coventry	Coventryilt	PlAbl
Coventry	Coventryis	PlIn
Coventry	Coventryisse	PlIll
Coventry	Coventryist	PlEl
Coventry	Coventryks	SgTr
Coventry	Coventryl	SgAd
Coventry	Coventryle	SgAll
Coventry	Coventrylt	SgAbl
Coventry	Coventryna	SgEs
Coventry	Coventryni	SgTer
Coventry	Coventrys	SgIn
Coventry	Coventrysse	SgIll
Coventry	Coventryst	SgEl
Coventry	Coventryt	SgP
Coventry	Coventryta	SgAb
Coventry	Coventryte	PlG
Coventry	Coventrytega	PlKom
Coventry	Coventryteks	PlTr
Coventry	Coventrytel	PlAd
Coventry	Coventrytele	PlAll
Coventry	Coventrytelt	PlAbl
Coventry	Coventrytena	PlEs
Coventry	Coventryteni	PlTer
Coventry	Coventrytes	PlIn
Coventry	Coventrytesse	PlIll
Coventry	Coventrytest	PlEl
Coventry	Coventryteta	PlAb
Crna Gora	Crna Gora	SgAdt
Crna Gora	Crna Gora	SgG
Crna Gora	Crna Gora	SgN
Crna Gora	Crna Gora	SgP
Crna Gora	Crna Gorad	PlN
Crna Gora	Crna Gorade	PlG
Crna Gora	Crna Goradega	PlKom
Crna Gora	Crna Goradeks	PlTr
Crna Gora	Crna Goradel	PlAd
Crna Gora	Crna Goradele	PlAll
Crna Gora	Crna Goradelt	PlAbl
Crna Gora	Crna Goradena	PlEs
Crna Gora	Crna Goradeni	PlTer
Crna Gora	Crna Gorades	PlIn
Crna Gora	Crna Goradesse	PlIll
Crna Gora	Crna Goradest	PlEl
Crna Gora	Crna Goradeta	PlAb
Crna Gora	Crna Goraga	SgKom
Crna Gora	Crna Goraks	SgTr
Crna Gora	Crna Goral	SgAd
Crna Gora	Crna Gorale	SgAll
Crna Gora	Crna Goralt	SgAbl
Crna Gora	Crna Gorana	SgEs
Crna Gora	Crna Gorani	SgTer
Crna Gora	Crna Goras	SgIn
Crna Gora	Crna Gorasid	PlP
Crna Gora	Crna Gorasse	SgIll
Crna Gora	Crna Gorast	SgEl
Crna Gora	Crna Gorata	SgAb
Częstochowa	Częstochowa	SgAdt
Częstochowa	Częstochowa	SgG
Częstochowa	Częstochowa	SgN
Częstochowa	Częstochowad	PlN
Częstochowa	Częstochowade	PlG
Częstochowa	Częstochowadega	PlKom
Częstochowa	Częstochowadeks	PlTr
Częstochowa	Częstochowadel	PlAd
Częstochowa	Częstochowadele	PlAll
Częstochowa	Częstochowadelt	PlAbl
Częstochowa	Częstochowadena	PlEs
Częstochowa	Częstochowadeni	PlTer
Częstochowa	Częstochowades	PlIn
Częstochowa	Częstochowadesse	PlIll
Częstochowa	Częstochowadest	PlEl
Częstochowa	Częstochowadeta	PlAb
Częstochowa	Częstochowaga	SgKom
Częstochowa	Częstochowaks	SgTr
Częstochowa	Częstochowal	SgAd
Częstochowa	Częstochowale	SgAll
Częstochowa	Częstochowalt	SgAbl
Częstochowa	Częstochowana	SgEs
Częstochowa	Częstochowani	SgTer
Częstochowa	Częstochowas	SgIn
Częstochowa	Częstochowasid	PlP
Częstochowa	Częstochowasse	SgIll
Częstochowa	Częstochowast	SgEl
Częstochowa	Częstochowat	SgP
Częstochowa	Częstochowata	SgAb
Cumbria	Cumbria	SgAdt
Cumbria	Cumbria	SgG
Cumbria	Cumbria	SgN
Cumbria	Cumbriad	PlN
Cumbria	Cumbriaga	SgKom
Cumbria	Cumbriaid	PlP
Cumbria	Cumbriaiks	PlTr
Cumbria	Cumbriail	PlAd
Cumbria	Cumbriaile	PlAll
Cumbria	Cumbriailt	PlAbl
Cumbria	Cumbriais	PlIn
Cumbria	Cumbriaisse	PlIll
Cumbria	Cumbriaist	PlEl
Cumbria	Cumbriaks	SgTr
Cumbria	Cumbrial	SgAd
Cumbria	Cumbriale	SgAll
Cumbria	Cumbrialt	SgAbl
Cumbria	Cumbriana	SgEs
Cumbria	Cumbriani	SgTer
Cumbria	Cumbrias	SgIn
Cumbria	Cumbriasse	SgIll
Cumbria	Cumbriast	SgEl
Cumbria	Cumbriat	SgP
Cumbria	Cumbriata	SgAb
Cumbria	Cumbriate	PlG
Cumbria	Cumbriatega	PlKom
Cumbria	Cumbriateks	PlTr
Cumbria	Cumbriatel	PlAd
Cumbria	Cumbriatele	PlAll
Cumbria	Cumbriatelt	PlAbl
Cumbria	Cumbriatena	PlEs
Cumbria	Cumbriateni	PlTer
Cumbria	Cumbriates	PlIn
Cumbria	Cumbriatesse	PlIll
Cumbria	Cumbriatest	PlEl
Cumbria	Cumbriateta	PlAb
Cusco	Cusco	SgAdt
Cusco	Cusco	SgG
Cusco	Cusco	SgN
Cusco	Cuscod	PlN
Cusco	Cuscode	PlG
Cusco	Cuscodega	PlKom
Cusco	Cuscodeks	PlTr
Cusco	Cuscodel	PlAd
Cusco	Cuscodele	PlAll
Cusco	Cuscodelt	PlAbl
Cusco	Cuscodena	PlEs
Cusco	Cuscodeni	PlTer
Cusco	Cuscodes	PlIn
Cusco	Cuscodesse	PlIll
Cusco	Cuscodest	PlEl
Cusco	Cuscodeta	PlAb
Cusco	Cuscoga	SgKom
Cusco	Cuscoks	SgTr
Cusco	Cuscol	SgAd
Cusco	Cuscole	SgAll
Cusco	Cuscolt	SgAbl
Cusco	Cuscona	SgEs
Cusco	Cusconi	SgTer
Cusco	Cuscos	SgIn
Cusco	Cuscosid	PlP
Cusco	Cuscosse	SgIll
Cusco	Cuscost	SgEl
Cusco	Cuscot	SgP
Cusco	Cuscota	SgAb
Charolais' veis	Charolais veis	SgN
Charolais' veis	Charolais veise	SgG
Charolais' veis	Charolais veised	PlN
Charolais' veis	Charolais veisega	SgKom
Charolais' veis	Charolais veiseid	PlP
Charolais' veis	Charolais veiseks	SgTr
Charolais' veis	Charolais veisel	SgAd
Charolais' veis	Charolais veisele	SgAll
Charolais' veis	Charolais veiselt	SgAbl
Charolais' veis	Charolais veisena	SgEs
Charolais' veis	Charolais veiseni	SgTer
Charolais' veis	Charolais veises	SgIn
Charolais' veis	Charolais veisesse	SgIll
Charolais' veis	Charolais veisest	SgEl
Charolais' veis	Charolais veiseta	SgAb
Charolais' veis	Charolais veist	SgP
Charolais' veis	Charolais veiste	PlG
Charolais' veis	Charolais veistega	PlKom
Charolais' veis	Charolais veisteks	PlTr
Charolais' veis	Charolais veistel	PlAd
Charolais' veis	Charolais veistele	PlAll
Charolais' veis	Charolais veistelt	PlAbl
Charolais' veis	Charolais veistena	PlEs
Charolais' veis	Charolais veisteni	PlTer
Charolais' veis	Charolais veistes	PlIn
Charolais' veis	Charolais veistesse	PlIll
Charolais' veis	Charolais veistest	PlEl
Charolais' veis	Charolais veisteta	PlAb
COVID	COVID	SgAdt
COVID	COVID	SgN
COVID	COVID-eid	PlP
COVID	COVID-eiks	PlTr
COVID	COVID-eil	PlAd
COVID	COVID-eile	PlAll
COVID	COVID-eilt	PlAbl
COVID	COVID-eis	PlIn
COVID	COVID-eisse	PlIll
COVID	COVID-eist	PlEl
COVID	COVID-i	SgG
COVID	COVID-id	PlN
COVID	COVID-iga	SgKom
COVID	COVID-iks	SgTr
COVID	COVID-il	SgAd
COVID	COVID-ile	SgAll
COVID	COVID-ilt	SgAbl
COVID	COVID-ina	SgEs
COVID	COVID-ini	SgTer
COVID	COVID-is	SgIn
COVID	COVID-isse	SgIll
COVID	COVID-ist	SgEl
COVID	COVID-it	SgP
COVID	COVID-ita	SgAb
COVID	COVID-ite	PlG
COVID	COVID-itega	PlKom
COVID	COVID-iteks	PlTr
COVID	COVID-itel	PlAd
COVID	COVID-itele	PlAll
COVID	COVID-itelt	PlAbl
COVID	COVID-itena	PlEs
COVID	COVID-iteni	PlTer
COVID	COVID-ites	PlIn
COVID	COVID-itesse	PlIll
COVID	COVID-itest	PlEl
COVID	COVID-iteta	PlAb
Charcot' dušš	Charcot duši	SgG
Charcot' dušš	Charcot dušid	PlN
Charcot' dušš	Charcot dušiga	SgKom
Charcot' dušš	Charcot dušiks	SgTr
Charcot' dušš	Charcot dušil	SgAd
Charcot' dušš	Charcot dušile	SgAll
Charcot' dušš	Charcot dušilt	SgAbl
Charcot' dušš	Charcot dušina	SgEs
Charcot' dušš	Charcot dušini	SgTer
Charcot' dušš	Charcot dušis	SgIn
Charcot' dušš	Charcot dušisse	SgIll
Charcot' dušš	Charcot dušist	SgEl
Charcot' dušš	Charcot dušita	SgAb
Charcot' dušš	Charcot dušš	SgN
Charcot' dušš	Charcot dušše	PlP
Charcot' dušš	Charcot dušši	SgAdt
Charcot' dušš	Charcot dušši	SgP
Charcot' dušš	Charcot duššide	PlG
Charcot' dušš	Charcot duššidega	PlKom
Charcot' dušš	Charcot duššideks	PlTr
Charcot' dušš	Charcot duššidel	PlAd
Charcot' dušš	Charcot duššidele	PlAll
Charcot' dušš	Charcot duššidelt	PlAbl
Charcot' dušš	Charcot duššidena	PlEs
Charcot' dušš	Charcot duššideni	PlTer
Charcot' dušš	Charcot duššides	PlIn
Charcot' dušš	Charcot duššidesse	PlIll
Charcot' dušš	Charcot duššidest	PlEl
Charcot' dušš	Charcot duššideta	PlAb
Charcot' dušš	Charcot duššisid	PlP
ces	ces	SgN
ces	ces'e	PlP
ces	ces'eks	PlTr
ces	ces'el	PlAd
ces	ces'ele	PlAll
ces	ces'elt	PlAbl
ces	ces'es	PlIn
ces	ces'esse	PlIll
ces	ces'est	PlEl
ces	ces'i	SgAdt
ces	ces'i	SgG
ces	ces'i	SgP
ces	ces'id	PlN
ces	ces'ide	PlG
ces	ces'idega	PlKom
ces	ces'ideks	PlTr
ces	ces'idel	PlAd
ces	ces'idele	PlAll
ces	ces'idelt	PlAbl
ces	ces'idena	PlEs
ces	ces'ideni	PlTer
ces	ces'ides	PlIn
ces	ces'idesse	PlIll
ces	ces'idest	PlEl
ces	ces'ideta	PlAb
ces	ces'iga	SgKom
ces	ces'iks	SgTr
ces	ces'il	SgAd
ces	ces'ile	SgAll
ces	ces'ilt	SgAbl
ces	ces'ina	SgEs
ces	ces'ini	SgTer
ces	ces'is	SgIn
ces	ces'isid	PlP
ces	ces'isse	SgIll
ces	ces'ist	SgEl
ces	ces'ita	SgAb
cresc.	cresc.	ID
crescendo	crescendo	SgAdt
crescendo	crescendo	SgG
crescendo	crescendo	SgN
crescendo	crescendo'd	PlN
crescendo	crescendo'de	PlG
crescendo	crescendo'dega	PlKom
crescendo	crescendo'deks	PlTr
crescendo	crescendo'del	PlAd
crescendo	crescendo'dele	PlAll
crescendo	crescendo'delt	PlAbl
crescendo	crescendo'dena	PlEs
crescendo	crescendo'deni	PlTer
crescendo	crescendo'des	PlIn
crescendo	crescendo'desse	PlIll
crescendo	crescendo'dest	PlEl
crescendo	crescendo'deta	PlAb
crescendo	crescendo'ga	SgKom
crescendo	crescendo'ks	SgTr
crescendo	crescendo'l	SgAd
crescendo	crescendo'le	SgAll
crescendo	crescendo'lt	SgAbl
crescendo	crescendo'na	SgEs
crescendo	crescendo'ni	SgTer
crescendo	crescendo's	SgIn
crescendo	crescendo'sid	PlP
crescendo	crescendo'sse	SgIll
crescendo	crescendo'st	SgEl
crescendo	crescendo't	SgP
crescendo	crescendo'ta	SgAb
c	c	SgN
c	c'	SgAdt
c	c'	SgG
c	c'd	PlN
c	c'd	SgP
c	c'de	PlG
c	c'dega	PlKom
c	c'deks	PlTr
c	c'del	PlAd
c	c'dele	PlAll
c	c'delt	PlAbl
c	c'dena	PlEs
c	c'deni	PlTer
c	c'des	PlIn
c	c'desse	PlIll
c	c'dest	PlEl
c	c'deta	PlAb
c	c'ga	SgKom
c	c'ks	SgTr
c	c'l	SgAd
c	c'le	SgAll
c	c'lt	SgAbl
c	c'na	SgEs
c	c'ni	SgTer
c	c's	SgIn
c	c'sid	PlP
c	c'sse	SgIll
c	c'st	SgEl
c	c'ta	SgAb
cornetto	cornetto	SgAdt
cornetto	cornetto	SgG
cornetto	cornetto	SgN
cornetto	cornetto'd	PlN
cornetto	cornetto'de	PlG
cornetto	cornetto'dega	PlKom
cornetto	cornetto'deks	PlTr
cornetto	cornetto'del	PlAd
cornetto	cornetto'dele	PlAll
cornetto	cornetto'delt	PlAbl
cornetto	cornetto'dena	PlEs
cornetto	cornetto'deni	PlTer
cornetto	cornetto'des	PlIn
cornetto	cornetto'desse	PlIll
cornetto	cornetto'dest	PlEl
cornetto	cornetto'deta	PlAb
cornetto	cornetto'ga	SgKom
cornetto	cornetto'ks	SgTr
cornetto	cornetto'l	SgAd
cornetto	cornetto'le	SgAll
cornetto	cornetto'lt	SgAbl
cornetto	cornetto'na	SgEs
cornetto	cornetto'ni	SgTer
cornetto	cornetto's	SgIn
cornetto	cornetto'sid	PlP
cornetto	cornetto'sse	SgIll
cornetto	cornetto'st	SgEl
cornetto	cornetto't	SgP
cornetto	cornetto'ta	SgAb
crêpe de chine	crêpe de chine	SgN
crêpe de chine	crêpe de chine'e	PlP
crêpe de chine	crêpe de chine'eks	PlTr
crêpe de chine	crêpe de chine'el	PlAd
crêpe de chine	crêpe de chine'ele	PlAll
crêpe de chine	crêpe de chine'elt	PlAbl
crêpe de chine	crêpe de chine'es	PlIn
crêpe de chine	crêpe de chine'esse	PlIll
crêpe de chine	crêpe de chine'est	PlEl
crêpe de chine	crêpe de chine'i	SgAdt
crêpe de chine	crêpe de chine'i	SgG
crêpe de chine	crêpe de chine'i	SgP
crêpe de chine	crêpe de chine'id	PlN
crêpe de chine	crêpe de chine'ide	PlG
crêpe de chine	crêpe de chine'idega	PlKom
crêpe de chine	crêpe de chine'ideks	PlTr
crêpe de chine	crêpe de chine'idel	PlAd
crêpe de chine	crêpe de chine'idele	PlAll
crêpe de chine	crêpe de chine'idelt	PlAbl
crêpe de chine	crêpe de chine'idena	PlEs
crêpe de chine	crêpe de chine'ideni	PlTer
crêpe de chine	crêpe de chine'ides	PlIn
crêpe de chine	crêpe de chine'idesse	PlIll
crêpe de chine	crêpe de chine'idest	PlEl
crêpe de chine	crêpe de chine'ideta	PlAb
crêpe de chine	crêpe de chine'iga	SgKom
crêpe de chine	crêpe de chine'iks	SgTr
crêpe de chine	crêpe de chine'il	SgAd
crêpe de chine	crêpe de chine'ile	SgAll
crêpe de chine	crêpe de chine'ilt	SgAbl
crêpe de chine	crêpe de chine'ina	SgEs
crêpe de chine	crêpe de chine'ini	SgTer
crêpe de chine	crêpe de chine'is	SgIn
crêpe de chine	crêpe de chine'isid	PlP
crêpe de chine	crêpe de chine'isse	SgIll
crêpe de chine	crêpe de chine'ist	SgEl
crêpe de chine	crêpe de chine'ita	SgAb
Carolina	Carolina	SgAdt
Carolina	Carolina	SgG
Carolina	Carolina	SgN
Carolina	Carolinad	PlN
Carolina	Carolinade	PlG
Carolina	Carolinadega	PlKom
Carolina	Carolinadeks	PlTr
Carolina	Carolinadel	PlAd
Carolina	Carolinadele	PlAll
Carolina	Carolinadelt	PlAbl
Carolina	Carolinadena	PlEs
Carolina	Carolinadeni	PlTer
Carolina	Carolinades	PlIn
Carolina	Carolinadesse	PlIll
Carolina	Carolinadest	PlEl
Carolina	Carolinadeta	PlAb
Carolina	Carolinaga	SgKom
Carolina	Carolinaks	SgTr
Carolina	Carolinal	SgAd
Carolina	Carolinale	SgAll
Carolina	Carolinalt	SgAbl
Carolina	Carolinana	SgEs
Carolina	Carolinani	SgTer
Carolina	Carolinas	SgIn
Carolina	Carolinasid	PlP
Carolina	Carolinasse	SgIll
Carolina	Carolinast	SgEl
Carolina	Carolinat	SgP
Carolina	Carolinata	SgAb
Columbia ringkond	Columbia ringkond	SgN
Columbia ringkond	Columbia ringkonda	SgAdt
Columbia ringkond	Columbia ringkonda	SgP
Columbia ringkond	Columbia ringkonna	SgG
Columbia ringkond	Columbia ringkonnaga	SgKom
Columbia ringkond	Columbia ringkonnaks	SgTr
Columbia ringkond	Columbia ringkonnal	SgAd
Columbia ringkond	Columbia ringkonnale	SgAll
Columbia ringkond	Columbia ringkonnalt	SgAbl
Columbia ringkond	Columbia ringkonnana	SgEs
Columbia ringkond	Columbia ringkonnani	SgTer
Columbia ringkond	Columbia ringkonnas	SgIn
Columbia ringkond	Columbia ringkonnasse	SgIll
Columbia ringkond	Columbia ringkonnast	SgEl
Columbia ringkond	Columbia ringkonnata	SgAb
Cauchy jada	Cauchy jada	SgG
Cauchy jada	Cauchy jada	SgN
Cauchy jada	Cauchy jada	SgP
Cauchy jada	Cauchy jadad	PlN
Cauchy jada	Cauchy jadade	PlG
Cauchy jada	Cauchy jadadega	PlKom
Cauchy jada	Cauchy jadadeks	PlTr
Cauchy jada	Cauchy jadadel	PlAd
Cauchy jada	Cauchy jadadele	PlAll
Cauchy jada	Cauchy jadadelt	PlAbl
Cauchy jada	Cauchy jadadena	PlEs
Cauchy jada	Cauchy jadadeni	PlTer
Cauchy jada	Cauchy jadades	PlIn
Cauchy jada	Cauchy jadadesse	PlIll
Cauchy jada	Cauchy jadadest	PlEl
Cauchy jada	Cauchy jadadeta	PlAb
Cauchy jada	Cauchy jadaga	SgKom
Cauchy jada	Cauchy jadaks	SgTr
Cauchy jada	Cauchy jadal	SgAd
Cauchy jada	Cauchy jadale	SgAll
Cauchy jada	Cauchy jadalt	SgAbl
Cauchy jada	Cauchy jadana	SgEs
Cauchy jada	Cauchy jadani	SgTer
Cauchy jada	Cauchy jadas	SgIn
Cauchy jada	Cauchy jadasid	PlP
Cauchy jada	Cauchy jadasse	SgIll
Cauchy jada	Cauchy jadast	SgEl
Cauchy jada	Cauchy jadata	SgAb
Cauchy jada	Cauchy jadu	PlP
Cauchy jada	Cauchy jatta	SgAdt
cis-mees	-	SgAdt
cis-mees	cis-mees	SgN
cis-mees	cis-meest	SgP
cis-mees	cis-meeste	PlG
cis-mees	cis-meestega	PlKom
cis-mees	cis-meesteks	PlTr
cis-mees	cis-meestel	PlAd
cis-mees	cis-meestele	PlAll
cis-mees	cis-meestelt	PlAbl
cis-mees	cis-meestena	PlEs
cis-mees	cis-meesteni	PlTer
cis-mees	cis-meestes	PlIn
cis-mees	cis-meestesse	PlIll
cis-mees	cis-meestest	PlEl
cis-mees	cis-meesteta	PlAb
cis-mees	cis-mehe	SgG
cis-mees	cis-mehed	PlN
cis-mees	cis-mehega	SgKom
cis-mees	cis-meheks	SgTr
cis-mees	cis-mehel	SgAd
cis-mees	cis-mehele	SgAll
cis-mees	cis-mehelt	SgAbl
cis-mees	cis-mehena	SgEs
cis-mees	cis-meheni	SgTer
cis-mees	cis-mehes	SgIn
cis-mees	cis-mehesse	SgIll
cis-mees	cis-mehest	SgEl
cis-mees	cis-meheta	SgAb
cis-mees	cis-mehi	PlP
cis-mees	cis-mehiks	PlTr
cis-mees	cis-mehil	PlAd
cis-mees	cis-mehile	PlAll
cis-mees	cis-mehilt	PlAbl
cis-mees	cis-mehis	PlIn
cis-mees	cis-mehisse	PlIll
cis-mees	cis-mehist	PlEl
cis-naine	-	SgAdt
cis-naine	cis-naine	SgN
cis-naine	cis-naise	SgG
cis-naine	cis-naised	PlN
cis-naine	cis-naisega	SgKom
cis-naine	cis-naiseks	SgTr
cis-naine	cis-naisel	SgAd
cis-naine	cis-naisele	SgAll
cis-naine	cis-naiselt	SgAbl
cis-naine	cis-naisena	SgEs
cis-naine	cis-naiseni	SgTer
cis-naine	cis-naises	SgIn
cis-naine	cis-naisesse	SgIll
cis-naine	cis-naisest	SgEl
cis-naine	cis-naiseta	SgAb
cis-naine	cis-naisi	PlP
cis-naine	cis-naisiks	PlTr
cis-naine	cis-naisil	PlAd
cis-naine	cis-naisile	PlAll
cis-naine	cis-naisilt	PlAbl
cis-naine	cis-naisis	PlIn
cis-naine	cis-naisisse	PlIll
cis-naine	cis-naisist	PlEl
cis-naine	cis-naist	SgP
cis-naine	cis-naiste	PlG
cis-naine	cis-naistega	PlKom
cis-naine	cis-naisteks	PlTr
cis-naine	cis-naistel	PlAd
cis-naine	cis-naistele	PlAll
cis-naine	cis-naistelt	PlAbl
cis-naine	cis-naistena	PlEs
cis-naine	cis-naisteni	PlTer
cis-naine	cis-naistes	PlIn
cis-naine	cis-naistesse	PlIll
cis-naine	cis-naistest	PlEl
cis-naine	cis-naisteta	PlAb
C	C	ID
C	C	ID
C	C	ID
concierge	concierge	SgN
concierge	concierge'e	PlP
concierge	concierge'eks	PlTr
concierge	concierge'el	PlAd
concierge	concierge'ele	PlAll
concierge	concierge'elt	PlAbl
concierge	concierge'es	PlIn
concierge	concierge'esse	PlIll
concierge	concierge'est	PlEl
concierge	concierge'i	SgAdt
concierge	concierge'i	SgG
concierge	concierge'i	SgP
concierge	concierge'id	PlN
concierge	concierge'ide	PlG
concierge	concierge'idega	PlKom
concierge	concierge'ideks	PlTr
concierge	concierge'idel	PlAd
concierge	concierge'idele	PlAll
concierge	concierge'idelt	PlAbl
concierge	concierge'idena	PlEs
concierge	concierge'ideni	PlTer
concierge	concierge'ides	PlIn
concierge	concierge'idesse	PlIll
concierge	concierge'idest	PlEl
concierge	concierge'ideta	PlAb
concierge	concierge'iga	SgKom
concierge	concierge'iks	SgTr
concierge	concierge'il	SgAd
concierge	concierge'ile	SgAll
concierge	concierge'ilt	SgAbl
concierge	concierge'ina	SgEs
concierge	concierge'ini	SgTer
concierge	concierge'is	SgIn
concierge	concierge'isid	PlP
concierge	concierge'isse	SgIll
concierge	concierge'ist	SgEl
concierge	concierge'ita	SgAb
capex	capex	SgAdt
capex	capex	SgN
capex	capex'eid	PlP
capex	capex'eiks	PlTr
capex	capex'eil	PlAd
capex	capex'eile	PlAll
capex	capex'eilt	PlAbl
capex	capex'eis	PlIn
capex	capex'eisse	PlIll
capex	capex'eist	PlEl
capex	capex'i	SgG
capex	capex'id	PlN
capex	capex'iga	SgKom
capex	capex'iks	SgTr
capex	capex'il	SgAd
capex	capex'ile	SgAll
capex	capex'ilt	SgAbl
capex	capex'ina	SgEs
capex	capex'ini	SgTer
capex	capex'is	SgIn
capex	capex'isse	SgIll
capex	capex'ist	SgEl
capex	capex'it	SgP
capex	capex'ita	SgAb
capex	capex'ite	PlG
capex	capex'itega	PlKom
capex	capex'iteks	PlTr
capex	capex'itel	PlAd
capex	capex'itele	PlAll
capex	capex'itelt	PlAbl
capex	capex'itena	PlEs
capex	capex'iteni	PlTer
capex	capex'ites	PlIn
capex	capex'itesse	PlIll
capex	capex'itest	PlEl
capex	capex'iteta	PlAb
CAPEX	CAPEX	SgAdt
CAPEX	CAPEX	SgN
CAPEX	CAPEX-eid	PlP
CAPEX	CAPEX-eiks	PlTr
CAPEX	CAPEX-eil	PlAd
CAPEX	CAPEX-eile	PlAll
CAPEX	CAPEX-eilt	PlAbl
CAPEX	CAPEX-eis	PlIn
CAPEX	CAPEX-eisse	PlIll
CAPEX	CAPEX-eist	PlEl
CAPEX	CAPEX-i	SgG
CAPEX	CAPEX-id	PlN
CAPEX	CAPEX-iga	SgKom
CAPEX	CAPEX-iks	SgTr
CAPEX	CAPEX-il	SgAd
CAPEX	CAPEX-ile	SgAll
CAPEX	CAPEX-ilt	SgAbl
CAPEX	CAPEX-ina	SgEs
CAPEX	CAPEX-ini	SgTer
CAPEX	CAPEX-is	SgIn
CAPEX	CAPEX-isse	SgIll
CAPEX	CAPEX-ist	SgEl
CAPEX	CAPEX-it	SgP
CAPEX	CAPEX-ita	SgAb
CAPEX	CAPEX-ite	PlG
CAPEX	CAPEX-itega	PlKom
CAPEX	CAPEX-iteks	PlTr
CAPEX	CAPEX-itel	PlAd
CAPEX	CAPEX-itele	PlAll
CAPEX	CAPEX-itelt	PlAbl
CAPEX	CAPEX-itena	PlEs
CAPEX	CAPEX-iteni	PlTer
CAPEX	CAPEX-ites	PlIn
CAPEX	CAPEX-itesse	PlIll
CAPEX	CAPEX-itest	PlEl
CAPEX	CAPEX-iteta	PlAb
Camemberti juust	Camemberti juust	SgN
Camemberti juust	Camemberti juuste	PlP
Camemberti juust	Camemberti juusteks	PlTr
Camemberti juust	Camemberti juustel	PlAd
Camemberti juust	Camemberti juustele	PlAll
Camemberti juust	Camemberti juustelt	PlAbl
Camemberti juust	Camemberti juustes	PlIn
Camemberti juust	Camemberti juustesse	PlIll
Camemberti juust	Camemberti juustest	PlEl
Camemberti juust	Camemberti juustu	SgAdt
Camemberti juust	Camemberti juustu	SgG
Camemberti juust	Camemberti juustu	SgP
Camemberti juust	Camemberti juustud	PlN
Camemberti juust	Camemberti juustude	PlG
Camemberti juust	Camemberti juustudega	PlKom
Camemberti juust	Camemberti juustudeks	PlTr
Camemberti juust	Camemberti juustudel	PlAd
Camemberti juust	Camemberti juustudele	PlAll
Camemberti juust	Camemberti juustudelt	PlAbl
Camemberti juust	Camemberti juustudena	PlEs
Camemberti juust	Camemberti juustudeni	PlTer
Camemberti juust	Camemberti juustudes	PlIn
Camemberti juust	Camemberti juustudesse	PlIll
Camemberti juust	Camemberti juustudest	PlEl
Camemberti juust	Camemberti juustudeta	PlAb
Camemberti juust	Camemberti juustuga	SgKom
Camemberti juust	Camemberti juustuks	SgTr
Camemberti juust	Camemberti juustul	SgAd
Camemberti juust	Camemberti juustule	SgAll
Camemberti juust	Camemberti juustult	SgAbl
Camemberti juust	Camemberti juustuna	SgEs
Camemberti juust	Camemberti juustuni	SgTer
Camemberti juust	Camemberti juustus	SgIn
Camemberti juust	Camemberti juustusid	PlP
Camemberti juust	Camemberti juustusse	SgIll
Camemberti juust	Camemberti juustust	SgEl
Camemberti juust	Camemberti juustuta	SgAb
casus belli	casus belli	SgAdt
casus belli	casus belli	SgG
casus belli	casus belli	SgN
casus belli	casus belli'd	PlN
casus belli	casus belli'de	PlG
casus belli	casus belli'dega	PlKom
casus belli	casus belli'deks	PlTr
casus belli	casus belli'del	PlAd
casus belli	casus belli'dele	PlAll
casus belli	casus belli'delt	PlAbl
casus belli	casus belli'dena	PlEs
casus belli	casus belli'deni	PlTer
casus belli	casus belli'des	PlIn
casus belli	casus belli'desse	PlIll
casus belli	casus belli'dest	PlEl
casus belli	casus belli'deta	PlAb
casus belli	casus belli'ga	SgKom
casus belli	casus belli'ks	SgTr
casus belli	casus belli'l	SgAd
casus belli	casus belli'le	SgAll
casus belli	casus belli'lt	SgAbl
casus belli	casus belli'na	SgEs
casus belli	casus belli'ni	SgTer
casus belli	casus belli's	SgIn
casus belli	casus belli'sid	PlP
casus belli	casus belli'sse	SgIll
casus belli	casus belli'st	SgEl
casus belli	casus belli't	SgP
casus belli	casus belli'ta	SgAb
ceteris paribus	ceteris paribus	ID
cf.	cf.	ID
confer	confer	ID
CBD	CBD	SgAdt
CBD	CBD	SgG
CBD	CBD	SgN
CBD	CBD-d	PlN
CBD	CBD-d	SgP
CBD	CBD-de	PlG
CBD	CBD-dega	PlKom
CBD	CBD-deks	PlTr
CBD	CBD-del	PlAd
CBD	CBD-dele	PlAll
CBD	CBD-delt	PlAbl
CBD	CBD-dena	PlEs
CBD	CBD-deni	PlTer
CBD	CBD-des	PlIn
CBD	CBD-desse	PlIll
CBD	CBD-dest	PlEl
CBD	CBD-deta	PlAb
CBD	CBD-ga	SgKom
CBD	CBD-ks	SgTr
CBD	CBD-l	SgAd
CBD	CBD-le	SgAll
CBD	CBD-lt	SgAbl
CBD	CBD-na	SgEs
CBD	CBD-ni	SgTer
CBD	CBD-s	SgIn
CBD	CBD-sid	PlP
CBD	CBD-sse	SgIll
CBD	CBD-st	SgEl
CBD	CBD-ta	SgAb
casus foederis	casus foederis	SgN
casus foederis	casus foederis'e	SgG
casus foederis	casus foederis'ed	PlN
casus foederis	casus foederis'ega	SgKom
casus foederis	casus foederis'eks	SgTr
casus foederis	casus foederis'el	SgAd
casus foederis	casus foederis'ele	SgAll
casus foederis	casus foederis'elt	SgAbl
casus foederis	casus foederis'ena	SgEs
casus foederis	casus foederis'eni	SgTer
casus foederis	casus foederis'es	SgIn
casus foederis	casus foederis'esse	SgIll
casus foederis	casus foederis'est	SgEl
casus foederis	casus foederis'eta	SgAb
casus foederis	casus foederis'i	PlP
casus foederis	casus foederis'iks	PlTr
casus foederis	casus foederis'il	PlAd
casus foederis	casus foederis'ile	PlAll
casus foederis	casus foederis'ilt	PlAbl
casus foederis	casus foederis'is	PlIn
casus foederis	casus foederis'isse	PlIll
casus foederis	casus foederis'ist	PlEl
casus foederis	casus foederis'se	SgAdt
casus foederis	casus foederis't	SgP
casus foederis	casus foederis'te	PlG
casus foederis	casus foederis'tega	PlKom
casus foederis	casus foederis'teks	PlTr
casus foederis	casus foederis'tel	PlAd
casus foederis	casus foederis'tele	PlAll
casus foederis	casus foederis'telt	PlAbl
casus foederis	casus foederis'tena	PlEs
casus foederis	casus foederis'teni	PlTer
casus foederis	casus foederis'tes	PlIn
casus foederis	casus foederis'tesse	PlIll
casus foederis	casus foederis'test	PlEl
casus foederis	casus foederis'teta	PlAb
CET	CET	SgAdt
CET	CET	SgG
CET	CET	SgN
CET	CET-d	PlN
CET	CET-d	SgP
CET	CET-de	PlG
CET	CET-dega	PlKom
CET	CET-deks	PlTr
CET	CET-del	PlAd
CET	CET-dele	PlAll
CET	CET-delt	PlAbl
CET	CET-dena	PlEs
CET	CET-deni	PlTer
CET	CET-des	PlIn
CET	CET-desse	PlIll
CET	CET-dest	PlEl
CET	CET-deta	PlAb
CET	CET-ga	SgKom
CET	CET-ks	SgTr
CET	CET-l	SgAd
CET	CET-le	SgAll
CET	CET-lt	SgAbl
CET	CET-na	SgEs
CET	CET-ni	SgTer
CET	CET-s	SgIn
CET	CET-sid	PlP
CET	CET-sse	SgIll
CET	CET-st	SgEl
CET	CET-ta	SgAb
Capri püksid	Capri püks	SgN
Capri püksid	Capri pükse	PlP
Capri püksid	Capri püksi	SgAdt
Capri püksid	Capri püksi	SgG
Capri püksid	Capri püksi	SgP
Capri püksid	Capri püksid	PlN
Capri püksid	Capri pükside	PlG
Capri püksid	Capri püksidega	PlKom
Capri püksid	Capri püksideks	PlTr
Capri püksid	Capri püksidel	PlAd
Capri püksid	Capri püksidele	PlAll
Capri püksid	Capri püksidelt	PlAbl
Capri püksid	Capri püksidena	PlEs
Capri püksid	Capri püksideni	PlTer
Capri püksid	Capri püksides	PlIn
Capri püksid	Capri püksidesse	PlIll
Capri püksid	Capri püksidest	PlEl
Capri püksid	Capri püksideta	PlAb
Capri püksid	Capri püksiga	SgKom
Capri püksid	Capri püksiks	SgTr
Capri püksid	Capri püksil	SgAd
Capri püksid	Capri püksile	SgAll
Capri püksid	Capri püksilt	SgAbl
Capri püksid	Capri püksina	SgEs
Capri püksid	Capri püksini	SgTer
Capri püksid	Capri püksis	SgIn
Capri püksid	Capri püksisid	PlP
Capri püksid	Capri püksisse	SgIll
Capri püksid	Capri püksist	SgEl
Capri püksid	Capri püksita	SgAb
Capri püksid	Capri pükste	PlG
Capri püksid	Capri pükstega	PlKom
Capri püksid	Capri püksteks	PlTr
Capri püksid	Capri pükstel	PlAd
Capri püksid	Capri pükstele	PlAll
Capri püksid	Capri pükstelt	PlAbl
Capri püksid	Capri pükstena	PlEs
Capri püksid	Capri püksteni	PlTer
Capri püksid	Capri pükstes	PlIn
Capri püksid	Capri pükstesse	PlIll
Capri püksid	Capri pükstest	PlEl
Capri püksid	Capri püksteta	PlAb
chimichurri	chimichurri	SgAdt
chimichurri	chimichurri	SgG
chimichurri	chimichurri	SgN
chimichurri	chimichurri	SgP
chimichurri	chimichurri'd	PlN
chimichurri	chimichurri'de	PlG
chimichurri	chimichurri'dega	PlKom
chimichurri	chimichurri'deks	PlTr
chimichurri	chimichurri'del	PlAd
chimichurri	chimichurri'dele	PlAll
chimichurri	chimichurri'delt	PlAbl
chimichurri	chimichurri'dena	PlEs
chimichurri	chimichurri'deni	PlTer
chimichurri	chimichurri'des	PlIn
chimichurri	chimichurri'desse	PlIll
chimichurri	chimichurri'dest	PlEl
chimichurri	chimichurri'deta	PlAb
chimichurri	chimichurri'ga	SgKom
chimichurri	chimichurri'ks	SgTr
chimichurri	chimichurri'l	SgAd
chimichurri	chimichurri'le	SgAll
chimichurri	chimichurri'lt	SgAbl
chimichurri	chimichurri'na	SgEs
chimichurri	chimichurri'ni	SgTer
chimichurri	chimichurri's	SgIn
chimichurri	chimichurri'sid	PlP
chimichurri	chimichurri'sse	SgIll
chimichurri	chimichurri'st	SgEl
chimichurri	chimichurri't	SgP
chimichurri	chimichurri'ta	SgAb
Chattogram	Chattogram	SgN
Chattogram	Chattograme	PlP
Chattogram	Chattogrameks	PlTr
Chattogram	Chattogramel	PlAd
Chattogram	Chattogramele	PlAll
Chattogram	Chattogramelt	PlAbl
Chattogram	Chattogrames	PlIn
Chattogram	Chattogramesse	PlIll
Chattogram	Chattogramest	PlEl
Chattogram	Chattogrami	SgAdt
Chattogram	Chattogrami	SgG
Chattogram	Chattogrami	SgP
Chattogram	Chattogramid	PlN
Chattogram	Chattogramide	PlG
Chattogram	Chattogramidega	PlKom
Chattogram	Chattogramideks	PlTr
Chattogram	Chattogramidel	PlAd
Chattogram	Chattogramidele	PlAll
Chattogram	Chattogramidelt	PlAbl
Chattogram	Chattogramidena	PlEs
Chattogram	Chattogramideni	PlTer
Chattogram	Chattogramides	PlIn
Chattogram	Chattogramidesse	PlIll
Chattogram	Chattogramidest	PlEl
Chattogram	Chattogramideta	PlAb
Chattogram	Chattogramiga	SgKom
Chattogram	Chattogramiks	SgTr
Chattogram	Chattogramil	SgAd
Chattogram	Chattogramile	SgAll
Chattogram	Chattogramilt	SgAbl
Chattogram	Chattogramina	SgEs
Chattogram	Chattogramini	SgTer
Chattogram	Chattogramis	SgIn
Chattogram	Chattogramisse	SgIll
Chattogram	Chattogramist	SgEl
Chattogram	Chattogramita	SgAb
CD	CD	SgAdt
CD	CD	SgG
CD	CD	SgN
CD	CD-d	PlN
CD	CD-d	SgP
CD	CD-de	PlG
CD	CD-dega	PlKom
CD	CD-deks	PlTr
CD	CD-del	PlAd
CD	CD-dele	PlAll
CD	CD-delt	PlAbl
CD	CD-dena	PlEs
CD	CD-deni	PlTer
CD	CD-des	PlIn
CD	CD-desse	PlIll
CD	CD-dest	PlEl
CD	CD-deta	PlAb
CD	CD-ga	SgKom
CD	CD-ks	SgTr
CD	CD-l	SgAd
CD	CD-le	SgAll
CD	CD-lt	SgAbl
CD	CD-na	SgEs
CD	CD-ni	SgTer
CD	CD-s	SgIn
CD	CD-sid	PlP
CD	CD-sse	SgIll
CD	CD-st	SgEl
CD	CD-ta	SgAb
Coimbatore	Coimbatore	SgN
Coimbatore	Coimbatore'e	PlP
Coimbatore	Coimbatore'eks	PlTr
Coimbatore	Coimbatore'el	PlAd
Coimbatore	Coimbatore'ele	PlAll
Coimbatore	Coimbatore'elt	PlAbl
Coimbatore	Coimbatore'es	PlIn
Coimbatore	Coimbatore'esse	PlIll
Coimbatore	Coimbatore'est	PlEl
Coimbatore	Coimbatore'i	SgAdt
Coimbatore	Coimbatore'i	SgG
Coimbatore	Coimbatore'i	SgP
Coimbatore	Coimbatore'id	PlN
Coimbatore	Coimbatore'ide	PlG
Coimbatore	Coimbatore'idega	PlKom
Coimbatore	Coimbatore'ideks	PlTr
Coimbatore	Coimbatore'idel	PlAd
Coimbatore	Coimbatore'idele	PlAll
Coimbatore	Coimbatore'idelt	PlAbl
Coimbatore	Coimbatore'idena	PlEs
Coimbatore	Coimbatore'ideni	PlTer
Coimbatore	Coimbatore'ides	PlIn
Coimbatore	Coimbatore'idesse	PlIll
Coimbatore	Coimbatore'idest	PlEl
Coimbatore	Coimbatore'ideta	PlAb
Coimbatore	Coimbatore'iga	SgKom
Coimbatore	Coimbatore'iks	SgTr
Coimbatore	Coimbatore'il	SgAd
Coimbatore	Coimbatore'ile	SgAll
Coimbatore	Coimbatore'ilt	SgAbl
Coimbatore	Coimbatore'ina	SgEs
Coimbatore	Coimbatore'ini	SgTer
Coimbatore	Coimbatore'is	SgIn
Coimbatore	Coimbatore'isid	PlP
Coimbatore	Coimbatore'isse	SgIll
Coimbatore	Coimbatore'ist	SgEl
Coimbatore	Coimbatore'ita	SgAb
Cambridgeshire	Cambridgeshire	SgN
Cambridgeshire	Cambridgeshire'e	PlP
Cambridgeshire	Cambridgeshire'eks	PlTr
Cambridgeshire	Cambridgeshire'el	PlAd
Cambridgeshire	Cambridgeshire'ele	PlAll
Cambridgeshire	Cambridgeshire'elt	PlAbl
Cambridgeshire	Cambridgeshire'es	PlIn
Cambridgeshire	Cambridgeshire'esse	PlIll
Cambridgeshire	Cambridgeshire'est	PlEl
Cambridgeshire	Cambridgeshire'i	SgAdt
Cambridgeshire	Cambridgeshire'i	SgG
Cambridgeshire	Cambridgeshire'i	SgP
Cambridgeshire	Cambridgeshire'id	PlN
Cambridgeshire	Cambridgeshire'ide	PlG
Cambridgeshire	Cambridgeshire'idega	PlKom
Cambridgeshire	Cambridgeshire'ideks	PlTr
Cambridgeshire	Cambridgeshire'idel	PlAd
Cambridgeshire	Cambridgeshire'idele	PlAll
Cambridgeshire	Cambridgeshire'idelt	PlAbl
Cambridgeshire	Cambridgeshire'idena	PlEs
Cambridgeshire	Cambridgeshire'ideni	PlTer
Cambridgeshire	Cambridgeshire'ides	PlIn
Cambridgeshire	Cambridgeshire'idesse	PlIll
Cambridgeshire	Cambridgeshire'idest	PlEl
Cambridgeshire	Cambridgeshire'ideta	PlAb
Cambridgeshire	Cambridgeshire'iga	SgKom
Cambridgeshire	Cambridgeshire'iks	SgTr
Cambridgeshire	Cambridgeshire'il	SgAd
Cambridgeshire	Cambridgeshire'ile	SgAll
Cambridgeshire	Cambridgeshire'ilt	SgAbl
Cambridgeshire	Cambridgeshire'ina	SgEs
Cambridgeshire	Cambridgeshire'ini	SgTer
Cambridgeshire	Cambridgeshire'is	SgIn
Cambridgeshire	Cambridgeshire'isid	PlP
Cambridgeshire	Cambridgeshire'isse	SgIll
Cambridgeshire	Cambridgeshire'ist	SgEl
Cambridgeshire	Cambridgeshire'ita	SgAb
Cumberland	Cumberland	SgN
Cumberland	Cumberlande	PlP
Cumberland	Cumberlandeks	PlTr
Cumberland	Cumberlandel	PlAd
Cumberland	Cumberlandele	PlAll
Cumberland	Cumberlandelt	PlAbl
Cumberland	Cumberlandes	PlIn
Cumberland	Cumberlandesse	PlIll
Cumberland	Cumberlandest	PlEl
Cumberland	Cumberlandi	SgAdt
Cumberland	Cumberlandi	SgG
Cumberland	Cumberlandi	SgP
Cumberland	Cumberlandid	PlN
Cumberland	Cumberlandide	PlG
Cumberland	Cumberlandidega	PlKom
Cumberland	Cumberlandideks	PlTr
Cumberland	Cumberlandidel	PlAd
Cumberland	Cumberlandidele	PlAll
Cumberland	Cumberlandidelt	PlAbl
Cumberland	Cumberlandidena	PlEs
Cumberland	Cumberlandideni	PlTer
Cumberland	Cumberlandides	PlIn
Cumberland	Cumberlandidesse	PlIll
Cumberland	Cumberlandidest	PlEl
Cumberland	Cumberlandideta	PlAb
Cumberland	Cumberlandiga	SgKom
Cumberland	Cumberlandiks	SgTr
Cumberland	Cumberlandil	SgAd
Cumberland	Cumberlandile	SgAll
Cumberland	Cumberlandilt	SgAbl
Cumberland	Cumberlandina	SgEs
Cumberland	Cumberlandini	SgTer
Cumberland	Cumberlandis	SgIn
Cumberland	Cumberlandisid	PlP
Cumberland	Cumberlandisse	SgIll
Cumberland	Cumberlandist	SgEl
Cumberland	Cumberlandita	SgAb
Chelmsford	Chelmsford	SgN
Chelmsford	Chelmsforde	PlP
Chelmsford	Chelmsfordeks	PlTr
Chelmsford	Chelmsfordel	PlAd
Chelmsford	Chelmsfordele	PlAll
Chelmsford	Chelmsfordelt	PlAbl
Chelmsford	Chelmsfordes	PlIn
Chelmsford	Chelmsfordesse	PlIll
Chelmsford	Chelmsfordest	PlEl
Chelmsford	Chelmsfordi	SgAdt
Chelmsford	Chelmsfordi	SgG
Chelmsford	Chelmsfordi	SgP
Chelmsford	Chelmsfordid	PlN
Chelmsford	Chelmsfordide	PlG
Chelmsford	Chelmsfordidega	PlKom
Chelmsford	Chelmsfordideks	PlTr
Chelmsford	Chelmsfordidel	PlAd
Chelmsford	Chelmsfordidele	PlAll
Chelmsford	Chelmsfordidelt	PlAbl
Chelmsford	Chelmsfordidena	PlEs
Chelmsford	Chelmsfordideni	PlTer
Chelmsford	Chelmsfordides	PlIn
Chelmsford	Chelmsfordidesse	PlIll
Chelmsford	Chelmsfordidest	PlEl
Chelmsford	Chelmsfordideta	PlAb
Chelmsford	Chelmsfordiga	SgKom
Chelmsford	Chelmsfordiks	SgTr
Chelmsford	Chelmsfordil	SgAd
Chelmsford	Chelmsfordile	SgAll
Chelmsford	Chelmsfordilt	SgAbl
Chelmsford	Chelmsfordina	SgEs
Chelmsford	Chelmsfordini	SgTer
Chelmsford	Chelmsfordis	SgIn
Chelmsford	Chelmsfordisid	PlP
Chelmsford	Chelmsfordisse	SgIll
Chelmsford	Chelmsfordist	SgEl
Chelmsford	Chelmsfordita	SgAb
Chichester	Chichester	SgN
Chichester	Chichestere	PlP
Chichester	Chichestereks	PlTr
Chichester	Chichesterel	PlAd
Chichester	Chichesterele	PlAll
Chichester	Chichesterelt	PlAbl
Chichester	Chichesteres	PlIn
Chichester	Chichesteresse	PlIll
Chichester	Chichesterest	PlEl
Chichester	Chichesteri	SgAdt
Chichester	Chichesteri	SgG
Chichester	Chichesteri	SgP
Chichester	Chichesterid	PlN
Chichester	Chichesteride	PlG
Chichester	Chichesteridega	PlKom
Chichester	Chichesterideks	PlTr
Chichester	Chichesteridel	PlAd
Chichester	Chichesteridele	PlAll
Chichester	Chichesteridelt	PlAbl
Chichester	Chichesteridena	PlEs
Chichester	Chichesterideni	PlTer
Chichester	Chichesterides	PlIn
Chichester	Chichesteridesse	PlIll
Chichester	Chichesteridest	PlEl
Chichester	Chichesterideta	PlAb
Chichester	Chichesteriga	SgKom
Chichester	Chichesteriks	SgTr
Chichester	Chichesteril	SgAd
Chichester	Chichesterile	SgAll
Chichester	Chichesterilt	SgAbl
Chichester	Chichesterina	SgEs
Chichester	Chichesterini	SgTer
Chichester	Chichesteris	SgIn
Chichester	Chichesterisse	SgIll
Chichester	Chichesterist	SgEl
Chichester	Chichesterita	SgAb
Centre-Val de Loire	Centre – Val de Loire	SgN
Centre-Val de Loire	Centre – Val de Loire'e	PlP
Centre-Val de Loire	Centre – Val de Loire'eks	PlTr
Centre-Val de Loire	Centre – Val de Loire'el	PlAd
Centre-Val de Loire	Centre – Val de Loire'ele	PlAll
Centre-Val de Loire	Centre – Val de Loire'elt	PlAbl
Centre-Val de Loire	Centre – Val de Loire'es	PlIn
Centre-Val de Loire	Centre – Val de Loire'esse	PlIll
Centre-Val de Loire	Centre – Val de Loire'est	PlEl
Centre-Val de Loire	Centre – Val de Loire'i	SgAdt
Centre-Val de Loire	Centre – Val de Loire'i	SgG
Centre-Val de Loire	Centre – Val de Loire'i	SgP
Centre-Val de Loire	Centre – Val de Loire'id	PlN
Centre-Val de Loire	Centre – Val de Loire'ide	PlG
Centre-Val de Loire	Centre – Val de Loire'idega	PlKom
Centre-Val de Loire	Centre – Val de Loire'ideks	PlTr
Centre-Val de Loire	Centre – Val de Loire'idel	PlAd
Centre-Val de Loire	Centre – Val de Loire'idele	PlAll
Centre-Val de Loire	Centre – Val de Loire'idelt	PlAbl
Centre-Val de Loire	Centre – Val de Loire'idena	PlEs
Centre-Val de Loire	Centre – Val de Loire'ideni	PlTer
Centre-Val de Loire	Centre – Val de Loire'ides	PlIn
Centre-Val de Loire	Centre – Val de Loire'idesse	PlIll
Centre-Val de Loire	Centre – Val de Loire'idest	PlEl
Centre-Val de Loire	Centre – Val de Loire'ideta	PlAb
Centre-Val de Loire	Centre – Val de Loire'iga	SgKom
Centre-Val de Loire	Centre – Val de Loire'iks	SgTr
Centre-Val de Loire	Centre – Val de Loire'il	SgAd
Centre-Val de Loire	Centre – Val de Loire'ile	SgAll
Centre-Val de Loire	Centre – Val de Loire'ilt	SgAbl
Centre-Val de Loire	Centre – Val de Loire'ina	SgEs
Centre-Val de Loire	Centre – Val de Loire'ini	SgTer
Centre-Val de Loire	Centre – Val de Loire'is	SgIn
Centre-Val de Loire	Centre – Val de Loire'isid	PlP
Centre-Val de Loire	Centre – Val de Loire'isse	SgIll
Centre-Val de Loire	Centre – Val de Loire'ist	SgEl
Centre-Val de Loire	Centre – Val de Loire'ita	SgAb
Clackmannanshire	Clackmannanshire	SgN
Clackmannanshire	Clackmannanshire'e	PlP
Clackmannanshire	Clackmannanshire'eks	PlTr
Clackmannanshire	Clackmannanshire'el	PlAd
Clackmannanshire	Clackmannanshire'ele	PlAll
Clackmannanshire	Clackmannanshire'elt	PlAbl
Clackmannanshire	Clackmannanshire'es	PlIn
Clackmannanshire	Clackmannanshire'esse	PlIll
Clackmannanshire	Clackmannanshire'est	PlEl
Clackmannanshire	Clackmannanshire'i	SgAdt
Clackmannanshire	Clackmannanshire'i	SgG
Clackmannanshire	Clackmannanshire'i	SgP
Clackmannanshire	Clackmannanshire'id	PlN
Clackmannanshire	Clackmannanshire'ide	PlG
Clackmannanshire	Clackmannanshire'idega	PlKom
Clackmannanshire	Clackmannanshire'ideks	PlTr
Clackmannanshire	Clackmannanshire'idel	PlAd
Clackmannanshire	Clackmannanshire'idele	PlAll
Clackmannanshire	Clackmannanshire'idelt	PlAbl
Clackmannanshire	Clackmannanshire'idena	PlEs
Clackmannanshire	Clackmannanshire'ideni	PlTer
Clackmannanshire	Clackmannanshire'ides	PlIn
Clackmannanshire	Clackmannanshire'idesse	PlIll
Clackmannanshire	Clackmannanshire'idest	PlEl
Clackmannanshire	Clackmannanshire'ideta	PlAb
Clackmannanshire	Clackmannanshire'iga	SgKom
Clackmannanshire	Clackmannanshire'iks	SgTr
Clackmannanshire	Clackmannanshire'il	SgAd
Clackmannanshire	Clackmannanshire'ile	SgAll
Clackmannanshire	Clackmannanshire'ilt	SgAbl
Clackmannanshire	Clackmannanshire'ina	SgEs
Clackmannanshire	Clackmannanshire'ini	SgTer
Clackmannanshire	Clackmannanshire'is	SgIn
Clackmannanshire	Clackmannanshire'isid	PlP
Clackmannanshire	Clackmannanshire'isse	SgIll
Clackmannanshire	Clackmannanshire'ist	SgEl
Clackmannanshire	Clackmannanshire'ita	SgAb
Cambria mäed	Cambria mäed	PlN
Cambria mäed	Cambria mägede	PlG
Cambria mäed	Cambria mägedega	PlKom
Cambria mäed	Cambria mägedeks	PlTr
Cambria mäed	Cambria mägedel	PlAd
Cambria mäed	Cambria mägedele	PlAll
Cambria mäed	Cambria mägedelt	PlAbl
Cambria mäed	Cambria mägedena	PlEs
Cambria mäed	Cambria mägedeni	PlTer
Cambria mäed	Cambria mägedes	PlIn
Cambria mäed	Cambria mägedesse	PlIll
Cambria mäed	Cambria mägedest	PlEl
Cambria mäed	Cambria mägedeta	PlAb
Cambria mäed	Cambria mägesid	PlP
Champagne-Ardenne	Champagne-Ardenne	SgN
Champagne-Ardenne	Champagne-Ardenne'e	PlP
Champagne-Ardenne	Champagne-Ardenne'eks	PlTr
Champagne-Ardenne	Champagne-Ardenne'el	PlAd
Champagne-Ardenne	Champagne-Ardenne'ele	PlAll
Champagne-Ardenne	Champagne-Ardenne'elt	PlAbl
Champagne-Ardenne	Champagne-Ardenne'es	PlIn
Champagne-Ardenne	Champagne-Ardenne'esse	PlIll
Champagne-Ardenne	Champagne-Ardenne'est	PlEl
Champagne-Ardenne	Champagne-Ardenne'i	SgAdt
Champagne-Ardenne	Champagne-Ardenne'i	SgG
Champagne-Ardenne	Champagne-Ardenne'i	SgP
Champagne-Ardenne	Champagne-Ardenne'id	PlN
Champagne-Ardenne	Champagne-Ardenne'ide	PlG
Champagne-Ardenne	Champagne-Ardenne'idega	PlKom
Champagne-Ardenne	Champagne-Ardenne'ideks	PlTr
Champagne-Ardenne	Champagne-Ardenne'idel	PlAd
Champagne-Ardenne	Champagne-Ardenne'idele	PlAll
Champagne-Ardenne	Champagne-Ardenne'idelt	PlAbl
Champagne-Ardenne	Champagne-Ardenne'idena	PlEs
Champagne-Ardenne	Champagne-Ardenne'ideni	PlTer
Champagne-Ardenne	Champagne-Ardenne'ides	PlIn
Champagne-Ardenne	Champagne-Ardenne'idesse	PlIll
Champagne-Ardenne	Champagne-Ardenne'idest	PlEl
Champagne-Ardenne	Champagne-Ardenne'ideta	PlAb
Champagne-Ardenne	Champagne-Ardenne'iga	SgKom
Champagne-Ardenne	Champagne-Ardenne'iks	SgTr
Champagne-Ardenne	Champagne-Ardenne'il	SgAd
Champagne-Ardenne	Champagne-Ardenne'ile	SgAll
Champagne-Ardenne	Champagne-Ardenne'ilt	SgAbl
Champagne-Ardenne	Champagne-Ardenne'ina	SgEs
Champagne-Ardenne	Champagne-Ardenne'ini	SgTer
Champagne-Ardenne	Champagne-Ardenne'is	SgIn
Champagne-Ardenne	Champagne-Ardenne'isid	PlP
Champagne-Ardenne	Champagne-Ardenne'isse	SgIll
Champagne-Ardenne	Champagne-Ardenne'ist	SgEl
Champagne-Ardenne	Champagne-Ardenne'ita	SgAb
CFO	CFO	SgAdt
CFO	CFO	SgG
CFO	CFO	SgN
CFO	CFO-d	PlN
CFO	CFO-d	SgP
CFO	CFO-de	PlG
CFO	CFO-dega	PlKom
CFO	CFO-deks	PlTr
CFO	CFO-del	PlAd
CFO	CFO-dele	PlAll
CFO	CFO-delt	PlAbl
CFO	CFO-dena	PlEs
CFO	CFO-deni	PlTer
CFO	CFO-des	PlIn
CFO	CFO-desse	PlIll
CFO	CFO-dest	PlEl
CFO	CFO-deta	PlAb
CFO	CFO-ga	SgKom
CFO	CFO-ks	SgTr
CFO	CFO-l	SgAd
CFO	CFO-le	SgAll
CFO	CFO-lt	SgAbl
CFO	CFO-na	SgEs
CFO	CFO-ni	SgTer
CFO	CFO-s	SgIn
CFO	CFO-sid	PlP
CFO	CFO-sse	SgIll
CFO	CFO-st	SgEl
CFO	CFO-ta	SgAb
chevalier	chevalier	SgAdt
chevalier	chevalier	SgG
chevalier	chevalier	SgN
chevalier	chevalierd	PlN
chevalier	chevalierd	SgP
chevalier	chevalierde	PlG
chevalier	chevalierdega	PlKom
chevalier	chevalierdeks	PlTr
chevalier	chevalierdel	PlAd
chevalier	chevalierdele	PlAll
chevalier	chevalierdelt	PlAbl
chevalier	chevalierdena	PlEs
chevalier	chevalierdeni	PlTer
chevalier	chevalierdes	PlIn
chevalier	chevalierdesse	PlIll
chevalier	chevalierdest	PlEl
chevalier	chevalierdeta	PlAb
chevalier	chevalierga	SgKom
chevalier	chevalierks	SgTr
chevalier	chevalierl	SgAd
chevalier	chevalierle	SgAll
chevalier	chevalierlt	SgAbl
chevalier	chevalierna	SgEs
chevalier	chevalierni	SgTer
chevalier	chevaliers	SgIn
chevalier	chevaliersid	PlP
chevalier	chevaliersse	SgIll
chevalier	chevalierst	SgEl
chevalier	chevalierta	SgAb
Cranz	Cranz	SgN
Cranz	Cranze	PlP
Cranz	Cranzeks	PlTr
Cranz	Cranzel	PlAd
Cranz	Cranzele	PlAll
Cranz	Cranzelt	PlAbl
Cranz	Cranzes	PlIn
Cranz	Cranzesse	PlIll
Cranz	Cranzest	PlEl
Cranz	Cranzi	SgAdt
Cranz	Cranzi	SgG
Cranz	Cranzi	SgP
Cranz	Cranzid	PlN
Cranz	Cranzide	PlG
Cranz	Cranzidega	PlKom
Cranz	Cranzideks	PlTr
Cranz	Cranzidel	PlAd
Cranz	Cranzidele	PlAll
Cranz	Cranzidelt	PlAbl
Cranz	Cranzidena	PlEs
Cranz	Cranzideni	PlTer
Cranz	Cranzides	PlIn
Cranz	Cranzidesse	PlIll
Cranz	Cranzidest	PlEl
Cranz	Cranzideta	PlAb
Cranz	Cranziga	SgKom
Cranz	Cranziks	SgTr
Cranz	Cranzil	SgAd
Cranz	Cranzile	SgAll
Cranz	Cranzilt	SgAbl
Cranz	Cranzina	SgEs
Cranz	Cranzini	SgTer
Cranz	Cranzis	SgIn
Cranz	Cranzisid	PlP
Cranz	Cranzisse	SgIll
Cranz	Cranzist	SgEl
Cranz	Cranzita	SgAb
C	C	SgAdt
C	C	SgG
C	C	SgN
C	C-d	PlN
C	C-d	SgP
C	C-de	PlG
C	C-dega	PlKom
C	C-deks	PlTr
C	C-del	PlAd
C	C-dele	PlAll
C	C-delt	PlAbl
C	C-dena	PlEs
C	C-deni	PlTer
C	C-des	PlIn
C	C-desse	PlIll
C	C-dest	PlEl
C	C-deta	PlAb
C	C-ga	SgKom
C	C-ks	SgTr
C	C-l	SgAd
C	C-le	SgAll
C	C-lt	SgAbl
C	C-na	SgEs
C	C-ni	SgTer
C	C-s	SgIn
C	C-sid	PlP
C	C-sse	SgIll
C	C-st	SgEl
C	C-ta	SgAb
cosplay	cosplay	SgAdt
cosplay	cosplay	SgG
cosplay	cosplay	SgN
cosplay	cosplay'd	PlN
cosplay	cosplay'd	SgP
cosplay	cosplay'de	PlG
cosplay	cosplay'dega	PlKom
cosplay	cosplay'deks	PlTr
cosplay	cosplay'del	PlAd
cosplay	cosplay'dele	PlAll
cosplay	cosplay'delt	PlAbl
cosplay	cosplay'dena	PlEs
cosplay	cosplay'deni	PlTer
cosplay	cosplay'des	PlIn
cosplay	cosplay'desse	PlIll
cosplay	cosplay'dest	PlEl
cosplay	cosplay'deta	PlAb
cosplay	cosplay'ga	SgKom
cosplay	cosplay'ks	SgTr
cosplay	cosplay'l	SgAd
cosplay	cosplay'le	SgAll
cosplay	cosplay'lt	SgAbl
cosplay	cosplay'na	SgEs
cosplay	cosplay'ni	SgTer
cosplay	cosplay's	SgIn
cosplay	cosplay'sid	PlP
cosplay	cosplay'sse	SgIll
cosplay	cosplay'st	SgEl
cosplay	cosplay'ta	SgAb
cosplayer	cosplayer	SgAdt
cosplayer	cosplayer	SgN
cosplayer	cosplayer'eid	PlP
cosplayer	cosplayer'eiks	PlTr
cosplayer	cosplayer'eil	PlAd
cosplayer	cosplayer'eile	PlAll
cosplayer	cosplayer'eilt	PlAbl
cosplayer	cosplayer'eis	PlIn
cosplayer	cosplayer'eisse	PlIll
cosplayer	cosplayer'eist	PlEl
cosplayer	cosplayer'i	SgG
cosplayer	cosplayer'id	PlN
cosplayer	cosplayer'iga	SgKom
cosplayer	cosplayer'iks	SgTr
cosplayer	cosplayer'il	SgAd
cosplayer	cosplayer'ile	SgAll
cosplayer	cosplayer'ilt	SgAbl
cosplayer	cosplayer'ina	SgEs
cosplayer	cosplayer'ini	SgTer
cosplayer	cosplayer'is	SgIn
cosplayer	cosplayer'isse	SgIll
cosplayer	cosplayer'ist	SgEl
cosplayer	cosplayer'it	SgP
cosplayer	cosplayer'ita	SgAb
cosplayer	cosplayer'ite	PlG
cosplayer	cosplayer'itega	PlKom
cosplayer	cosplayer'iteks	PlTr
cosplayer	cosplayer'itel	PlAd
cosplayer	cosplayer'itele	PlAll
cosplayer	cosplayer'itelt	PlAbl
cosplayer	cosplayer'itena	PlEs
cosplayer	cosplayer'iteni	PlTer
cosplayer	cosplayer'ites	PlIn
cosplayer	cosplayer'itesse	PlIll
cosplayer	cosplayer'itest	PlEl
cosplayer	cosplayer'iteta	PlAb
chilli con carne	chilli con carne	SgAdt
chilli con carne	chilli con carne	SgG
chilli con carne	chilli con carne	SgN
chilli con carne	chilli con carned	PlN
chilli con carne	chilli con carnede	PlG
chilli con carne	chilli con carnedega	PlKom
chilli con carne	chilli con carnedeks	PlTr
chilli con carne	chilli con carnedel	PlAd
chilli con carne	chilli con carnedele	PlAll
chilli con carne	chilli con carnedelt	PlAbl
chilli con carne	chilli con carnedena	PlEs
chilli con carne	chilli con carnedeni	PlTer
chilli con carne	chilli con carnedes	PlIn
chilli con carne	chilli con carnedesse	PlIll
chilli con carne	chilli con carnedest	PlEl
chilli con carne	chilli con carnedeta	PlAb
chilli con carne	chilli con carnega	SgKom
chilli con carne	chilli con carneks	SgTr
chilli con carne	chilli con carnel	SgAd
chilli con carne	chilli con carnele	SgAll
chilli con carne	chilli con carnelt	SgAbl
chilli con carne	chilli con carnena	SgEs
chilli con carne	chilli con carneni	SgTer
chilli con carne	chilli con carnes	SgIn
chilli con carne	chilli con carnesid	PlP
chilli con carne	chilli con carnesse	SgIll
chilli con carne	chilli con carnest	SgEl
chilli con carne	chilli con carnet	SgP
chilli con carne	chilli con carneta	SgAb
cajón	cajón	SgN
cajón	cajóne	PlP
cajón	cajóneks	PlTr
cajón	cajónel	PlAd
cajón	cajónele	PlAll
cajón	cajónelt	PlAbl
cajón	cajónes	PlIn
cajón	cajónesse	PlIll
cajón	cajónest	PlEl
cajón	cajóni	SgAdt
cajón	cajóni	SgG
cajón	cajóni	SgP
cajón	cajónid	PlN
cajón	cajónide	PlG
cajón	cajónidega	PlKom
cajón	cajónideks	PlTr
cajón	cajónidel	PlAd
cajón	cajónidele	PlAll
cajón	cajónidelt	PlAbl
cajón	cajónidena	PlEs
cajón	cajónideni	PlTer
cajón	cajónides	PlIn
cajón	cajónidesse	PlIll
cajón	cajónidest	PlEl
cajón	cajónideta	PlAb
cajón	cajóniga	SgKom
cajón	cajóniks	SgTr
cajón	cajónil	SgAd
cajón	cajónile	SgAll
cajón	cajónilt	SgAbl
cajón	cajónina	SgEs
cajón	cajónini	SgTer
cajón	cajónis	SgIn
cajón	cajónisid	PlP
cajón	cajónisse	SgIll
cajón	cajónist	SgEl
cajón	cajónita	SgAb
caffè americano	caffè americano	SgAdt
caffè americano	caffè americano	SgG
caffè americano	caffè americano	SgN
caffè americano	caffè americanod	PlN
caffè americano	caffè americanode	PlG
caffè americano	caffè americanodega	PlKom
caffè americano	caffè americanodeks	PlTr
caffè americano	caffè americanodel	PlAd
caffè americano	caffè americanodele	PlAll
caffè americano	caffè americanodelt	PlAbl
caffè americano	caffè americanodena	PlEs
caffè americano	caffè americanodeni	PlTer
caffè americano	caffè americanodes	PlIn
caffè americano	caffè americanodesse	PlIll
caffè americano	caffè americanodest	PlEl
caffè americano	caffè americanodeta	PlAb
caffè americano	caffè americanoga	SgKom
caffè americano	caffè americanoks	SgTr
caffè americano	caffè americanol	SgAd
caffè americano	caffè americanole	SgAll
caffè americano	caffè americanolt	SgAbl
caffè americano	caffè americanona	SgEs
caffè americano	caffè americanoni	SgTer
caffè americano	caffè americanos	SgIn
caffè americano	caffè americanosid	PlP
caffè americano	caffè americanosse	SgIll
caffè americano	caffè americanost	SgEl
caffè americano	caffè americanot	SgP
caffè americano	caffè americanota	SgAb
Chalkída	Chalkída	SgAdt
Chalkída	Chalkída	SgG
Chalkída	Chalkída	SgN
Chalkída	Chalkídad	PlN
Chalkída	Chalkídade	PlG
Chalkída	Chalkídadega	PlKom
Chalkída	Chalkídadeks	PlTr
Chalkída	Chalkídadel	PlAd
Chalkída	Chalkídadele	PlAll
Chalkída	Chalkídadelt	PlAbl
Chalkída	Chalkídadena	PlEs
Chalkída	Chalkídadeni	PlTer
Chalkída	Chalkídades	PlIn
Chalkída	Chalkídadesse	PlIll
Chalkída	Chalkídadest	PlEl
Chalkída	Chalkídadeta	PlAb
Chalkída	Chalkídaga	SgKom
Chalkída	Chalkídaks	SgTr
Chalkída	Chalkídal	SgAd
Chalkída	Chalkídale	SgAll
Chalkída	Chalkídalt	SgAbl
Chalkída	Chalkídana	SgEs
Chalkída	Chalkídani	SgTer
Chalkída	Chalkídas	SgIn
Chalkída	Chalkídasid	PlP
Chalkída	Chalkídasse	SgIll
Chalkída	Chalkídast	SgEl
Chalkída	Chalkídat	SgP
Chalkída	Chalkídata	SgAb
Chalkis	Chalkis	SgAdt
Chalkis	Chalkis	SgN
Chalkis	Chalkise	SgG
Chalkis	Chalkised	PlN
Chalkis	Chalkisega	SgKom
Chalkis	Chalkiseid	PlP
Chalkis	Chalkiseiks	PlTr
Chalkis	Chalkiseil	PlAd
Chalkis	Chalkiseile	PlAll
Chalkis	Chalkiseilt	PlAbl
Chalkis	Chalkiseis	PlIn
Chalkis	Chalkiseisse	PlIll
Chalkis	Chalkiseist	PlEl
Chalkis	Chalkiseks	SgTr
Chalkis	Chalkisel	SgAd
Chalkis	Chalkisele	SgAll
Chalkis	Chalkiselt	SgAbl
Chalkis	Chalkisena	SgEs
Chalkis	Chalkiseni	SgTer
Chalkis	Chalkises	SgIn
Chalkis	Chalkisesse	SgIll
Chalkis	Chalkisest	SgEl
Chalkis	Chalkiseta	SgAb
Chalkis	Chalkist	SgP
Chalkis	Chalkiste	PlG
Chalkis	Chalkistega	PlKom
Chalkis	Chalkisteks	PlTr
Chalkis	Chalkistel	PlAd
Chalkis	Chalkistele	PlAll
Chalkis	Chalkistelt	PlAbl
Chalkis	Chalkistena	PlEs
Chalkis	Chalkisteni	PlTer
Chalkis	Chalkistes	PlIn
Chalkis	Chalkistesse	PlIll
Chalkis	Chalkistest	PlEl
Chalkis	Chalkisteta	PlAb
Chagose saared	Chagose saar	SgN
Chagose saared	Chagose saarde	SgAdt
Chagose saared	Chagose saare	SgG
Chagose saared	Chagose saared	PlN
Chagose saared	Chagose saarega	SgKom
Chagose saared	Chagose saareks	SgTr
Chagose saared	Chagose saarel	SgAd
Chagose saared	Chagose saarele	SgAll
Chagose saared	Chagose saarelt	SgAbl
Chagose saared	Chagose saarena	SgEs
Chagose saared	Chagose saareni	SgTer
Chagose saared	Chagose saares	SgIn
Chagose saared	Chagose saaresse	SgIll
Chagose saared	Chagose saarest	SgEl
Chagose saared	Chagose saareta	SgAb
Chagose saared	Chagose saari	PlP
Chagose saared	Chagose saariks	PlTr
Chagose saared	Chagose saaril	PlAd
Chagose saared	Chagose saarile	PlAll
Chagose saared	Chagose saarilt	PlAbl
Chagose saared	Chagose saaris	PlIn
Chagose saared	Chagose saarisse	PlIll
Chagose saared	Chagose saarist	PlEl
Chagose saared	Chagose saart	SgP
Chagose saared	Chagose saarte	PlG
Chagose saared	Chagose saartega	PlKom
Chagose saared	Chagose saarteks	PlTr
Chagose saared	Chagose saartel	PlAd
Chagose saared	Chagose saartele	PlAll
Chagose saared	Chagose saartelt	PlAbl
Chagose saared	Chagose saartena	PlEs
Chagose saared	Chagose saarteni	PlTer
Chagose saared	Chagose saartes	PlIn
Chagose saared	Chagose saartesse	PlIll
Chagose saared	Chagose saartest	PlEl
Chagose saared	Chagose saarteta	PlAb
Coquilhatville	Coquilhatville	SgN
Coquilhatville	Coquilhatville'e	PlP
Coquilhatville	Coquilhatville'eks	PlTr
Coquilhatville	Coquilhatville'el	PlAd
Coquilhatville	Coquilhatville'ele	PlAll
Coquilhatville	Coquilhatville'elt	PlAbl
Coquilhatville	Coquilhatville'es	PlIn
Coquilhatville	Coquilhatville'esse	PlIll
Coquilhatville	Coquilhatville'est	PlEl
Coquilhatville	Coquilhatville'i	SgAdt
Coquilhatville	Coquilhatville'i	SgG
Coquilhatville	Coquilhatville'i	SgP
Coquilhatville	Coquilhatville'id	PlN
Coquilhatville	Coquilhatville'ide	PlG
Coquilhatville	Coquilhatville'idega	PlKom
Coquilhatville	Coquilhatville'ideks	PlTr
Coquilhatville	Coquilhatville'idel	PlAd
Coquilhatville	Coquilhatville'idele	PlAll
Coquilhatville	Coquilhatville'idelt	PlAbl
Coquilhatville	Coquilhatville'idena	PlEs
Coquilhatville	Coquilhatville'ideni	PlTer
Coquilhatville	Coquilhatville'ides	PlIn
Coquilhatville	Coquilhatville'idesse	PlIll
Coquilhatville	Coquilhatville'idest	PlEl
Coquilhatville	Coquilhatville'ideta	PlAb
Coquilhatville	Coquilhatville'iga	SgKom
Coquilhatville	Coquilhatville'iks	SgTr
Coquilhatville	Coquilhatville'il	SgAd
Coquilhatville	Coquilhatville'ile	SgAll
Coquilhatville	Coquilhatville'ilt	SgAbl
Coquilhatville	Coquilhatville'ina	SgEs
Coquilhatville	Coquilhatville'ini	SgTer
Coquilhatville	Coquilhatville'is	SgIn
Coquilhatville	Coquilhatville'isid	PlP
Coquilhatville	Coquilhatville'isse	SgIll
Coquilhatville	Coquilhatville'ist	SgEl
Coquilhatville	Coquilhatville'ita	SgAb
Costermansville	Costermansville	SgN
Costermansville	Costermansville'e	PlP
Costermansville	Costermansville'eks	PlTr
Costermansville	Costermansville'el	PlAd
Costermansville	Costermansville'ele	PlAll
Costermansville	Costermansville'elt	PlAbl
Costermansville	Costermansville'es	PlIn
Costermansville	Costermansville'esse	PlIll
Costermansville	Costermansville'est	PlEl
Costermansville	Costermansville'i	SgAdt
Costermansville	Costermansville'i	SgG
Costermansville	Costermansville'i	SgP
Costermansville	Costermansville'id	PlN
Costermansville	Costermansville'ide	PlG
Costermansville	Costermansville'idega	PlKom
Costermansville	Costermansville'ideks	PlTr
Costermansville	Costermansville'idel	PlAd
Costermansville	Costermansville'idele	PlAll
Costermansville	Costermansville'idelt	PlAbl
Costermansville	Costermansville'idena	PlEs
Costermansville	Costermansville'ideni	PlTer
Costermansville	Costermansville'ides	PlIn
Costermansville	Costermansville'idesse	PlIll
Costermansville	Costermansville'idest	PlEl
Costermansville	Costermansville'ideta	PlAb
Costermansville	Costermansville'iga	SgKom
Costermansville	Costermansville'iks	SgTr
Costermansville	Costermansville'il	SgAd
Costermansville	Costermansville'ile	SgAll
Costermansville	Costermansville'ilt	SgAbl
Costermansville	Costermansville'ina	SgEs
Costermansville	Costermansville'ini	SgTer
Costermansville	Costermansville'is	SgIn
Costermansville	Costermansville'isid	PlP
Costermansville	Costermansville'isse	SgIll
Costermansville	Costermansville'ist	SgEl
Costermansville	Costermansville'ita	SgAb
Connacht	Connacht	SgAdt
Connacht	Connacht	SgN
Connacht	Connachteid	PlP
Connacht	Connachteiks	PlTr
Connacht	Connachteil	PlAd
Connacht	Connachteile	PlAll
Connacht	Connachteilt	PlAbl
Connacht	Connachteis	PlIn
Connacht	Connachteisse	PlIll
Connacht	Connachteist	PlEl
Connacht	Connachti	SgG
Connacht	Connachtid	PlN
Connacht	Connachtiga	SgKom
Connacht	Connachtiks	SgTr
Connacht	Connachtil	SgAd
Connacht	Connachtile	SgAll
Connacht	Connachtilt	SgAbl
Connacht	Connachtina	SgEs
Connacht	Connachtini	SgTer
Connacht	Connachtis	SgIn
Connacht	Connachtisse	SgIll
Connacht	Connachtist	SgEl
Connacht	Connachtit	SgP
Connacht	Connachtita	SgAb
Connacht	Connachtite	PlG
Connacht	Connachtitega	PlKom
Connacht	Connachtiteks	PlTr
Connacht	Connachtitel	PlAd
Connacht	Connachtitele	PlAll
Connacht	Connachtitelt	PlAbl
Connacht	Connachtitena	PlEs
Connacht	Connachtiteni	PlTer
Connacht	Connachtites	PlIn
Connacht	Connachtitesse	PlIll
Connacht	Connachtitest	PlEl
Connacht	Connachtiteta	PlAb
Coimbra	Coimbra	SgAdt
Coimbra	Coimbra	SgG
Coimbra	Coimbra	SgN
Coimbra	Coimbrad	PlN
Coimbra	Coimbraga	SgKom
Coimbra	Coimbraid	PlP
Coimbra	Coimbraiks	PlTr
Coimbra	Coimbrail	PlAd
Coimbra	Coimbraile	PlAll
Coimbra	Coimbrailt	PlAbl
Coimbra	Coimbrais	PlIn
Coimbra	Coimbraisse	PlIll
Coimbra	Coimbraist	PlEl
Coimbra	Coimbraks	SgTr
Coimbra	Coimbral	SgAd
Coimbra	Coimbrale	SgAll
Coimbra	Coimbralt	SgAbl
Coimbra	Coimbrana	SgEs
Coimbra	Coimbrani	SgTer
Coimbra	Coimbras	SgIn
Coimbra	Coimbrasse	SgIll
Coimbra	Coimbrast	SgEl
Coimbra	Coimbrat	SgP
Coimbra	Coimbrata	SgAb
Coimbra	Coimbrate	PlG
Coimbra	Coimbratega	PlKom
Coimbra	Coimbrateks	PlTr
Coimbra	Coimbratel	PlAd
Coimbra	Coimbratele	PlAll
Coimbra	Coimbratelt	PlAbl
Coimbra	Coimbratena	PlEs
Coimbra	Coimbrateni	PlTer
Coimbra	Coimbrates	PlIn
Coimbra	Coimbratesse	PlIll
Coimbra	Coimbratest	PlEl
Coimbra	Coimbrateta	PlAb
Chūbu	Chūbu	SgAdt
Chūbu	Chūbu	SgG
Chūbu	Chūbu	SgN
Chūbu	Chūbud	PlN
Chūbu	Chūbude	PlG
Chūbu	Chūbudega	PlKom
Chūbu	Chūbudeks	PlTr
Chūbu	Chūbudel	PlAd
Chūbu	Chūbudele	PlAll
Chūbu	Chūbudelt	PlAbl
Chūbu	Chūbudena	PlEs
Chūbu	Chūbudeni	PlTer
Chūbu	Chūbudes	PlIn
Chūbu	Chūbudesse	PlIll
Chūbu	Chūbudest	PlEl
Chūbu	Chūbudeta	PlAb
Chūbu	Chūbuga	SgKom
Chūbu	Chūbuks	SgTr
Chūbu	Chūbul	SgAd
Chūbu	Chūbule	SgAll
Chūbu	Chūbult	SgAbl
Chūbu	Chūbuna	SgEs
Chūbu	Chūbuni	SgTer
Chūbu	Chūbus	SgIn
Chūbu	Chūbusid	PlP
Chūbu	Chūbusse	SgIll
Chūbu	Chūbust	SgEl
Chūbu	Chūbut	SgP
Chūbu	Chūbuta	SgAb
Chūgoku	Chūgoku	SgAdt
Chūgoku	Chūgoku	SgG
Chūgoku	Chūgoku	SgN
Chūgoku	Chūgokud	PlN
Chūgoku	Chūgokuga	SgKom
Chūgoku	Chūgokuid	PlP
Chūgoku	Chūgokuiks	PlTr
Chūgoku	Chūgokuil	PlAd
Chūgoku	Chūgokuile	PlAll
Chūgoku	Chūgokuilt	PlAbl
Chūgoku	Chūgokuis	PlIn
Chūgoku	Chūgokuisse	PlIll
Chūgoku	Chūgokuist	PlEl
Chūgoku	Chūgokuks	SgTr
Chūgoku	Chūgokul	SgAd
Chūgoku	Chūgokule	SgAll
Chūgoku	Chūgokult	SgAbl
Chūgoku	Chūgokuna	SgEs
Chūgoku	Chūgokuni	SgTer
Chūgoku	Chūgokus	SgIn
Chūgoku	Chūgokusse	SgIll
Chūgoku	Chūgokust	SgEl
Chūgoku	Chūgokut	SgP
Chūgoku	Chūgokuta	SgAb
Chūgoku	Chūgokute	PlG
Chūgoku	Chūgokutega	PlKom
Chūgoku	Chūgokuteks	PlTr
Chūgoku	Chūgokutel	PlAd
Chūgoku	Chūgokutele	PlAll
Chūgoku	Chūgokutelt	PlAbl
Chūgoku	Chūgokutena	PlEs
Chūgoku	Chūgokuteni	PlTer
Chūgoku	Chūgokutes	PlIn
Chūgoku	Chūgokutesse	PlIll
Chūgoku	Chūgokutest	PlEl
Chūgoku	Chūgokuteta	PlAb
Chiba	Chiba	SgAdt
Chiba	Chiba	SgG
Chiba	Chiba	SgN
Chiba	Chiba	SgP
Chiba	Chibad	PlN
Chiba	Chibade	PlG
Chiba	Chibadega	PlKom
Chiba	Chibadeks	PlTr
Chiba	Chibadel	PlAd
Chiba	Chibadele	PlAll
Chiba	Chibadelt	PlAbl
Chiba	Chibadena	PlEs
Chiba	Chibadeni	PlTer
Chiba	Chibades	PlIn
Chiba	Chibadesse	PlIll
Chiba	Chibadest	PlEl
Chiba	Chibadeta	PlAb
Chiba	Chibaga	SgKom
Chiba	Chibaks	SgTr
Chiba	Chibal	SgAd
Chiba	Chibale	SgAll
Chiba	Chibalt	SgAbl
Chiba	Chibana	SgEs
Chiba	Chibani	SgTer
Chiba	Chibas	SgIn
Chiba	Chibasid	PlP
Chiba	Chibasse	SgIll
Chiba	Chibast	SgEl
Chiba	Chibat	SgP
Chiba	Chibata	SgAb
Chur	Chur	SgN
Chur	Chure	PlP
Chur	Chureks	PlTr
Chur	Churel	PlAd
Chur	Churele	PlAll
Chur	Churelt	PlAbl
Chur	Chures	PlIn
Chur	Churesse	PlIll
Chur	Churest	PlEl
Chur	Churi	SgAdt
Chur	Churi	SgG
Chur	Churi	SgP
Chur	Churid	PlN
Chur	Churide	PlG
Chur	Churidega	PlKom
Chur	Churideks	PlTr
Chur	Churidel	PlAd
Chur	Churidele	PlAll
Chur	Churidelt	PlAbl
Chur	Churidena	PlEs
Chur	Churideni	PlTer
Chur	Churides	PlIn
Chur	Churidesse	PlIll
Chur	Churidest	PlEl
Chur	Churideta	PlAb
Chur	Churiga	SgKom
Chur	Churiks	SgTr
Chur	Churil	SgAd
Chur	Churile	SgAll
Chur	Churilt	SgAbl
Chur	Churina	SgEs
Chur	Churini	SgTer
Chur	Churis	SgIn
Chur	Churisid	PlP
Chur	Churisse	SgIll
Chur	Churist	SgEl
Chur	Churita	SgAb
Cho Oyu	Cho Oyu	SgAdt
Cho Oyu	Cho Oyu	SgG
Cho Oyu	Cho Oyu	SgN
Cho Oyu	Cho Oyud	PlN
Cho Oyu	Cho Oyud	SgP
Cho Oyu	Cho Oyude	PlG
Cho Oyu	Cho Oyudega	PlKom
Cho Oyu	Cho Oyudeks	PlTr
Cho Oyu	Cho Oyudel	PlAd
Cho Oyu	Cho Oyudele	PlAll
Cho Oyu	Cho Oyudelt	PlAbl
Cho Oyu	Cho Oyudena	PlEs
Cho Oyu	Cho Oyudeni	PlTer
Cho Oyu	Cho Oyudes	PlIn
Cho Oyu	Cho Oyudesse	PlIll
Cho Oyu	Cho Oyudest	PlEl
Cho Oyu	Cho Oyudeta	PlAb
Cho Oyu	Cho Oyuga	SgKom
Cho Oyu	Cho Oyuks	SgTr
Cho Oyu	Cho Oyul	SgAd
Cho Oyu	Cho Oyule	SgAll
Cho Oyu	Cho Oyult	SgAbl
Cho Oyu	Cho Oyuna	SgEs
Cho Oyu	Cho Oyuni	SgTer
Cho Oyu	Cho Oyus	SgIn
Cho Oyu	Cho Oyusid	PlP
Cho Oyu	Cho Oyusse	SgIll
Cho Oyu	Cho Oyust	SgEl
Cho Oyu	Cho Oyuta	SgAb
Carlow	Carlow	SgN
Carlow	Carlow'	SgAdt
Carlow	Carlow'	SgG
Carlow	Carlow'd	PlN
Carlow	Carlow'd	SgP
Carlow	Carlow'de	PlG
Carlow	Carlow'dega	PlKom
Carlow	Carlow'deks	PlTr
Carlow	Carlow'del	PlAd
Carlow	Carlow'dele	PlAll
Carlow	Carlow'delt	PlAbl
Carlow	Carlow'dena	PlEs
Carlow	Carlow'deni	PlTer
Carlow	Carlow'des	PlIn
Carlow	Carlow'desse	PlIll
Carlow	Carlow'dest	PlEl
Carlow	Carlow'deta	PlAb
Carlow	Carlow'ga	SgKom
Carlow	Carlow'ks	SgTr
Carlow	Carlow'l	SgAd
Carlow	Carlow'le	SgAll
Carlow	Carlow'lt	SgAbl
Carlow	Carlow'na	SgEs
Carlow	Carlow'ni	SgTer
Carlow	Carlow's	SgIn
Carlow	Carlow'sid	PlP
Carlow	Carlow'sse	SgIll
Carlow	Carlow'st	SgEl
Carlow	Carlow'ta	SgAb
Cavan	Cavan	SgAdt
Cavan	Cavan	SgN
Cavan	Cavaneid	PlP
Cavan	Cavaneiks	PlTr
Cavan	Cavaneil	PlAd
Cavan	Cavaneile	PlAll
Cavan	Cavaneilt	PlAbl
Cavan	Cavaneis	PlIn
Cavan	Cavaneisse	PlIll
Cavan	Cavaneist	PlEl
Cavan	Cavani	SgG
Cavan	Cavanid	PlN
Cavan	Cavaniga	SgKom
Cavan	Cavaniks	SgTr
Cavan	Cavanil	SgAd
Cavan	Cavanile	SgAll
Cavan	Cavanilt	SgAbl
Cavan	Cavanina	SgEs
Cavan	Cavanini	SgTer
Cavan	Cavanis	SgIn
Cavan	Cavanisse	SgIll
Cavan	Cavanist	SgEl
Cavan	Cavanit	SgP
Cavan	Cavanita	SgAb
Cavan	Cavanite	PlG
Cavan	Cavanitega	PlKom
Cavan	Cavaniteks	PlTr
Cavan	Cavanitel	PlAd
Cavan	Cavanitele	PlAll
Cavan	Cavanitelt	PlAbl
Cavan	Cavanitena	PlEs
Cavan	Cavaniteni	PlTer
Cavan	Cavanites	PlIn
Cavan	Cavanitesse	PlIll
Cavan	Cavanitest	PlEl
Cavan	Cavaniteta	PlAb
Clare	Clare	SgN
Clare	Clare'e	PlP
Clare	Clare'eks	PlTr
Clare	Clare'el	PlAd
Clare	Clare'ele	PlAll
Clare	Clare'elt	PlAbl
Clare	Clare'es	PlIn
Clare	Clare'esse	PlIll
Clare	Clare'est	PlEl
Clare	Clare'i	SgAdt
Clare	Clare'i	SgG
Clare	Clare'i	SgP
Clare	Clare'id	PlN
Clare	Clare'ide	PlG
Clare	Clare'idega	PlKom
Clare	Clare'ideks	PlTr
Clare	Clare'idel	PlAd
Clare	Clare'idele	PlAll
Clare	Clare'idelt	PlAbl
Clare	Clare'idena	PlEs
Clare	Clare'ideni	PlTer
Clare	Clare'ides	PlIn
Clare	Clare'idesse	PlIll
Clare	Clare'idest	PlEl
Clare	Clare'ideta	PlAb
Clare	Clare'iga	SgKom
Clare	Clare'iks	SgTr
Clare	Clare'il	SgAd
Clare	Clare'ile	SgAll
Clare	Clare'ilt	SgAbl
Clare	Clare'ina	SgEs
Clare	Clare'ini	SgTer
Clare	Clare'is	SgIn
Clare	Clare'isid	PlP
Clare	Clare'isse	SgIll
Clare	Clare'ist	SgEl
Clare	Clare'ita	SgAb
Carrick-on-Shannon	Carrick-on-Shannon	SgAdt
Carrick-on-Shannon	Carrick-on-Shannon	SgN
Carrick-on-Shannon	Carrick-on-Shannoneid	PlP
Carrick-on-Shannon	Carrick-on-Shannoneiks	PlTr
Carrick-on-Shannon	Carrick-on-Shannoneil	PlAd
Carrick-on-Shannon	Carrick-on-Shannoneile	PlAll
Carrick-on-Shannon	Carrick-on-Shannoneilt	PlAbl
Carrick-on-Shannon	Carrick-on-Shannoneis	PlIn
Carrick-on-Shannon	Carrick-on-Shannoneisse	PlIll
Carrick-on-Shannon	Carrick-on-Shannoneist	PlEl
Carrick-on-Shannon	Carrick-on-Shannoni	SgG
Carrick-on-Shannon	Carrick-on-Shannonid	PlN
Carrick-on-Shannon	Carrick-on-Shannoniga	SgKom
Carrick-on-Shannon	Carrick-on-Shannoniks	SgTr
Carrick-on-Shannon	Carrick-on-Shannonil	SgAd
Carrick-on-Shannon	Carrick-on-Shannonile	SgAll
Carrick-on-Shannon	Carrick-on-Shannonilt	SgAbl
Carrick-on-Shannon	Carrick-on-Shannonina	SgEs
Carrick-on-Shannon	Carrick-on-Shannonini	SgTer
Carrick-on-Shannon	Carrick-on-Shannonis	SgIn
Carrick-on-Shannon	Carrick-on-Shannonisse	SgIll
Carrick-on-Shannon	Carrick-on-Shannonist	SgEl
Carrick-on-Shannon	Carrick-on-Shannonit	SgP
Carrick-on-Shannon	Carrick-on-Shannonita	SgAb
Carrick-on-Shannon	Carrick-on-Shannonite	PlG
Carrick-on-Shannon	Carrick-on-Shannonitega	PlKom
Carrick-on-Shannon	Carrick-on-Shannoniteks	PlTr
Carrick-on-Shannon	Carrick-on-Shannonitel	PlAd
Carrick-on-Shannon	Carrick-on-Shannonitele	PlAll
Carrick-on-Shannon	Carrick-on-Shannonitelt	PlAbl
Carrick-on-Shannon	Carrick-on-Shannonitena	PlEs
Carrick-on-Shannon	Carrick-on-Shannoniteni	PlTer
Carrick-on-Shannon	Carrick-on-Shannonites	PlIn
Carrick-on-Shannon	Carrick-on-Shannonitesse	PlIll
Carrick-on-Shannon	Carrick-on-Shannonitest	PlEl
Carrick-on-Shannon	Carrick-on-Shannoniteta	PlAb
Castlebar	Castlebar	SgN
Castlebar	Castlebare	PlP
Castlebar	Castlebareks	PlTr
Castlebar	Castlebarel	PlAd
Castlebar	Castlebarele	PlAll
Castlebar	Castlebarelt	PlAbl
Castlebar	Castlebares	PlIn
Castlebar	Castlebaresse	PlIll
Castlebar	Castlebarest	PlEl
Castlebar	Castlebari	SgAdt
Castlebar	Castlebari	SgG
Castlebar	Castlebari	SgP
Castlebar	Castlebarid	PlN
Castlebar	Castlebaride	PlG
Castlebar	Castlebaridega	PlKom
Castlebar	Castlebarideks	PlTr
Castlebar	Castlebaridel	PlAd
Castlebar	Castlebaridele	PlAll
Castlebar	Castlebaridelt	PlAbl
Castlebar	Castlebaridena	PlEs
Castlebar	Castlebarideni	PlTer
Castlebar	Castlebarides	PlIn
Castlebar	Castlebaridesse	PlIll
Castlebar	Castlebaridest	PlEl
Castlebar	Castlebarideta	PlAb
Castlebar	Castlebariga	SgKom
Castlebar	Castlebariks	SgTr
Castlebar	Castlebaril	SgAd
Castlebar	Castlebarile	SgAll
Castlebar	Castlebarilt	SgAbl
Castlebar	Castlebarina	SgEs
Castlebar	Castlebarini	SgTer
Castlebar	Castlebaris	SgIn
Castlebar	Castlebarisid	PlP
Castlebar	Castlebarisse	SgIll
Castlebar	Castlebarist	SgEl
Castlebar	Castlebarita	SgAb
Clonmel	Clonmel	SgN
Clonmel	Clonmele	PlP
Clonmel	Clonmeleks	PlTr
Clonmel	Clonmelel	PlAd
Clonmel	Clonmelele	PlAll
Clonmel	Clonmelelt	PlAbl
Clonmel	Clonmeles	PlIn
Clonmel	Clonmelesse	PlIll
Clonmel	Clonmelest	PlEl
Clonmel	Clonmeli	SgAdt
Clonmel	Clonmeli	SgG
Clonmel	Clonmeli	SgP
Clonmel	Clonmelid	PlN
Clonmel	Clonmelide	PlG
Clonmel	Clonmelidega	PlKom
Clonmel	Clonmelideks	PlTr
Clonmel	Clonmelidel	PlAd
Clonmel	Clonmelidele	PlAll
Clonmel	Clonmelidelt	PlAbl
Clonmel	Clonmelidena	PlEs
Clonmel	Clonmelideni	PlTer
Clonmel	Clonmelides	PlIn
Clonmel	Clonmelidesse	PlIll
Clonmel	Clonmelidest	PlEl
Clonmel	Clonmelideta	PlAb
Clonmel	Clonmeliga	SgKom
Clonmel	Clonmeliks	SgTr
Clonmel	Clonmelil	SgAd
Clonmel	Clonmelile	SgAll
Clonmel	Clonmelilt	SgAbl
Clonmel	Clonmelina	SgEs
Clonmel	Clonmelini	SgTer
Clonmel	Clonmelis	SgIn
Clonmel	Clonmelisid	PlP
Clonmel	Clonmelisse	SgIll
Clonmel	Clonmelist	SgEl
Clonmel	Clonmelita	SgAb
Chamonix	Chamonix	SgN
Chamonix	Chamonix'	SgAdt
Chamonix	Chamonix'	SgG
Chamonix	Chamonix'd	PlN
Chamonix	Chamonix'd	SgP
Chamonix	Chamonix'de	PlG
Chamonix	Chamonix'dega	PlKom
Chamonix	Chamonix'deks	PlTr
Chamonix	Chamonix'del	PlAd
Chamonix	Chamonix'dele	PlAll
Chamonix	Chamonix'delt	PlAbl
Chamonix	Chamonix'dena	PlEs
Chamonix	Chamonix'deni	PlTer
Chamonix	Chamonix'des	PlIn
Chamonix	Chamonix'desse	PlIll
Chamonix	Chamonix'dest	PlEl
Chamonix	Chamonix'deta	PlAb
Chamonix	Chamonix'ga	SgKom
Chamonix	Chamonix'ks	SgTr
Chamonix	Chamonix'l	SgAd
Chamonix	Chamonix'le	SgAll
Chamonix	Chamonix'lt	SgAbl
Chamonix	Chamonix'na	SgEs
Chamonix	Chamonix'ni	SgTer
Chamonix	Chamonix's	SgIn
Chamonix	Chamonix'sid	PlP
Chamonix	Chamonix'sse	SgIll
Chamonix	Chamonix'st	SgEl
Chamonix	Chamonix'ta	SgAb
Cortina d’Ampezzo	Cortina d’Ampezzo	SgAdt
Cortina d’Ampezzo	Cortina d’Ampezzo	SgG
Cortina d’Ampezzo	Cortina d’Ampezzo	SgN
Cortina d’Ampezzo	Cortina d’Ampezzod	PlN
Cortina d’Ampezzo	Cortina d’Ampezzode	PlG
Cortina d’Ampezzo	Cortina d’Ampezzodega	PlKom
Cortina d’Ampezzo	Cortina d’Ampezzodeks	PlTr
Cortina d’Ampezzo	Cortina d’Ampezzodel	PlAd
Cortina d’Ampezzo	Cortina d’Ampezzodele	PlAll
Cortina d’Ampezzo	Cortina d’Ampezzodelt	PlAbl
Cortina d’Ampezzo	Cortina d’Ampezzodena	PlEs
Cortina d’Ampezzo	Cortina d’Ampezzodeni	PlTer
Cortina d’Ampezzo	Cortina d’Ampezzodes	PlIn
Cortina d’Ampezzo	Cortina d’Ampezzodesse	PlIll
Cortina d’Ampezzo	Cortina d’Ampezzodest	PlEl
Cortina d’Ampezzo	Cortina d’Ampezzodeta	PlAb
Cortina d’Ampezzo	Cortina d’Ampezzoga	SgKom
Cortina d’Ampezzo	Cortina d’Ampezzoks	SgTr
Cortina d’Ampezzo	Cortina d’Ampezzol	SgAd
Cortina d’Ampezzo	Cortina d’Ampezzole	SgAll
Cortina d’Ampezzo	Cortina d’Ampezzolt	SgAbl
Cortina d’Ampezzo	Cortina d’Ampezzona	SgEs
Cortina d’Ampezzo	Cortina d’Ampezzoni	SgTer
Cortina d’Ampezzo	Cortina d’Ampezzos	SgIn
Cortina d’Ampezzo	Cortina d’Ampezzosid	PlP
Cortina d’Ampezzo	Cortina d’Ampezzosse	SgIll
Cortina d’Ampezzo	Cortina d’Ampezzost	SgEl
Cortina d’Ampezzo	Cortina d’Ampezzot	SgP
Cortina d’Ampezzo	Cortina d’Ampezzota	SgAb
Charleston	Charleston	SgAdt
Charleston	Charleston	SgN
Charleston	Charlestoneid	PlP
Charleston	Charlestoneiks	PlTr
Charleston	Charlestoneil	PlAd
Charleston	Charlestoneile	PlAll
Charleston	Charlestoneilt	PlAbl
Charleston	Charlestoneis	PlIn
Charleston	Charlestoneisse	PlIll
Charleston	Charlestoneist	PlEl
Charleston	Charlestoni	SgG
Charleston	Charlestonid	PlN
Charleston	Charlestoniga	SgKom
Charleston	Charlestoniks	SgTr
Charleston	Charlestonil	SgAd
Charleston	Charlestonile	SgAll
Charleston	Charlestonilt	SgAbl
Charleston	Charlestonina	SgEs
Charleston	Charlestonini	SgTer
Charleston	Charlestonis	SgIn
Charleston	Charlestonisse	SgIll
Charleston	Charlestonist	SgEl
Charleston	Charlestonit	SgP
Charleston	Charlestonita	SgAb
Charleston	Charlestonite	PlG
Charleston	Charlestonitega	PlKom
Charleston	Charlestoniteks	PlTr
Charleston	Charlestonitel	PlAd
Charleston	Charlestonitele	PlAll
Charleston	Charlestonitelt	PlAbl
Charleston	Charlestonitena	PlEs
Charleston	Charlestoniteni	PlTer
Charleston	Charlestonites	PlIn
Charleston	Charlestonitesse	PlIll
Charleston	Charlestonitest	PlEl
Charleston	Charlestoniteta	PlAb
Carson City	Carson City	SgAdt
Carson City	Carson City	SgG
Carson City	Carson City	SgN
Carson City	Carson Cityd	PlN
Carson City	Carson Cityde	PlG
Carson City	Carson Citydega	PlKom
Carson City	Carson Citydeks	PlTr
Carson City	Carson Citydel	PlAd
Carson City	Carson Citydele	PlAll
Carson City	Carson Citydelt	PlAbl
Carson City	Carson Citydena	PlEs
Carson City	Carson Citydeni	PlTer
Carson City	Carson Citydes	PlIn
Carson City	Carson Citydesse	PlIll
Carson City	Carson Citydest	PlEl
Carson City	Carson Citydeta	PlAb
Carson City	Carson Cityga	SgKom
Carson City	Carson Cityks	SgTr
Carson City	Carson Cityl	SgAd
Carson City	Carson Cityle	SgAll
Carson City	Carson Citylt	SgAbl
Carson City	Carson Cityna	SgEs
Carson City	Carson Cityni	SgTer
Carson City	Carson Citys	SgIn
Carson City	Carson Citysid	PlP
Carson City	Carson Citysse	SgIll
Carson City	Carson Cityst	SgEl
Carson City	Carson Cityt	SgP
Carson City	Carson Cityta	SgAb
Concord	Concord	SgN
Concord	Concorde	PlP
Concord	Concordeks	PlTr
Concord	Concordel	PlAd
Concord	Concordele	PlAll
Concord	Concordelt	PlAbl
Concord	Concordes	PlIn
Concord	Concordesse	PlIll
Concord	Concordest	PlEl
Concord	Concordi	SgAdt
Concord	Concordi	SgG
Concord	Concordi	SgP
Concord	Concordid	PlN
Concord	Concordide	PlG
Concord	Concordidega	PlKom
Concord	Concordideks	PlTr
Concord	Concordidel	PlAd
Concord	Concordidele	PlAll
Concord	Concordidelt	PlAbl
Concord	Concordidena	PlEs
Concord	Concordideni	PlTer
Concord	Concordides	PlIn
Concord	Concordidesse	PlIll
Concord	Concordidest	PlEl
Concord	Concordideta	PlAb
Concord	Concordiga	SgKom
Concord	Concordiks	SgTr
Concord	Concordil	SgAd
Concord	Concordile	SgAll
Concord	Concordilt	SgAbl
Concord	Concordina	SgEs
Concord	Concordini	SgTer
Concord	Concordis	SgIn
Concord	Concordisid	PlP
Concord	Concordisse	SgIll
Concord	Concordist	SgEl
Concord	Concordita	SgAb
Colorado Springs	Colorado Springs	SgN
Colorado Springs	Colorado Springse	PlP
Colorado Springs	Colorado Springseks	PlTr
Colorado Springs	Colorado Springsel	PlAd
Colorado Springs	Colorado Springsele	PlAll
Colorado Springs	Colorado Springselt	PlAbl
Colorado Springs	Colorado Springses	PlIn
Colorado Springs	Colorado Springsesse	PlIll
Colorado Springs	Colorado Springsest	PlEl
Colorado Springs	Colorado Springsi	SgAdt
Colorado Springs	Colorado Springsi	SgG
Colorado Springs	Colorado Springsi	SgP
Colorado Springs	Colorado Springsid	PlN
Colorado Springs	Colorado Springside	PlG
Colorado Springs	Colorado Springsidega	PlKom
Colorado Springs	Colorado Springsideks	PlTr
Colorado Springs	Colorado Springsidel	PlAd
Colorado Springs	Colorado Springsidele	PlAll
Colorado Springs	Colorado Springsidelt	PlAbl
Colorado Springs	Colorado Springsidena	PlEs
Colorado Springs	Colorado Springsideni	PlTer
Colorado Springs	Colorado Springsides	PlIn
Colorado Springs	Colorado Springsidesse	PlIll
Colorado Springs	Colorado Springsidest	PlEl
Colorado Springs	Colorado Springsideta	PlAb
Colorado Springs	Colorado Springsiga	SgKom
Colorado Springs	Colorado Springsiks	SgTr
Colorado Springs	Colorado Springsil	SgAd
Colorado Springs	Colorado Springsile	SgAll
Colorado Springs	Colorado Springsilt	SgAbl
Colorado Springs	Colorado Springsina	SgEs
Colorado Springs	Colorado Springsini	SgTer
Colorado Springs	Colorado Springsis	SgIn
Colorado Springs	Colorado Springsisid	PlP
Colorado Springs	Colorado Springsisse	SgIll
Colorado Springs	Colorado Springsist	SgEl
Colorado Springs	Colorado Springsita	SgAb
Corpus Christi	Corpus Christi	SgAdt
Corpus Christi	Corpus Christi	SgG
Corpus Christi	Corpus Christi	SgN
Corpus Christi	Corpus Christid	PlN
Corpus Christi	Corpus Christide	PlG
Corpus Christi	Corpus Christidega	PlKom
Corpus Christi	Corpus Christideks	PlTr
Corpus Christi	Corpus Christidel	PlAd
Corpus Christi	Corpus Christidele	PlAll
Corpus Christi	Corpus Christidelt	PlAbl
Corpus Christi	Corpus Christidena	PlEs
Corpus Christi	Corpus Christideni	PlTer
Corpus Christi	Corpus Christides	PlIn
Corpus Christi	Corpus Christidesse	PlIll
Corpus Christi	Corpus Christidest	PlEl
Corpus Christi	Corpus Christideta	PlAb
Corpus Christi	Corpus Christiga	SgKom
Corpus Christi	Corpus Christiks	SgTr
Corpus Christi	Corpus Christil	SgAd
Corpus Christi	Corpus Christile	SgAll
Corpus Christi	Corpus Christilt	SgAbl
Corpus Christi	Corpus Christina	SgEs
Corpus Christi	Corpus Christini	SgTer
Corpus Christi	Corpus Christis	SgIn
Corpus Christi	Corpus Christisid	PlP
Corpus Christi	Corpus Christisse	SgIll
Corpus Christi	Corpus Christist	SgEl
Corpus Christi	Corpus Christit	SgP
Corpus Christi	Corpus Christita	SgAb
Csongrád-Csanád	Csongrád-Csanád	SgAdt
Csongrád-Csanád	Csongrád-Csanád	SgN
Csongrád-Csanád	Csongrád-Csanádeid	PlP
Csongrád-Csanád	Csongrád-Csanádeiks	PlTr
Csongrád-Csanád	Csongrád-Csanádeil	PlAd
Csongrád-Csanád	Csongrád-Csanádeile	PlAll
Csongrád-Csanád	Csongrád-Csanádeilt	PlAbl
Csongrád-Csanád	Csongrád-Csanádeis	PlIn
Csongrád-Csanád	Csongrád-Csanádeisse	PlIll
Csongrád-Csanád	Csongrád-Csanádeist	PlEl
Csongrád-Csanád	Csongrád-Csanádi	SgG
Csongrád-Csanád	Csongrád-Csanádid	PlN
Csongrád-Csanád	Csongrád-Csanádiga	SgKom
Csongrád-Csanád	Csongrád-Csanádiks	SgTr
Csongrád-Csanád	Csongrád-Csanádil	SgAd
Csongrád-Csanád	Csongrád-Csanádile	SgAll
Csongrád-Csanád	Csongrád-Csanádilt	SgAbl
Csongrád-Csanád	Csongrád-Csanádina	SgEs
Csongrád-Csanád	Csongrád-Csanádini	SgTer
Csongrád-Csanád	Csongrád-Csanádis	SgIn
Csongrád-Csanád	Csongrád-Csanádisse	SgIll
Csongrád-Csanád	Csongrád-Csanádist	SgEl
Csongrád-Csanád	Csongrád-Csanádit	SgP
Csongrád-Csanád	Csongrád-Csanádita	SgAb
Csongrád-Csanád	Csongrád-Csanádite	PlG
Csongrád-Csanád	Csongrád-Csanáditega	PlKom
Csongrád-Csanád	Csongrád-Csanáditeks	PlTr
Csongrád-Csanád	Csongrád-Csanáditel	PlAd
Csongrád-Csanád	Csongrád-Csanáditele	PlAll
Csongrád-Csanád	Csongrád-Csanáditelt	PlAbl
Csongrád-Csanád	Csongrád-Csanáditena	PlEs
Csongrád-Csanád	Csongrád-Csanáditeni	PlTer
Csongrád-Csanád	Csongrád-Csanádites	PlIn
Csongrád-Csanád	Csongrád-Csanáditesse	PlIll
Csongrád-Csanád	Csongrád-Csanáditest	PlEl
Csongrád-Csanád	Csongrád-Csanáditeta	PlAb
Crișana	Crișana	SgAdt
Crișana	Crișana	SgG
Crișana	Crișana	SgN
Crișana	Crișanad	PlN
Crișana	Crișanade	PlG
Crișana	Crișanadega	PlKom
Crișana	Crișanadeks	PlTr
Crișana	Crișanadel	PlAd
Crișana	Crișanadele	PlAll
Crișana	Crișanadelt	PlAbl
Crișana	Crișanadena	PlEs
Crișana	Crișanadeni	PlTer
Crișana	Crișanades	PlIn
Crișana	Crișanadesse	PlIll
Crișana	Crișanadest	PlEl
Crișana	Crișanadeta	PlAb
Crișana	Crișanaga	SgKom
Crișana	Crișanaks	SgTr
Crișana	Crișanal	SgAd
Crișana	Crișanale	SgAll
Crișana	Crișanalt	SgAbl
Crișana	Crișanana	SgEs
Crișana	Crișanani	SgTer
Crișana	Crișanas	SgIn
Crișana	Crișanasid	PlP
Crișana	Crișanasse	SgIll
Crișana	Crișanast	SgEl
Crișana	Crișanat	SgP
Crișana	Crișanata	SgAb
Călărași	Călărași	SgAdt
Călărași	Călărași	SgG
Călărași	Călărași	SgN
Călărași	Călărașid	PlN
Călărași	Călărașide	PlG
Călărași	Călărașidega	PlKom
Călărași	Călărașideks	PlTr
Călărași	Călărașidel	PlAd
Călărași	Călărașidele	PlAll
Călărași	Călărașidelt	PlAbl
Călărași	Călărașidena	PlEs
Călărași	Călărașideni	PlTer
Călărași	Călărașides	PlIn
Călărași	Călărașidesse	PlIll
Călărași	Călărașidest	PlEl
Călărași	Călărașideta	PlAb
Călărași	Călărașiga	SgKom
Călărași	Călărașiks	SgTr
Călărași	Călărașil	SgAd
Călărași	Călărașile	SgAll
Călărași	Călărașilt	SgAbl
Călărași	Călărașina	SgEs
Călărași	Călărașini	SgTer
Călărași	Călărașis	SgIn
Călărași	Călărașisid	PlP
Călărași	Călărașisse	SgIll
Călărași	Călărașist	SgEl
Călărași	Călărașit	SgP
Călărași	Călărașita	SgAb
Caraș-Severin	Caraș-Severin	SgN
Caraș-Severin	Caraș-Severine	PlP
Caraș-Severin	Caraș-Severineks	PlTr
Caraș-Severin	Caraș-Severinel	PlAd
Caraș-Severin	Caraș-Severinele	PlAll
Caraș-Severin	Caraș-Severinelt	PlAbl
Caraș-Severin	Caraș-Severines	PlIn
Caraș-Severin	Caraș-Severinesse	PlIll
Caraș-Severin	Caraș-Severinest	PlEl
Caraș-Severin	Caraș-Severini	SgAdt
Caraș-Severin	Caraș-Severini	SgG
Caraș-Severin	Caraș-Severini	SgP
Caraș-Severin	Caraș-Severinid	PlN
Caraș-Severin	Caraș-Severinide	PlG
Caraș-Severin	Caraș-Severinidega	PlKom
Caraș-Severin	Caraș-Severinideks	PlTr
Caraș-Severin	Caraș-Severinidel	PlAd
Caraș-Severin	Caraș-Severinidele	PlAll
Caraș-Severin	Caraș-Severinidelt	PlAbl
Caraș-Severin	Caraș-Severinidena	PlEs
Caraș-Severin	Caraș-Severinideni	PlTer
Caraș-Severin	Caraș-Severinides	PlIn
Caraș-Severin	Caraș-Severinidesse	PlIll
Caraș-Severin	Caraș-Severinidest	PlEl
Caraș-Severin	Caraș-Severinideta	PlAb
Caraș-Severin	Caraș-Severiniga	SgKom
Caraș-Severin	Caraș-Severiniks	SgTr
Caraș-Severin	Caraș-Severinil	SgAd
Caraș-Severin	Caraș-Severinile	SgAll
Caraș-Severin	Caraș-Severinilt	SgAbl
Caraș-Severin	Caraș-Severinina	SgEs
Caraș-Severin	Caraș-Severinini	SgTer
Caraș-Severin	Caraș-Severinis	SgIn
Caraș-Severin	Caraș-Severinisid	PlP
Caraș-Severin	Caraș-Severinisse	SgIll
Caraș-Severin	Caraș-Severinist	SgEl
Caraș-Severin	Caraș-Severinita	SgAb
Cluj	Cluj	SgN
Cluj	Cluje	PlP
Cluj	Clujeks	PlTr
Cluj	Clujel	PlAd
Cluj	Clujele	PlAll
Cluj	Clujelt	PlAbl
Cluj	Clujes	PlIn
Cluj	Clujesse	PlIll
Cluj	Clujest	PlEl
Cluj	Cluji	SgAdt
Cluj	Cluji	SgG
Cluj	Cluji	SgP
Cluj	Clujid	PlN
Cluj	Clujide	PlG
Cluj	Clujidega	PlKom
Cluj	Clujideks	PlTr
Cluj	Clujidel	PlAd
Cluj	Clujidele	PlAll
Cluj	Clujidelt	PlAbl
Cluj	Clujidena	PlEs
Cluj	Clujideni	PlTer
Cluj	Clujides	PlIn
Cluj	Clujidesse	PlIll
Cluj	Clujidest	PlEl
Cluj	Clujideta	PlAb
Cluj	Clujiga	SgKom
Cluj	Clujiks	SgTr
Cluj	Clujil	SgAd
Cluj	Clujile	SgAll
Cluj	Clujilt	SgAbl
Cluj	Clujina	SgEs
Cluj	Clujini	SgTer
Cluj	Clujis	SgIn
Cluj	Clujisid	PlP
Cluj	Clujisse	SgIll
Cluj	Clujist	SgEl
Cluj	Clujita	SgAb
Covasna	Covasna	SgAdt
Covasna	Covasna	SgG
Covasna	Covasna	SgN
Covasna	Covasnad	PlN
Covasna	Covasnade	PlG
Covasna	Covasnadega	PlKom
Covasna	Covasnadeks	PlTr
Covasna	Covasnadel	PlAd
Covasna	Covasnadele	PlAll
Covasna	Covasnadelt	PlAbl
Covasna	Covasnadena	PlEs
Covasna	Covasnadeni	PlTer
Covasna	Covasnades	PlIn
Covasna	Covasnadesse	PlIll
Covasna	Covasnadest	PlEl
Covasna	Covasnadeta	PlAb
Covasna	Covasnaga	SgKom
Covasna	Covasnaks	SgTr
Covasna	Covasnal	SgAd
Covasna	Covasnale	SgAll
Covasna	Covasnalt	SgAbl
Covasna	Covasnana	SgEs
Covasna	Covasnani	SgTer
Covasna	Covasnas	SgIn
Covasna	Covasnasid	PlP
Covasna	Covasnasse	SgIll
Covasna	Covasnast	SgEl
Covasna	Covasnat	SgP
Covasna	Covasnata	SgAb
Craiova	Craiova	SgAdt
Craiova	Craiova	SgG
Craiova	Craiova	SgN
Craiova	Craiovad	PlN
Craiova	Craiovade	PlG
Craiova	Craiovadega	PlKom
Craiova	Craiovadeks	PlTr
Craiova	Craiovadel	PlAd
Craiova	Craiovadele	PlAll
Craiova	Craiovadelt	PlAbl
Craiova	Craiovadena	PlEs
Craiova	Craiovadeni	PlTer
Craiova	Craiovades	PlIn
Craiova	Craiovadesse	PlIll
Craiova	Craiovadest	PlEl
Craiova	Craiovadeta	PlAb
Craiova	Craiovaga	SgKom
Craiova	Craiovaks	SgTr
Craiova	Craioval	SgAd
Craiova	Craiovale	SgAll
Craiova	Craiovalt	SgAbl
Craiova	Craiovana	SgEs
Craiova	Craiovani	SgTer
Craiova	Craiovas	SgIn
Craiova	Craiovasid	PlP
Craiova	Craiovasse	SgIll
Craiova	Craiovast	SgEl
Craiova	Craiovat	SgP
Craiova	Craiovata	SgAb
Comrat	Comrat	SgN
Comrat	Comrate	PlP
Comrat	Comrateks	PlTr
Comrat	Comratel	PlAd
Comrat	Comratele	PlAll
Comrat	Comratelt	PlAbl
Comrat	Comrates	PlIn
Comrat	Comratesse	PlIll
Comrat	Comratest	PlEl
Comrat	Comrati	SgG
Comrat	Comratid	PlN
Comrat	Comratiga	SgKom
Comrat	Comratiks	SgTr
Comrat	Comratil	SgAd
Comrat	Comratile	SgAll
Comrat	Comratilt	SgAbl
Comrat	Comratina	SgEs
Comrat	Comratini	SgTer
Comrat	Comratis	SgIn
Comrat	Comratisse	SgIll
Comrat	Comratist	SgEl
Comrat	Comratita	SgAb
Comrat	Comratti	SgAdt
Comrat	Comratti	SgP
Comrat	Comrattide	PlG
Comrat	Comrattidega	PlKom
Comrat	Comrattideks	PlTr
Comrat	Comrattidel	PlAd
Comrat	Comrattidele	PlAll
Comrat	Comrattidelt	PlAbl
Comrat	Comrattidena	PlEs
Comrat	Comrattideni	PlTer
Comrat	Comrattides	PlIn
Comrat	Comrattidesse	PlIll
Comrat	Comrattidest	PlEl
Comrat	Comrattideta	PlAb
Comrat	Comrattisid	PlP
Cahul	Cahul	SgN
Cahul	Cahule	PlP
Cahul	Cahuleks	PlTr
Cahul	Cahulel	PlAd
Cahul	Cahulele	PlAll
Cahul	Cahulelt	PlAbl
Cahul	Cahules	PlIn
Cahul	Cahulesse	PlIll
Cahul	Cahulest	PlEl
Cahul	Cahuli	SgAdt
Cahul	Cahuli	SgG
Cahul	Cahuli	SgP
Cahul	Cahulid	PlN
Cahul	Cahulide	PlG
Cahul	Cahulidega	PlKom
Cahul	Cahulideks	PlTr
Cahul	Cahulidel	PlAd
Cahul	Cahulidele	PlAll
Cahul	Cahulidelt	PlAbl
Cahul	Cahulidena	PlEs
Cahul	Cahulideni	PlTer
Cahul	Cahulides	PlIn
Cahul	Cahulidesse	PlIll
Cahul	Cahulidest	PlEl
Cahul	Cahulideta	PlAb
Cahul	Cahuliga	SgKom
Cahul	Cahuliks	SgTr
Cahul	Cahulil	SgAd
Cahul	Cahulile	SgAll
Cahul	Cahulilt	SgAbl
Cahul	Cahulina	SgEs
Cahul	Cahulini	SgTer
Cahul	Cahulis	SgIn
Cahul	Cahulisid	PlP
Cahul	Cahulisse	SgIll
Cahul	Cahulist	SgEl
Cahul	Cahulita	SgAb
Comino	Comino	SgAdt
Comino	Comino	SgG
Comino	Comino	SgN
Comino	Cominod	PlN
Comino	Cominode	PlG
Comino	Cominodega	PlKom
Comino	Cominodeks	PlTr
Comino	Cominodel	PlAd
Comino	Cominodele	PlAll
Comino	Cominodelt	PlAbl
Comino	Cominodena	PlEs
Comino	Cominodeni	PlTer
Comino	Cominodes	PlIn
Comino	Cominodesse	PlIll
Comino	Cominodest	PlEl
Comino	Cominodeta	PlAb
Comino	Cominoga	SgKom
Comino	Cominoks	SgTr
Comino	Cominol	SgAd
Comino	Cominole	SgAll
Comino	Cominolt	SgAbl
Comino	Cominona	SgEs
Comino	Cominoni	SgTer
Comino	Cominos	SgIn
Comino	Cominosid	PlP
Comino	Cominosse	SgIll
Comino	Cominost	SgEl
Comino	Cominot	SgP
Comino	Cominota	SgAb
Castelo Branco	Castelo Branco	SgAdt
Castelo Branco	Castelo Branco	SgG
Castelo Branco	Castelo Branco	SgN
Castelo Branco	Castelo Brancod	PlN
Castelo Branco	Castelo Brancode	PlG
Castelo Branco	Castelo Brancodega	PlKom
Castelo Branco	Castelo Brancodeks	PlTr
Castelo Branco	Castelo Brancodel	PlAd
Castelo Branco	Castelo Brancodele	PlAll
Castelo Branco	Castelo Brancodelt	PlAbl
Castelo Branco	Castelo Brancodena	PlEs
Castelo Branco	Castelo Brancodeni	PlTer
Castelo Branco	Castelo Brancodes	PlIn
Castelo Branco	Castelo Brancodesse	PlIll
Castelo Branco	Castelo Brancodest	PlEl
Castelo Branco	Castelo Brancodeta	PlAb
Castelo Branco	Castelo Brancoga	SgKom
Castelo Branco	Castelo Brancoks	SgTr
Castelo Branco	Castelo Brancol	SgAd
Castelo Branco	Castelo Brancole	SgAll
Castelo Branco	Castelo Brancolt	SgAbl
Castelo Branco	Castelo Brancona	SgEs
Castelo Branco	Castelo Branconi	SgTer
Castelo Branco	Castelo Brancos	SgIn
Castelo Branco	Castelo Brancosid	PlP
Castelo Branco	Castelo Brancosse	SgIll
Castelo Branco	Castelo Brancost	SgEl
Castelo Branco	Castelo Brancot	SgP
Castelo Branco	Castelo Brancota	SgAb
Cres	Cres	SgN
Cres	Crese	PlP
Cres	Creseks	PlTr
Cres	Cresel	PlAd
Cres	Cresele	PlAll
Cres	Creselt	PlAbl
Cres	Creses	PlIn
Cres	Cresesse	PlIll
Cres	Cresest	PlEl
Cres	Cresi	SgAdt
Cres	Cresi	SgG
Cres	Cresi	SgP
Cres	Cresid	PlN
Cres	Creside	PlG
Cres	Cresidega	PlKom
Cres	Cresideks	PlTr
Cres	Cresidel	PlAd
Cres	Cresidele	PlAll
Cres	Cresidelt	PlAbl
Cres	Cresidena	PlEs
Cres	Cresideni	PlTer
Cres	Cresides	PlIn
Cres	Cresidesse	PlIll
Cres	Cresidest	PlEl
Cres	Cresideta	PlAb
Cres	Cresiga	SgKom
Cres	Cresiks	SgTr
Cres	Cresil	SgAd
Cres	Cresile	SgAll
Cres	Cresilt	SgAbl
Cres	Cresina	SgEs
Cres	Cresini	SgTer
Cres	Cresis	SgIn
Cres	Cresisid	PlP
Cres	Cresisse	SgIll
Cres	Cresist	SgEl
Cres	Cresita	SgAb
Catanzaro	Catanzaro	SgAdt
Catanzaro	Catanzaro	SgG
Catanzaro	Catanzaro	SgN
Catanzaro	Catanzarod	PlN
Catanzaro	Catanzarode	PlG
Catanzaro	Catanzarodega	PlKom
Catanzaro	Catanzarodeks	PlTr
Catanzaro	Catanzarodel	PlAd
Catanzaro	Catanzarodele	PlAll
Catanzaro	Catanzarodelt	PlAbl
Catanzaro	Catanzarodena	PlEs
Catanzaro	Catanzarodeni	PlTer
Catanzaro	Catanzarodes	PlIn
Catanzaro	Catanzarodesse	PlIll
Catanzaro	Catanzarodest	PlEl
Catanzaro	Catanzarodeta	PlAb
Catanzaro	Catanzaroga	SgKom
Catanzaro	Catanzaroks	SgTr
Catanzaro	Catanzarol	SgAd
Catanzaro	Catanzarole	SgAll
Catanzaro	Catanzarolt	SgAbl
Catanzaro	Catanzarona	SgEs
Catanzaro	Catanzaroni	SgTer
Catanzaro	Catanzaros	SgIn
Catanzaro	Catanzarosid	PlP
Catanzaro	Catanzarosse	SgIll
Catanzaro	Catanzarost	SgEl
Catanzaro	Catanzarot	SgP
Catanzaro	Catanzarota	SgAb
Campobasso	Campobasso	SgAdt
Campobasso	Campobasso	SgG
Campobasso	Campobasso	SgN
Campobasso	Campobassod	PlN
Campobasso	Campobassode	PlG
Campobasso	Campobassodega	PlKom
Campobasso	Campobassodeks	PlTr
Campobasso	Campobassodel	PlAd
Campobasso	Campobassodele	PlAll
Campobasso	Campobassodelt	PlAbl
Campobasso	Campobassodena	PlEs
Campobasso	Campobassodeni	PlTer
Campobasso	Campobassodes	PlIn
Campobasso	Campobassodesse	PlIll
Campobasso	Campobassodest	PlEl
Campobasso	Campobassodeta	PlAb
Campobasso	Campobassoga	SgKom
Campobasso	Campobassoks	SgTr
Campobasso	Campobassol	SgAd
Campobasso	Campobassole	SgAll
Campobasso	Campobassolt	SgAbl
Campobasso	Campobassona	SgEs
Campobasso	Campobassoni	SgTer
Campobasso	Campobassos	SgIn
Campobasso	Campobassosid	PlP
Campobasso	Campobassosse	SgIll
Campobasso	Campobassost	SgEl
Campobasso	Campobassot	SgP
Campobasso	Campobassota	SgAb
Caserta	Caserta	SgAdt
Caserta	Caserta	SgG
Caserta	Caserta	SgN
Caserta	Casertad	PlN
Caserta	Casertade	PlG
Caserta	Casertadega	PlKom
Caserta	Casertadeks	PlTr
Caserta	Casertadel	PlAd
Caserta	Casertadele	PlAll
Caserta	Casertadelt	PlAbl
Caserta	Casertadena	PlEs
Caserta	Casertadeni	PlTer
Caserta	Casertades	PlIn
Caserta	Casertadesse	PlIll
Caserta	Casertadest	PlEl
Caserta	Casertadeta	PlAb
Caserta	Casertaga	SgKom
Caserta	Casertaks	SgTr
Caserta	Casertal	SgAd
Caserta	Casertale	SgAll
Caserta	Casertalt	SgAbl
Caserta	Casertana	SgEs
Caserta	Casertani	SgTer
Caserta	Casertas	SgIn
Caserta	Casertasid	PlP
Caserta	Casertasse	SgIll
Caserta	Casertast	SgEl
Caserta	Casertat	SgP
Caserta	Casertata	SgAb
Cäbrayıl	Cäbrayıl	SgN
Cäbrayıl	Cäbrayıle	PlP
Cäbrayıl	Cäbrayıleks	PlTr
Cäbrayıl	Cäbrayılel	PlAd
Cäbrayıl	Cäbrayılele	PlAll
Cäbrayıl	Cäbrayılelt	PlAbl
Cäbrayıl	Cäbrayıles	PlIn
Cäbrayıl	Cäbrayılesse	PlIll
Cäbrayıl	Cäbrayılest	PlEl
Cäbrayıl	Cäbrayıli	SgAdt
Cäbrayıl	Cäbrayıli	SgG
Cäbrayıl	Cäbrayıli	SgP
Cäbrayıl	Cäbrayılid	PlN
Cäbrayıl	Cäbrayılide	PlG
Cäbrayıl	Cäbrayılidega	PlKom
Cäbrayıl	Cäbrayılideks	PlTr
Cäbrayıl	Cäbrayılidel	PlAd
Cäbrayıl	Cäbrayılidele	PlAll
Cäbrayıl	Cäbrayılidelt	PlAbl
Cäbrayıl	Cäbrayılidena	PlEs
Cäbrayıl	Cäbrayılideni	PlTer
Cäbrayıl	Cäbrayılides	PlIn
Cäbrayıl	Cäbrayılidesse	PlIll
Cäbrayıl	Cäbrayılidest	PlEl
Cäbrayıl	Cäbrayılideta	PlAb
Cäbrayıl	Cäbrayıliga	SgKom
Cäbrayıl	Cäbrayıliks	SgTr
Cäbrayıl	Cäbrayılil	SgAd
Cäbrayıl	Cäbrayılile	SgAll
Cäbrayıl	Cäbrayılilt	SgAbl
Cäbrayıl	Cäbrayılina	SgEs
Cäbrayıl	Cäbrayılini	SgTer
Cäbrayıl	Cäbrayılis	SgIn
Cäbrayıl	Cäbrayılisid	PlP
Cäbrayıl	Cäbrayılisse	SgIll
Cäbrayıl	Cäbrayılist	SgEl
Cäbrayıl	Cäbrayılita	SgAb
Cälilabad	Cälilabad	SgN
Cälilabad	Cälilabade	PlP
Cälilabad	Cälilabadeks	PlTr
Cälilabad	Cälilabadel	PlAd
Cälilabad	Cälilabadele	PlAll
Cälilabad	Cälilabadelt	PlAbl
Cälilabad	Cälilabades	PlIn
Cälilabad	Cälilabadesse	PlIll
Cälilabad	Cälilabadest	PlEl
Cälilabad	Cälilabadi	SgAdt
Cälilabad	Cälilabadi	SgG
Cälilabad	Cälilabadi	SgP
Cälilabad	Cälilabadid	PlN
Cälilabad	Cälilabadide	PlG
Cälilabad	Cälilabadidega	PlKom
Cälilabad	Cälilabadideks	PlTr
Cälilabad	Cälilabadidel	PlAd
Cälilabad	Cälilabadidele	PlAll
Cälilabad	Cälilabadidelt	PlAbl
Cälilabad	Cälilabadidena	PlEs
Cälilabad	Cälilabadideni	PlTer
Cälilabad	Cälilabadides	PlIn
Cälilabad	Cälilabadidesse	PlIll
Cälilabad	Cälilabadidest	PlEl
Cälilabad	Cälilabadideta	PlAb
Cälilabad	Cälilabadiga	SgKom
Cälilabad	Cälilabadiks	SgTr
Cälilabad	Cälilabadil	SgAd
Cälilabad	Cälilabadile	SgAll
Cälilabad	Cälilabadilt	SgAbl
Cälilabad	Cälilabadina	SgEs
Cälilabad	Cälilabadini	SgTer
Cälilabad	Cälilabadis	SgIn
Cälilabad	Cälilabadisid	PlP
Cälilabad	Cälilabadisse	SgIll
Cälilabad	Cälilabadist	SgEl
Cälilabad	Cälilabadita	SgAb
croque monsieur	croque monsieur	SgAdt
croque monsieur	croque monsieur	SgG
croque monsieur	croque monsieur	SgN
croque monsieur	croque monsieurd	PlN
croque monsieur	croque monsieurd	SgP
croque monsieur	croque monsieurde	PlG
croque monsieur	croque monsieurdega	PlKom
croque monsieur	croque monsieurdeks	PlTr
croque monsieur	croque monsieurdel	PlAd
croque monsieur	croque monsieurdele	PlAll
croque monsieur	croque monsieurdelt	PlAbl
croque monsieur	croque monsieurdena	PlEs
croque monsieur	croque monsieurdeni	PlTer
croque monsieur	croque monsieurdes	PlIn
croque monsieur	croque monsieurdesse	PlIll
croque monsieur	croque monsieurdest	PlEl
croque monsieur	croque monsieurdeta	PlAb
croque monsieur	croque monsieurga	SgKom
croque monsieur	croque monsieurks	SgTr
croque monsieur	croque monsieurl	SgAd
croque monsieur	croque monsieurle	SgAll
croque monsieur	croque monsieurlt	SgAbl
croque monsieur	croque monsieurna	SgEs
croque monsieur	croque monsieurni	SgTer
croque monsieur	croque monsieurs	SgIn
croque monsieur	croque monsieursid	PlP
croque monsieur	croque monsieursse	SgIll
croque monsieur	croque monsieurst	SgEl
croque monsieur	croque monsieurta	SgAb
Cebu	Cebu	SgAdt
Cebu	Cebu	SgG
Cebu	Cebu	SgN
Cebu	Cebud	PlN
Cebu	Cebud	SgP
Cebu	Cebude	PlG
Cebu	Cebudega	PlKom
Cebu	Cebudeks	PlTr
Cebu	Cebudel	PlAd
Cebu	Cebudele	PlAll
Cebu	Cebudelt	PlAbl
Cebu	Cebudena	PlEs
Cebu	Cebudeni	PlTer
Cebu	Cebudes	PlIn
Cebu	Cebudesse	PlIll
Cebu	Cebudest	PlEl
Cebu	Cebudeta	PlAb
Cebu	Cebuga	SgKom
Cebu	Cebuks	SgTr
Cebu	Cebul	SgAd
Cebu	Cebule	SgAll
Cebu	Cebult	SgAbl
Cebu	Cebuna	SgEs
Cebu	Cebuni	SgTer
Cebu	Cebus	SgIn
Cebu	Cebusid	PlP
Cebu	Cebusse	SgIll
Cebu	Cebust	SgEl
Cebu	Cebuta	SgAb
Ciudad de la Paz	Ciudad de la Paz	SgN
Ciudad de la Paz	Ciudad de la Paze	PlP
Ciudad de la Paz	Ciudad de la Pazeks	PlTr
Ciudad de la Paz	Ciudad de la Pazel	PlAd
Ciudad de la Paz	Ciudad de la Pazele	PlAll
Ciudad de la Paz	Ciudad de la Pazelt	PlAbl
Ciudad de la Paz	Ciudad de la Pazes	PlIn
Ciudad de la Paz	Ciudad de la Pazesse	PlIll
Ciudad de la Paz	Ciudad de la Pazest	PlEl
Ciudad de la Paz	Ciudad de la Pazi	SgAdt
Ciudad de la Paz	Ciudad de la Pazi	SgG
Ciudad de la Paz	Ciudad de la Pazi	SgP
Ciudad de la Paz	Ciudad de la Pazid	PlN
Ciudad de la Paz	Ciudad de la Pazide	PlG
Ciudad de la Paz	Ciudad de la Pazidega	PlKom
Ciudad de la Paz	Ciudad de la Pazideks	PlTr
Ciudad de la Paz	Ciudad de la Pazidel	PlAd
Ciudad de la Paz	Ciudad de la Pazidele	PlAll
Ciudad de la Paz	Ciudad de la Pazidelt	PlAbl
Ciudad de la Paz	Ciudad de la Pazidena	PlEs
Ciudad de la Paz	Ciudad de la Pazideni	PlTer
Ciudad de la Paz	Ciudad de la Pazides	PlIn
Ciudad de la Paz	Ciudad de la Pazidesse	PlIll
Ciudad de la Paz	Ciudad de la Pazidest	PlEl
Ciudad de la Paz	Ciudad de la Pazideta	PlAb
Ciudad de la Paz	Ciudad de la Paziga	SgKom
Ciudad de la Paz	Ciudad de la Paziks	SgTr
Ciudad de la Paz	Ciudad de la Pazil	SgAd
Ciudad de la Paz	Ciudad de la Pazile	SgAll
Ciudad de la Paz	Ciudad de la Pazilt	SgAbl
Ciudad de la Paz	Ciudad de la Pazina	SgEs
Ciudad de la Paz	Ciudad de la Pazini	SgTer
Ciudad de la Paz	Ciudad de la Pazis	SgIn
Ciudad de la Paz	Ciudad de la Pazisid	PlP
Ciudad de la Paz	Ciudad de la Pazisse	SgIll
Ciudad de la Paz	Ciudad de la Pazist	SgEl
Ciudad de la Paz	Ciudad de la Pazita	SgAb
Changwon	Changwon	SgN
Changwon	Changwone	PlP
Changwon	Changwoneks	PlTr
Changwon	Changwonel	PlAd
Changwon	Changwonele	PlAll
Changwon	Changwonelt	PlAbl
Changwon	Changwones	PlIn
Changwon	Changwonesse	PlIll
Changwon	Changwonest	PlEl
Changwon	Changwoni	SgAdt
Changwon	Changwoni	SgG
Changwon	Changwoni	SgP
Changwon	Changwonid	PlN
Changwon	Changwonide	PlG
Changwon	Changwonidega	PlKom
Changwon	Changwonideks	PlTr
Changwon	Changwonidel	PlAd
Changwon	Changwonidele	PlAll
Changwon	Changwonidelt	PlAbl
Changwon	Changwonidena	PlEs
Changwon	Changwonideni	PlTer
Changwon	Changwonides	PlIn
Changwon	Changwonidesse	PlIll
Changwon	Changwonidest	PlEl
Changwon	Changwonideta	PlAb
Changwon	Changwoniga	SgKom
Changwon	Changwoniks	SgTr
Changwon	Changwonil	SgAd
Changwon	Changwonile	SgAll
Changwon	Changwonilt	SgAbl
Changwon	Changwonina	SgEs
Changwon	Changwonini	SgTer
Changwon	Changwonis	SgIn
Changwon	Changwonisid	PlP
Changwon	Changwonisse	SgIll
Changwon	Changwonist	SgEl
Changwon	Changwonita	SgAb
churro	churro	SgAdt
churro	churro	SgG
churro	churro	SgN
churro	churrod	PlN
churro	churrode	PlG
churro	churrodega	PlKom
churro	churrodeks	PlTr
churro	churrodel	PlAd
churro	churrodele	PlAll
churro	churrodelt	PlAbl
churro	churrodena	PlEs
churro	churrodeni	PlTer
churro	churrodes	PlIn
churro	churrodesse	PlIll
churro	churrodest	PlEl
churro	churrodeta	PlAb
churro	churroga	SgKom
churro	churroks	SgTr
churro	churrol	SgAd
churro	churrole	SgAll
churro	churrolt	SgAbl
churro	churrona	SgEs
churro	churroni	SgTer
churro	churros	SgIn
churro	churrosid	PlP
churro	churrosse	SgIll
churro	churrost	SgEl
churro	churrot	SgP
churro	churrota	SgAb
Ciskei	Ciskei	SgAdt
Ciskei	Ciskei	SgG
Ciskei	Ciskei	SgN
Ciskei	Ciskeid	PlN
Ciskei	Ciskeid	SgP
Ciskei	Ciskeide	PlG
Ciskei	Ciskeidega	PlKom
Ciskei	Ciskeideks	PlTr
Ciskei	Ciskeidel	PlAd
Ciskei	Ciskeidele	PlAll
Ciskei	Ciskeidelt	PlAbl
Ciskei	Ciskeidena	PlEs
Ciskei	Ciskeideni	PlTer
Ciskei	Ciskeides	PlIn
Ciskei	Ciskeidesse	PlIll
Ciskei	Ciskeidest	PlEl
Ciskei	Ciskeideta	PlAb
Ciskei	Ciskeiga	SgKom
Ciskei	Ciskeiks	SgTr
Ciskei	Ciskeil	SgAd
Ciskei	Ciskeile	SgAll
Ciskei	Ciskeilt	SgAbl
Ciskei	Ciskeina	SgEs
Ciskei	Ciskeini	SgTer
Ciskei	Ciskeis	SgIn
Ciskei	Ciskeisid	PlP
Ciskei	Ciskeisse	SgIll
Ciskei	Ciskeist	SgEl
Ciskei	Ciskeita	SgAb
Chełmno maa	Chełmno maa	SgAdt
Chełmno maa	Chełmno maa	SgG
Chełmno maa	Chełmno maa	SgN
Chełmno maa	Chełmno maad	PlN
Chełmno maa	Chełmno maad	SgP
Chełmno maa	Chełmno maade	PlG
Chełmno maa	Chełmno maadega	PlKom
Chełmno maa	Chełmno maadeks	PlTr
Chełmno maa	Chełmno maadel	PlAd
Chełmno maa	Chełmno maadele	PlAll
Chełmno maa	Chełmno maadelt	PlAbl
Chełmno maa	Chełmno maadena	PlEs
Chełmno maa	Chełmno maadeni	PlTer
Chełmno maa	Chełmno maades	PlIn
Chełmno maa	Chełmno maadesse	PlIll
Chełmno maa	Chełmno maadest	PlEl
Chełmno maa	Chełmno maadeta	PlAb
Chełmno maa	Chełmno maaga	SgKom
Chełmno maa	Chełmno maaks	SgTr
Chełmno maa	Chełmno maal	SgAd
Chełmno maa	Chełmno maale	SgAll
Chełmno maa	Chełmno maalt	SgAbl
Chełmno maa	Chełmno maana	SgEs
Chełmno maa	Chełmno maani	SgTer
Chełmno maa	Chełmno maas	SgIn
Chełmno maa	Chełmno maasid	PlP
Chełmno maa	Chełmno maasse	SgIll
Chełmno maa	Chełmno maast	SgEl
Chełmno maa	Chełmno maata	SgAb
Chełmno maa	Chełmno maid	PlP
Chełmno maa	Chełmno maiks	PlTr
Chełmno maa	Chełmno mail	PlAd
Chełmno maa	Chełmno maile	PlAll
Chełmno maa	Chełmno mailt	PlAbl
Chełmno maa	Chełmno mais	PlIn
Chełmno maa	Chełmno maisse	PlIll
Chełmno maa	Chełmno maist	PlEl
