lemma	form	morph_code
W	W	ID
w	w	SgAdt
w	w	SgG
w	w	SgN
w	wd	PlN
w	wd	SgP
w	wde	PlG
w	wdega	PlKom
w	wdeks	PlTr
w	wdel	PlAd
w	wdele	PlAll
w	wdelt	PlAbl
w	wdena	PlEs
w	wdeni	PlTer
w	wdes	PlIn
w	wdesse	PlIll
w	wdest	PlEl
w	wdeta	PlAb
w	wga	SgKom
w	wks	SgTr
w	wl	SgAd
w	wle	SgAll
w	wlt	SgAbl
w	wna	SgEs
w	wni	SgTer
w	ws	SgIn
w	wsid	PlP
w	wsse	SgIll
w	wst	SgEl
w	wta	SgAb
Wakhani koridor	Wakhani koridor	SgN
Wakhani koridor	Wakhani koridori	SgAdt
Wakhani koridor	Wakhani koridori	SgG
Wakhani koridor	Wakhani koridori	SgP
Wakhani koridor	Wakhani koridoriga	SgKom
Wakhani koridor	Wakhani koridoriks	SgTr
Wakhani koridor	Wakhani koridoril	SgAd
Wakhani koridor	Wakhani koridorile	SgAll
Wakhani koridor	Wakhani koridorilt	SgAbl
Wakhani koridor	Wakhani koridorina	SgEs
Wakhani koridor	Wakhani koridorini	SgTer
Wakhani koridor	Wakhani koridoris	SgIn
Wakhani koridor	Wakhani koridorisse	SgIll
Wakhani koridor	Wakhani koridorist	SgEl
Wakhani koridor	Wakhani koridorita	SgAb
Waldorfi kool	Waldorfi kool	SgN
Waldorfi kool	Waldorfi koole	PlP
Waldorfi kool	Waldorfi kooli	SgAdt
Waldorfi kool	Waldorfi kooli	SgG
Waldorfi kool	Waldorfi kooli	SgP
Waldorfi kool	Waldorfi koolid	PlN
Waldorfi kool	Waldorfi koolide	PlG
Waldorfi kool	Waldorfi koolidega	PlKom
Waldorfi kool	Waldorfi koolideks	PlTr
Waldorfi kool	Waldorfi koolidel	PlAd
Waldorfi kool	Waldorfi koolidele	PlAll
Waldorfi kool	Waldorfi koolidelt	PlAbl
Waldorfi kool	Waldorfi koolidena	PlEs
Waldorfi kool	Waldorfi koolideni	PlTer
Waldorfi kool	Waldorfi koolides	PlIn
Waldorfi kool	Waldorfi koolidesse	PlIll
Waldorfi kool	Waldorfi koolidest	PlEl
Waldorfi kool	Waldorfi koolideta	PlAb
Waldorfi kool	Waldorfi kooliga	SgKom
Waldorfi kool	Waldorfi kooliks	SgTr
Waldorfi kool	Waldorfi koolil	SgAd
Waldorfi kool	Waldorfi koolile	SgAll
Waldorfi kool	Waldorfi koolilt	SgAbl
Waldorfi kool	Waldorfi koolina	SgEs
Waldorfi kool	Waldorfi koolini	SgTer
Waldorfi kool	Waldorfi koolis	SgIn
Waldorfi kool	Waldorfi koolisid	PlP
Waldorfi kool	Waldorfi koolisse	SgIll
Waldorfi kool	Waldorfi koolist	SgEl
Waldorfi kool	Waldorfi koolita	SgAb
Waldorfi pedagoogika	-	SgAdt
Waldorfi pedagoogika	Waldorfi pedagoogika	SgG
Waldorfi pedagoogika	Waldorfi pedagoogika	SgN
Waldorfi pedagoogika	Waldorfi pedagoogikad	PlN
Waldorfi pedagoogika	Waldorfi pedagoogikaga	SgKom
Waldorfi pedagoogika	Waldorfi pedagoogikaid	PlP
Waldorfi pedagoogika	Waldorfi pedagoogikaiks	PlTr
Waldorfi pedagoogika	Waldorfi pedagoogikail	PlAd
Waldorfi pedagoogika	Waldorfi pedagoogikaile	PlAll
Waldorfi pedagoogika	Waldorfi pedagoogikailt	PlAbl
Waldorfi pedagoogika	Waldorfi pedagoogikais	PlIn
Waldorfi pedagoogika	Waldorfi pedagoogikaisse	PlIll
Waldorfi pedagoogika	Waldorfi pedagoogikaist	PlEl
Waldorfi pedagoogika	Waldorfi pedagoogikaks	SgTr
Waldorfi pedagoogika	Waldorfi pedagoogikal	SgAd
Waldorfi pedagoogika	Waldorfi pedagoogikale	SgAll
Waldorfi pedagoogika	Waldorfi pedagoogikalt	SgAbl
Waldorfi pedagoogika	Waldorfi pedagoogikana	SgEs
Waldorfi pedagoogika	Waldorfi pedagoogikani	SgTer
Waldorfi pedagoogika	Waldorfi pedagoogikas	SgIn
Waldorfi pedagoogika	Waldorfi pedagoogikasse	SgIll
Waldorfi pedagoogika	Waldorfi pedagoogikast	SgEl
Waldorfi pedagoogika	Waldorfi pedagoogikat	SgP
Waldorfi pedagoogika	Waldorfi pedagoogikata	SgAb
Waldorfi pedagoogika	Waldorfi pedagoogikate	PlG
Waldorfi pedagoogika	Waldorfi pedagoogikatega	PlKom
Waldorfi pedagoogika	Waldorfi pedagoogikateks	PlTr
Waldorfi pedagoogika	Waldorfi pedagoogikatel	PlAd
Waldorfi pedagoogika	Waldorfi pedagoogikatele	PlAll
Waldorfi pedagoogika	Waldorfi pedagoogikatelt	PlAbl
Waldorfi pedagoogika	Waldorfi pedagoogikatena	PlEs
Waldorfi pedagoogika	Waldorfi pedagoogikateni	PlTer
Waldorfi pedagoogika	Waldorfi pedagoogikates	PlIn
Waldorfi pedagoogika	Waldorfi pedagoogikatesse	PlIll
Waldorfi pedagoogika	Waldorfi pedagoogikatest	PlEl
Waldorfi pedagoogika	Waldorfi pedagoogikateta	PlAb
Waldorfi salat	Waldorfi salat	SgN
Waldorfi salat	Waldorfi salateid	PlP
Waldorfi salat	Waldorfi salati	SgG
Waldorfi salat	Waldorfi salatid	PlN
Waldorfi salat	Waldorfi salatiga	SgKom
Waldorfi salat	Waldorfi salatiks	SgTr
Waldorfi salat	Waldorfi salatil	SgAd
Waldorfi salat	Waldorfi salatile	SgAll
Waldorfi salat	Waldorfi salatilt	SgAbl
Waldorfi salat	Waldorfi salatina	SgEs
Waldorfi salat	Waldorfi salatini	SgTer
Waldorfi salat	Waldorfi salatis	SgIn
Waldorfi salat	Waldorfi salatisse	SgIll
Waldorfi salat	Waldorfi salatist	SgEl
Waldorfi salat	Waldorfi salatit	SgP
Waldorfi salat	Waldorfi salatita	SgAb
Waldorfi salat	Waldorfi salatite	PlG
Waldorfi salat	Waldorfi salatitega	PlKom
Waldorfi salat	Waldorfi salatiteks	PlTr
Waldorfi salat	Waldorfi salatitel	PlAd
Waldorfi salat	Waldorfi salatitele	PlAll
Waldorfi salat	Waldorfi salatitelt	PlAbl
Waldorfi salat	Waldorfi salatitena	PlEs
Waldorfi salat	Waldorfi salatiteni	PlTer
Waldorfi salat	Waldorfi salatites	PlIn
Waldorfi salat	Waldorfi salatitesse	PlIll
Waldorfi salat	Waldorfi salatitest	PlEl
Waldorfi salat	Waldorfi salatiteta	PlAb
waldorfkool	waldorfkool	SgN
waldorfkool	waldorfkoole	PlP
waldorfkool	waldorfkooleks	PlTr
waldorfkool	waldorfkoolel	PlAd
waldorfkool	waldorfkoolele	PlAll
waldorfkool	waldorfkoolelt	PlAbl
waldorfkool	waldorfkooles	PlIn
waldorfkool	waldorfkoolesse	PlIll
waldorfkool	waldorfkoolest	PlEl
waldorfkool	waldorfkooli	SgAdt
waldorfkool	waldorfkooli	SgG
waldorfkool	waldorfkooli	SgP
waldorfkool	waldorfkoolid	PlN
waldorfkool	waldorfkoolide	PlG
waldorfkool	waldorfkoolidega	PlKom
waldorfkool	waldorfkoolideks	PlTr
waldorfkool	waldorfkoolidel	PlAd
waldorfkool	waldorfkoolidele	PlAll
waldorfkool	waldorfkoolidelt	PlAbl
waldorfkool	waldorfkoolidena	PlEs
waldorfkool	waldorfkoolideni	PlTer
waldorfkool	waldorfkoolides	PlIn
waldorfkool	waldorfkoolidesse	PlIll
waldorfkool	waldorfkoolidest	PlEl
waldorfkool	waldorfkoolideta	PlAb
waldorfkool	waldorfkooliga	SgKom
waldorfkool	waldorfkooliks	SgTr
waldorfkool	waldorfkoolil	SgAd
waldorfkool	waldorfkoolile	SgAll
waldorfkool	waldorfkoolilt	SgAbl
waldorfkool	waldorfkoolina	SgEs
waldorfkool	waldorfkoolini	SgTer
waldorfkool	waldorfkoolis	SgIn
waldorfkool	waldorfkoolisid	PlP
waldorfkool	waldorfkoolisse	SgIll
waldorfkool	waldorfkoolist	SgEl
waldorfkool	waldorfkoolita	SgAb
waldorfpedagoogika	-	SgAdt
waldorfpedagoogika	waldorfpedagoogika	SgG
waldorfpedagoogika	waldorfpedagoogika	SgN
waldorfpedagoogika	waldorfpedagoogikad	PlN
waldorfpedagoogika	waldorfpedagoogikaga	SgKom
waldorfpedagoogika	waldorfpedagoogikaid	PlP
waldorfpedagoogika	waldorfpedagoogikaiks	PlTr
waldorfpedagoogika	waldorfpedagoogikail	PlAd
waldorfpedagoogika	waldorfpedagoogikaile	PlAll
waldorfpedagoogika	waldorfpedagoogikailt	PlAbl
waldorfpedagoogika	waldorfpedagoogikais	PlIn
waldorfpedagoogika	waldorfpedagoogikaisse	PlIll
waldorfpedagoogika	waldorfpedagoogikaist	PlEl
waldorfpedagoogika	waldorfpedagoogikaks	SgTr
waldorfpedagoogika	waldorfpedagoogikal	SgAd
waldorfpedagoogika	waldorfpedagoogikale	SgAll
waldorfpedagoogika	waldorfpedagoogikalt	SgAbl
waldorfpedagoogika	waldorfpedagoogikana	SgEs
waldorfpedagoogika	waldorfpedagoogikani	SgTer
waldorfpedagoogika	waldorfpedagoogikas	SgIn
waldorfpedagoogika	waldorfpedagoogikasse	SgIll
waldorfpedagoogika	waldorfpedagoogikast	SgEl
waldorfpedagoogika	waldorfpedagoogikat	SgP
waldorfpedagoogika	waldorfpedagoogikata	SgAb
waldorfpedagoogika	waldorfpedagoogikate	PlG
waldorfpedagoogika	waldorfpedagoogikatega	PlKom
waldorfpedagoogika	waldorfpedagoogikateks	PlTr
waldorfpedagoogika	waldorfpedagoogikatel	PlAd
waldorfpedagoogika	waldorfpedagoogikatele	PlAll
waldorfpedagoogika	waldorfpedagoogikatelt	PlAbl
waldorfpedagoogika	waldorfpedagoogikatena	PlEs
waldorfpedagoogika	waldorfpedagoogikateni	PlTer
waldorfpedagoogika	waldorfpedagoogikates	PlIn
waldorfpedagoogika	waldorfpedagoogikatesse	PlIll
waldorfpedagoogika	waldorfpedagoogikatest	PlEl
waldorfpedagoogika	waldorfpedagoogikateta	PlAb
Wales	Wales	SgN
Wales	Walese	PlP
Wales	Waleseks	PlTr
Wales	Walesel	PlAd
Wales	Walesele	PlAll
Wales	Waleselt	PlAbl
Wales	Waleses	PlIn
Wales	Walesesse	PlIll
Wales	Walesest	PlEl
Wales	Walesi	SgAdt
Wales	Walesi	SgG
Wales	Walesi	SgP
Wales	Walesid	PlN
Wales	Waleside	PlG
Wales	Walesidega	PlKom
Wales	Walesideks	PlTr
Wales	Walesidel	PlAd
Wales	Walesidele	PlAll
Wales	Walesidelt	PlAbl
Wales	Walesidena	PlEs
Wales	Walesideni	PlTer
Wales	Walesides	PlIn
Wales	Walesidesse	PlIll
Wales	Walesidest	PlEl
Wales	Walesideta	PlAb
Wales	Walesiga	SgKom
Wales	Walesiks	SgTr
Wales	Walesil	SgAd
Wales	Walesile	SgAll
Wales	Walesilt	SgAbl
Wales	Walesina	SgEs
Wales	Walesini	SgTer
Wales	Walesis	SgIn
Wales	Walesisid	PlP
Wales	Walesisse	SgIll
Wales	Walesist	SgEl
Wales	Walesita	SgAb
Walesi prints	Walesi prints	SgN
Walesi prints	Walesi printse	PlP
Walesi prints	Walesi printsi	SgAdt
Walesi prints	Walesi printsi	SgG
Walesi prints	Walesi printsi	SgP
Walesi prints	Walesi printsid	PlN
Walesi prints	Walesi printside	PlG
Walesi prints	Walesi printsidega	PlKom
Walesi prints	Walesi printsideks	PlTr
Walesi prints	Walesi printsidel	PlAd
Walesi prints	Walesi printsidele	PlAll
Walesi prints	Walesi printsidelt	PlAbl
Walesi prints	Walesi printsidena	PlEs
Walesi prints	Walesi printsideni	PlTer
Walesi prints	Walesi printsides	PlIn
Walesi prints	Walesi printsidesse	PlIll
Walesi prints	Walesi printsidest	PlEl
Walesi prints	Walesi printsideta	PlAb
Walesi prints	Walesi printsiga	SgKom
Walesi prints	Walesi printsiks	SgTr
Walesi prints	Walesi printsil	SgAd
Walesi prints	Walesi printsile	SgAll
Walesi prints	Walesi printsilt	SgAbl
Walesi prints	Walesi printsina	SgEs
Walesi prints	Walesi printsini	SgTer
Walesi prints	Walesi printsis	SgIn
Walesi prints	Walesi printsisid	PlP
Walesi prints	Walesi printsisse	SgIll
Walesi prints	Walesi printsist	SgEl
Walesi prints	Walesi printsita	SgAb
waleslane	waleslane	SgAdt
waleslane	waleslane	SgN
waleslane	waleslase	SgG
waleslane	waleslased	PlN
waleslane	waleslasega	SgKom
waleslane	waleslaseid	PlP
waleslane	waleslaseiks	PlTr
waleslane	waleslaseil	PlAd
waleslane	waleslaseile	PlAll
waleslane	waleslaseilt	PlAbl
waleslane	waleslaseis	PlIn
waleslane	waleslaseisse	PlIll
waleslane	waleslaseist	PlEl
waleslane	waleslaseks	SgTr
waleslane	waleslasel	SgAd
waleslane	waleslasele	SgAll
waleslane	waleslaselt	SgAbl
waleslane	waleslasena	SgEs
waleslane	waleslaseni	SgTer
waleslane	waleslases	SgIn
waleslane	waleslasesse	SgIll
waleslane	waleslasest	SgEl
waleslane	waleslaseta	SgAb
waleslane	waleslasi	PlP
waleslane	waleslasiks	PlTr
waleslane	waleslasil	PlAd
waleslane	waleslasile	PlAll
waleslane	waleslasilt	PlAbl
waleslane	waleslasis	PlIn
waleslane	waleslasisse	PlIll
waleslane	waleslasist	PlEl
waleslane	waleslasse	SgAdt
waleslane	waleslast	SgP
waleslane	waleslaste	PlG
waleslane	waleslastega	PlKom
waleslane	waleslasteks	PlTr
waleslane	waleslastel	PlAd
waleslane	waleslastele	PlAll
waleslane	waleslastelt	PlAbl
waleslane	waleslastena	PlEs
waleslane	waleslasteni	PlTer
waleslane	waleslastes	PlIn
waleslane	waleslastesse	PlIll
waleslane	waleslastest	PlEl
waleslane	waleslasteta	PlAb
Walpurgi öö	Walpurgi öö	SgAdt
Walpurgi öö	Walpurgi öö	SgG
Walpurgi öö	Walpurgi öö	SgN
Walpurgi öö	Walpurgi ööd	PlN
Walpurgi öö	Walpurgi ööd	SgP
Walpurgi öö	Walpurgi ööde	PlG
Walpurgi öö	Walpurgi öödega	PlKom
Walpurgi öö	Walpurgi öödeks	PlTr
Walpurgi öö	Walpurgi öödel	PlAd
Walpurgi öö	Walpurgi öödele	PlAll
Walpurgi öö	Walpurgi öödelt	PlAbl
Walpurgi öö	Walpurgi öödena	PlEs
Walpurgi öö	Walpurgi öödeni	PlTer
Walpurgi öö	Walpurgi öödes	PlIn
Walpurgi öö	Walpurgi öödesse	PlIll
Walpurgi öö	Walpurgi öödest	PlEl
Walpurgi öö	Walpurgi öödeta	PlAb
Walpurgi öö	Walpurgi ööga	SgKom
Walpurgi öö	Walpurgi ööks	SgTr
Walpurgi öö	Walpurgi ööl	SgAd
Walpurgi öö	Walpurgi ööle	SgAll
Walpurgi öö	Walpurgi öölt	SgAbl
Walpurgi öö	Walpurgi ööna	SgEs
Walpurgi öö	Walpurgi ööni	SgTer
Walpurgi öö	Walpurgi öös	SgIn
Walpurgi öö	Walpurgi öösid	PlP
Walpurgi öö	Walpurgi öösse	SgIll
Walpurgi öö	Walpurgi ööst	SgEl
Walpurgi öö	Walpurgi ööta	SgAb
WAP	WAP	SgN
WAP	WAP-e	PlP
WAP	WAP-eks	PlTr
WAP	WAP-el	PlAd
WAP	WAP-ele	PlAll
WAP	WAP-elt	PlAbl
WAP	WAP-es	PlIn
WAP	WAP-esse	PlIll
WAP	WAP-est	PlEl
WAP	WAP-i	SgAdt
WAP	WAP-i	SgG
WAP	WAP-i	SgP
WAP	WAP-id	PlN
WAP	WAP-ide	PlG
WAP	WAP-idega	PlKom
WAP	WAP-ideks	PlTr
WAP	WAP-idel	PlAd
WAP	WAP-idele	PlAll
WAP	WAP-idelt	PlAbl
WAP	WAP-idena	PlEs
WAP	WAP-ideni	PlTer
WAP	WAP-ides	PlIn
WAP	WAP-idesse	PlIll
WAP	WAP-idest	PlEl
WAP	WAP-ideta	PlAb
WAP	WAP-iga	SgKom
WAP	WAP-iks	SgTr
WAP	WAP-il	SgAd
WAP	WAP-ile	SgAll
WAP	WAP-ilt	SgAbl
WAP	WAP-ina	SgEs
WAP	WAP-ini	SgTer
WAP	WAP-is	SgIn
WAP	WAP-isid	PlP
WAP	WAP-isse	SgIll
WAP	WAP-ist	SgEl
WAP	WAP-ita	SgAb
wasabi	wasabi	SgAdt
wasabi	wasabi	SgG
wasabi	wasabi	SgN
wasabi	wasabid	PlN
wasabi	wasabiga	SgKom
wasabi	wasabiid	PlP
wasabi	wasabiiks	PlTr
wasabi	wasabiil	PlAd
wasabi	wasabiile	PlAll
wasabi	wasabiilt	PlAbl
wasabi	wasabiis	PlIn
wasabi	wasabiisse	PlIll
wasabi	wasabiist	PlEl
wasabi	wasabiks	SgTr
wasabi	wasabil	SgAd
wasabi	wasabile	SgAll
wasabi	wasabilt	SgAbl
wasabi	wasabina	SgEs
wasabi	wasabini	SgTer
wasabi	wasabis	SgIn
wasabi	wasabisse	SgIll
wasabi	wasabist	SgEl
wasabi	wasabit	SgP
wasabi	wasabita	SgAb
wasabi	wasabite	PlG
wasabi	wasabitega	PlKom
wasabi	wasabiteks	PlTr
wasabi	wasabitel	PlAd
wasabi	wasabitele	PlAll
wasabi	wasabitelt	PlAbl
wasabi	wasabitena	PlEs
wasabi	wasabiteni	PlTer
wasabi	wasabites	PlIn
wasabi	wasabitesse	PlIll
wasabi	wasabitest	PlEl
wasabi	wasabiteta	PlAb
Wb	Wb	SgAdt
Wb	Wb	SgG
Wb	Wb	SgN
Wb	Wb-d	PlN
Wb	Wb-ga	SgKom
Wb	Wb-id	PlP
Wb	Wb-iks	PlTr
Wb	Wb-il	PlAd
Wb	Wb-ile	PlAll
Wb	Wb-ilt	PlAbl
Wb	Wb-is	PlIn
Wb	Wb-isse	PlIll
Wb	Wb-ist	PlEl
Wb	Wb-ks	SgTr
Wb	Wb-l	SgAd
Wb	Wb-le	SgAll
Wb	Wb-lt	SgAbl
Wb	Wb-na	SgEs
Wb	Wb-ni	SgTer
Wb	Wb-s	SgIn
Wb	Wb-sse	SgIll
Wb	Wb-st	SgEl
Wb	Wb-t	SgP
Wb	Wb-ta	SgAb
Wb	Wb-te	PlG
Wb	Wb-tega	PlKom
Wb	Wb-teks	PlTr
Wb	Wb-tel	PlAd
Wb	Wb-tele	PlAll
Wb	Wb-telt	PlAbl
Wb	Wb-tena	PlEs
Wb	Wb-teni	PlTer
Wb	Wb-tes	PlIn
Wb	Wb-tesse	PlIll
Wb	Wb-test	PlEl
Wb	Wb-teta	PlAb
WC	WC	SgAdt
WC	WC	SgG
WC	WC	SgN
WC	WC-d	PlN
WC	WC-d	SgP
WC	WC-de	PlG
WC	WC-dega	PlKom
WC	WC-deks	PlTr
WC	WC-del	PlAd
WC	WC-dele	PlAll
WC	WC-delt	PlAbl
WC	WC-dena	PlEs
WC	WC-deni	PlTer
WC	WC-des	PlIn
WC	WC-desse	PlIll
WC	WC-dest	PlEl
WC	WC-deta	PlAb
WC	WC-ga	SgKom
WC	WC-ks	SgTr
WC	WC-l	SgAd
WC	WC-le	SgAll
WC	WC-lt	SgAbl
WC	WC-na	SgEs
WC	WC-ni	SgTer
WC	WC-s	SgIn
WC	WC-sid	PlP
WC	WC-sse	SgIll
WC	WC-st	SgEl
WC	WC-ta	SgAb
WC-paber	-	SgAdt
WC-paber	WC-paber	SgN
WC-paber	WC-pabereid	PlP
WC-paber	WC-pabereiks	PlTr
WC-paber	WC-pabereil	PlAd
WC-paber	WC-pabereile	PlAll
WC-paber	WC-pabereilt	PlAbl
WC-paber	WC-pabereis	PlIn
WC-paber	WC-pabereisse	PlIll
WC-paber	WC-pabereist	PlEl
WC-paber	WC-paberi	SgG
WC-paber	WC-paberid	PlN
WC-paber	WC-paberiga	SgKom
WC-paber	WC-paberiks	SgTr
WC-paber	WC-paberil	SgAd
WC-paber	WC-paberile	SgAll
WC-paber	WC-paberilt	SgAbl
WC-paber	WC-paberina	SgEs
WC-paber	WC-paberini	SgTer
WC-paber	WC-paberis	SgIn
WC-paber	WC-paberisse	SgIll
WC-paber	WC-paberist	SgEl
WC-paber	WC-paberit	SgP
WC-paber	WC-paberita	SgAb
WC-paber	WC-paberite	PlG
WC-paber	WC-paberitega	PlKom
WC-paber	WC-paberiteks	PlTr
WC-paber	WC-paberitel	PlAd
WC-paber	WC-paberitele	PlAll
WC-paber	WC-paberitelt	PlAbl
WC-paber	WC-paberitena	PlEs
WC-paber	WC-paberiteni	PlTer
WC-paber	WC-paberites	PlIn
WC-paber	WC-paberitesse	PlIll
WC-paber	WC-paberitest	PlEl
WC-paber	WC-paberiteta	PlAb
WC-pott	WC-poteks	PlTr
WC-pott	WC-potel	PlAd
WC-pott	WC-potele	PlAll
WC-pott	WC-potelt	PlAbl
WC-pott	WC-potes	PlIn
WC-pott	WC-potesse	PlIll
WC-pott	WC-potest	PlEl
WC-pott	WC-poti	SgG
WC-pott	WC-potid	PlN
WC-pott	WC-potiga	SgKom
WC-pott	WC-potiks	SgTr
WC-pott	WC-potil	SgAd
WC-pott	WC-potile	SgAll
WC-pott	WC-potilt	SgAbl
WC-pott	WC-potina	SgEs
WC-pott	WC-potini	SgTer
WC-pott	WC-potis	SgIn
WC-pott	WC-potisse	SgIll
WC-pott	WC-potist	SgEl
WC-pott	WC-potita	SgAb
WC-pott	WC-pott	SgN
WC-pott	WC-potte	PlP
WC-pott	WC-potti	SgAdt
WC-pott	WC-potti	SgP
WC-pott	WC-pottide	PlG
WC-pott	WC-pottidega	PlKom
WC-pott	WC-pottideks	PlTr
WC-pott	WC-pottidel	PlAd
WC-pott	WC-pottidele	PlAll
WC-pott	WC-pottidelt	PlAbl
WC-pott	WC-pottidena	PlEs
WC-pott	WC-pottideni	PlTer
WC-pott	WC-pottides	PlIn
WC-pott	WC-pottidesse	PlIll
WC-pott	WC-pottidest	PlEl
WC-pott	WC-pottideta	PlAb
WC-pott	WC-pottisid	PlP
Wehrmacht	Wehrmacht	SgN
Wehrmacht	Wehrmachte	PlP
Wehrmacht	Wehrmachteks	PlTr
Wehrmacht	Wehrmachtel	PlAd
Wehrmacht	Wehrmachtele	PlAll
Wehrmacht	Wehrmachtelt	PlAbl
Wehrmacht	Wehrmachtes	PlIn
Wehrmacht	Wehrmachtesse	PlIll
Wehrmacht	Wehrmachtest	PlEl
Wehrmacht	Wehrmachti	SgAdt
Wehrmacht	Wehrmachti	SgG
Wehrmacht	Wehrmachti	SgP
Wehrmacht	Wehrmachtid	PlN
Wehrmacht	Wehrmachtide	PlG
Wehrmacht	Wehrmachtidega	PlKom
Wehrmacht	Wehrmachtideks	PlTr
Wehrmacht	Wehrmachtidel	PlAd
Wehrmacht	Wehrmachtidele	PlAll
Wehrmacht	Wehrmachtidelt	PlAbl
Wehrmacht	Wehrmachtidena	PlEs
Wehrmacht	Wehrmachtideni	PlTer
Wehrmacht	Wehrmachtides	PlIn
Wehrmacht	Wehrmachtidesse	PlIll
Wehrmacht	Wehrmachtidest	PlEl
Wehrmacht	Wehrmachtideta	PlAb
Wehrmacht	Wehrmachtiga	SgKom
Wehrmacht	Wehrmachtiks	SgTr
Wehrmacht	Wehrmachtil	SgAd
Wehrmacht	Wehrmachtile	SgAll
Wehrmacht	Wehrmachtilt	SgAbl
Wehrmacht	Wehrmachtina	SgEs
Wehrmacht	Wehrmachtini	SgTer
Wehrmacht	Wehrmachtis	SgIn
Wehrmacht	Wehrmachtisid	PlP
Wehrmacht	Wehrmachtisse	SgIll
Wehrmacht	Wehrmachtist	SgEl
Wehrmacht	Wehrmachtita	SgAb
well done	well done	SgN
well done	well done'e	PlP
well done	well done'eks	PlTr
well done	well done'el	PlAd
well done	well done'ele	PlAll
well done	well done'elt	PlAbl
well done	well done'es	PlIn
well done	well done'esse	PlIll
well done	well done'est	PlEl
well done	well done'i	SgAdt
well done	well done'i	SgG
well done	well done'i	SgP
well done	well done'id	PlN
well done	well done'ide	PlG
well done	well done'idega	PlKom
well done	well done'ideks	PlTr
well done	well done'idel	PlAd
well done	well done'idele	PlAll
well done	well done'idelt	PlAbl
well done	well done'idena	PlEs
well done	well done'ideni	PlTer
well done	well done'ides	PlIn
well done	well done'idesse	PlIll
well done	well done'idest	PlEl
well done	well done'ideta	PlAb
well done	well done'iga	SgKom
well done	well done'iks	SgTr
well done	well done'il	SgAd
well done	well done'ile	SgAll
well done	well done'ilt	SgAbl
well done	well done'ina	SgEs
well done	well done'ini	SgTer
well done	well done'is	SgIn
well done	well done'isid	PlP
well done	well done'isse	SgIll
well done	well done'ist	SgEl
well done	well done'ita	SgAb
Wellingtoni filee	Wellingtoni filee	SgG
Wellingtoni filee	Wellingtoni filee	SgN
Wellingtoni filee	Wellingtoni fileed	PlN
Wellingtoni filee	Wellingtoni fileed	SgP
Wellingtoni filee	Wellingtoni fileede	PlG
Wellingtoni filee	Wellingtoni fileedega	PlKom
Wellingtoni filee	Wellingtoni fileedeks	PlTr
Wellingtoni filee	Wellingtoni fileedel	PlAd
Wellingtoni filee	Wellingtoni fileedele	PlAll
Wellingtoni filee	Wellingtoni fileedelt	PlAbl
Wellingtoni filee	Wellingtoni fileedena	PlEs
Wellingtoni filee	Wellingtoni fileedeni	PlTer
Wellingtoni filee	Wellingtoni fileedes	PlIn
Wellingtoni filee	Wellingtoni fileedesse	PlIll
Wellingtoni filee	Wellingtoni fileedest	PlEl
Wellingtoni filee	Wellingtoni fileedeta	PlAb
Wellingtoni filee	Wellingtoni fileega	SgKom
Wellingtoni filee	Wellingtoni fileeks	SgTr
Wellingtoni filee	Wellingtoni fileel	SgAd
Wellingtoni filee	Wellingtoni fileele	SgAll
Wellingtoni filee	Wellingtoni fileelt	SgAbl
Wellingtoni filee	Wellingtoni fileena	SgEs
Wellingtoni filee	Wellingtoni fileeni	SgTer
Wellingtoni filee	Wellingtoni filees	SgIn
Wellingtoni filee	Wellingtoni fileesid	PlP
Wellingtoni filee	Wellingtoni fileesse	SgIll
Wellingtoni filee	Wellingtoni fileest	SgEl
Wellingtoni filee	Wellingtoni fileeta	SgAb
Wellingtoni filee	Wellingtoni fileid	PlP
Wh	Wh	PlP
Wh	Wh	SgAdt
Wh	Wh	SgG
Wh	Wh	SgN
Wh	Wh	SgP
Wh	Wh-d	PlN
Wh	Wh-de	PlG
Wh	Wh-dega	PlKom
Wh	Wh-deks	PlTr
Wh	Wh-del	PlAd
Wh	Wh-dele	PlAll
Wh	Wh-delt	PlAbl
Wh	Wh-dena	PlEs
Wh	Wh-deni	PlTer
Wh	Wh-des	PlIn
Wh	Wh-desse	PlIll
Wh	Wh-dest	PlEl
Wh	Wh-deta	PlAb
Wh	Wh-ga	SgKom
Wh	Wh-ks	PlTr
Wh	Wh-ks	SgTr
Wh	Wh-l	PlAd
Wh	Wh-l	SgAd
Wh	Wh-le	PlAll
Wh	Wh-le	SgAll
Wh	Wh-lt	PlAbl
Wh	Wh-lt	SgAbl
Wh	Wh-na	SgEs
Wh	Wh-ni	SgTer
Wh	Wh-s	PlIn
Wh	Wh-s	SgIn
Wh	Wh-sid	PlP
Wh	Wh-sse	PlIll
Wh	Wh-sse	SgIll
Wh	Wh-st	PlEl
Wh	Wh-st	SgEl
Wh	Wh-ta	SgAb
white tie	white tie	ID
white tie	white tie	SgAdt
white tie	white tie	SgG
white tie	white tie	SgN
white tie	white tie'd	PlN
white tie	white tie'd	SgP
white tie	white tie'de	PlG
white tie	white tie'dega	PlKom
white tie	white tie'deks	PlTr
white tie	white tie'del	PlAd
white tie	white tie'dele	PlAll
white tie	white tie'delt	PlAbl
white tie	white tie'dena	PlEs
white tie	white tie'deni	PlTer
white tie	white tie'des	PlIn
white tie	white tie'desse	PlIll
white tie	white tie'dest	PlEl
white tie	white tie'deta	PlAb
white tie	white tie'ga	SgKom
white tie	white tie'ks	SgTr
white tie	white tie'l	SgAd
white tie	white tie'le	SgAll
white tie	white tie'lt	SgAbl
white tie	white tie'na	SgEs
white tie	white tie'ni	SgTer
white tie	white tie's	SgIn
white tie	white tie'sid	PlP
white tie	white tie'sse	SgIll
white tie	white tie'st	SgEl
white tie	white tie'ta	SgAb
wifi	wifi	SgAdt
wifi	wifi	SgG
wifi	wifi	SgN
wifi	wifid	PlN
wifi	wifide	PlG
wifi	wifidega	PlKom
wifi	wifideks	PlTr
wifi	wifidel	PlAd
wifi	wifidele	PlAll
wifi	wifidelt	PlAbl
wifi	wifidena	PlEs
wifi	wifideni	PlTer
wifi	wifides	PlIn
wifi	wifidesse	PlIll
wifi	wifidest	PlEl
wifi	wifideta	PlAb
wifi	wifiga	SgKom
wifi	wifiks	SgTr
wifi	wifil	SgAd
wifi	wifile	SgAll
wifi	wifilt	SgAbl
wifi	wifina	SgEs
wifi	wifini	SgTer
wifi	wifis	SgIn
wifi	wifisid	PlP
wifi	wifisse	SgIll
wifi	wifist	SgEl
wifi	wifit	SgP
wifi	wifita	SgAb
Wi-Fi	Wi-Fi	SgAdt
Wi-Fi	Wi-Fi	SgG
Wi-Fi	Wi-Fi	SgN
Wi-Fi	Wi-Fi-d	PlN
Wi-Fi	Wi-Fi-de	PlG
Wi-Fi	Wi-Fi-dega	PlKom
Wi-Fi	Wi-Fi-deks	PlTr
Wi-Fi	Wi-Fi-del	PlAd
Wi-Fi	Wi-Fi-dele	PlAll
Wi-Fi	Wi-Fi-delt	PlAbl
Wi-Fi	Wi-Fi-dena	PlEs
Wi-Fi	Wi-Fi-deni	PlTer
Wi-Fi	Wi-Fi-des	PlIn
Wi-Fi	Wi-Fi-desse	PlIll
Wi-Fi	Wi-Fi-dest	PlEl
Wi-Fi	Wi-Fi-deta	PlAb
Wi-Fi	Wi-Fi-ga	SgKom
Wi-Fi	Wi-Fi-ks	SgTr
Wi-Fi	Wi-Fi-l	SgAd
Wi-Fi	Wi-Fi-le	SgAll
Wi-Fi	Wi-Fi-lt	SgAbl
Wi-Fi	Wi-Fi-na	SgEs
Wi-Fi	Wi-Fi-ni	SgTer
Wi-Fi	Wi-Fi-s	SgIn
Wi-Fi	Wi-Fi-sid	PlP
Wi-Fi	Wi-Fi-sse	SgIll
Wi-Fi	Wi-Fi-st	SgEl
Wi-Fi	Wi-Fi-t	SgP
Wi-Fi	Wi-Fi-ta	SgAb
WiFi	WiFi	SgAdt
WiFi	WiFi	SgG
WiFi	WiFi	SgN
WiFi	WiFi-d	PlN
WiFi	WiFi-de	PlG
WiFi	WiFi-dega	PlKom
WiFi	WiFi-deks	PlTr
WiFi	WiFi-del	PlAd
WiFi	WiFi-dele	PlAll
WiFi	WiFi-delt	PlAbl
WiFi	WiFi-dena	PlEs
WiFi	WiFi-deni	PlTer
WiFi	WiFi-des	PlIn
WiFi	WiFi-desse	PlIll
WiFi	WiFi-dest	PlEl
WiFi	WiFi-deta	PlAb
WiFi	WiFi-ga	SgKom
WiFi	WiFi-ks	SgTr
WiFi	WiFi-l	SgAd
WiFi	WiFi-le	SgAll
WiFi	WiFi-lt	SgAbl
WiFi	WiFi-na	SgEs
WiFi	WiFi-ni	SgTer
WiFi	WiFi-s	SgIn
WiFi	WiFi-sid	PlP
WiFi	WiFi-sse	SgIll
WiFi	WiFi-st	SgEl
WiFi	WiFi-t	SgP
WiFi	WiFi-ta	SgAb
Winnipegi järv	Winnipegi järv	SgN
Winnipegi järv	Winnipegi järve	SgAdt
Winnipegi järv	Winnipegi järve	SgG
Winnipegi järv	Winnipegi järve	SgP
Winnipegi järv	Winnipegi järved	PlN
Winnipegi järv	Winnipegi järvede	PlG
Winnipegi järv	Winnipegi järvedega	PlKom
Winnipegi järv	Winnipegi järvedeks	PlTr
Winnipegi järv	Winnipegi järvedel	PlAd
Winnipegi järv	Winnipegi järvedele	PlAll
Winnipegi järv	Winnipegi järvedelt	PlAbl
Winnipegi järv	Winnipegi järvedena	PlEs
Winnipegi järv	Winnipegi järvedeni	PlTer
Winnipegi järv	Winnipegi järvedes	PlIn
Winnipegi järv	Winnipegi järvedesse	PlIll
Winnipegi järv	Winnipegi järvedest	PlEl
Winnipegi järv	Winnipegi järvedeta	PlAb
Winnipegi järv	Winnipegi järvega	SgKom
Winnipegi järv	Winnipegi järveks	SgTr
Winnipegi järv	Winnipegi järvel	SgAd
Winnipegi järv	Winnipegi järvele	SgAll
Winnipegi järv	Winnipegi järvelt	SgAbl
Winnipegi järv	Winnipegi järvena	SgEs
Winnipegi järv	Winnipegi järveni	SgTer
Winnipegi järv	Winnipegi järves	SgIn
Winnipegi järv	Winnipegi järvesid	PlP
Winnipegi järv	Winnipegi järvesse	SgIll
Winnipegi järv	Winnipegi järvest	SgEl
Winnipegi järv	Winnipegi järveta	SgAb
Winnipegi järv	Winnipegi järvi	PlP
win-win	win-win	ID
Wisła	Wisła	SgAdt
Wisła	Wisła	SgG
Wisła	Wisła	SgN
Wisła	Wisład	PlN
Wisła	Wisłade	PlG
Wisła	Wisładega	PlKom
Wisła	Wisładeks	PlTr
Wisła	Wisładel	PlAd
Wisła	Wisładele	PlAll
Wisła	Wisładelt	PlAbl
Wisła	Wisładena	PlEs
Wisła	Wisładeni	PlTer
Wisła	Wisłades	PlIn
Wisła	Wisładesse	PlIll
Wisła	Wisładest	PlEl
Wisła	Wisładeta	PlAb
Wisła	Wisłaga	SgKom
Wisła	Wisłaks	SgTr
Wisła	Wisłal	SgAd
Wisła	Wisłale	SgAll
Wisła	Wisłalt	SgAbl
Wisła	Wisłana	SgEs
Wisła	Wisłani	SgTer
Wisła	Wisłas	SgIn
Wisła	Wisłasid	PlP
Wisła	Wisłasse	SgIll
Wisła	Wisłast	SgEl
Wisła	Wisłat	SgP
Wisła	Wisłata	SgAb
wok	wok	SgN
wok	wok'e	PlP
wok	wok'eks	PlTr
wok	wok'el	PlAd
wok	wok'ele	PlAll
wok	wok'elt	PlAbl
wok	wok'es	PlIn
wok	wok'esse	PlIll
wok	wok'est	PlEl
wok	wok'i	SgAdt
wok	wok'i	SgG
wok	wok'i	SgP
wok	wok'id	PlN
wok	wok'ide	PlG
wok	wok'idega	PlKom
wok	wok'ideks	PlTr
wok	wok'idel	PlAd
wok	wok'idele	PlAll
wok	wok'idelt	PlAbl
wok	wok'idena	PlEs
wok	wok'ideni	PlTer
wok	wok'ides	PlIn
wok	wok'idesse	PlIll
wok	wok'idest	PlEl
wok	wok'ideta	PlAb
wok	wok'iga	SgKom
wok	wok'iks	SgTr
wok	wok'il	SgAd
wok	wok'ile	SgAll
wok	wok'ilt	SgAbl
wok	wok'ina	SgEs
wok	wok'ini	SgTer
wok	wok'is	SgIn
wok	wok'isid	PlP
wok	wok'isse	SgIll
wok	wok'ist	SgEl
wok	wok'ita	SgAb
wok-pann	wok-pann	SgN
wok-pann	wok-panne	PlP
wok-pann	wok-panneks	PlTr
wok-pann	wok-pannel	PlAd
wok-pann	wok-pannele	PlAll
wok-pann	wok-pannelt	PlAbl
wok-pann	wok-pannes	PlIn
wok-pann	wok-pannesse	PlIll
wok-pann	wok-pannest	PlEl
wok-pann	wok-panni	SgAdt
wok-pann	wok-panni	SgG
wok-pann	wok-panni	SgP
wok-pann	wok-pannid	PlN
wok-pann	wok-pannide	PlG
wok-pann	wok-pannidega	PlKom
wok-pann	wok-pannideks	PlTr
wok-pann	wok-pannidel	PlAd
wok-pann	wok-pannidele	PlAll
wok-pann	wok-pannidelt	PlAbl
wok-pann	wok-pannidena	PlEs
wok-pann	wok-pannideni	PlTer
wok-pann	wok-pannides	PlIn
wok-pann	wok-pannidesse	PlIll
wok-pann	wok-pannidest	PlEl
wok-pann	wok-pannideta	PlAb
wok-pann	wok-panniga	SgKom
wok-pann	wok-panniks	SgTr
wok-pann	wok-pannil	SgAd
wok-pann	wok-pannile	SgAll
wok-pann	wok-pannilt	SgAbl
wok-pann	wok-pannina	SgEs
wok-pann	wok-pannini	SgTer
wok-pann	wok-pannis	SgIn
wok-pann	wok-pannisid	PlP
wok-pann	wok-pannisse	SgIll
wok-pann	wok-pannist	SgEl
wok-pann	wok-pannita	SgAb
Worcesteri kaste	Worcesteri kaste	SgN
Worcesteri kaste	Worcesteri kastet	SgP
Worcesteri kaste	Worcesteri kastme	SgG
Worcesteri kaste	Worcesteri kastmed	PlN
Worcesteri kaste	Worcesteri kastmega	SgKom
Worcesteri kaste	Worcesteri kastmeid	PlP
Worcesteri kaste	Worcesteri kastmeks	SgTr
Worcesteri kaste	Worcesteri kastmel	SgAd
Worcesteri kaste	Worcesteri kastmele	SgAll
Worcesteri kaste	Worcesteri kastmelt	SgAbl
Worcesteri kaste	Worcesteri kastmena	SgEs
Worcesteri kaste	Worcesteri kastmeni	SgTer
Worcesteri kaste	Worcesteri kastmes	SgIn
Worcesteri kaste	Worcesteri kastmesse	SgIll
Worcesteri kaste	Worcesteri kastmest	SgEl
Worcesteri kaste	Worcesteri kastmeta	SgAb
Worcesteri kaste	Worcesteri kastmete	PlG
Worcesteri kaste	Worcesteri kastmetega	PlKom
Worcesteri kaste	Worcesteri kastmeteks	PlTr
Worcesteri kaste	Worcesteri kastmetel	PlAd
Worcesteri kaste	Worcesteri kastmetele	PlAll
Worcesteri kaste	Worcesteri kastmetelt	PlAbl
Worcesteri kaste	Worcesteri kastmetena	PlEs
Worcesteri kaste	Worcesteri kastmeteni	PlTer
Worcesteri kaste	Worcesteri kastmetes	PlIn
Worcesteri kaste	Worcesteri kastmetesse	PlIll
Worcesteri kaste	Worcesteri kastmetest	PlEl
Worcesteri kaste	Worcesteri kastmeteta	PlAb
workshop	workshop	SgN
workshop	workshop'e	PlP
workshop	workshop'eks	PlTr
workshop	workshop'el	PlAd
workshop	workshop'ele	PlAll
workshop	workshop'elt	PlAbl
workshop	workshop'es	PlIn
workshop	workshop'esse	PlIll
workshop	workshop'est	PlEl
workshop	workshop'i	SgAdt
workshop	workshop'i	SgG
workshop	workshop'i	SgP
workshop	workshop'id	PlN
workshop	workshop'ide	PlG
workshop	workshop'idega	PlKom
workshop	workshop'ideks	PlTr
workshop	workshop'idel	PlAd
workshop	workshop'idele	PlAll
workshop	workshop'idelt	PlAbl
workshop	workshop'idena	PlEs
workshop	workshop'ideni	PlTer
workshop	workshop'ides	PlIn
workshop	workshop'idesse	PlIll
workshop	workshop'idest	PlEl
workshop	workshop'ideta	PlAb
workshop	workshop'iga	SgKom
workshop	workshop'iks	SgTr
workshop	workshop'il	SgAd
workshop	workshop'ile	SgAll
workshop	workshop'ilt	SgAbl
workshop	workshop'ina	SgEs
workshop	workshop'ini	SgTer
workshop	workshop'is	SgIn
workshop	workshop'isid	PlP
workshop	workshop'isse	SgIll
workshop	workshop'ist	SgEl
workshop	workshop'ita	SgAb
Wrangeli saar	Wrangeli saar	SgN
Wrangeli saar	Wrangeli saarde	SgAdt
Wrangeli saar	Wrangeli saare	SgG
Wrangeli saar	Wrangeli saarega	SgKom
Wrangeli saar	Wrangeli saareks	SgTr
Wrangeli saar	Wrangeli saarel	SgAd
Wrangeli saar	Wrangeli saarele	SgAll
Wrangeli saar	Wrangeli saarelt	SgAbl
Wrangeli saar	Wrangeli saarena	SgEs
Wrangeli saar	Wrangeli saareni	SgTer
Wrangeli saar	Wrangeli saares	SgIn
Wrangeli saar	Wrangeli saaresse	SgIll
Wrangeli saar	Wrangeli saarest	SgEl
Wrangeli saar	Wrangeli saareta	SgAb
Wrangeli saar	Wrangeli saart	SgP
wrap	wrap	SgN
wrap	wrap'e	PlP
wrap	wrap'eks	PlTr
wrap	wrap'el	PlAd
wrap	wrap'ele	PlAll
wrap	wrap'elt	PlAbl
wrap	wrap'es	PlIn
wrap	wrap'esse	PlIll
wrap	wrap'est	PlEl
wrap	wrap'i	SgAdt
wrap	wrap'i	SgG
wrap	wrap'i	SgP
wrap	wrap'id	PlN
wrap	wrap'ide	PlG
wrap	wrap'idega	PlKom
wrap	wrap'ideks	PlTr
wrap	wrap'idel	PlAd
wrap	wrap'idele	PlAll
wrap	wrap'idelt	PlAbl
wrap	wrap'idena	PlEs
wrap	wrap'ideni	PlTer
wrap	wrap'ides	PlIn
wrap	wrap'idesse	PlIll
wrap	wrap'idest	PlEl
wrap	wrap'ideta	PlAb
wrap	wrap'iga	SgKom
wrap	wrap'iks	SgTr
wrap	wrap'il	SgAd
wrap	wrap'ile	SgAll
wrap	wrap'ilt	SgAbl
wrap	wrap'ina	SgEs
wrap	wrap'ini	SgTer
wrap	wrap'is	SgIn
wrap	wrap'isid	PlP
wrap	wrap'isse	SgIll
wrap	wrap'ist	SgEl
wrap	wrap'ita	SgAb
Ws	Ws	SgAdt
Ws	Ws	SgG
Ws	Ws	SgN
Ws	Ws-d	PlN
Ws	Ws-ga	SgKom
Ws	Ws-id	PlP
Ws	Ws-iks	PlTr
Ws	Ws-il	PlAd
Ws	Ws-ile	PlAll
Ws	Ws-ilt	PlAbl
Ws	Ws-is	PlIn
Ws	Ws-isse	PlIll
Ws	Ws-ist	PlEl
Ws	Ws-ks	SgTr
Ws	Ws-l	SgAd
Ws	Ws-le	SgAll
Ws	Ws-lt	SgAbl
Ws	Ws-na	SgEs
Ws	Ws-ni	SgTer
Ws	Ws-s	SgIn
Ws	Ws-sse	SgIll
Ws	Ws-st	SgEl
Ws	Ws-t	SgP
Ws	Ws-ta	SgAb
Ws	Ws-te	PlG
Ws	Ws-tega	PlKom
Ws	Ws-teks	PlTr
Ws	Ws-tel	PlAd
Ws	Ws-tele	PlAll
Ws	Ws-telt	PlAbl
Ws	Ws-tena	PlEs
Ws	Ws-teni	PlTer
Ws	Ws-tes	PlIn
Ws	Ws-tesse	PlIll
Ws	Ws-test	PlEl
Ws	Ws-teta	PlAb
wushu	wushu	SgAdt
wushu	wushu	SgG
wushu	wushu	SgN
wushu	wushu'd	PlN
wushu	wushu'd	SgP
wushu	wushu'de	PlG
wushu	wushu'dega	PlKom
wushu	wushu'deks	PlTr
wushu	wushu'del	PlAd
wushu	wushu'dele	PlAll
wushu	wushu'delt	PlAbl
wushu	wushu'dena	PlEs
wushu	wushu'deni	PlTer
wushu	wushu'des	PlIn
wushu	wushu'desse	PlIll
wushu	wushu'dest	PlEl
wushu	wushu'deta	PlAb
wushu	wushu'ga	SgKom
wushu	wushu'ks	SgTr
wushu	wushu'l	SgAd
wushu	wushu'le	SgAll
wushu	wushu'lt	SgAbl
wushu	wushu'na	SgEs
wushu	wushu'ni	SgTer
wushu	wushu's	SgIn
wushu	wushu'sid	PlP
wushu	wushu'sse	SgIll
wushu	wushu'st	SgEl
wushu	wushu'ta	SgAb
WWW	WWW	SgAdt
WWW	WWW	SgG
WWW	WWW	SgN
WWW	WWW-d	PlN
WWW	WWW-d	SgP
WWW	WWW-de	PlG
WWW	WWW-dega	PlKom
WWW	WWW-deks	PlTr
WWW	WWW-del	PlAd
WWW	WWW-dele	PlAll
WWW	WWW-delt	PlAbl
WWW	WWW-dena	PlEs
WWW	WWW-deni	PlTer
WWW	WWW-des	PlIn
WWW	WWW-desse	PlIll
WWW	WWW-dest	PlEl
WWW	WWW-deta	PlAb
WWW	WWW-ga	SgKom
WWW	WWW-ks	SgTr
WWW	WWW-l	SgAd
WWW	WWW-le	SgAll
WWW	WWW-lt	SgAbl
WWW	WWW-na	SgEs
WWW	WWW-ni	SgTer
WWW	WWW-s	SgIn
WWW	WWW-sid	PlP
WWW	WWW-sse	SgIll
WWW	WWW-st	SgEl
WWW	WWW-ta	SgAb
Worcester	Worcester	SgAdt
Worcester	Worcester	SgN
Worcester	Worcestereid	PlP
Worcester	Worcestereiks	PlTr
Worcester	Worcestereil	PlAd
Worcester	Worcestereile	PlAll
Worcester	Worcestereilt	PlAbl
Worcester	Worcestereis	PlIn
Worcester	Worcestereisse	PlIll
Worcester	Worcestereist	PlEl
Worcester	Worcesteri	SgG
Worcester	Worcesterid	PlN
Worcester	Worcesteriga	SgKom
Worcester	Worcesteriks	SgTr
Worcester	Worcesteril	SgAd
Worcester	Worcesterile	SgAll
Worcester	Worcesterilt	SgAbl
Worcester	Worcesterina	SgEs
Worcester	Worcesterini	SgTer
Worcester	Worcesteris	SgIn
Worcester	Worcesterisse	SgIll
Worcester	Worcesterist	SgEl
Worcester	Worcesterit	SgP
Worcester	Worcesterita	SgAb
Worcester	Worcesterite	PlG
Worcester	Worcesteritega	PlKom
Worcester	Worcesteriteks	PlTr
Worcester	Worcesteritel	PlAd
Worcester	Worcesteritele	PlAll
Worcester	Worcesteritelt	PlAbl
Worcester	Worcesteritena	PlEs
Worcester	Worcesteriteni	PlTer
Worcester	Worcesterites	PlIn
Worcester	Worcesteritesse	PlIll
Worcester	Worcesteritest	PlEl
Worcester	Worcesteriteta	PlAb
Worcester	Worchesteri	??
Washington	Washington	SgN
Washington	Washingtone	PlP
Washington	Washingtoneks	PlTr
Washington	Washingtonel	PlAd
Washington	Washingtonele	PlAll
Washington	Washingtonelt	PlAbl
Washington	Washingtones	PlIn
Washington	Washingtonesse	PlIll
Washington	Washingtonest	PlEl
Washington	Washingtoni	SgAdt
Washington	Washingtoni	SgG
Washington	Washingtoni	SgP
Washington	Washingtonid	PlN
Washington	Washingtonide	PlG
Washington	Washingtonidega	PlKom
Washington	Washingtonideks	PlTr
Washington	Washingtonidel	PlAd
Washington	Washingtonidele	PlAll
Washington	Washingtonidelt	PlAbl
Washington	Washingtonidena	PlEs
Washington	Washingtonideni	PlTer
Washington	Washingtonides	PlIn
Washington	Washingtonidesse	PlIll
Washington	Washingtonidest	PlEl
Washington	Washingtonideta	PlAb
Washington	Washingtoniga	SgKom
Washington	Washingtoniks	SgTr
Washington	Washingtonil	SgAd
Washington	Washingtonile	SgAll
Washington	Washingtonilt	SgAbl
Washington	Washingtonina	SgEs
Washington	Washingtonini	SgTer
Washington	Washingtonis	SgIn
Washington	Washingtonisse	SgIll
Washington	Washingtonist	SgEl
Washington	Washingtonita	SgAb
WHO	WHO	SgAdt
WHO	WHO	SgG
WHO	WHO	SgN
WHO	WHO-d	PlN
WHO	WHO-d	SgP
WHO	WHO-de	PlG
WHO	WHO-dega	PlKom
WHO	WHO-deks	PlTr
WHO	WHO-del	PlAd
WHO	WHO-dele	PlAll
WHO	WHO-delt	PlAbl
WHO	WHO-dena	PlEs
WHO	WHO-deni	PlTer
WHO	WHO-des	PlIn
WHO	WHO-desse	PlIll
WHO	WHO-dest	PlEl
WHO	WHO-deta	PlAb
WHO	WHO-ga	SgKom
WHO	WHO-ks	SgTr
WHO	WHO-l	SgAd
WHO	WHO-le	SgAll
WHO	WHO-lt	SgAbl
WHO	WHO-na	SgEs
WHO	WHO-ni	SgTer
WHO	WHO-s	SgIn
WHO	WHO-sid	PlP
WHO	WHO-sse	SgIll
WHO	WHO-st	SgEl
WHO	WHO-ta	SgAb
Wuhan	Wuhan	SgN
Wuhan	Wuhane	PlP
Wuhan	Wuhaneks	PlTr
Wuhan	Wuhanel	PlAd
Wuhan	Wuhanele	PlAll
Wuhan	Wuhanelt	PlAbl
Wuhan	Wuhanes	PlIn
Wuhan	Wuhanesse	PlIll
Wuhan	Wuhanest	PlEl
Wuhan	Wuhani	SgAdt
Wuhan	Wuhani	SgG
Wuhan	Wuhani	SgP
Wuhan	Wuhanid	PlN
Wuhan	Wuhanide	PlG
Wuhan	Wuhanidega	PlKom
Wuhan	Wuhanideks	PlTr
Wuhan	Wuhanidel	PlAd
Wuhan	Wuhanidele	PlAll
Wuhan	Wuhanidelt	PlAbl
Wuhan	Wuhanidena	PlEs
Wuhan	Wuhanideni	PlTer
Wuhan	Wuhanides	PlIn
Wuhan	Wuhanidesse	PlIll
Wuhan	Wuhanidest	PlEl
Wuhan	Wuhanideta	PlAb
Wuhan	Wuhaniga	SgKom
Wuhan	Wuhaniks	SgTr
Wuhan	Wuhanil	SgAd
Wuhan	Wuhanile	SgAll
Wuhan	Wuhanilt	SgAbl
Wuhan	Wuhanina	SgEs
Wuhan	Wuhanini	SgTer
Wuhan	Wuhanis	SgIn
Wuhan	Wuhanisid	PlP
Wuhan	Wuhanisse	SgIll
Wuhan	Wuhanist	SgEl
Wuhan	Wuhanita	SgAb
wunderkind	wunderkind	SgN
wunderkind	wunderkind'e	PlP
wunderkind	wunderkind'eks	PlTr
wunderkind	wunderkind'el	PlAd
wunderkind	wunderkind'ele	PlAll
wunderkind	wunderkind'elt	PlAbl
wunderkind	wunderkind'es	PlIn
wunderkind	wunderkind'esse	PlIll
wunderkind	wunderkind'est	PlEl
wunderkind	wunderkind'i	SgAdt
wunderkind	wunderkind'i	SgG
wunderkind	wunderkind'i	SgP
wunderkind	wunderkind'id	PlN
wunderkind	wunderkind'ide	PlG
wunderkind	wunderkind'idega	PlKom
wunderkind	wunderkind'ideks	PlTr
wunderkind	wunderkind'idel	PlAd
wunderkind	wunderkind'idele	PlAll
wunderkind	wunderkind'idelt	PlAbl
wunderkind	wunderkind'idena	PlEs
wunderkind	wunderkind'ideni	PlTer
wunderkind	wunderkind'ides	PlIn
wunderkind	wunderkind'idesse	PlIll
wunderkind	wunderkind'idest	PlEl
wunderkind	wunderkind'ideta	PlAb
wunderkind	wunderkind'iga	SgKom
wunderkind	wunderkind'iks	SgTr
wunderkind	wunderkind'il	SgAd
wunderkind	wunderkind'ile	SgAll
wunderkind	wunderkind'ilt	SgAbl
wunderkind	wunderkind'ina	SgEs
wunderkind	wunderkind'ini	SgTer
wunderkind	wunderkind'is	SgIn
wunderkind	wunderkind'isid	PlP
wunderkind	wunderkind'isse	SgIll
wunderkind	wunderkind'ist	SgEl
wunderkind	wunderkind'ita	SgAb
Wallis ja Futuna	-	SgAdt
Wallis ja Futuna	Wallis ja Futuna	SgG
Wallis ja Futuna	Wallis ja Futuna	SgN
Wallis ja Futuna	Wallis ja Futunad	PlN
Wallis ja Futuna	Wallis ja Futunaga	SgKom
Wallis ja Futuna	Wallis ja Futunaid	PlP
Wallis ja Futuna	Wallis ja Futunaiks	PlTr
Wallis ja Futuna	Wallis ja Futunail	PlAd
Wallis ja Futuna	Wallis ja Futunaile	PlAll
Wallis ja Futuna	Wallis ja Futunailt	PlAbl
Wallis ja Futuna	Wallis ja Futunais	PlIn
Wallis ja Futuna	Wallis ja Futunaisse	PlIll
Wallis ja Futuna	Wallis ja Futunaist	PlEl
Wallis ja Futuna	Wallis ja Futunaks	SgTr
Wallis ja Futuna	Wallis ja Futunal	SgAd
Wallis ja Futuna	Wallis ja Futunale	SgAll
Wallis ja Futuna	Wallis ja Futunalt	SgAbl
Wallis ja Futuna	Wallis ja Futunana	SgEs
Wallis ja Futuna	Wallis ja Futunani	SgTer
Wallis ja Futuna	Wallis ja Futunas	SgIn
Wallis ja Futuna	Wallis ja Futunasse	SgIll
Wallis ja Futuna	Wallis ja Futunast	SgEl
Wallis ja Futuna	Wallis ja Futunat	SgP
Wallis ja Futuna	Wallis ja Futunata	SgAb
Wallis ja Futuna	Wallis ja Futunate	PlG
Wallis ja Futuna	Wallis ja Futunatega	PlKom
Wallis ja Futuna	Wallis ja Futunateks	PlTr
Wallis ja Futuna	Wallis ja Futunatel	PlAd
Wallis ja Futuna	Wallis ja Futunatele	PlAll
Wallis ja Futuna	Wallis ja Futunatelt	PlAbl
Wallis ja Futuna	Wallis ja Futunatena	PlEs
Wallis ja Futuna	Wallis ja Futunateni	PlTer
Wallis ja Futuna	Wallis ja Futunates	PlIn
Wallis ja Futuna	Wallis ja Futunatesse	PlIll
Wallis ja Futuna	Wallis ja Futunatest	PlEl
Wallis ja Futuna	Wallis ja Futunateta	PlAb
Wallis ja Futuna	Wallise ja Futuna	SgG
Wallis ja Futuna	Wallise ja Futunaga	SgKom
Wallis ja Futuna	Wallise ja Futunana	SgEs
Wallis ja Futuna	Wallise ja Futunani	SgTer
Wallis ja Futuna	Wallise ja Futunata	SgAb
Wallis ja Futuna	Wallised ja Futunad	PlN
Wallis ja Futuna	Walliseid ja Futunaid	PlP
Wallis ja Futuna	Walliseks ja Futunaks	SgTr
Wallis ja Futuna	Wallisel ja Futunal	SgAd
Wallis ja Futuna	Wallisele ja Futunale	SgAll
Wallis ja Futuna	Walliselt ja Futunalt	SgAbl
Wallis ja Futuna	Wallises ja Futunas	SgIn
Wallis ja Futuna	Wallisesse ja Futunasse	SgIll
Wallis ja Futuna	Wallisest ja Futunast	SgEl
Wallis ja Futuna	Wallist ja Futunat	SgP
Wallis ja Futuna	Walliste ja Futunate	PlG
Wallis ja Futuna	Walliste ja Futunatega	PlKom
Wallis ja Futuna	Walliste ja Futunatena	PlEs
Wallis ja Futuna	Walliste ja Futunateni	PlTer
Wallis ja Futuna	Walliste ja Futunateta	PlAb
Wallis ja Futuna	Wallisteks ja Futunateks	PlTr
Wallis ja Futuna	Wallistel ja Futunatel	PlAd
Wallis ja Futuna	Wallistele ja Futunatele	PlAll
Wallis ja Futuna	Wallistelt ja Futunatelt	PlAbl
Wallis ja Futuna	Wallistes ja Futunates	PlIn
Wallis ja Futuna	Wallistesse ja Futunatesse	PlIll
Wallis ja Futuna	Wallistest ja Futunatest	PlEl
wellness	wellness	SgN
wellness	wellness'e	PlP
wellness	wellness'eks	PlTr
wellness	wellness'el	PlAd
wellness	wellness'ele	PlAll
wellness	wellness'elt	PlAbl
wellness	wellness'es	PlIn
wellness	wellness'esse	PlIll
wellness	wellness'est	PlEl
wellness	wellness'i	SgAdt
wellness	wellness'i	SgG
wellness	wellness'i	SgP
wellness	wellness'id	PlN
wellness	wellness'ide	PlG
wellness	wellness'idega	PlKom
wellness	wellness'ideks	PlTr
wellness	wellness'idel	PlAd
wellness	wellness'idele	PlAll
wellness	wellness'idelt	PlAbl
wellness	wellness'idena	PlEs
wellness	wellness'ideni	PlTer
wellness	wellness'ides	PlIn
wellness	wellness'idesse	PlIll
wellness	wellness'idest	PlEl
wellness	wellness'ideta	PlAb
wellness	wellness'iga	SgKom
wellness	wellness'iks	SgTr
wellness	wellness'il	SgAd
wellness	wellness'ile	SgAll
wellness	wellness'ilt	SgAbl
wellness	wellness'ina	SgEs
wellness	wellness'ini	SgTer
wellness	wellness'is	SgIn
wellness	wellness'isid	PlP
wellness	wellness'isse	SgIll
wellness	wellness'ist	SgEl
wellness	wellness'ita	SgAb
wakame	wakame	SgAdt
wakame	wakame	SgG
wakame	wakame	SgN
wakame	wakame'd	PlN
wakame	wakame'ga	SgKom
wakame	wakame'id	PlP
wakame	wakame'iks	PlTr
wakame	wakame'il	PlAd
wakame	wakame'ile	PlAll
wakame	wakame'ilt	PlAbl
wakame	wakame'is	PlIn
wakame	wakame'isse	PlIll
wakame	wakame'ist	PlEl
wakame	wakame'ks	SgTr
wakame	wakame'l	SgAd
wakame	wakame'le	SgAll
wakame	wakame'lt	SgAbl
wakame	wakame'na	SgEs
wakame	wakame'ni	SgTer
wakame	wakame's	SgIn
wakame	wakame'sse	SgIll
wakame	wakame'st	SgEl
wakame	wakame't	SgP
wakame	wakame'ta	SgAb
wakame	wakame'te	PlG
wakame	wakame'tega	PlKom
wakame	wakame'teks	PlTr
wakame	wakame'tel	PlAd
wakame	wakame'tele	PlAll
wakame	wakame'telt	PlAbl
wakame	wakame'tena	PlEs
wakame	wakame'teni	PlTer
wakame	wakame'tes	PlIn
wakame	wakame'tesse	PlIll
wakame	wakame'test	PlEl
wakame	wakame'teta	PlAb
Wiesbaden	Wiesbaden	SgAdt
Wiesbaden	Wiesbaden	SgN
Wiesbaden	Wiesbadeneid	PlP
Wiesbaden	Wiesbadeneiks	PlTr
Wiesbaden	Wiesbadeneil	PlAd
Wiesbaden	Wiesbadeneile	PlAll
Wiesbaden	Wiesbadeneilt	PlAbl
Wiesbaden	Wiesbadeneis	PlIn
Wiesbaden	Wiesbadeneisse	PlIll
Wiesbaden	Wiesbadeneist	PlEl
Wiesbaden	Wiesbadeni	SgG
Wiesbaden	Wiesbadenid	PlN
Wiesbaden	Wiesbadeniga	SgKom
Wiesbaden	Wiesbadeniks	SgTr
Wiesbaden	Wiesbadenil	SgAd
Wiesbaden	Wiesbadenile	SgAll
Wiesbaden	Wiesbadenilt	SgAbl
Wiesbaden	Wiesbadenina	SgEs
Wiesbaden	Wiesbadenini	SgTer
Wiesbaden	Wiesbadenis	SgIn
Wiesbaden	Wiesbadenisse	SgIll
Wiesbaden	Wiesbadenist	SgEl
Wiesbaden	Wiesbadenit	SgP
Wiesbaden	Wiesbadenita	SgAb
Wiesbaden	Wiesbadenite	PlG
Wiesbaden	Wiesbadenitega	PlKom
Wiesbaden	Wiesbadeniteks	PlTr
Wiesbaden	Wiesbadenitel	PlAd
Wiesbaden	Wiesbadenitele	PlAll
Wiesbaden	Wiesbadenitelt	PlAbl
Wiesbaden	Wiesbadenitena	PlEs
Wiesbaden	Wiesbadeniteni	PlTer
Wiesbaden	Wiesbadenites	PlIn
Wiesbaden	Wiesbadenitesse	PlIll
Wiesbaden	Wiesbadenitest	PlEl
Wiesbaden	Wiesbadeniteta	PlAb
Würzburg	Würzburg	SgN
Würzburg	Würzburge	PlP
Würzburg	Würzburgeks	PlTr
Würzburg	Würzburgel	PlAd
Würzburg	Würzburgele	PlAll
Würzburg	Würzburgelt	PlAbl
Würzburg	Würzburges	PlIn
Würzburg	Würzburgesse	PlIll
Würzburg	Würzburgest	PlEl
Würzburg	Würzburgi	SgAdt
Würzburg	Würzburgi	SgG
Würzburg	Würzburgi	SgP
Würzburg	Würzburgid	PlN
Würzburg	Würzburgide	PlG
Würzburg	Würzburgidega	PlKom
Würzburg	Würzburgideks	PlTr
Würzburg	Würzburgidel	PlAd
Würzburg	Würzburgidele	PlAll
Würzburg	Würzburgidelt	PlAbl
Würzburg	Würzburgidena	PlEs
Würzburg	Würzburgideni	PlTer
Würzburg	Würzburgides	PlIn
Würzburg	Würzburgidesse	PlIll
Würzburg	Würzburgidest	PlEl
Würzburg	Würzburgideta	PlAb
Würzburg	Würzburgiga	SgKom
Würzburg	Würzburgiks	SgTr
Würzburg	Würzburgil	SgAd
Würzburg	Würzburgile	SgAll
Würzburg	Würzburgilt	SgAbl
Würzburg	Würzburgina	SgEs
Würzburg	Würzburgini	SgTer
Würzburg	Würzburgis	SgIn
Würzburg	Würzburgisid	PlP
Würzburg	Würzburgisse	SgIll
Würzburg	Würzburgist	SgEl
Würzburg	Würzburgita	SgAb
Warnemünde	Warnemünde	SgAdt
Warnemünde	Warnemünde	SgG
Warnemünde	Warnemünde	SgN
Warnemünde	Warnemünded	PlN
Warnemünde	Warnemündede	PlG
Warnemünde	Warnemündedega	PlKom
Warnemünde	Warnemündedeks	PlTr
Warnemünde	Warnemündedel	PlAd
Warnemünde	Warnemündedele	PlAll
Warnemünde	Warnemündedelt	PlAbl
Warnemünde	Warnemündedena	PlEs
Warnemünde	Warnemündedeni	PlTer
Warnemünde	Warnemündedes	PlIn
Warnemünde	Warnemündedesse	PlIll
Warnemünde	Warnemündedest	PlEl
Warnemünde	Warnemündedeta	PlAb
Warnemünde	Warnemündega	SgKom
Warnemünde	Warnemündeks	SgTr
Warnemünde	Warnemündel	SgAd
Warnemünde	Warnemündele	SgAll
Warnemünde	Warnemündelt	SgAbl
Warnemünde	Warnemündena	SgEs
Warnemünde	Warnemündeni	SgTer
Warnemünde	Warnemündes	SgIn
Warnemünde	Warnemündesid	PlP
Warnemünde	Warnemündesse	SgIll
Warnemünde	Warnemündest	SgEl
Warnemünde	Warnemündet	SgP
Warnemünde	Warnemündeta	SgAb
Weimar	Weimar	SgAdt
Weimar	Weimar	SgN
Weimar	Weimareid	PlP
Weimar	Weimareiks	PlTr
Weimar	Weimareil	PlAd
Weimar	Weimareile	PlAll
Weimar	Weimareilt	PlAbl
Weimar	Weimareis	PlIn
Weimar	Weimareisse	PlIll
Weimar	Weimareist	PlEl
Weimar	Weimari	SgG
Weimar	Weimarid	PlN
Weimar	Weimariga	SgKom
Weimar	Weimariks	SgTr
Weimar	Weimaril	SgAd
Weimar	Weimarile	SgAll
Weimar	Weimarilt	SgAbl
Weimar	Weimarina	SgEs
Weimar	Weimarini	SgTer
Weimar	Weimaris	SgIn
Weimar	Weimarisse	SgIll
Weimar	Weimarist	SgEl
Weimar	Weimarit	SgP
Weimar	Weimarita	SgAb
Weimar	Weimarite	PlG
Weimar	Weimaritega	PlKom
Weimar	Weimariteks	PlTr
Weimar	Weimaritel	PlAd
Weimar	Weimaritele	PlAll
Weimar	Weimaritelt	PlAbl
Weimar	Weimaritena	PlEs
Weimar	Weimariteni	PlTer
Weimar	Weimarites	PlIn
Weimar	Weimaritesse	PlIll
Weimar	Weimaritest	PlEl
Weimar	Weimariteta	PlAb
Weser	Weser	SgAdt
Weser	Weser	SgN
Weser	Wesereid	PlP
Weser	Wesereiks	PlTr
Weser	Wesereil	PlAd
Weser	Wesereile	PlAll
Weser	Wesereilt	PlAbl
Weser	Wesereis	PlIn
Weser	Wesereisse	PlIll
Weser	Wesereist	PlEl
Weser	Weseri	SgG
Weser	Weserid	PlN
Weser	Weseriga	SgKom
Weser	Weseriks	SgTr
Weser	Weseril	SgAd
Weser	Weserile	SgAll
Weser	Weserilt	SgAbl
Weser	Weserina	SgEs
Weser	Weserini	SgTer
Weser	Weseris	SgIn
Weser	Weserisse	SgIll
Weser	Weserist	SgEl
Weser	Weserit	SgP
Weser	Weserita	SgAb
Weser	Weserite	PlG
Weser	Weseritega	PlKom
Weser	Weseriteks	PlTr
Weser	Weseritel	PlAd
Weser	Weseritele	PlAll
Weser	Weseritelt	PlAbl
Weser	Weseritena	PlEs
Weser	Weseriteni	PlTer
Weser	Weserites	PlIn
Weser	Weseritesse	PlIll
Weser	Weseritest	PlEl
Weser	Weseriteta	PlAb
Westfalen	Westfalen	SgAdt
Westfalen	Westfalen	SgN
Westfalen	Westfaleneid	PlP
Westfalen	Westfaleneiks	PlTr
Westfalen	Westfaleneil	PlAd
Westfalen	Westfaleneile	PlAll
Westfalen	Westfaleneilt	PlAbl
Westfalen	Westfaleneis	PlIn
Westfalen	Westfaleneisse	PlIll
Westfalen	Westfaleneist	PlEl
Westfalen	Westfaleni	SgG
Westfalen	Westfalenid	PlN
Westfalen	Westfaleniga	SgKom
Westfalen	Westfaleniks	SgTr
Westfalen	Westfalenil	SgAd
Westfalen	Westfalenile	SgAll
Westfalen	Westfalenilt	SgAbl
Westfalen	Westfalenina	SgEs
Westfalen	Westfalenini	SgTer
Westfalen	Westfalenis	SgIn
Westfalen	Westfalenisse	SgIll
Westfalen	Westfalenist	SgEl
Westfalen	Westfalenit	SgP
Westfalen	Westfalenita	SgAb
Westfalen	Westfalenite	PlG
Westfalen	Westfalenitega	PlKom
Westfalen	Westfaleniteks	PlTr
Westfalen	Westfalenitel	PlAd
Westfalen	Westfalenitele	PlAll
Westfalen	Westfalenitelt	PlAbl
Westfalen	Westfalenitena	PlEs
Westfalen	Westfaleniteni	PlTer
Westfalen	Westfalenites	PlIn
Westfalen	Westfalenitesse	PlIll
Westfalen	Westfalenitest	PlEl
Westfalen	Westfaleniteta	PlAb
Wilhelmshaven	Wilhelmshaven	SgAdt
Wilhelmshaven	Wilhelmshaven	SgN
Wilhelmshaven	Wilhelmshaveneid	PlP
Wilhelmshaven	Wilhelmshaveneiks	PlTr
Wilhelmshaven	Wilhelmshaveneil	PlAd
Wilhelmshaven	Wilhelmshaveneile	PlAll
Wilhelmshaven	Wilhelmshaveneilt	PlAbl
Wilhelmshaven	Wilhelmshaveneis	PlIn
Wilhelmshaven	Wilhelmshaveneisse	PlIll
Wilhelmshaven	Wilhelmshaveneist	PlEl
Wilhelmshaven	Wilhelmshaveni	SgG
Wilhelmshaven	Wilhelmshavenid	PlN
Wilhelmshaven	Wilhelmshaveniga	SgKom
Wilhelmshaven	Wilhelmshaveniks	SgTr
Wilhelmshaven	Wilhelmshavenil	SgAd
Wilhelmshaven	Wilhelmshavenile	SgAll
Wilhelmshaven	Wilhelmshavenilt	SgAbl
Wilhelmshaven	Wilhelmshavenina	SgEs
Wilhelmshaven	Wilhelmshavenini	SgTer
Wilhelmshaven	Wilhelmshavenis	SgIn
Wilhelmshaven	Wilhelmshavenisse	SgIll
Wilhelmshaven	Wilhelmshavenist	SgEl
Wilhelmshaven	Wilhelmshavenit	SgP
Wilhelmshaven	Wilhelmshavenita	SgAb
Wilhelmshaven	Wilhelmshavenite	PlG
Wilhelmshaven	Wilhelmshavenitega	PlKom
Wilhelmshaven	Wilhelmshaveniteks	PlTr
Wilhelmshaven	Wilhelmshavenitel	PlAd
Wilhelmshaven	Wilhelmshavenitele	PlAll
Wilhelmshaven	Wilhelmshavenitelt	PlAbl
Wilhelmshaven	Wilhelmshavenitena	PlEs
Wilhelmshaven	Wilhelmshaveniteni	PlTer
Wilhelmshaven	Wilhelmshavenites	PlIn
Wilhelmshaven	Wilhelmshavenitesse	PlIll
Wilhelmshaven	Wilhelmshavenitest	PlEl
Wilhelmshaven	Wilhelmshaveniteta	PlAb
Wismar	Wismar	SgAdt
Wismar	Wismar	SgN
Wismar	Wismareid	PlP
Wismar	Wismareiks	PlTr
Wismar	Wismareil	PlAd
Wismar	Wismareile	PlAll
Wismar	Wismareilt	PlAbl
Wismar	Wismareis	PlIn
Wismar	Wismareisse	PlIll
Wismar	Wismareist	PlEl
Wismar	Wismari	SgG
Wismar	Wismarid	PlN
Wismar	Wismariga	SgKom
Wismar	Wismariks	SgTr
Wismar	Wismaril	SgAd
Wismar	Wismarile	SgAll
Wismar	Wismarilt	SgAbl
Wismar	Wismarina	SgEs
Wismar	Wismarini	SgTer
Wismar	Wismaris	SgIn
Wismar	Wismarisse	SgIll
Wismar	Wismarist	SgEl
Wismar	Wismarit	SgP
Wismar	Wismarita	SgAb
Wismar	Wismarite	PlG
Wismar	Wismaritega	PlKom
Wismar	Wismariteks	PlTr
Wismar	Wismaritel	PlAd
Wismar	Wismaritele	PlAll
Wismar	Wismaritelt	PlAbl
Wismar	Wismaritena	PlEs
Wismar	Wismariteni	PlTer
Wismar	Wismarites	PlIn
Wismar	Wismaritesse	PlIll
Wismar	Wismaritest	PlEl
Wismar	Wismariteta	PlAb
Wittenberg	Wittenberg	SgN
Wittenberg	Wittenberge	PlP
Wittenberg	Wittenbergeks	PlTr
Wittenberg	Wittenbergel	PlAd
Wittenberg	Wittenbergele	PlAll
Wittenberg	Wittenbergelt	PlAbl
Wittenberg	Wittenberges	PlIn
Wittenberg	Wittenbergesse	PlIll
Wittenberg	Wittenbergest	PlEl
Wittenberg	Wittenbergi	SgAdt
Wittenberg	Wittenbergi	SgG
Wittenberg	Wittenbergi	SgP
Wittenberg	Wittenbergid	PlN
Wittenberg	Wittenbergide	PlG
Wittenberg	Wittenbergidega	PlKom
Wittenberg	Wittenbergideks	PlTr
Wittenberg	Wittenbergidel	PlAd
Wittenberg	Wittenbergidele	PlAll
Wittenberg	Wittenbergidelt	PlAbl
Wittenberg	Wittenbergidena	PlEs
Wittenberg	Wittenbergideni	PlTer
Wittenberg	Wittenbergides	PlIn
Wittenberg	Wittenbergidesse	PlIll
Wittenberg	Wittenbergidest	PlEl
Wittenberg	Wittenbergideta	PlAb
Wittenberg	Wittenbergiga	SgKom
Wittenberg	Wittenbergiks	SgTr
Wittenberg	Wittenbergil	SgAd
Wittenberg	Wittenbergile	SgAll
Wittenberg	Wittenbergilt	SgAbl
Wittenberg	Wittenbergina	SgEs
Wittenberg	Wittenbergini	SgTer
Wittenberg	Wittenbergis	SgIn
Wittenberg	Wittenbergisid	PlP
Wittenberg	Wittenbergisse	SgIll
Wittenberg	Wittenbergist	SgEl
Wittenberg	Wittenbergita	SgAb
Worms	Worms	SgN
Worms	Wormse	PlP
Worms	Wormseks	PlTr
Worms	Wormsel	PlAd
Worms	Wormsele	PlAll
Worms	Wormselt	PlAbl
Worms	Wormses	PlIn
Worms	Wormsesse	PlIll
Worms	Wormsest	PlEl
Worms	Wormsi	SgAdt
Worms	Wormsi	SgG
Worms	Wormsi	SgP
Worms	Wormsid	PlN
Worms	Wormside	PlG
Worms	Wormsidega	PlKom
Worms	Wormsideks	PlTr
Worms	Wormsidel	PlAd
Worms	Wormsidele	PlAll
Worms	Wormsidelt	PlAbl
Worms	Wormsidena	PlEs
Worms	Wormsideni	PlTer
Worms	Wormsides	PlIn
Worms	Wormsidesse	PlIll
Worms	Wormsidest	PlEl
Worms	Wormsideta	PlAb
Worms	Wormsiga	SgKom
Worms	Wormsiks	SgTr
Worms	Wormsil	SgAd
Worms	Wormsile	SgAll
Worms	Wormsilt	SgAbl
Worms	Wormsina	SgEs
Worms	Wormsini	SgTer
Worms	Wormsis	SgIn
Worms	Wormsisid	PlP
Worms	Wormsisse	SgIll
Worms	Wormsist	SgEl
Worms	Wormsita	SgAb
Wuppertal	Wuppertal	SgN
Wuppertal	Wuppertale	PlP
Wuppertal	Wuppertaleks	PlTr
Wuppertal	Wuppertalel	PlAd
Wuppertal	Wuppertalele	PlAll
Wuppertal	Wuppertalelt	PlAbl
Wuppertal	Wuppertales	PlIn
Wuppertal	Wuppertalesse	PlIll
Wuppertal	Wuppertalest	PlEl
Wuppertal	Wuppertali	SgAdt
Wuppertal	Wuppertali	SgG
Wuppertal	Wuppertali	SgP
Wuppertal	Wuppertalid	PlN
Wuppertal	Wuppertalide	PlG
Wuppertal	Wuppertalidega	PlKom
Wuppertal	Wuppertalideks	PlTr
Wuppertal	Wuppertalidel	PlAd
Wuppertal	Wuppertalidele	PlAll
Wuppertal	Wuppertalidelt	PlAbl
Wuppertal	Wuppertalidena	PlEs
Wuppertal	Wuppertalideni	PlTer
Wuppertal	Wuppertalides	PlIn
Wuppertal	Wuppertalidesse	PlIll
Wuppertal	Wuppertalidest	PlEl
Wuppertal	Wuppertalideta	PlAb
Wuppertal	Wuppertaliga	SgKom
Wuppertal	Wuppertaliks	SgTr
Wuppertal	Wuppertalil	SgAd
Wuppertal	Wuppertalile	SgAll
Wuppertal	Wuppertalilt	SgAbl
Wuppertal	Wuppertalina	SgEs
Wuppertal	Wuppertalini	SgTer
Wuppertal	Wuppertalis	SgIn
Wuppertal	Wuppertalisid	PlP
Wuppertal	Wuppertalisse	SgIll
Wuppertal	Wuppertalist	SgEl
Wuppertal	Wuppertalita	SgAb
Württemberg	Württemberg	SgN
Württemberg	Württemberge	PlP
Württemberg	Württembergeks	PlTr
Württemberg	Württembergel	PlAd
Württemberg	Württembergele	PlAll
Württemberg	Württembergelt	PlAbl
Württemberg	Württemberges	PlIn
Württemberg	Württembergesse	PlIll
Württemberg	Württembergest	PlEl
Württemberg	Württembergi	SgAdt
Württemberg	Württembergi	SgG
Württemberg	Württembergi	SgP
Württemberg	Württembergid	PlN
Württemberg	Württembergide	PlG
Württemberg	Württembergidega	PlKom
Württemberg	Württembergideks	PlTr
Württemberg	Württembergidel	PlAd
Württemberg	Württembergidele	PlAll
Württemberg	Württembergidelt	PlAbl
Württemberg	Württembergidena	PlEs
Württemberg	Württembergideni	PlTer
Württemberg	Württembergides	PlIn
Württemberg	Württembergidesse	PlIll
Württemberg	Württembergidest	PlEl
Württemberg	Württembergideta	PlAb
Württemberg	Württembergiga	SgKom
Württemberg	Württembergiks	SgTr
Württemberg	Württembergil	SgAd
Württemberg	Württembergile	SgAll
Württemberg	Württembergilt	SgAbl
Württemberg	Württembergina	SgEs
Württemberg	Württembergini	SgTer
Württemberg	Württembergis	SgIn
Württemberg	Württembergisid	PlP
Württemberg	Württembergisse	SgIll
Württemberg	Württembergist	SgEl
Württemberg	Württembergita	SgAb
Weimari vabariik	Weimari vabariigeks	PlTr
Weimari vabariik	Weimari vabariigel	PlAd
Weimari vabariik	Weimari vabariigele	PlAll
Weimari vabariik	Weimari vabariigelt	PlAbl
Weimari vabariik	Weimari vabariiges	PlIn
Weimari vabariik	Weimari vabariigesse	PlIll
Weimari vabariik	Weimari vabariigest	PlEl
Weimari vabariik	Weimari vabariigi	SgG
Weimari vabariik	Weimari vabariigid	PlN
Weimari vabariik	Weimari vabariigiga	SgKom
Weimari vabariik	Weimari vabariigiks	SgTr
Weimari vabariik	Weimari vabariigil	SgAd
Weimari vabariik	Weimari vabariigile	SgAll
Weimari vabariik	Weimari vabariigilt	SgAbl
Weimari vabariik	Weimari vabariigina	SgEs
Weimari vabariik	Weimari vabariigini	SgTer
Weimari vabariik	Weimari vabariigis	SgIn
Weimari vabariik	Weimari vabariigisse	SgIll
Weimari vabariik	Weimari vabariigist	SgEl
Weimari vabariik	Weimari vabariigita	SgAb
Weimari vabariik	Weimari vabariik	SgN
Weimari vabariik	Weimari vabariike	PlP
Weimari vabariik	Weimari vabariiki	SgAdt
Weimari vabariik	Weimari vabariiki	SgP
Weimari vabariik	Weimari vabariikide	PlG
Weimari vabariik	Weimari vabariikidega	PlKom
Weimari vabariik	Weimari vabariikideks	PlTr
Weimari vabariik	Weimari vabariikidel	PlAd
Weimari vabariik	Weimari vabariikidele	PlAll
Weimari vabariik	Weimari vabariikidelt	PlAbl
Weimari vabariik	Weimari vabariikidena	PlEs
Weimari vabariik	Weimari vabariikideni	PlTer
Weimari vabariik	Weimari vabariikides	PlIn
Weimari vabariik	Weimari vabariikidesse	PlIll
Weimari vabariik	Weimari vabariikidest	PlEl
Weimari vabariik	Weimari vabariikideta	PlAb
Weimari vabariik	Weimari vabariikisid	PlP
WTO	WTO	SgAdt
WTO	WTO	SgG
WTO	WTO	SgN
WTO	WTO-d	PlN
WTO	WTO-d	SgP
WTO	WTO-de	PlG
WTO	WTO-dega	PlKom
WTO	WTO-deks	PlTr
WTO	WTO-del	PlAd
WTO	WTO-dele	PlAll
WTO	WTO-delt	PlAbl
WTO	WTO-dena	PlEs
WTO	WTO-deni	PlTer
WTO	WTO-des	PlIn
WTO	WTO-desse	PlIll
WTO	WTO-dest	PlEl
WTO	WTO-deta	PlAb
WTO	WTO-ga	SgKom
WTO	WTO-ks	SgTr
WTO	WTO-l	SgAd
WTO	WTO-le	SgAll
WTO	WTO-lt	SgAbl
WTO	WTO-na	SgEs
WTO	WTO-ni	SgTer
WTO	WTO-s	SgIn
WTO	WTO-sid	PlP
WTO	WTO-sse	SgIll
WTO	WTO-st	SgEl
WTO	WTO-ta	SgAb
Windhoek	Windhoek	SgN
Windhoek	Windhoeke	PlP
Windhoek	Windhoekeks	PlTr
Windhoek	Windhoekel	PlAd
Windhoek	Windhoekele	PlAll
Windhoek	Windhoekelt	PlAbl
Windhoek	Windhoekes	PlIn
Windhoek	Windhoekesse	PlIll
Windhoek	Windhoekest	PlEl
Windhoek	Windhoeki	SgAdt
Windhoek	Windhoeki	SgG
Windhoek	Windhoeki	SgP
Windhoek	Windhoekid	PlN
Windhoek	Windhoekide	PlG
Windhoek	Windhoekidega	PlKom
Windhoek	Windhoekideks	PlTr
Windhoek	Windhoekidel	PlAd
Windhoek	Windhoekidele	PlAll
Windhoek	Windhoekidelt	PlAbl
Windhoek	Windhoekidena	PlEs
Windhoek	Windhoekideni	PlTer
Windhoek	Windhoekides	PlIn
Windhoek	Windhoekidesse	PlIll
Windhoek	Windhoekidest	PlEl
Windhoek	Windhoekideta	PlAb
Windhoek	Windhoekiga	SgKom
Windhoek	Windhoekiks	SgTr
Windhoek	Windhoekil	SgAd
Windhoek	Windhoekile	SgAll
Windhoek	Windhoekilt	SgAbl
Windhoek	Windhoekina	SgEs
Windhoek	Windhoekini	SgTer
Windhoek	Windhoekis	SgIn
Windhoek	Windhoekisid	PlP
Windhoek	Windhoekisse	SgIll
Windhoek	Windhoekist	SgEl
Windhoek	Windhoekita	SgAb
West Island	West Island	SgAdt
West Island	West Island	SgN
West Island	West Islandeid	PlP
West Island	West Islandeiks	PlTr
West Island	West Islandeil	PlAd
West Island	West Islandeile	PlAll
West Island	West Islandeilt	PlAbl
West Island	West Islandeis	PlIn
West Island	West Islandeisse	PlIll
West Island	West Islandeist	PlEl
West Island	West Islandi	SgG
West Island	West Islandid	PlN
West Island	West Islandiga	SgKom
West Island	West Islandiks	SgTr
West Island	West Islandil	SgAd
West Island	West Islandile	SgAll
West Island	West Islandilt	SgAbl
West Island	West Islandina	SgEs
West Island	West Islandini	SgTer
West Island	West Islandis	SgIn
West Island	West Islandisse	SgIll
West Island	West Islandist	SgEl
West Island	West Islandit	SgP
West Island	West Islandita	SgAb
West Island	West Islandite	PlG
West Island	West Islanditega	PlKom
West Island	West Islanditeks	PlTr
West Island	West Islanditel	PlAd
West Island	West Islanditele	PlAll
West Island	West Islanditelt	PlAbl
West Island	West Islanditena	PlEs
West Island	West Islanditeni	PlTer
West Island	West Islandites	PlIn
West Island	West Islanditesse	PlIll
West Island	West Islanditest	PlEl
West Island	West Islanditeta	PlAb
Wellington	Wellington	SgN
Wellington	Wellingtone	PlP
Wellington	Wellingtoneks	PlTr
Wellington	Wellingtonel	PlAd
Wellington	Wellingtonele	PlAll
Wellington	Wellingtonelt	PlAbl
Wellington	Wellingtones	PlIn
Wellington	Wellingtonesse	PlIll
Wellington	Wellingtonest	PlEl
Wellington	Wellingtoni	SgAdt
Wellington	Wellingtoni	SgG
Wellington	Wellingtoni	SgP
Wellington	Wellingtonid	PlN
Wellington	Wellingtonide	PlG
Wellington	Wellingtonidega	PlKom
Wellington	Wellingtonideks	PlTr
Wellington	Wellingtonidel	PlAd
Wellington	Wellingtonidele	PlAll
Wellington	Wellingtonidelt	PlAbl
Wellington	Wellingtonidena	PlEs
Wellington	Wellingtonideni	PlTer
Wellington	Wellingtonides	PlIn
Wellington	Wellingtonidesse	PlIll
Wellington	Wellingtonidest	PlEl
Wellington	Wellingtonideta	PlAb
Wellington	Wellingtoniga	SgKom
Wellington	Wellingtoniks	SgTr
Wellington	Wellingtonil	SgAd
Wellington	Wellingtonile	SgAll
Wellington	Wellingtonilt	SgAbl
Wellington	Wellingtonina	SgEs
Wellington	Wellingtonini	SgTer
Wellington	Wellingtonis	SgIn
Wellington	Wellingtonisse	SgIll
Wellington	Wellingtonist	SgEl
Wellington	Wellingtonita	SgAb
Willemstad	Willemstad	SgN
Willemstad	Willemstade	PlP
Willemstad	Willemstadeks	PlTr
Willemstad	Willemstadel	PlAd
Willemstad	Willemstadele	PlAll
Willemstad	Willemstadelt	PlAbl
Willemstad	Willemstades	PlIn
Willemstad	Willemstadesse	PlIll
Willemstad	Willemstadest	PlEl
Willemstad	Willemstadi	SgAdt
Willemstad	Willemstadi	SgG
Willemstad	Willemstadi	SgP
Willemstad	Willemstadid	PlN
Willemstad	Willemstadide	PlG
Willemstad	Willemstadidega	PlKom
Willemstad	Willemstadideks	PlTr
Willemstad	Willemstadidel	PlAd
Willemstad	Willemstadidele	PlAll
Willemstad	Willemstadidelt	PlAbl
Willemstad	Willemstadidena	PlEs
Willemstad	Willemstadideni	PlTer
Willemstad	Willemstadides	PlIn
Willemstad	Willemstadidesse	PlIll
Willemstad	Willemstadidest	PlEl
Willemstad	Willemstadideta	PlAb
Willemstad	Willemstadiga	SgKom
Willemstad	Willemstadiks	SgTr
Willemstad	Willemstadil	SgAd
Willemstad	Willemstadile	SgAll
Willemstad	Willemstadilt	SgAbl
Willemstad	Willemstadina	SgEs
Willemstad	Willemstadini	SgTer
Willemstad	Willemstadis	SgIn
Willemstad	Willemstadisid	PlP
Willemstad	Willemstadisse	SgIll
Willemstad	Willemstadist	SgEl
Willemstad	Willemstadita	SgAb
WC-kaart	WC-kaardi	SgG
WC-kaart	WC-kaardid	PlN
WC-kaart	WC-kaardiga	SgKom
WC-kaart	WC-kaardiks	SgTr
WC-kaart	WC-kaardil	SgAd
WC-kaart	WC-kaardile	SgAll
WC-kaart	WC-kaardilt	SgAbl
WC-kaart	WC-kaardina	SgEs
WC-kaart	WC-kaardini	SgTer
WC-kaart	WC-kaardis	SgIn
WC-kaart	WC-kaardisse	SgIll
WC-kaart	WC-kaardist	SgEl
WC-kaart	WC-kaardita	SgAb
WC-kaart	WC-kaart	SgN
WC-kaart	WC-kaarte	PlP
WC-kaart	WC-kaarti	SgAdt
WC-kaart	WC-kaarti	SgP
WC-kaart	WC-kaartide	PlG
WC-kaart	WC-kaartidega	PlKom
WC-kaart	WC-kaartideks	PlTr
WC-kaart	WC-kaartidel	PlAd
WC-kaart	WC-kaartidele	PlAll
WC-kaart	WC-kaartidelt	PlAbl
WC-kaart	WC-kaartidena	PlEs
WC-kaart	WC-kaartideni	PlTer
WC-kaart	WC-kaartides	PlIn
WC-kaart	WC-kaartidesse	PlIll
WC-kaart	WC-kaartidest	PlEl
WC-kaart	WC-kaartideta	PlAb
WC-kaart	WC-kaartisid	PlP
Warmia-Masuuria	Warmia-Masuuria	SgAdt
Warmia-Masuuria	Warmia-Masuuria	SgG
Warmia-Masuuria	Warmia-Masuuria	SgN
Warmia-Masuuria	Warmia-Masuuriad	PlN
Warmia-Masuuria	Warmia-Masuuriaga	SgKom
Warmia-Masuuria	Warmia-Masuuriaid	PlP
Warmia-Masuuria	Warmia-Masuuriaiks	PlTr
Warmia-Masuuria	Warmia-Masuuriail	PlAd
Warmia-Masuuria	Warmia-Masuuriaile	PlAll
Warmia-Masuuria	Warmia-Masuuriailt	PlAbl
Warmia-Masuuria	Warmia-Masuuriais	PlIn
Warmia-Masuuria	Warmia-Masuuriaisse	PlIll
Warmia-Masuuria	Warmia-Masuuriaist	PlEl
Warmia-Masuuria	Warmia-Masuuriaks	SgTr
Warmia-Masuuria	Warmia-Masuurial	SgAd
Warmia-Masuuria	Warmia-Masuuriale	SgAll
Warmia-Masuuria	Warmia-Masuurialt	SgAbl
Warmia-Masuuria	Warmia-Masuuriana	SgEs
Warmia-Masuuria	Warmia-Masuuriani	SgTer
Warmia-Masuuria	Warmia-Masuurias	SgIn
Warmia-Masuuria	Warmia-Masuuriasse	SgIll
Warmia-Masuuria	Warmia-Masuuriast	SgEl
Warmia-Masuuria	Warmia-Masuuriat	SgP
Warmia-Masuuria	Warmia-Masuuriata	SgAb
Warmia-Masuuria	Warmia-Masuuriate	PlG
Warmia-Masuuria	Warmia-Masuuriatega	PlKom
Warmia-Masuuria	Warmia-Masuuriateks	PlTr
Warmia-Masuuria	Warmia-Masuuriatel	PlAd
Warmia-Masuuria	Warmia-Masuuriatele	PlAll
Warmia-Masuuria	Warmia-Masuuriatelt	PlAbl
Warmia-Masuuria	Warmia-Masuuriatena	PlEs
Warmia-Masuuria	Warmia-Masuuriateni	PlTer
Warmia-Masuuria	Warmia-Masuuriates	PlIn
Warmia-Masuuria	Warmia-Masuuriatesse	PlIll
Warmia-Masuuria	Warmia-Masuuriatest	PlEl
Warmia-Masuuria	Warmia-Masuuriateta	PlAb
wagnerlik	wagnerlik	SgN
wagnerlik	wagnerlike	PlG
wagnerlik	wagnerlikega	PlKom
wagnerlik	wagnerlikeks	PlTr
wagnerlik	wagnerlikel	PlAd
wagnerlik	wagnerlikele	PlAll
wagnerlik	wagnerlikelt	PlAbl
wagnerlik	wagnerlikena	PlEs
wagnerlik	wagnerlikeni	PlTer
wagnerlik	wagnerlikes	PlIn
wagnerlik	wagnerlikesse	PlIll
wagnerlik	wagnerlikest	PlEl
wagnerlik	wagnerliketa	PlAb
wagnerlik	wagnerlikke	PlP
wagnerlik	wagnerlikku	SgAdt
wagnerlik	wagnerlikku	SgP
wagnerlik	wagnerlikkude	PlG
wagnerlik	wagnerlikkudega	PlKom
wagnerlik	wagnerlikkudeks	PlTr
wagnerlik	wagnerlikkudel	PlAd
wagnerlik	wagnerlikkudele	PlAll
wagnerlik	wagnerlikkudelt	PlAbl
wagnerlik	wagnerlikkudena	PlEs
wagnerlik	wagnerlikkudeni	PlTer
wagnerlik	wagnerlikkudes	PlIn
wagnerlik	wagnerlikkudesse	PlIll
wagnerlik	wagnerlikkudest	PlEl
wagnerlik	wagnerlikkudeta	PlAb
wagnerlik	wagnerlikkusid	PlP
wagnerlik	wagnerliku	SgG
wagnerlik	wagnerlikud	PlN
wagnerlik	wagnerlikuga	SgKom
wagnerlik	wagnerlikuks	SgTr
wagnerlik	wagnerlikul	SgAd
wagnerlik	wagnerlikule	SgAll
wagnerlik	wagnerlikult	SgAbl
wagnerlik	wagnerlikuna	SgEs
wagnerlik	wagnerlikuni	SgTer
wagnerlik	wagnerlikus	SgIn
wagnerlik	wagnerlikusse	SgIll
wagnerlik	wagnerlikust	SgEl
wagnerlik	wagnerlikuta	SgAb
wannabe	wannabe	SgAdt
wannabe	wannabe	SgG
wannabe	wannabe	SgN
wannabe	wannabe'd	PlN
wannabe	wannabe'd	SgP
wannabe	wannabe'de	PlG
wannabe	wannabe'dega	PlKom
wannabe	wannabe'deks	PlTr
wannabe	wannabe'del	PlAd
wannabe	wannabe'dele	PlAll
wannabe	wannabe'delt	PlAbl
wannabe	wannabe'dena	PlEs
wannabe	wannabe'deni	PlTer
wannabe	wannabe'des	PlIn
wannabe	wannabe'desse	PlIll
wannabe	wannabe'dest	PlEl
wannabe	wannabe'deta	PlAb
wannabe	wannabe'ga	SgKom
wannabe	wannabe'ks	SgTr
wannabe	wannabe'l	SgAd
wannabe	wannabe'le	SgAll
wannabe	wannabe'lt	SgAbl
wannabe	wannabe'na	SgEs
wannabe	wannabe'ni	SgTer
wannabe	wannabe's	SgIn
wannabe	wannabe'sid	PlP
wannabe	wannabe'sse	SgIll
wannabe	wannabe'st	SgEl
wannabe	wannabe'ta	SgAb
wonton	wonton	SgAdt
wonton	wonton	SgN
wonton	wonton'eid	PlP
wonton	wonton'eiks	PlTr
wonton	wonton'eil	PlAd
wonton	wonton'eile	PlAll
wonton	wonton'eilt	PlAbl
wonton	wonton'eis	PlIn
wonton	wonton'eisse	PlIll
wonton	wonton'eist	PlEl
wonton	wonton'i	SgG
wonton	wonton'id	PlN
wonton	wonton'iga	SgKom
wonton	wonton'iks	SgTr
wonton	wonton'il	SgAd
wonton	wonton'ile	SgAll
wonton	wonton'ilt	SgAbl
wonton	wonton'ina	SgEs
wonton	wonton'ini	SgTer
wonton	wonton'is	SgIn
wonton	wonton'isse	SgIll
wonton	wonton'ist	SgEl
wonton	wonton'it	SgP
wonton	wonton'ita	SgAb
wonton	wonton'ite	PlG
wonton	wonton'itega	PlKom
wonton	wonton'iteks	PlTr
wonton	wonton'itel	PlAd
wonton	wonton'itele	PlAll
wonton	wonton'itelt	PlAbl
wonton	wonton'itena	PlEs
wonton	wonton'iteni	PlTer
wonton	wonton'ites	PlIn
wonton	wonton'itesse	PlIll
wonton	wonton'itest	PlEl
wonton	wonton'iteta	PlAb
wonton'i-tainas	wonton'i-taina	SgG
wonton'i-tainas	wonton'i-tainad	PlN
wonton'i-tainas	wonton'i-tainaga	SgKom
wonton'i-tainas	wonton'i-tainaid	PlP
wonton'i-tainas	wonton'i-tainaks	SgTr
wonton'i-tainas	wonton'i-tainal	SgAd
wonton'i-tainas	wonton'i-tainale	SgAll
wonton'i-tainas	wonton'i-tainalt	SgAbl
wonton'i-tainas	wonton'i-tainana	SgEs
wonton'i-tainas	wonton'i-tainani	SgTer
wonton'i-tainas	wonton'i-tainas	SgIn
wonton'i-tainas	wonton'i-tainas	SgN
wonton'i-tainas	wonton'i-tainasse	SgIll
wonton'i-tainas	wonton'i-tainast	SgEl
wonton'i-tainas	wonton'i-tainast	SgP
wonton'i-tainas	wonton'i-tainaste	PlG
wonton'i-tainas	wonton'i-tainastega	PlKom
wonton'i-tainas	wonton'i-tainasteks	PlTr
wonton'i-tainas	wonton'i-tainastel	PlAd
wonton'i-tainas	wonton'i-tainastele	PlAll
wonton'i-tainas	wonton'i-tainastelt	PlAbl
wonton'i-tainas	wonton'i-tainastena	PlEs
wonton'i-tainas	wonton'i-tainasteni	PlTer
wonton'i-tainas	wonton'i-tainastes	PlIn
wonton'i-tainas	wonton'i-tainastesse	PlIll
wonton'i-tainas	wonton'i-tainastest	PlEl
wonton'i-tainas	wonton'i-tainasteta	PlAb
wonton'i-tainas	wonton'i-tainata	SgAb
wagnerlane	wagnerlane	SgN
wagnerlane	wagnerlase	SgG
wagnerlane	wagnerlased	PlN
wagnerlane	wagnerlasega	SgKom
wagnerlane	wagnerlaseks	SgTr
wagnerlane	wagnerlasel	SgAd
wagnerlane	wagnerlasele	SgAll
wagnerlane	wagnerlaselt	SgAbl
wagnerlane	wagnerlasena	SgEs
wagnerlane	wagnerlaseni	SgTer
wagnerlane	wagnerlases	SgIn
wagnerlane	wagnerlasesse	SgIll
wagnerlane	wagnerlasest	SgEl
wagnerlane	wagnerlaseta	SgAb
wagnerlane	wagnerlasi	PlP
wagnerlane	wagnerlasiks	PlTr
wagnerlane	wagnerlasil	PlAd
wagnerlane	wagnerlasile	PlAll
wagnerlane	wagnerlasilt	PlAbl
wagnerlane	wagnerlasis	PlIn
wagnerlane	wagnerlasisse	PlIll
wagnerlane	wagnerlasist	PlEl
wagnerlane	wagnerlasse	SgAdt
wagnerlane	wagnerlast	SgP
wagnerlane	wagnerlaste	PlG
wagnerlane	wagnerlastega	PlKom
wagnerlane	wagnerlasteks	PlTr
wagnerlane	wagnerlastel	PlAd
wagnerlane	wagnerlastele	PlAll
wagnerlane	wagnerlastelt	PlAbl
wagnerlane	wagnerlastena	PlEs
wagnerlane	wagnerlasteni	PlTer
wagnerlane	wagnerlastes	PlIn
wagnerlane	wagnerlastesse	PlIll
wagnerlane	wagnerlastest	PlEl
wagnerlane	wagnerlasteta	PlAb
Warta	Warta	SgAdt
Warta	Warta	SgG
Warta	Warta	SgN
Warta	Wartad	PlN
Warta	Wartade	PlG
Warta	Wartadega	PlKom
Warta	Wartadeks	PlTr
Warta	Wartadel	PlAd
Warta	Wartadele	PlAll
Warta	Wartadelt	PlAbl
Warta	Wartadena	PlEs
Warta	Wartadeni	PlTer
Warta	Wartades	PlIn
Warta	Wartadesse	PlIll
Warta	Wartadest	PlEl
Warta	Wartadeta	PlAb
Warta	Wartaga	SgKom
Warta	Wartaks	SgTr
Warta	Wartal	SgAd
Warta	Wartale	SgAll
Warta	Wartalt	SgAbl
Warta	Wartana	SgEs
Warta	Wartani	SgTer
Warta	Wartas	SgIn
Warta	Wartasid	PlP
Warta	Wartasse	SgIll
Warta	Wartast	SgEl
Warta	Wartat	SgP
Warta	Wartata	SgAb
Warwick	Warwick	SgAdt
Warwick	Warwick	SgN
Warwick	Warwickeid	PlP
Warwick	Warwickeiks	PlTr
Warwick	Warwickeil	PlAd
Warwick	Warwickeile	PlAll
Warwick	Warwickeilt	PlAbl
Warwick	Warwickeis	PlIn
Warwick	Warwickeisse	PlIll
Warwick	Warwickeist	PlEl
Warwick	Warwicki	SgG
Warwick	Warwickid	PlN
Warwick	Warwickiga	SgKom
Warwick	Warwickiks	SgTr
Warwick	Warwickil	SgAd
Warwick	Warwickile	SgAll
Warwick	Warwickilt	SgAbl
Warwick	Warwickina	SgEs
Warwick	Warwickini	SgTer
Warwick	Warwickis	SgIn
Warwick	Warwickisse	SgIll
Warwick	Warwickist	SgEl
Warwick	Warwickit	SgP
Warwick	Warwickita	SgAb
Warwick	Warwickite	PlG
Warwick	Warwickitega	PlKom
Warwick	Warwickiteks	PlTr
Warwick	Warwickitel	PlAd
Warwick	Warwickitele	PlAll
Warwick	Warwickitelt	PlAbl
Warwick	Warwickitena	PlEs
Warwick	Warwickiteni	PlTer
Warwick	Warwickites	PlIn
Warwick	Warwickitesse	PlIll
Warwick	Warwickitest	PlEl
Warwick	Warwickiteta	PlAb
Waterloo	Waterloo	SgAdt
Waterloo	Waterloo	SgG
Waterloo	Waterloo	SgN
Waterloo	Waterlood	PlN
Waterloo	Waterlood	SgP
Waterloo	Waterloode	PlG
Waterloo	Waterloodega	PlKom
Waterloo	Waterloodeks	PlTr
Waterloo	Waterloodel	PlAd
Waterloo	Waterloodele	PlAll
Waterloo	Waterloodelt	PlAbl
Waterloo	Waterloodena	PlEs
Waterloo	Waterloodeni	PlTer
Waterloo	Waterloodes	PlIn
Waterloo	Waterloodesse	PlIll
Waterloo	Waterloodest	PlEl
Waterloo	Waterloodeta	PlAb
Waterloo	Waterlooga	SgKom
Waterloo	Waterlooks	SgTr
Waterloo	Waterlool	SgAd
Waterloo	Waterloole	SgAll
Waterloo	Waterloolt	SgAbl
Waterloo	Waterloona	SgEs
Waterloo	Waterlooni	SgTer
Waterloo	Waterloos	SgIn
Waterloo	Waterloosid	PlP
Waterloo	Waterloosse	SgIll
Waterloo	Waterloost	SgEl
Waterloo	Waterloota	SgAb
Wieliczka	Wieliczka	SgAdt
Wieliczka	Wieliczka	SgG
Wieliczka	Wieliczka	SgN
Wieliczka	Wieliczkad	PlN
Wieliczka	Wieliczkade	PlG
Wieliczka	Wieliczkadega	PlKom
Wieliczka	Wieliczkadeks	PlTr
Wieliczka	Wieliczkadel	PlAd
Wieliczka	Wieliczkadele	PlAll
Wieliczka	Wieliczkadelt	PlAbl
Wieliczka	Wieliczkadena	PlEs
Wieliczka	Wieliczkadeni	PlTer
Wieliczka	Wieliczkades	PlIn
Wieliczka	Wieliczkadesse	PlIll
Wieliczka	Wieliczkadest	PlEl
Wieliczka	Wieliczkadeta	PlAb
Wieliczka	Wieliczkaga	SgKom
Wieliczka	Wieliczkaks	SgTr
Wieliczka	Wieliczkal	SgAd
Wieliczka	Wieliczkale	SgAll
Wieliczka	Wieliczkalt	SgAbl
Wieliczka	Wieliczkana	SgEs
Wieliczka	Wieliczkani	SgTer
Wieliczka	Wieliczkas	SgIn
Wieliczka	Wieliczkasid	PlP
Wieliczka	Wieliczkasse	SgIll
Wieliczka	Wieliczkast	SgEl
Wieliczka	Wieliczkat	SgP
Wieliczka	Wieliczkata	SgAb
Wight	Wight	SgN
Wight	Wighte	PlP
Wight	Wighteks	PlTr
Wight	Wightel	PlAd
Wight	Wightele	PlAll
Wight	Wightelt	PlAbl
Wight	Wightes	PlIn
Wight	Wightesse	PlIll
Wight	Wightest	PlEl
Wight	Wighti	SgAdt
Wight	Wighti	SgG
Wight	Wighti	SgP
Wight	Wightid	PlN
Wight	Wightide	PlG
Wight	Wightidega	PlKom
Wight	Wightideks	PlTr
Wight	Wightidel	PlAd
Wight	Wightidele	PlAll
Wight	Wightidelt	PlAbl
Wight	Wightidena	PlEs
Wight	Wightideni	PlTer
Wight	Wightides	PlIn
Wight	Wightidesse	PlIll
Wight	Wightidest	PlEl
Wight	Wightideta	PlAb
Wight	Wightiga	SgKom
Wight	Wightiks	SgTr
Wight	Wightil	SgAd
Wight	Wightile	SgAll
Wight	Wightilt	SgAbl
Wight	Wightina	SgEs
Wight	Wightini	SgTer
Wight	Wightis	SgIn
Wight	Wightisid	PlP
Wight	Wightisse	SgIll
Wight	Wightist	SgEl
Wight	Wightita	SgAb
Wilton	Wilton	SgAdt
Wilton	Wilton	SgN
Wilton	Wiltoneid	PlP
Wilton	Wiltoneiks	PlTr
Wilton	Wiltoneil	PlAd
Wilton	Wiltoneile	PlAll
Wilton	Wiltoneilt	PlAbl
Wilton	Wiltoneis	PlIn
Wilton	Wiltoneisse	PlIll
Wilton	Wiltoneist	PlEl
Wilton	Wiltoni	SgG
Wilton	Wiltonid	PlN
Wilton	Wiltoniga	SgKom
Wilton	Wiltoniks	SgTr
Wilton	Wiltonil	SgAd
Wilton	Wiltonile	SgAll
Wilton	Wiltonilt	SgAbl
Wilton	Wiltonina	SgEs
Wilton	Wiltonini	SgTer
Wilton	Wiltonis	SgIn
Wilton	Wiltonisse	SgIll
Wilton	Wiltonist	SgEl
Wilton	Wiltonit	SgP
Wilton	Wiltonita	SgAb
Wilton	Wiltonite	PlG
Wilton	Wiltonitega	PlKom
Wilton	Wiltoniteks	PlTr
Wilton	Wiltonitel	PlAd
Wilton	Wiltonitele	PlAll
Wilton	Wiltonitelt	PlAbl
Wilton	Wiltonitena	PlEs
Wilton	Wiltoniteni	PlTer
Wilton	Wiltonites	PlIn
Wilton	Wiltonitesse	PlIll
Wilton	Wiltonitest	PlEl
Wilton	Wiltoniteta	PlAb
Wiltshire	Wiltshire	SgAdt
Wiltshire	Wiltshire	SgN
Wiltshire	Wiltshire'eid	PlP
Wiltshire	Wiltshire'eiks	PlTr
Wiltshire	Wiltshire'eil	PlAd
Wiltshire	Wiltshire'eile	PlAll
Wiltshire	Wiltshire'eilt	PlAbl
Wiltshire	Wiltshire'eis	PlIn
Wiltshire	Wiltshire'eisse	PlIll
Wiltshire	Wiltshire'eist	PlEl
Wiltshire	Wiltshire'i	SgG
Wiltshire	Wiltshire'id	PlN
Wiltshire	Wiltshire'iga	SgKom
Wiltshire	Wiltshire'iks	SgTr
Wiltshire	Wiltshire'il	SgAd
Wiltshire	Wiltshire'ile	SgAll
Wiltshire	Wiltshire'ilt	SgAbl
Wiltshire	Wiltshire'ina	SgEs
Wiltshire	Wiltshire'ini	SgTer
Wiltshire	Wiltshire'is	SgIn
Wiltshire	Wiltshire'isse	SgIll
Wiltshire	Wiltshire'ist	SgEl
Wiltshire	Wiltshire'it	SgP
Wiltshire	Wiltshire'ita	SgAb
Wiltshire	Wiltshire'ite	PlG
Wiltshire	Wiltshire'itega	PlKom
Wiltshire	Wiltshire'iteks	PlTr
Wiltshire	Wiltshire'itel	PlAd
Wiltshire	Wiltshire'itele	PlAll
Wiltshire	Wiltshire'itelt	PlAbl
Wiltshire	Wiltshire'itena	PlEs
Wiltshire	Wiltshire'iteni	PlTer
Wiltshire	Wiltshire'ites	PlIn
Wiltshire	Wiltshire'itesse	PlIll
Wiltshire	Wiltshire'itest	PlEl
Wiltshire	Wiltshire'iteta	PlAb
Winchester	Winchester	SgN
Winchester	Winchestere	PlP
Winchester	Winchestereks	PlTr
Winchester	Winchesterel	PlAd
Winchester	Winchesterele	PlAll
Winchester	Winchesterelt	PlAbl
Winchester	Winchesteres	PlIn
Winchester	Winchesteresse	PlIll
Winchester	Winchesterest	PlEl
Winchester	Winchesteri	SgAdt
Winchester	Winchesteri	SgG
Winchester	Winchesteri	SgP
Winchester	Winchesterid	PlN
Winchester	Winchesteride	PlG
Winchester	Winchesteridega	PlKom
Winchester	Winchesterideks	PlTr
Winchester	Winchesteridel	PlAd
Winchester	Winchesteridele	PlAll
Winchester	Winchesteridelt	PlAbl
Winchester	Winchesteridena	PlEs
Winchester	Winchesterideni	PlTer
Winchester	Winchesterides	PlIn
Winchester	Winchesteridesse	PlIll
Winchester	Winchesteridest	PlEl
Winchester	Winchesterideta	PlAb
Winchester	Winchesteriga	SgKom
Winchester	Winchesteriks	SgTr
Winchester	Winchesteril	SgAd
Winchester	Winchesterile	SgAll
Winchester	Winchesterilt	SgAbl
Winchester	Winchesterina	SgEs
Winchester	Winchesterini	SgTer
Winchester	Winchesteris	SgIn
Winchester	Winchesterisse	SgIll
Winchester	Winchesterist	SgEl
Winchester	Winchesterita	SgAb
Windsor	Windsor	SgAdt
Windsor	Windsor	SgN
Windsor	Windsoreid	PlP
Windsor	Windsoreiks	PlTr
Windsor	Windsoreil	PlAd
Windsor	Windsoreile	PlAll
Windsor	Windsoreilt	PlAbl
Windsor	Windsoreis	PlIn
Windsor	Windsoreisse	PlIll
Windsor	Windsoreist	PlEl
Windsor	Windsori	SgG
Windsor	Windsorid	PlN
Windsor	Windsoriga	SgKom
Windsor	Windsoriks	SgTr
Windsor	Windsoril	SgAd
Windsor	Windsorile	SgAll
Windsor	Windsorilt	SgAbl
Windsor	Windsorina	SgEs
Windsor	Windsorini	SgTer
Windsor	Windsoris	SgIn
Windsor	Windsorisse	SgIll
Windsor	Windsorist	SgEl
Windsor	Windsorit	SgP
Windsor	Windsorita	SgAb
Windsor	Windsorite	PlG
Windsor	Windsoritega	PlKom
Windsor	Windsoriteks	PlTr
Windsor	Windsoritel	PlAd
Windsor	Windsoritele	PlAll
Windsor	Windsoritelt	PlAbl
Windsor	Windsoritena	PlEs
Windsor	Windsoriteni	PlTer
Windsor	Windsorites	PlIn
Windsor	Windsoritesse	PlIll
Windsor	Windsoritest	PlEl
Windsor	Windsoriteta	PlAb
Winnipeg	Winnipeg	SgN
Winnipeg	Winnipege	PlP
Winnipeg	Winnipegeks	PlTr
Winnipeg	Winnipegel	PlAd
Winnipeg	Winnipegele	PlAll
Winnipeg	Winnipegelt	PlAbl
Winnipeg	Winnipeges	PlIn
Winnipeg	Winnipegesse	PlIll
Winnipeg	Winnipegest	PlEl
Winnipeg	Winnipegi	SgAdt
Winnipeg	Winnipegi	SgG
Winnipeg	Winnipegi	SgP
Winnipeg	Winnipegid	PlN
Winnipeg	Winnipegide	PlG
Winnipeg	Winnipegidega	PlKom
Winnipeg	Winnipegideks	PlTr
Winnipeg	Winnipegidel	PlAd
Winnipeg	Winnipegidele	PlAll
Winnipeg	Winnipegidelt	PlAbl
Winnipeg	Winnipegidena	PlEs
Winnipeg	Winnipegideni	PlTer
Winnipeg	Winnipegides	PlIn
Winnipeg	Winnipegidesse	PlIll
Winnipeg	Winnipegidest	PlEl
Winnipeg	Winnipegideta	PlAb
Winnipeg	Winnipegiga	SgKom
Winnipeg	Winnipegiks	SgTr
Winnipeg	Winnipegil	SgAd
Winnipeg	Winnipegile	SgAll
Winnipeg	Winnipegilt	SgAbl
Winnipeg	Winnipegina	SgEs
Winnipeg	Winnipegini	SgTer
Winnipeg	Winnipegis	SgIn
Winnipeg	Winnipegisse	SgIll
Winnipeg	Winnipegist	SgEl
Winnipeg	Winnipegita	SgAb
Wisconsin	Wisconsin	SgAdt
Wisconsin	Wisconsin	SgN
Wisconsin	Wisconsineid	PlP
Wisconsin	Wisconsineiks	PlTr
Wisconsin	Wisconsineil	PlAd
Wisconsin	Wisconsineile	PlAll
Wisconsin	Wisconsineilt	PlAbl
Wisconsin	Wisconsineis	PlIn
Wisconsin	Wisconsineisse	PlIll
Wisconsin	Wisconsineist	PlEl
Wisconsin	Wisconsini	SgG
Wisconsin	Wisconsinid	PlN
Wisconsin	Wisconsiniga	SgKom
Wisconsin	Wisconsiniks	SgTr
Wisconsin	Wisconsinil	SgAd
Wisconsin	Wisconsinile	SgAll
Wisconsin	Wisconsinilt	SgAbl
Wisconsin	Wisconsinina	SgEs
Wisconsin	Wisconsinini	SgTer
Wisconsin	Wisconsinis	SgIn
Wisconsin	Wisconsinisse	SgIll
Wisconsin	Wisconsinist	SgEl
Wisconsin	Wisconsinit	SgP
Wisconsin	Wisconsinita	SgAb
Wisconsin	Wisconsinite	PlG
Wisconsin	Wisconsinitega	PlKom
Wisconsin	Wisconsiniteks	PlTr
Wisconsin	Wisconsinitel	PlAd
Wisconsin	Wisconsinitele	PlAll
Wisconsin	Wisconsinitelt	PlAbl
Wisconsin	Wisconsinitena	PlEs
Wisconsin	Wisconsiniteni	PlTer
Wisconsin	Wisconsinites	PlIn
Wisconsin	Wisconsinitesse	PlIll
Wisconsin	Wisconsinitest	PlEl
Wisconsin	Wisconsiniteta	PlAb
Wollongong	Wollongong	SgN
Wollongong	Wollongonge	PlP
Wollongong	Wollongongeks	PlTr
Wollongong	Wollongongel	PlAd
Wollongong	Wollongongele	PlAll
Wollongong	Wollongongelt	PlAbl
Wollongong	Wollongonges	PlIn
Wollongong	Wollongongesse	PlIll
Wollongong	Wollongongest	PlEl
Wollongong	Wollongongi	SgAdt
Wollongong	Wollongongi	SgG
Wollongong	Wollongongi	SgP
Wollongong	Wollongongid	PlN
Wollongong	Wollongongide	PlG
Wollongong	Wollongongidega	PlKom
Wollongong	Wollongongideks	PlTr
Wollongong	Wollongongidel	PlAd
Wollongong	Wollongongidele	PlAll
Wollongong	Wollongongidelt	PlAbl
Wollongong	Wollongongidena	PlEs
Wollongong	Wollongongideni	PlTer
Wollongong	Wollongongides	PlIn
Wollongong	Wollongongidesse	PlIll
Wollongong	Wollongongidest	PlEl
Wollongong	Wollongongideta	PlAb
Wollongong	Wollongongiga	SgKom
Wollongong	Wollongongiks	SgTr
Wollongong	Wollongongil	SgAd
Wollongong	Wollongongile	SgAll
Wollongong	Wollongongilt	SgAbl
Wollongong	Wollongongina	SgEs
Wollongong	Wollongongini	SgTer
Wollongong	Wollongongis	SgIn
Wollongong	Wollongongisid	PlP
Wollongong	Wollongongisse	SgIll
Wollongong	Wollongongist	SgEl
Wollongong	Wollongongita	SgAb
Wrocław	Wrocław	SgAdt
Wrocław	Wrocław	SgN
Wrocław	Wrocławeid	PlP
Wrocław	Wrocławeiks	PlTr
Wrocław	Wrocławeil	PlAd
Wrocław	Wrocławeile	PlAll
Wrocław	Wrocławeilt	PlAbl
Wrocław	Wrocławeis	PlIn
Wrocław	Wrocławeisse	PlIll
Wrocław	Wrocławeist	PlEl
Wrocław	Wrocławi	SgG
Wrocław	Wrocławid	PlN
Wrocław	Wrocławiga	SgKom
Wrocław	Wrocławiks	SgTr
Wrocław	Wrocławil	SgAd
Wrocław	Wrocławile	SgAll
Wrocław	Wrocławilt	SgAbl
Wrocław	Wrocławina	SgEs
Wrocław	Wrocławini	SgTer
Wrocław	Wrocławis	SgIn
Wrocław	Wrocławisse	SgIll
Wrocław	Wrocławist	SgEl
Wrocław	Wrocławit	SgP
Wrocław	Wrocławita	SgAb
Wrocław	Wrocławite	PlG
Wrocław	Wrocławitega	PlKom
Wrocław	Wrocławiteks	PlTr
Wrocław	Wrocławitel	PlAd
Wrocław	Wrocławitele	PlAll
Wrocław	Wrocławitelt	PlAbl
Wrocław	Wrocławitena	PlEs
Wrocław	Wrocławiteni	PlTer
Wrocław	Wrocławites	PlIn
Wrocław	Wrocławitesse	PlIll
Wrocław	Wrocławitest	PlEl
Wrocław	Wrocławiteta	PlAb
Wyoming	Wyoming	SgAdt
Wyoming	Wyoming	SgN
Wyoming	Wyomingeid	PlP
Wyoming	Wyomingeiks	PlTr
Wyoming	Wyomingeil	PlAd
Wyoming	Wyomingeile	PlAll
Wyoming	Wyomingeilt	PlAbl
Wyoming	Wyomingeis	PlIn
Wyoming	Wyomingeisse	PlIll
Wyoming	Wyomingeist	PlEl
Wyoming	Wyomingi	SgG
Wyoming	Wyomingid	PlN
Wyoming	Wyomingiga	SgKom
Wyoming	Wyomingiks	SgTr
Wyoming	Wyomingil	SgAd
Wyoming	Wyomingile	SgAll
Wyoming	Wyomingilt	SgAbl
Wyoming	Wyomingina	SgEs
Wyoming	Wyomingini	SgTer
Wyoming	Wyomingis	SgIn
Wyoming	Wyomingisse	SgIll
Wyoming	Wyomingist	SgEl
Wyoming	Wyomingit	SgP
Wyoming	Wyomingita	SgAb
Wyoming	Wyomingite	PlG
Wyoming	Wyomingitega	PlKom
Wyoming	Wyomingiteks	PlTr
Wyoming	Wyomingitel	PlAd
Wyoming	Wyomingitele	PlAll
Wyoming	Wyomingitelt	PlAbl
Wyoming	Wyomingitena	PlEs
Wyoming	Wyomingiteni	PlTer
Wyoming	Wyomingites	PlIn
Wyoming	Wyomingitesse	PlIll
Wyoming	Wyomingitest	PlEl
Wyoming	Wyomingiteta	PlAb
WC-hari	WC-hari	SgN
WC-hari	WC-harja	SgAdt
WC-hari	WC-harja	SgG
WC-hari	WC-harja	SgP
WC-hari	WC-harjad	PlN
WC-hari	WC-harjade	PlG
WC-hari	WC-harjadega	PlKom
WC-hari	WC-harjadeks	PlTr
WC-hari	WC-harjadel	PlAd
WC-hari	WC-harjadele	PlAll
WC-hari	WC-harjadelt	PlAbl
WC-hari	WC-harjadena	PlEs
WC-hari	WC-harjadeni	PlTer
WC-hari	WC-harjades	PlIn
WC-hari	WC-harjadesse	PlIll
WC-hari	WC-harjadest	PlEl
WC-hari	WC-harjadeta	PlAb
WC-hari	WC-harjaga	SgKom
WC-hari	WC-harjaks	SgTr
WC-hari	WC-harjal	SgAd
WC-hari	WC-harjale	SgAll
WC-hari	WC-harjalt	SgAbl
WC-hari	WC-harjana	SgEs
WC-hari	WC-harjani	SgTer
WC-hari	WC-harjas	SgIn
WC-hari	WC-harjasid	PlP
WC-hari	WC-harjasse	SgIll
WC-hari	WC-harjast	SgEl
WC-hari	WC-harjata	SgAb
WC-hari	WC-harju	PlP
WC-vannituba	WC-vannitoa	SgG
WC-vannituba	WC-vannitoad	PlN
WC-vannituba	WC-vannitoaga	SgKom
WC-vannituba	WC-vannitoaks	SgTr
WC-vannituba	WC-vannitoal	SgAd
WC-vannituba	WC-vannitoale	SgAll
WC-vannituba	WC-vannitoalt	SgAbl
WC-vannituba	WC-vannitoana	SgEs
WC-vannituba	WC-vannitoani	SgTer
WC-vannituba	WC-vannitoas	SgIn
WC-vannituba	WC-vannitoasse	SgIll
WC-vannituba	WC-vannitoast	SgEl
WC-vannituba	WC-vannitoata	SgAb
WC-vannituba	WC-vannituba	SgN
WC-vannituba	WC-vannituba	SgP
WC-vannituba	WC-vannitubade	PlG
WC-vannituba	WC-vannitubadega	PlKom
WC-vannituba	WC-vannitubadeks	PlTr
WC-vannituba	WC-vannitubadel	PlAd
WC-vannituba	WC-vannitubadele	PlAll
WC-vannituba	WC-vannitubadelt	PlAbl
WC-vannituba	WC-vannitubadena	PlEs
WC-vannituba	WC-vannitubadeni	PlTer
WC-vannituba	WC-vannitubades	PlIn
WC-vannituba	WC-vannitubadesse	PlIll
WC-vannituba	WC-vannitubadest	PlEl
WC-vannituba	WC-vannitubadeta	PlAb
WC-vannituba	WC-vannitubasid	PlP
WC-vannituba	WC-vannitube	PlP
WC-vannituba	WC-vannituppa	SgAdt
WC-duširuum	WC-duširuum	SgN
WC-duširuum	WC-duširuume	PlP
WC-duširuum	WC-duširuumeks	PlTr
WC-duširuum	WC-duširuumel	PlAd
WC-duširuum	WC-duširuumele	PlAll
WC-duširuum	WC-duširuumelt	PlAbl
WC-duširuum	WC-duširuumes	PlIn
WC-duširuum	WC-duširuumesse	PlIll
WC-duširuum	WC-duširuumest	PlEl
WC-duširuum	WC-duširuumi	SgAdt
WC-duširuum	WC-duširuumi	SgG
WC-duširuum	WC-duširuumi	SgP
WC-duširuum	WC-duširuumid	PlN
WC-duširuum	WC-duširuumide	PlG
WC-duširuum	WC-duširuumidega	PlKom
WC-duširuum	WC-duširuumideks	PlTr
WC-duširuum	WC-duširuumidel	PlAd
WC-duširuum	WC-duširuumidele	PlAll
WC-duširuum	WC-duširuumidelt	PlAbl
WC-duširuum	WC-duširuumidena	PlEs
WC-duširuum	WC-duširuumideni	PlTer
WC-duširuum	WC-duširuumides	PlIn
WC-duširuum	WC-duširuumidesse	PlIll
WC-duširuum	WC-duširuumidest	PlEl
WC-duširuum	WC-duširuumideta	PlAb
WC-duširuum	WC-duširuumiga	SgKom
WC-duširuum	WC-duširuumiks	SgTr
WC-duširuum	WC-duširuumil	SgAd
WC-duširuum	WC-duširuumile	SgAll
WC-duširuum	WC-duširuumilt	SgAbl
WC-duširuum	WC-duširuumina	SgEs
WC-duširuum	WC-duširuumini	SgTer
WC-duširuum	WC-duširuumis	SgIn
WC-duširuum	WC-duširuumisid	PlP
WC-duširuum	WC-duširuumisse	SgIll
WC-duširuum	WC-duširuumist	SgEl
WC-duširuum	WC-duširuumita	SgAb
woke	woke	SgN
woke	woke'e	PlP
woke	woke'eks	PlTr
woke	woke'el	PlAd
woke	woke'ele	PlAll
woke	woke'elt	PlAbl
woke	woke'es	PlIn
woke	woke'esse	PlIll
woke	woke'est	PlEl
woke	woke'i	SgAdt
woke	woke'i	SgG
woke	woke'i	SgP
woke	woke'id	PlN
woke	woke'ide	PlG
woke	woke'idega	PlKom
woke	woke'ideks	PlTr
woke	woke'idel	PlAd
woke	woke'idele	PlAll
woke	woke'idelt	PlAbl
woke	woke'idena	PlEs
woke	woke'ideni	PlTer
woke	woke'ides	PlIn
woke	woke'idesse	PlIll
woke	woke'idest	PlEl
woke	woke'ideta	PlAb
woke	woke'iga	SgKom
woke	woke'iks	SgTr
woke	woke'il	SgAd
woke	woke'ile	SgAll
woke	woke'ilt	SgAbl
woke	woke'ina	SgEs
woke	woke'ini	SgTer
woke	woke'is	SgIn
woke	woke'isid	PlP
woke	woke'isse	SgIll
woke	woke'ist	SgEl
woke	woke'ita	SgAb
W	W	ID
W	W	PlP
W	W	SgAdt
W	W	SgG
W	W	SgN
W	W	SgP
W	W-d	PlN
W	W-de	PlG
W	W-dega	PlKom
W	W-deks	PlTr
W	W-del	PlAd
W	W-dele	PlAll
W	W-delt	PlAbl
W	W-dena	PlEs
W	W-deni	PlTer
W	W-des	PlIn
W	W-desse	PlIll
W	W-dest	PlEl
W	W-deta	PlAb
W	W-ga	SgKom
W	W-ks	PlTr
W	W-ks	SgTr
W	W-l	PlAd
W	W-l	SgAd
W	W-le	PlAll
W	W-le	SgAll
W	W-lt	PlAbl
W	W-lt	SgAbl
W	W-na	SgEs
W	W-ni	SgTer
W	W-s	PlIn
W	W-s	SgIn
W	W-sid	PlP
W	W-sse	PlIll
W	W-sse	SgIll
W	W-st	PlEl
W	W-st	SgEl
W	W-ta	SgAb
wagyū	wagyū	SgAdt
wagyū	wagyū	SgG
wagyū	wagyū	SgN
wagyū	wagyū'd	PlN
wagyū	wagyū'd	SgP
wagyū	wagyū'de	PlG
wagyū	wagyū'dega	PlKom
wagyū	wagyū'deks	PlTr
wagyū	wagyū'del	PlAd
wagyū	wagyū'dele	PlAll
wagyū	wagyū'delt	PlAbl
wagyū	wagyū'dena	PlEs
wagyū	wagyū'deni	PlTer
wagyū	wagyū'des	PlIn
wagyū	wagyū'desse	PlIll
wagyū	wagyū'dest	PlEl
wagyū	wagyū'deta	PlAb
wagyū	wagyū'ga	SgKom
wagyū	wagyū'ks	SgTr
wagyū	wagyū'l	SgAd
wagyū	wagyū'le	SgAll
wagyū	wagyū'lt	SgAbl
wagyū	wagyū'na	SgEs
wagyū	wagyū'ni	SgTer
wagyū	wagyū's	SgIn
wagyū	wagyū'sid	PlP
wagyū	wagyū'sse	SgIll
wagyū	wagyū'st	SgEl
wagyū	wagyū'ta	SgAb
wrestling	wrestling	SgAdt
wrestling	wrestling	SgN
wrestling	wrestling'u	SgG
wrestling	wrestling'ud	PlN
wrestling	wrestling'uga	SgKom
wrestling	wrestling'uid	PlP
wrestling	wrestling'uiks	PlTr
wrestling	wrestling'uil	PlAd
wrestling	wrestling'uile	PlAll
wrestling	wrestling'uilt	PlAbl
wrestling	wrestling'uis	PlIn
wrestling	wrestling'uisse	PlIll
wrestling	wrestling'uist	PlEl
wrestling	wrestling'uks	SgTr
wrestling	wrestling'ul	SgAd
wrestling	wrestling'ule	SgAll
wrestling	wrestling'ult	SgAbl
wrestling	wrestling'una	SgEs
wrestling	wrestling'uni	SgTer
wrestling	wrestling'us	SgIn
wrestling	wrestling'usse	SgIll
wrestling	wrestling'ust	SgEl
wrestling	wrestling'ut	SgP
wrestling	wrestling'uta	SgAb
wrestling	wrestling'ute	PlG
wrestling	wrestling'utega	PlKom
wrestling	wrestling'uteks	PlTr
wrestling	wrestling'utel	PlAd
wrestling	wrestling'utele	PlAll
wrestling	wrestling'utelt	PlAbl
wrestling	wrestling'utena	PlEs
wrestling	wrestling'uteni	PlTer
wrestling	wrestling'utes	PlIn
wrestling	wrestling'utesse	PlIll
wrestling	wrestling'utest	PlEl
wrestling	wrestling'uteta	PlAb
WiFi-ühendus	WiFi-ühendus	SgN
WiFi-ühendus	WiFi-ühenduse	SgG
WiFi-ühendus	WiFi-ühendused	PlN
WiFi-ühendus	WiFi-ühendusega	SgKom
WiFi-ühendus	WiFi-ühenduseks	SgTr
WiFi-ühendus	WiFi-ühendusel	SgAd
WiFi-ühendus	WiFi-ühendusele	SgAll
WiFi-ühendus	WiFi-ühenduselt	SgAbl
WiFi-ühendus	WiFi-ühendusena	SgEs
WiFi-ühendus	WiFi-ühenduseni	SgTer
WiFi-ühendus	WiFi-ühenduses	SgIn
WiFi-ühendus	WiFi-ühendusesse	SgIll
WiFi-ühendus	WiFi-ühendusest	SgEl
WiFi-ühendus	WiFi-ühenduseta	SgAb
WiFi-ühendus	WiFi-ühendusi	PlP
WiFi-ühendus	WiFi-ühendusse	SgAdt
WiFi-ühendus	WiFi-ühendust	SgP
WiFi-ühendus	WiFi-ühenduste	PlG
WiFi-ühendus	WiFi-ühendustega	PlKom
WiFi-ühendus	WiFi-ühendusteks	PlTr
WiFi-ühendus	WiFi-ühendustel	PlAd
WiFi-ühendus	WiFi-ühendustele	PlAll
WiFi-ühendus	WiFi-ühendustelt	PlAbl
WiFi-ühendus	WiFi-ühendustena	PlEs
WiFi-ühendus	WiFi-ühendusteni	PlTer
WiFi-ühendus	WiFi-ühendustes	PlIn
WiFi-ühendus	WiFi-ühendustesse	PlIll
WiFi-ühendus	WiFi-ühendustest	PlEl
WiFi-ühendus	WiFi-ühendusteta	PlAb
wifi-ühendus	wifi-ühendus	SgN
wifi-ühendus	wifi-ühenduse	SgG
wifi-ühendus	wifi-ühendused	PlN
wifi-ühendus	wifi-ühendusega	SgKom
wifi-ühendus	wifi-ühenduseks	SgTr
wifi-ühendus	wifi-ühendusel	SgAd
wifi-ühendus	wifi-ühendusele	SgAll
wifi-ühendus	wifi-ühenduselt	SgAbl
wifi-ühendus	wifi-ühendusena	SgEs
wifi-ühendus	wifi-ühenduseni	SgTer
wifi-ühendus	wifi-ühenduses	SgIn
wifi-ühendus	wifi-ühendusesse	SgIll
wifi-ühendus	wifi-ühendusest	SgEl
wifi-ühendus	wifi-ühenduseta	SgAb
wifi-ühendus	wifi-ühendusi	PlP
wifi-ühendus	wifi-ühendusiks	PlTr
wifi-ühendus	wifi-ühendusil	PlAd
wifi-ühendus	wifi-ühendusile	PlAll
wifi-ühendus	wifi-ühendusilt	PlAbl
wifi-ühendus	wifi-ühendusis	PlIn
wifi-ühendus	wifi-ühendusisse	PlIll
wifi-ühendus	wifi-ühendusist	PlEl
wifi-ühendus	wifi-ühendusse	SgAdt
wifi-ühendus	wifi-ühendust	SgP
wifi-ühendus	wifi-ühenduste	PlG
wifi-ühendus	wifi-ühendustega	PlKom
wifi-ühendus	wifi-ühendusteks	PlTr
wifi-ühendus	wifi-ühendustel	PlAd
wifi-ühendus	wifi-ühendustele	PlAll
wifi-ühendus	wifi-ühendustelt	PlAbl
wifi-ühendus	wifi-ühendustena	PlEs
wifi-ühendus	wifi-ühendusteni	PlTer
wifi-ühendus	wifi-ühendustes	PlIn
wifi-ühendus	wifi-ühendustesse	PlIll
wifi-ühendus	wifi-ühendustest	PlEl
wifi-ühendus	wifi-ühendusteta	PlAb
WET	WET	SgAdt
WET	WET	SgG
WET	WET	SgN
WET	WET-d	PlN
WET	WET-d	SgP
WET	WET-de	PlG
WET	WET-dega	PlKom
WET	WET-deks	PlTr
WET	WET-del	PlAd
WET	WET-dele	PlAll
WET	WET-delt	PlAbl
WET	WET-dena	PlEs
WET	WET-deni	PlTer
WET	WET-des	PlIn
WET	WET-desse	PlIll
WET	WET-dest	PlEl
WET	WET-deta	PlAb
WET	WET-ga	SgKom
WET	WET-ks	SgTr
WET	WET-l	SgAd
WET	WET-le	SgAll
WET	WET-lt	SgAbl
WET	WET-na	SgEs
WET	WET-ni	SgTer
WET	WET-s	SgIn
WET	WET-sid	PlP
WET	WET-sse	SgIll
WET	WET-st	SgEl
WET	WET-ta	SgAb
woke	woke-	ID
Warwickshire	Warwickshire	SgN
Warwickshire	Warwickshire'e	PlP
Warwickshire	Warwickshire'eks	PlTr
Warwickshire	Warwickshire'el	PlAd
Warwickshire	Warwickshire'ele	PlAll
Warwickshire	Warwickshire'elt	PlAbl
Warwickshire	Warwickshire'es	PlIn
Warwickshire	Warwickshire'esse	PlIll
Warwickshire	Warwickshire'est	PlEl
Warwickshire	Warwickshire'i	SgAdt
Warwickshire	Warwickshire'i	SgG
Warwickshire	Warwickshire'i	SgP
Warwickshire	Warwickshire'id	PlN
Warwickshire	Warwickshire'ide	PlG
Warwickshire	Warwickshire'idega	PlKom
Warwickshire	Warwickshire'ideks	PlTr
Warwickshire	Warwickshire'idel	PlAd
Warwickshire	Warwickshire'idele	PlAll
Warwickshire	Warwickshire'idelt	PlAbl
Warwickshire	Warwickshire'idena	PlEs
Warwickshire	Warwickshire'ideni	PlTer
Warwickshire	Warwickshire'ides	PlIn
Warwickshire	Warwickshire'idesse	PlIll
Warwickshire	Warwickshire'idest	PlEl
Warwickshire	Warwickshire'ideta	PlAb
Warwickshire	Warwickshire'iga	SgKom
Warwickshire	Warwickshire'iks	SgTr
Warwickshire	Warwickshire'il	SgAd
Warwickshire	Warwickshire'ile	SgAll
Warwickshire	Warwickshire'ilt	SgAbl
Warwickshire	Warwickshire'ina	SgEs
Warwickshire	Warwickshire'ini	SgTer
Warwickshire	Warwickshire'is	SgIn
Warwickshire	Warwickshire'isid	PlP
Warwickshire	Warwickshire'isse	SgIll
Warwickshire	Warwickshire'ist	SgEl
Warwickshire	Warwickshire'ita	SgAb
Westmorland	Westmorland	SgN
Westmorland	Westmorlande	PlP
Westmorland	Westmorlandeks	PlTr
Westmorland	Westmorlandel	PlAd
Westmorland	Westmorlandele	PlAll
Westmorland	Westmorlandelt	PlAbl
Westmorland	Westmorlandes	PlIn
Westmorland	Westmorlandesse	PlIll
Westmorland	Westmorlandest	PlEl
Westmorland	Westmorlandi	SgAdt
Westmorland	Westmorlandi	SgG
Westmorland	Westmorlandi	SgP
Westmorland	Westmorlandid	PlN
Westmorland	Westmorlandide	PlG
Westmorland	Westmorlandidega	PlKom
Westmorland	Westmorlandideks	PlTr
Westmorland	Westmorlandidel	PlAd
Westmorland	Westmorlandidele	PlAll
Westmorland	Westmorlandidelt	PlAbl
Westmorland	Westmorlandidena	PlEs
Westmorland	Westmorlandideni	PlTer
Westmorland	Westmorlandides	PlIn
Westmorland	Westmorlandidesse	PlIll
Westmorland	Westmorlandidest	PlEl
Westmorland	Westmorlandideta	PlAb
Westmorland	Westmorlandiga	SgKom
Westmorland	Westmorlandiks	SgTr
Westmorland	Westmorlandil	SgAd
Westmorland	Westmorlandile	SgAll
Westmorland	Westmorlandilt	SgAbl
Westmorland	Westmorlandina	SgEs
Westmorland	Westmorlandini	SgTer
Westmorland	Westmorlandis	SgIn
Westmorland	Westmorlandisid	PlP
Westmorland	Westmorlandisse	SgIll
Westmorland	Westmorlandist	SgEl
Westmorland	Westmorlandita	SgAb
Worcestershire	Worcestershire	SgN
Worcestershire	Worcestershire'e	PlP
Worcestershire	Worcestershire'eks	PlTr
Worcestershire	Worcestershire'el	PlAd
Worcestershire	Worcestershire'ele	PlAll
Worcestershire	Worcestershire'elt	PlAbl
Worcestershire	Worcestershire'es	PlIn
Worcestershire	Worcestershire'esse	PlIll
Worcestershire	Worcestershire'est	PlEl
Worcestershire	Worcestershire'i	SgAdt
Worcestershire	Worcestershire'i	SgG
Worcestershire	Worcestershire'i	SgP
Worcestershire	Worcestershire'id	PlN
Worcestershire	Worcestershire'ide	PlG
Worcestershire	Worcestershire'idega	PlKom
Worcestershire	Worcestershire'ideks	PlTr
Worcestershire	Worcestershire'idel	PlAd
Worcestershire	Worcestershire'idele	PlAll
Worcestershire	Worcestershire'idelt	PlAbl
Worcestershire	Worcestershire'idena	PlEs
Worcestershire	Worcestershire'ideni	PlTer
Worcestershire	Worcestershire'ides	PlIn
Worcestershire	Worcestershire'idesse	PlIll
Worcestershire	Worcestershire'idest	PlEl
Worcestershire	Worcestershire'ideta	PlAb
Worcestershire	Worcestershire'iga	SgKom
Worcestershire	Worcestershire'iks	SgTr
Worcestershire	Worcestershire'il	SgAd
Worcestershire	Worcestershire'ile	SgAll
Worcestershire	Worcestershire'ilt	SgAbl
Worcestershire	Worcestershire'ina	SgEs
Worcestershire	Worcestershire'ini	SgTer
Worcestershire	Worcestershire'is	SgIn
Worcestershire	Worcestershire'isid	PlP
Worcestershire	Worcestershire'isse	SgIll
Worcestershire	Worcestershire'ist	SgEl
Worcestershire	Worcestershire'ita	SgAb
Wolverhampton	Wolverhampton	SgAdt
Wolverhampton	Wolverhampton	SgN
Wolverhampton	Wolverhamptoneid	PlP
Wolverhampton	Wolverhamptoneiks	PlTr
Wolverhampton	Wolverhamptoneil	PlAd
Wolverhampton	Wolverhamptoneile	PlAll
Wolverhampton	Wolverhamptoneilt	PlAbl
Wolverhampton	Wolverhamptoneis	PlIn
Wolverhampton	Wolverhamptoneisse	PlIll
Wolverhampton	Wolverhamptoneist	PlEl
Wolverhampton	Wolverhamptoni	SgG
Wolverhampton	Wolverhamptonid	PlN
Wolverhampton	Wolverhamptoniga	SgKom
Wolverhampton	Wolverhamptoniks	SgTr
Wolverhampton	Wolverhamptonil	SgAd
Wolverhampton	Wolverhamptonile	SgAll
Wolverhampton	Wolverhamptonilt	SgAbl
Wolverhampton	Wolverhamptonina	SgEs
Wolverhampton	Wolverhamptonini	SgTer
Wolverhampton	Wolverhamptonis	SgIn
Wolverhampton	Wolverhamptonisse	SgIll
Wolverhampton	Wolverhamptonist	SgEl
Wolverhampton	Wolverhamptonit	SgP
Wolverhampton	Wolverhamptonita	SgAb
Wolverhampton	Wolverhamptonite	PlG
Wolverhampton	Wolverhamptonitega	PlKom
Wolverhampton	Wolverhamptoniteks	PlTr
Wolverhampton	Wolverhamptonitel	PlAd
Wolverhampton	Wolverhamptonitele	PlAll
Wolverhampton	Wolverhamptonitelt	PlAbl
Wolverhampton	Wolverhamptonitena	PlEs
Wolverhampton	Wolverhamptoniteni	PlTer
Wolverhampton	Wolverhamptonites	PlIn
Wolverhampton	Wolverhamptonitesse	PlIll
Wolverhampton	Wolverhamptonitest	PlEl
Wolverhampton	Wolverhamptoniteta	PlAb
Westminster	Westminster	SgAdt
Westminster	Westminster	SgN
Westminster	Westminstereid	PlP
Westminster	Westminstereiks	PlTr
Westminster	Westminstereil	PlAd
Westminster	Westminstereile	PlAll
Westminster	Westminstereilt	PlAbl
Westminster	Westminstereis	PlIn
Westminster	Westminstereisse	PlIll
Westminster	Westminstereist	PlEl
Westminster	Westminsteri	SgG
Westminster	Westminsterid	PlN
Westminster	Westminsteriga	SgKom
Westminster	Westminsteriks	SgTr
Westminster	Westminsteril	SgAd
Westminster	Westminsterile	SgAll
Westminster	Westminsterilt	SgAbl
Westminster	Westminsterina	SgEs
Westminster	Westminsterini	SgTer
Westminster	Westminsteris	SgIn
Westminster	Westminsterisse	SgIll
Westminster	Westminsterist	SgEl
Westminster	Westminsterit	SgP
Westminster	Westminsterita	SgAb
Westminster	Westminsterite	PlG
Westminster	Westminsteritega	PlKom
Westminster	Westminsteriteks	PlTr
Westminster	Westminsteritel	PlAd
Westminster	Westminsteritele	PlAll
Westminster	Westminsteritelt	PlAbl
Westminster	Westminsteritena	PlEs
Westminster	Westminsteriteni	PlTer
Westminster	Westminsterites	PlIn
Westminster	Westminsteritesse	PlIll
Westminster	Westminsteritest	PlEl
Westminster	Westminsteriteta	PlAb
Wimbledon	Wimbledon	SgN
Wimbledon	Wimbledone	PlP
Wimbledon	Wimbledoneks	PlTr
Wimbledon	Wimbledonel	PlAd
Wimbledon	Wimbledonele	PlAll
Wimbledon	Wimbledonelt	PlAbl
Wimbledon	Wimbledones	PlIn
Wimbledon	Wimbledonesse	PlIll
Wimbledon	Wimbledonest	PlEl
Wimbledon	Wimbledoni	SgAdt
Wimbledon	Wimbledoni	SgG
Wimbledon	Wimbledoni	SgP
Wimbledon	Wimbledonid	PlN
Wimbledon	Wimbledonide	PlG
Wimbledon	Wimbledonidega	PlKom
Wimbledon	Wimbledonideks	PlTr
Wimbledon	Wimbledonidel	PlAd
Wimbledon	Wimbledonidele	PlAll
Wimbledon	Wimbledonidelt	PlAbl
Wimbledon	Wimbledonidena	PlEs
Wimbledon	Wimbledonideni	PlTer
Wimbledon	Wimbledonides	PlIn
Wimbledon	Wimbledonidesse	PlIll
Wimbledon	Wimbledonidest	PlEl
Wimbledon	Wimbledonideta	PlAb
Wimbledon	Wimbledoniga	SgKom
Wimbledon	Wimbledoniks	SgTr
Wimbledon	Wimbledonil	SgAd
Wimbledon	Wimbledonile	SgAll
Wimbledon	Wimbledonilt	SgAbl
Wimbledon	Wimbledonina	SgEs
Wimbledon	Wimbledonini	SgTer
Wimbledon	Wimbledonis	SgIn
Wimbledon	Wimbledonisse	SgIll
Wimbledon	Wimbledonist	SgEl
Wimbledon	Wimbledonita	SgAb
Wrexham	Wrexham	SgAdt
Wrexham	Wrexham	SgN
Wrexham	Wrexhameid	PlP
Wrexham	Wrexhameiks	PlTr
Wrexham	Wrexhameil	PlAd
Wrexham	Wrexhameile	PlAll
Wrexham	Wrexhameilt	PlAbl
Wrexham	Wrexhameis	PlIn
Wrexham	Wrexhameisse	PlIll
Wrexham	Wrexhameist	PlEl
Wrexham	Wrexhami	SgG
Wrexham	Wrexhamid	PlN
Wrexham	Wrexhamiga	SgKom
Wrexham	Wrexhamiks	SgTr
Wrexham	Wrexhamil	SgAd
Wrexham	Wrexhamile	SgAll
Wrexham	Wrexhamilt	SgAbl
Wrexham	Wrexhamina	SgEs
Wrexham	Wrexhamini	SgTer
Wrexham	Wrexhamis	SgIn
Wrexham	Wrexhamisse	SgIll
Wrexham	Wrexhamist	SgEl
Wrexham	Wrexhamit	SgP
Wrexham	Wrexhamita	SgAb
Wrexham	Wrexhamite	PlG
Wrexham	Wrexhamitega	PlKom
Wrexham	Wrexhamiteks	PlTr
Wrexham	Wrexhamitel	PlAd
Wrexham	Wrexhamitele	PlAll
Wrexham	Wrexhamitelt	PlAbl
Wrexham	Wrexhamitena	PlEs
Wrexham	Wrexhamiteni	PlTer
Wrexham	Wrexhamites	PlIn
Wrexham	Wrexhamitesse	PlIll
Wrexham	Wrexhamitest	PlEl
Wrexham	Wrexhamiteta	PlAb
W	W	SgAdt
W	W	SgG
W	W	SgN
W	Wd	PlN
W	Wd	SgP
W	Wde	PlG
W	Wdega	PlKom
W	Wdeks	PlTr
W	Wdel	PlAd
W	Wdele	PlAll
W	Wdelt	PlAbl
W	Wdena	PlEs
W	Wdeni	PlTer
W	Wdes	PlIn
W	Wdesse	PlIll
W	Wdest	PlEl
W	Wdeta	PlAb
W	Wga	SgKom
W	Wks	SgTr
W	Wl	SgAd
W	Wle	SgAll
W	Wlt	SgAbl
W	Wna	SgEs
W	Wni	SgTer
W	Ws	SgIn
W	Wsid	PlP
W	Wsse	SgIll
W	Wst	SgEl
W	Wta	SgAb
Waddenzee	Waddenzee	SgAdt
Waddenzee	Waddenzee	SgG
Waddenzee	Waddenzee	SgN
Waddenzee	Waddenzeed	PlN
Waddenzee	Waddenzeed	SgP
Waddenzee	Waddenzeede	PlG
Waddenzee	Waddenzeedega	PlKom
Waddenzee	Waddenzeedeks	PlTr
Waddenzee	Waddenzeedel	PlAd
Waddenzee	Waddenzeedele	PlAll
Waddenzee	Waddenzeedelt	PlAbl
Waddenzee	Waddenzeedena	PlEs
Waddenzee	Waddenzeedeni	PlTer
Waddenzee	Waddenzeedes	PlIn
Waddenzee	Waddenzeedesse	PlIll
Waddenzee	Waddenzeedest	PlEl
Waddenzee	Waddenzeedeta	PlAb
Waddenzee	Waddenzeega	SgKom
Waddenzee	Waddenzeeks	SgTr
Waddenzee	Waddenzeel	SgAd
Waddenzee	Waddenzeele	SgAll
Waddenzee	Waddenzeelt	SgAbl
Waddenzee	Waddenzeena	SgEs
Waddenzee	Waddenzeeni	SgTer
Waddenzee	Waddenzees	SgIn
Waddenzee	Waddenzeesid	PlP
Waddenzee	Waddenzeesse	SgIll
Waddenzee	Waddenzeest	SgEl
Waddenzee	Waddenzeeta	SgAb
Wavre	Wavre	SgN
Wavre	Wavre'e	PlP
Wavre	Wavre'eks	PlTr
Wavre	Wavre'el	PlAd
Wavre	Wavre'ele	PlAll
Wavre	Wavre'elt	PlAbl
Wavre	Wavre'es	PlIn
Wavre	Wavre'esse	PlIll
Wavre	Wavre'est	PlEl
Wavre	Wavre'i	SgAdt
Wavre	Wavre'i	SgG
Wavre	Wavre'i	SgP
Wavre	Wavre'id	PlN
Wavre	Wavre'ide	PlG
Wavre	Wavre'idega	PlKom
Wavre	Wavre'ideks	PlTr
Wavre	Wavre'idel	PlAd
Wavre	Wavre'idele	PlAll
Wavre	Wavre'idelt	PlAbl
Wavre	Wavre'idena	PlEs
Wavre	Wavre'ideni	PlTer
Wavre	Wavre'ides	PlIn
Wavre	Wavre'idesse	PlIll
Wavre	Wavre'idest	PlEl
Wavre	Wavre'ideta	PlAb
Wavre	Wavre'iga	SgKom
Wavre	Wavre'iks	SgTr
Wavre	Wavre'il	SgAd
Wavre	Wavre'ile	SgAll
Wavre	Wavre'ilt	SgAbl
Wavre	Wavre'ina	SgEs
Wavre	Wavre'ini	SgTer
Wavre	Wavre'is	SgIn
Wavre	Wavre'isid	PlP
Wavre	Wavre'isse	SgIll
Wavre	Wavre'ist	SgEl
Wavre	Wavre'ita	SgAb
Wakayama	Wakayama	SgAdt
Wakayama	Wakayama	SgG
Wakayama	Wakayama	SgN
Wakayama	Wakayamad	PlN
Wakayama	Wakayamade	PlG
Wakayama	Wakayamadega	PlKom
Wakayama	Wakayamadeks	PlTr
Wakayama	Wakayamadel	PlAd
Wakayama	Wakayamadele	PlAll
Wakayama	Wakayamadelt	PlAbl
Wakayama	Wakayamadena	PlEs
Wakayama	Wakayamadeni	PlTer
Wakayama	Wakayamades	PlIn
Wakayama	Wakayamadesse	PlIll
Wakayama	Wakayamadest	PlEl
Wakayama	Wakayamadeta	PlAb
Wakayama	Wakayamaga	SgKom
Wakayama	Wakayamaks	SgTr
Wakayama	Wakayamal	SgAd
Wakayama	Wakayamale	SgAll
Wakayama	Wakayamalt	SgAbl
Wakayama	Wakayamana	SgEs
Wakayama	Wakayamani	SgTer
Wakayama	Wakayamas	SgIn
Wakayama	Wakayamasid	PlP
Wakayama	Wakayamasse	SgIll
Wakayama	Wakayamast	SgEl
Wakayama	Wakayamat	SgP
Wakayama	Wakayamata	SgAb
Waterford	Waterford	SgN
Waterford	Waterforde	PlP
Waterford	Waterfordeks	PlTr
Waterford	Waterfordel	PlAd
Waterford	Waterfordele	PlAll
Waterford	Waterfordelt	PlAbl
Waterford	Waterfordes	PlIn
Waterford	Waterfordesse	PlIll
Waterford	Waterfordest	PlEl
Waterford	Waterfordi	SgAdt
Waterford	Waterfordi	SgG
Waterford	Waterfordi	SgP
Waterford	Waterfordid	PlN
Waterford	Waterfordide	PlG
Waterford	Waterfordidega	PlKom
Waterford	Waterfordideks	PlTr
Waterford	Waterfordidel	PlAd
Waterford	Waterfordidele	PlAll
Waterford	Waterfordidelt	PlAbl
Waterford	Waterfordidena	PlEs
Waterford	Waterfordideni	PlTer
Waterford	Waterfordides	PlIn
Waterford	Waterfordidesse	PlIll
Waterford	Waterfordidest	PlEl
Waterford	Waterfordideta	PlAb
Waterford	Waterfordiga	SgKom
Waterford	Waterfordiks	SgTr
Waterford	Waterfordil	SgAd
Waterford	Waterfordile	SgAll
Waterford	Waterfordilt	SgAbl
Waterford	Waterfordina	SgEs
Waterford	Waterfordini	SgTer
Waterford	Waterfordis	SgIn
Waterford	Waterfordisid	PlP
Waterford	Waterfordisse	SgIll
Waterford	Waterfordist	SgEl
Waterford	Waterfordita	SgAb
Westmeath	Westmeath	SgN
Westmeath	Westmeathe	PlP
Westmeath	Westmeatheks	PlTr
Westmeath	Westmeathel	PlAd
Westmeath	Westmeathele	PlAll
Westmeath	Westmeathelt	PlAbl
Westmeath	Westmeathes	PlIn
Westmeath	Westmeathesse	PlIll
Westmeath	Westmeathest	PlEl
Westmeath	Westmeathi	SgAdt
Westmeath	Westmeathi	SgG
Westmeath	Westmeathi	SgP
Westmeath	Westmeathid	PlN
Westmeath	Westmeathide	PlG
Westmeath	Westmeathidega	PlKom
Westmeath	Westmeathideks	PlTr
Westmeath	Westmeathidel	PlAd
Westmeath	Westmeathidele	PlAll
Westmeath	Westmeathidelt	PlAbl
Westmeath	Westmeathidena	PlEs
Westmeath	Westmeathideni	PlTer
Westmeath	Westmeathides	PlIn
Westmeath	Westmeathidesse	PlIll
Westmeath	Westmeathidest	PlEl
Westmeath	Westmeathideta	PlAb
Westmeath	Westmeathiga	SgKom
Westmeath	Westmeathiks	SgTr
Westmeath	Westmeathil	SgAd
Westmeath	Westmeathile	SgAll
Westmeath	Westmeathilt	SgAbl
Westmeath	Westmeathina	SgEs
Westmeath	Westmeathini	SgTer
Westmeath	Westmeathis	SgIn
Westmeath	Westmeathisid	PlP
Westmeath	Westmeathisse	SgIll
Westmeath	Westmeathist	SgEl
Westmeath	Westmeathita	SgAb
Wexford	Wexford	SgN
Wexford	Wexforde	PlP
Wexford	Wexfordeks	PlTr
Wexford	Wexfordel	PlAd
Wexford	Wexfordele	PlAll
Wexford	Wexfordelt	PlAbl
Wexford	Wexfordes	PlIn
Wexford	Wexfordesse	PlIll
Wexford	Wexfordest	PlEl
Wexford	Wexfordi	SgAdt
Wexford	Wexfordi	SgG
Wexford	Wexfordi	SgP
Wexford	Wexfordid	PlN
Wexford	Wexfordide	PlG
Wexford	Wexfordidega	PlKom
Wexford	Wexfordideks	PlTr
Wexford	Wexfordidel	PlAd
Wexford	Wexfordidele	PlAll
Wexford	Wexfordidelt	PlAbl
Wexford	Wexfordidena	PlEs
Wexford	Wexfordideni	PlTer
Wexford	Wexfordides	PlIn
Wexford	Wexfordidesse	PlIll
Wexford	Wexfordidest	PlEl
Wexford	Wexfordideta	PlAb
Wexford	Wexfordiga	SgKom
Wexford	Wexfordiks	SgTr
Wexford	Wexfordil	SgAd
Wexford	Wexfordile	SgAll
Wexford	Wexfordilt	SgAbl
Wexford	Wexfordina	SgEs
Wexford	Wexfordini	SgTer
Wexford	Wexfordis	SgIn
Wexford	Wexfordisid	PlP
Wexford	Wexfordisse	SgIll
Wexford	Wexfordist	SgEl
Wexford	Wexfordita	SgAb
Wicklow	Wicklow	SgN
Wicklow	Wicklow'	SgAdt
Wicklow	Wicklow'	SgG
Wicklow	Wicklow'd	PlN
Wicklow	Wicklow'd	SgP
Wicklow	Wicklow'de	PlG
Wicklow	Wicklow'dega	PlKom
Wicklow	Wicklow'deks	PlTr
Wicklow	Wicklow'del	PlAd
Wicklow	Wicklow'dele	PlAll
Wicklow	Wicklow'delt	PlAbl
Wicklow	Wicklow'dena	PlEs
Wicklow	Wicklow'deni	PlTer
Wicklow	Wicklow'des	PlIn
Wicklow	Wicklow'desse	PlIll
Wicklow	Wicklow'dest	PlEl
Wicklow	Wicklow'deta	PlAb
Wicklow	Wicklow'ga	SgKom
Wicklow	Wicklow'ks	SgTr
Wicklow	Wicklow'l	SgAd
Wicklow	Wicklow'le	SgAll
Wicklow	Wicklow'lt	SgAbl
Wicklow	Wicklow'na	SgEs
Wicklow	Wicklow'ni	SgTer
Wicklow	Wicklow's	SgIn
Wicklow	Wicklow'sid	PlP
Wicklow	Wicklow'sse	SgIll
Wicklow	Wicklow'st	SgEl
Wicklow	Wicklow'ta	SgAb
Wichita	Wichita	SgAdt
Wichita	Wichita	SgG
Wichita	Wichita	SgN
Wichita	Wichitad	PlN
Wichita	Wichitad	SgP
Wichita	Wichitade	PlG
Wichita	Wichitadega	PlKom
Wichita	Wichitadeks	PlTr
Wichita	Wichitadel	PlAd
Wichita	Wichitadele	PlAll
Wichita	Wichitadelt	PlAbl
Wichita	Wichitadena	PlEs
Wichita	Wichitadeni	PlTer
Wichita	Wichitades	PlIn
Wichita	Wichitadesse	PlIll
Wichita	Wichitadest	PlEl
Wichita	Wichitadeta	PlAb
Wichita	Wichitaga	SgKom
Wichita	Wichitaks	SgTr
Wichita	Wichital	SgAd
Wichita	Wichitale	SgAll
Wichita	Wichitalt	SgAbl
Wichita	Wichitana	SgEs
Wichita	Wichitani	SgTer
Wichita	Wichitas	SgIn
Wichita	Wichitasid	PlP
Wichita	Wichitasse	SgIll
Wichita	Wichitast	SgEl
Wichita	Wichitata	SgAb
Weddelli meri	Weddelli merd	SgP
Weddelli meri	Weddelli mere	SgG
Weddelli meri	Weddelli merega	SgKom
Weddelli meri	Weddelli mereks	SgTr
Weddelli meri	Weddelli merel	SgAd
Weddelli meri	Weddelli merele	SgAll
Weddelli meri	Weddelli merelt	SgAbl
Weddelli meri	Weddelli merena	SgEs
Weddelli meri	Weddelli mereni	SgTer
Weddelli meri	Weddelli meres	SgIn
Weddelli meri	Weddelli meresse	SgIll
Weddelli meri	Weddelli merest	SgEl
Weddelli meri	Weddelli mereta	SgAb
Weddelli meri	Weddelli meri	SgN
Weddelli meri	Weddelli merre	SgAdt
WTF	WTF	SgAdt
WTF	WTF	SgG
WTF	WTF	SgN
WTF	WTF	SgP
WTF	WTF-d	PlN
WTF	WTF-de	PlG
WTF	WTF-dega	PlKom
WTF	WTF-deks	PlTr
WTF	WTF-del	PlAd
WTF	WTF-dele	PlAll
WTF	WTF-delt	PlAbl
WTF	WTF-dena	PlEs
WTF	WTF-deni	PlTer
WTF	WTF-des	PlIn
WTF	WTF-desse	PlIll
WTF	WTF-dest	PlEl
WTF	WTF-deta	PlAb
WTF	WTF-ga	SgKom
WTF	WTF-ks	SgTr
WTF	WTF-l	SgAd
WTF	WTF-le	SgAll
WTF	WTF-lt	SgAbl
WTF	WTF-na	SgEs
WTF	WTF-ni	SgTer
WTF	WTF-s	SgIn
WTF	WTF-sid	PlP
WTF	WTF-sse	SgIll
WTF	WTF-st	SgEl
WTF	WTF-ta	SgAb
Warmia	Warmia	SgAdt
Warmia	Warmia	SgG
Warmia	Warmia	SgN
Warmia	Warmiad	PlN
Warmia	Warmiaga	SgKom
Warmia	Warmiaid	PlP
Warmia	Warmiaiks	PlTr
Warmia	Warmiail	PlAd
Warmia	Warmiaile	PlAll
Warmia	Warmiailt	PlAbl
Warmia	Warmiais	PlIn
Warmia	Warmiaisse	PlIll
Warmia	Warmiaist	PlEl
Warmia	Warmiaks	SgTr
Warmia	Warmial	SgAd
Warmia	Warmiale	SgAll
Warmia	Warmialt	SgAbl
Warmia	Warmiana	SgEs
Warmia	Warmiani	SgTer
Warmia	Warmias	SgIn
Warmia	Warmiasse	SgIll
Warmia	Warmiast	SgEl
Warmia	Warmiat	SgP
Warmia	Warmiata	SgAb
Warmia	Warmiate	PlG
Warmia	Warmiatega	PlKom
Warmia	Warmiateks	PlTr
Warmia	Warmiatel	PlAd
Warmia	Warmiatele	PlAll
Warmia	Warmiatelt	PlAbl
Warmia	Warmiatena	PlEs
Warmia	Warmiateni	PlTer
Warmia	Warmiates	PlIn
Warmia	Warmiatesse	PlIll
Warmia	Warmiatest	PlEl
Warmia	Warmiateta	PlAb
