lemma	form	morph_code
z	z	SgN
z	ze	PlP
z	zeks	PlTr
z	zel	PlAd
z	zele	PlAll
z	zelt	PlAbl
z	zes	PlIn
z	zesse	PlIll
z	zest	PlEl
z	zi	SgAdt
z	zi	SgG
z	zi	SgP
z	zid	PlN
z	zide	PlG
z	zidega	PlKom
z	zideks	PlTr
z	zidel	PlAd
z	zidele	PlAll
z	zidelt	PlAbl
z	zidena	PlEs
z	zideni	PlTer
z	zides	PlIn
z	zidesse	PlIll
z	zidest	PlEl
z	zideta	PlAb
z	ziga	SgKom
z	ziks	SgTr
z	zil	SgAd
z	zile	SgAll
z	zilt	SgAbl
z	zina	SgEs
z	zini	SgTer
z	zis	SgIn
z	zisid	PlP
z	zisse	SgIll
z	zist	SgEl
z	zita	SgAb
zabaglione	zabaglione	SgAdt
zabaglione	zabaglione	SgG
zabaglione	zabaglione	SgN
zabaglione	zabaglione'd	PlN
zabaglione	zabaglione'de	PlG
zabaglione	zabaglione'dega	PlKom
zabaglione	zabaglione'deks	PlTr
zabaglione	zabaglione'del	PlAd
zabaglione	zabaglione'dele	PlAll
zabaglione	zabaglione'delt	PlAbl
zabaglione	zabaglione'dena	PlEs
zabaglione	zabaglione'deni	PlTer
zabaglione	zabaglione'des	PlIn
zabaglione	zabaglione'desse	PlIll
zabaglione	zabaglione'dest	PlEl
zabaglione	zabaglione'deta	PlAb
zabaglione	zabaglione'ga	SgKom
zabaglione	zabaglione'ks	SgTr
zabaglione	zabaglione'l	SgAd
zabaglione	zabaglione'le	SgAll
zabaglione	zabaglione'lt	SgAbl
zabaglione	zabaglione'na	SgEs
zabaglione	zabaglione'ni	SgTer
zabaglione	zabaglione's	SgIn
zabaglione	zabaglione'sid	PlP
zabaglione	zabaglione'sse	SgIll
zabaglione	zabaglione'st	SgEl
zabaglione	zabaglione't	SgP
zabaglione	zabaglione'ta	SgAb
Zambezi	Zambezi	SgAdt
Zambezi	Zambezi	SgG
Zambezi	Zambezi	SgN
Zambezi	Zambezid	PlN
Zambezi	Zambezide	PlG
Zambezi	Zambezidega	PlKom
Zambezi	Zambezideks	PlTr
Zambezi	Zambezidel	PlAd
Zambezi	Zambezidele	PlAll
Zambezi	Zambezidelt	PlAbl
Zambezi	Zambezidena	PlEs
Zambezi	Zambezideni	PlTer
Zambezi	Zambezides	PlIn
Zambezi	Zambezidesse	PlIll
Zambezi	Zambezidest	PlEl
Zambezi	Zambezideta	PlAb
Zambezi	Zambeziga	SgKom
Zambezi	Zambeziks	SgTr
Zambezi	Zambezil	SgAd
Zambezi	Zambezile	SgAll
Zambezi	Zambezilt	SgAbl
Zambezi	Zambezina	SgEs
Zambezi	Zambezini	SgTer
Zambezi	Zambezis	SgIn
Zambezi	Zambezisid	PlP
Zambezi	Zambezisse	SgIll
Zambezi	Zambezist	SgEl
Zambezi	Zambezit	SgP
Zambezi	Zambezita	SgAb
zaporoožlane	-	SgAdt
zaporoožlane	zaporoožlane	SgN
zaporoožlane	zaporoožlase	SgG
zaporoožlane	zaporoožlased	PlN
zaporoožlane	zaporoožlasega	SgKom
zaporoožlane	zaporoožlaseid	PlP
zaporoožlane	zaporoožlaseiks	PlTr
zaporoožlane	zaporoožlaseil	PlAd
zaporoožlane	zaporoožlaseile	PlAll
zaporoožlane	zaporoožlaseilt	PlAbl
zaporoožlane	zaporoožlaseis	PlIn
zaporoožlane	zaporoožlaseisse	PlIll
zaporoožlane	zaporoožlaseist	PlEl
zaporoožlane	zaporoožlaseks	SgTr
zaporoožlane	zaporoožlasel	SgAd
zaporoožlane	zaporoožlasele	SgAll
zaporoožlane	zaporoožlaselt	SgAbl
zaporoožlane	zaporoožlasena	SgEs
zaporoožlane	zaporoožlaseni	SgTer
zaporoožlane	zaporoožlases	SgIn
zaporoožlane	zaporoožlasesse	SgIll
zaporoožlane	zaporoožlasest	SgEl
zaporoožlane	zaporoožlaseta	SgAb
zaporoožlane	zaporoožlasi	PlP
zaporoožlane	zaporoožlasiks	PlTr
zaporoožlane	zaporoožlasil	PlAd
zaporoožlane	zaporoožlasile	PlAll
zaporoožlane	zaporoožlasilt	PlAbl
zaporoožlane	zaporoožlasis	PlIn
zaporoožlane	zaporoožlasisse	PlIll
zaporoožlane	zaporoožlasist	PlEl
zaporoožlane	zaporoožlasse	SgAdt
zaporoožlane	zaporoožlast	SgP
zaporoožlane	zaporoožlaste	PlG
zaporoožlane	zaporoožlastega	PlKom
zaporoožlane	zaporoožlasteks	PlTr
zaporoožlane	zaporoožlastel	PlAd
zaporoožlane	zaporoožlastele	PlAll
zaporoožlane	zaporoožlastelt	PlAbl
zaporoožlane	zaporoožlastena	PlEs
zaporoožlane	zaporoožlasteni	PlTer
zaporoožlane	zaporoožlastes	PlIn
zaporoožlane	zaporoožlastesse	PlIll
zaporoožlane	zaporoožlastest	PlEl
zaporoožlane	zaporoožlasteta	PlAb
zemštšina	-	SgAdt
zemštšina	zemštšina	SgG
zemštšina	zemštšina	SgN
zemštšina	zemštšinad	PlN
zemštšina	zemštšinaga	SgKom
zemštšina	zemštšinaid	PlP
zemštšina	zemštšinaiks	PlTr
zemštšina	zemštšinail	PlAd
zemštšina	zemštšinaile	PlAll
zemštšina	zemštšinailt	PlAbl
zemštšina	zemštšinais	PlIn
zemštšina	zemštšinaisse	PlIll
zemštšina	zemštšinaist	PlEl
zemštšina	zemštšinaks	SgTr
zemštšina	zemštšinal	SgAd
zemštšina	zemštšinale	SgAll
zemštšina	zemštšinalt	SgAbl
zemštšina	zemštšinana	SgEs
zemštšina	zemštšinani	SgTer
zemštšina	zemštšinas	SgIn
zemštšina	zemštšinasse	SgIll
zemštšina	zemštšinast	SgEl
zemštšina	zemštšinat	SgP
zemštšina	zemštšinata	SgAb
zemštšina	zemštšinate	PlG
zemštšina	zemštšinatega	PlKom
zemštšina	zemštšinateks	PlTr
zemštšina	zemštšinatel	PlAd
zemštšina	zemštšinatele	PlAll
zemštšina	zemštšinatelt	PlAbl
zemštšina	zemštšinatena	PlEs
zemštšina	zemštšinateni	PlTer
zemštšina	zemštšinates	PlIn
zemštšina	zemštšinatesse	PlIll
zemštšina	zemštšinatest	PlEl
zemštšina	zemštšinateta	PlAb
zen	zen	SgN
zen	zen'e	PlP
zen	zen'eks	PlTr
zen	zen'el	PlAd
zen	zen'ele	PlAll
zen	zen'elt	PlAbl
zen	zen'es	PlIn
zen	zen'esse	PlIll
zen	zen'est	PlEl
zen	zen'i	SgAdt
zen	zen'i	SgG
zen	zen'i	SgP
zen	zen'id	PlN
zen	zen'ide	PlG
zen	zen'idega	PlKom
zen	zen'ideks	PlTr
zen	zen'idel	PlAd
zen	zen'idele	PlAll
zen	zen'idelt	PlAbl
zen	zen'idena	PlEs
zen	zen'ideni	PlTer
zen	zen'ides	PlIn
zen	zen'idesse	PlIll
zen	zen'idest	PlEl
zen	zen'ideta	PlAb
zen	zen'iga	SgKom
zen	zen'iks	SgTr
zen	zen'il	SgAd
zen	zen'ile	SgAll
zen	zen'ilt	SgAbl
zen	zen'ina	SgEs
zen	zen'ini	SgTer
zen	zen'is	SgIn
zen	zen'isid	PlP
zen	zen'isse	SgIll
zen	zen'ist	SgEl
zen	zen'ita	SgAb
zen-budism	zen-budism	SgN
zen-budism	zen-budisme	PlP
zen-budism	zen-budismeks	PlTr
zen-budism	zen-budismel	PlAd
zen-budism	zen-budismele	PlAll
zen-budism	zen-budismelt	PlAbl
zen-budism	zen-budismes	PlIn
zen-budism	zen-budismesse	PlIll
zen-budism	zen-budismest	PlEl
zen-budism	zen-budismi	SgAdt
zen-budism	zen-budismi	SgG
zen-budism	zen-budismi	SgP
zen-budism	zen-budismid	PlN
zen-budism	zen-budismide	PlG
zen-budism	zen-budismidega	PlKom
zen-budism	zen-budismideks	PlTr
zen-budism	zen-budismidel	PlAd
zen-budism	zen-budismidele	PlAll
zen-budism	zen-budismidelt	PlAbl
zen-budism	zen-budismidena	PlEs
zen-budism	zen-budismideni	PlTer
zen-budism	zen-budismides	PlIn
zen-budism	zen-budismidesse	PlIll
zen-budism	zen-budismidest	PlEl
zen-budism	zen-budismideta	PlAb
zen-budism	zen-budismiga	SgKom
zen-budism	zen-budismiks	SgTr
zen-budism	zen-budismil	SgAd
zen-budism	zen-budismile	SgAll
zen-budism	zen-budismilt	SgAbl
zen-budism	zen-budismina	SgEs
zen-budism	zen-budismini	SgTer
zen-budism	zen-budismis	SgIn
zen-budism	zen-budismisid	PlP
zen-budism	zen-budismisse	SgIll
zen-budism	zen-budismist	SgEl
zen-budism	zen-budismita	SgAb
zen-budistlik	zen-budistlik	SgN
zen-budistlik	zen-budistlike	PlG
zen-budistlik	zen-budistlikega	PlKom
zen-budistlik	zen-budistlikeks	PlTr
zen-budistlik	zen-budistlikel	PlAd
zen-budistlik	zen-budistlikele	PlAll
zen-budistlik	zen-budistlikelt	PlAbl
zen-budistlik	zen-budistlikena	PlEs
zen-budistlik	zen-budistlikeni	PlTer
zen-budistlik	zen-budistlikes	PlIn
zen-budistlik	zen-budistlikesse	PlIll
zen-budistlik	zen-budistlikest	PlEl
zen-budistlik	zen-budistliketa	PlAb
zen-budistlik	zen-budistlikke	PlP
zen-budistlik	zen-budistlikku	SgAdt
zen-budistlik	zen-budistlikku	SgP
zen-budistlik	zen-budistlikkude	PlG
zen-budistlik	zen-budistlikkudega	PlKom
zen-budistlik	zen-budistlikkudeks	PlTr
zen-budistlik	zen-budistlikkudel	PlAd
zen-budistlik	zen-budistlikkudele	PlAll
zen-budistlik	zen-budistlikkudelt	PlAbl
zen-budistlik	zen-budistlikkudena	PlEs
zen-budistlik	zen-budistlikkudeni	PlTer
zen-budistlik	zen-budistlikkudes	PlIn
zen-budistlik	zen-budistlikkudesse	PlIll
zen-budistlik	zen-budistlikkudest	PlEl
zen-budistlik	zen-budistlikkudeta	PlAb
zen-budistlik	zen-budistlikkusid	PlP
zen-budistlik	zen-budistliku	SgG
zen-budistlik	zen-budistlikud	PlN
zen-budistlik	zen-budistlikuga	SgKom
zen-budistlik	zen-budistlikuks	SgTr
zen-budistlik	zen-budistlikul	SgAd
zen-budistlik	zen-budistlikule	SgAll
zen-budistlik	zen-budistlikult	SgAbl
zen-budistlik	zen-budistlikuna	SgEs
zen-budistlik	zen-budistlikuni	SgTer
zen-budistlik	zen-budistlikus	SgIn
zen-budistlik	zen-budistlikusse	SgIll
zen-budistlik	zen-budistlikust	SgEl
zen-budistlik	zen-budistlikuta	SgAb
Zeus	Zeus	SgN
Zeus	Zeuse	PlP
Zeus	Zeuseks	PlTr
Zeus	Zeusel	PlAd
Zeus	Zeusele	PlAll
Zeus	Zeuselt	PlAbl
Zeus	Zeuses	PlIn
Zeus	Zeusesse	PlIll
Zeus	Zeusest	PlEl
Zeus	Zeusi	SgAdt
Zeus	Zeusi	SgG
Zeus	Zeusi	SgP
Zeus	Zeusid	PlN
Zeus	Zeuside	PlG
Zeus	Zeusidega	PlKom
Zeus	Zeusideks	PlTr
Zeus	Zeusidel	PlAd
Zeus	Zeusidele	PlAll
Zeus	Zeusidelt	PlAbl
Zeus	Zeusidena	PlEs
Zeus	Zeusideni	PlTer
Zeus	Zeusides	PlIn
Zeus	Zeusidesse	PlIll
Zeus	Zeusidest	PlEl
Zeus	Zeusideta	PlAb
Zeus	Zeusiga	SgKom
Zeus	Zeusiks	SgTr
Zeus	Zeusil	SgAd
Zeus	Zeusile	SgAll
Zeus	Zeusilt	SgAbl
Zeus	Zeusina	SgEs
Zeus	Zeusini	SgTer
Zeus	Zeusis	SgIn
Zeus	Zeusisid	PlP
Zeus	Zeusisse	SgIll
Zeus	Zeusist	SgEl
Zeus	Zeusita	SgAb
Z-generatsioon	Z-generatsioon	SgN
Z-generatsioon	Z-generatsioone	PlP
Z-generatsioon	Z-generatsiooneks	PlTr
Z-generatsioon	Z-generatsioonel	PlAd
Z-generatsioon	Z-generatsioonele	PlAll
Z-generatsioon	Z-generatsioonelt	PlAbl
Z-generatsioon	Z-generatsioones	PlIn
Z-generatsioon	Z-generatsioonesse	PlIll
Z-generatsioon	Z-generatsioonest	PlEl
Z-generatsioon	Z-generatsiooni	SgAdt
Z-generatsioon	Z-generatsiooni	SgG
Z-generatsioon	Z-generatsiooni	SgP
Z-generatsioon	Z-generatsioonid	PlN
Z-generatsioon	Z-generatsioonide	PlG
Z-generatsioon	Z-generatsioonidega	PlKom
Z-generatsioon	Z-generatsioonideks	PlTr
Z-generatsioon	Z-generatsioonidel	PlAd
Z-generatsioon	Z-generatsioonidele	PlAll
Z-generatsioon	Z-generatsioonidelt	PlAbl
Z-generatsioon	Z-generatsioonidena	PlEs
Z-generatsioon	Z-generatsioonideni	PlTer
Z-generatsioon	Z-generatsioonides	PlIn
Z-generatsioon	Z-generatsioonidesse	PlIll
Z-generatsioon	Z-generatsioonidest	PlEl
Z-generatsioon	Z-generatsioonideta	PlAb
Z-generatsioon	Z-generatsiooniga	SgKom
Z-generatsioon	Z-generatsiooniks	SgTr
Z-generatsioon	Z-generatsioonil	SgAd
Z-generatsioon	Z-generatsioonile	SgAll
Z-generatsioon	Z-generatsioonilt	SgAbl
Z-generatsioon	Z-generatsioonina	SgEs
Z-generatsioon	Z-generatsioonini	SgTer
Z-generatsioon	Z-generatsioonis	SgIn
Z-generatsioon	Z-generatsioonisid	PlP
Z-generatsioon	Z-generatsioonisse	SgIll
Z-generatsioon	Z-generatsioonist	SgEl
Z-generatsioon	Z-generatsioonita	SgAb
Zimbabwe	Zimbabwe	SgAdt
Zimbabwe	Zimbabwe	SgG
Zimbabwe	Zimbabwe	SgN
Zimbabwe	Zimbabwed	PlN
Zimbabwe	Zimbabwede	PlG
Zimbabwe	Zimbabwedega	PlKom
Zimbabwe	Zimbabwedeks	PlTr
Zimbabwe	Zimbabwedel	PlAd
Zimbabwe	Zimbabwedele	PlAll
Zimbabwe	Zimbabwedelt	PlAbl
Zimbabwe	Zimbabwedena	PlEs
Zimbabwe	Zimbabwedeni	PlTer
Zimbabwe	Zimbabwedes	PlIn
Zimbabwe	Zimbabwedesse	PlIll
Zimbabwe	Zimbabwedest	PlEl
Zimbabwe	Zimbabwedeta	PlAb
Zimbabwe	Zimbabwega	SgKom
Zimbabwe	Zimbabweks	SgTr
Zimbabwe	Zimbabwel	SgAd
Zimbabwe	Zimbabwele	SgAll
Zimbabwe	Zimbabwelt	SgAbl
Zimbabwe	Zimbabwena	SgEs
Zimbabwe	Zimbabweni	SgTer
Zimbabwe	Zimbabwes	SgIn
Zimbabwe	Zimbabwesid	PlP
Zimbabwe	Zimbabwesse	SgIll
Zimbabwe	Zimbabwest	SgEl
Zimbabwe	Zimbabwet	SgP
Zimbabwe	Zimbabweta	SgAb
zlott	zloteks	PlTr
zlott	zlotel	PlAd
zlott	zlotele	PlAll
zlott	zlotelt	PlAbl
zlott	zlotes	PlIn
zlott	zlotesse	PlIll
zlott	zlotest	PlEl
zlott	zloti	SgG
zlott	zlotid	PlN
zlott	zlotiga	SgKom
zlott	zlotiks	SgTr
zlott	zlotil	SgAd
zlott	zlotile	SgAll
zlott	zlotilt	SgAbl
zlott	zlotina	SgEs
zlott	zlotini	SgTer
zlott	zlotis	SgIn
zlott	zlotisse	SgIll
zlott	zlotist	SgEl
zlott	zlotita	SgAb
zlott	zlott	SgN
zlott	zlotte	PlP
zlott	zlotti	SgAdt
zlott	zlotti	SgP
zlott	zlottide	PlG
zlott	zlottidega	PlKom
zlott	zlottideks	PlTr
zlott	zlottidel	PlAd
zlott	zlottidele	PlAll
zlott	zlottidelt	PlAbl
zlott	zlottidena	PlEs
zlott	zlottideni	PlTer
zlott	zlottides	PlIn
zlott	zlottidesse	PlIll
zlott	zlottidest	PlEl
zlott	zlottideta	PlAb
zlott	zlottisid	PlP
Zn	Zn	ID
zodiaak	zodiaageks	PlTr
zodiaak	zodiaagel	PlAd
zodiaak	zodiaagele	PlAll
zodiaak	zodiaagelt	PlAbl
zodiaak	zodiaages	PlIn
zodiaak	zodiaagesse	PlIll
zodiaak	zodiaagest	PlEl
zodiaak	zodiaagi	SgG
zodiaak	zodiaagid	PlN
zodiaak	zodiaagiga	SgKom
zodiaak	zodiaagiks	SgTr
zodiaak	zodiaagil	SgAd
zodiaak	zodiaagile	SgAll
zodiaak	zodiaagilt	SgAbl
zodiaak	zodiaagina	SgEs
zodiaak	zodiaagini	SgTer
zodiaak	zodiaagis	SgIn
zodiaak	zodiaagisse	SgIll
zodiaak	zodiaagist	SgEl
zodiaak	zodiaagita	SgAb
zodiaak	zodiaak	SgN
zodiaak	zodiaake	PlP
zodiaak	zodiaaki	SgAdt
zodiaak	zodiaaki	SgP
zodiaak	zodiaakide	PlG
zodiaak	zodiaakidega	PlKom
zodiaak	zodiaakideks	PlTr
zodiaak	zodiaakidel	PlAd
zodiaak	zodiaakidele	PlAll
zodiaak	zodiaakidelt	PlAbl
zodiaak	zodiaakidena	PlEs
zodiaak	zodiaakideni	PlTer
zodiaak	zodiaakides	PlIn
zodiaak	zodiaakidesse	PlIll
zodiaak	zodiaakidest	PlEl
zodiaak	zodiaakideta	PlAb
zodiaak	zodiaakisid	PlP
zombi	-	SgAdt
zombi	zombi	SgG
zombi	zombi	SgN
zombi	zombid	PlN
zombi	zombide	PlG
zombi	zombidega	PlKom
zombi	zombideks	PlTr
zombi	zombidel	PlAd
zombi	zombidele	PlAll
zombi	zombidelt	PlAbl
zombi	zombidena	PlEs
zombi	zombideni	PlTer
zombi	zombides	PlIn
zombi	zombidesse	PlIll
zombi	zombidest	PlEl
zombi	zombideta	PlAb
zombi	zombiga	SgKom
zombi	zombiks	SgTr
zombi	zombil	SgAd
zombi	zombile	SgAll
zombi	zombilt	SgAbl
zombi	zombina	SgEs
zombi	zombini	SgTer
zombi	zombis	SgIn
zombi	zombisid	PlP
zombi	zombisse	SgIll
zombi	zombist	SgEl
zombi	zombit	SgP
zombi	zombita	SgAb
zombie	zombie	SgAdt
zombie	zombie	SgG
zombie	zombie	SgN
zombie	zombied	PlN
zombie	zombiede	PlG
zombie	zombiedega	PlKom
zombie	zombiedeks	PlTr
zombie	zombiedel	PlAd
zombie	zombiedele	PlAll
zombie	zombiedelt	PlAbl
zombie	zombiedena	PlEs
zombie	zombiedeni	PlTer
zombie	zombiedes	PlIn
zombie	zombiedesse	PlIll
zombie	zombiedest	PlEl
zombie	zombiedeta	PlAb
zombie	zombiega	SgKom
zombie	zombieks	SgTr
zombie	zombiel	SgAd
zombie	zombiele	SgAll
zombie	zombielt	SgAbl
zombie	zombiena	SgEs
zombie	zombieni	SgTer
zombie	zombies	SgIn
zombie	zombiesid	PlP
zombie	zombiesse	SgIll
zombie	zombiest	SgEl
zombie	zombiet	SgP
zombie	zombieta	SgAb
zoo	-	SgAdt
zoo	zoo	SgG
zoo	zoo	SgN
zoo	zood	PlN
zoo	zood	SgP
zoo	zoode	PlG
zoo	zoodega	PlKom
zoo	zoodeks	PlTr
zoo	zoodel	PlAd
zoo	zoodele	PlAll
zoo	zoodelt	PlAbl
zoo	zoodena	PlEs
zoo	zoodeni	PlTer
zoo	zoodes	PlIn
zoo	zoodesse	PlIll
zoo	zoodest	PlEl
zoo	zoodeta	PlAb
zoo	zooga	SgKom
zoo	zooks	SgTr
zoo	zool	SgAd
zoo	zoole	SgAll
zoo	zoolt	SgAbl
zoo	zoona	SgEs
zoo	zooni	SgTer
zoo	zoos	SgIn
zoo	zoosid	PlP
zoo	zoosse	SgIll
zoo	zoost	SgEl
zoo	zoota	SgAb
zooantroponoos	zooantroponoos	SgN
zooantroponoos	zooantroponoose	PlP
zooantroponoos	zooantroponooseks	PlTr
zooantroponoos	zooantroponoosel	PlAd
zooantroponoos	zooantroponoosele	PlAll
zooantroponoos	zooantroponooselt	PlAbl
zooantroponoos	zooantroponooses	PlIn
zooantroponoos	zooantroponoosesse	PlIll
zooantroponoos	zooantroponoosest	PlEl
zooantroponoos	zooantroponoosi	SgAdt
zooantroponoos	zooantroponoosi	SgG
zooantroponoos	zooantroponoosi	SgP
zooantroponoos	zooantroponoosid	PlN
zooantroponoos	zooantroponooside	PlG
zooantroponoos	zooantroponoosidega	PlKom
zooantroponoos	zooantroponoosideks	PlTr
zooantroponoos	zooantroponoosidel	PlAd
zooantroponoos	zooantroponoosidele	PlAll
zooantroponoos	zooantroponoosidelt	PlAbl
zooantroponoos	zooantroponoosidena	PlEs
zooantroponoos	zooantroponoosideni	PlTer
zooantroponoos	zooantroponoosides	PlIn
zooantroponoos	zooantroponoosidesse	PlIll
zooantroponoos	zooantroponoosidest	PlEl
zooantroponoos	zooantroponoosideta	PlAb
zooantroponoos	zooantroponoosiga	SgKom
zooantroponoos	zooantroponoosiks	SgTr
zooantroponoos	zooantroponoosil	SgAd
zooantroponoos	zooantroponoosile	SgAll
zooantroponoos	zooantroponoosilt	SgAbl
zooantroponoos	zooantroponoosina	SgEs
zooantroponoos	zooantroponoosini	SgTer
zooantroponoos	zooantroponoosis	SgIn
zooantroponoos	zooantroponoosisid	PlP
zooantroponoos	zooantroponoosisse	SgIll
zooantroponoos	zooantroponoosist	SgEl
zooantroponoos	zooantroponoosita	SgAb
zoobentos	-	SgAdt
zoobentos	zoobentos	SgN
zoobentos	zoobentose	SgG
zoobentos	zoobentosed	PlN
zoobentos	zoobentosega	SgKom
zoobentos	zoobentoseid	PlP
zoobentos	zoobentoseiks	PlTr
zoobentos	zoobentoseil	PlAd
zoobentos	zoobentoseile	PlAll
zoobentos	zoobentoseilt	PlAbl
zoobentos	zoobentoseis	PlIn
zoobentos	zoobentoseisse	PlIll
zoobentos	zoobentoseist	PlEl
zoobentos	zoobentoseks	SgTr
zoobentos	zoobentosel	SgAd
zoobentos	zoobentosele	SgAll
zoobentos	zoobentoselt	SgAbl
zoobentos	zoobentosena	SgEs
zoobentos	zoobentoseni	SgTer
zoobentos	zoobentoses	SgIn
zoobentos	zoobentosesse	SgIll
zoobentos	zoobentosest	SgEl
zoobentos	zoobentoseta	SgAb
zoobentos	zoobentosi	PlP
zoobentos	zoobentosiks	PlTr
zoobentos	zoobentosil	PlAd
zoobentos	zoobentosile	PlAll
zoobentos	zoobentosilt	PlAbl
zoobentos	zoobentosis	PlIn
zoobentos	zoobentosisse	PlIll
zoobentos	zoobentosist	PlEl
zoobentos	zoobentosse	SgAdt
zoobentos	zoobentost	SgP
zoobentos	zoobentoste	PlG
zoobentos	zoobentostega	PlKom
zoobentos	zoobentosteks	PlTr
zoobentos	zoobentostel	PlAd
zoobentos	zoobentostele	PlAll
zoobentos	zoobentostelt	PlAbl
zoobentos	zoobentostena	PlEs
zoobentos	zoobentosteni	PlTer
zoobentos	zoobentostes	PlIn
zoobentos	zoobentostesse	PlIll
zoobentos	zoobentostest	PlEl
zoobentos	zoobentosteta	PlAb
zoofaag	zoofaag	SgN
zoofaag	zoofaage	PlP
zoofaag	zoofaageks	PlTr
zoofaag	zoofaagel	PlAd
zoofaag	zoofaagele	PlAll
zoofaag	zoofaagelt	PlAbl
zoofaag	zoofaages	PlIn
zoofaag	zoofaagesse	PlIll
zoofaag	zoofaagest	PlEl
zoofaag	zoofaagi	SgAdt
zoofaag	zoofaagi	SgG
zoofaag	zoofaagi	SgP
zoofaag	zoofaagid	PlN
zoofaag	zoofaagide	PlG
zoofaag	zoofaagidega	PlKom
zoofaag	zoofaagideks	PlTr
zoofaag	zoofaagidel	PlAd
zoofaag	zoofaagidele	PlAll
zoofaag	zoofaagidelt	PlAbl
zoofaag	zoofaagidena	PlEs
zoofaag	zoofaagideni	PlTer
zoofaag	zoofaagides	PlIn
zoofaag	zoofaagidesse	PlIll
zoofaag	zoofaagidest	PlEl
zoofaag	zoofaagideta	PlAb
zoofaag	zoofaagiga	SgKom
zoofaag	zoofaagiks	SgTr
zoofaag	zoofaagil	SgAd
zoofaag	zoofaagile	SgAll
zoofaag	zoofaagilt	SgAbl
zoofaag	zoofaagina	SgEs
zoofaag	zoofaagini	SgTer
zoofaag	zoofaagis	SgIn
zoofaag	zoofaagisid	PlP
zoofaag	zoofaagisse	SgIll
zoofaag	zoofaagist	SgEl
zoofaag	zoofaagita	SgAb
zoofiilia	-	SgAdt
zoofiilia	zoofiilia	SgG
zoofiilia	zoofiilia	SgN
zoofiilia	zoofiiliad	PlN
zoofiilia	zoofiiliaga	SgKom
zoofiilia	zoofiiliaid	PlP
zoofiilia	zoofiiliaiks	PlTr
zoofiilia	zoofiiliail	PlAd
zoofiilia	zoofiiliaile	PlAll
zoofiilia	zoofiiliailt	PlAbl
zoofiilia	zoofiiliais	PlIn
zoofiilia	zoofiiliaisse	PlIll
zoofiilia	zoofiiliaist	PlEl
zoofiilia	zoofiiliaks	SgTr
zoofiilia	zoofiilial	SgAd
zoofiilia	zoofiiliale	SgAll
zoofiilia	zoofiilialt	SgAbl
zoofiilia	zoofiiliana	SgEs
zoofiilia	zoofiiliani	SgTer
zoofiilia	zoofiilias	SgIn
zoofiilia	zoofiiliasse	SgIll
zoofiilia	zoofiiliast	SgEl
zoofiilia	zoofiiliat	SgP
zoofiilia	zoofiiliata	SgAb
zoofiilia	zoofiiliate	PlG
zoofiilia	zoofiiliatega	PlKom
zoofiilia	zoofiiliateks	PlTr
zoofiilia	zoofiiliatel	PlAd
zoofiilia	zoofiiliatele	PlAll
zoofiilia	zoofiiliatelt	PlAbl
zoofiilia	zoofiiliatena	PlEs
zoofiilia	zoofiiliateni	PlTer
zoofiilia	zoofiiliates	PlIn
zoofiilia	zoofiiliatesse	PlIll
zoofiilia	zoofiiliatest	PlEl
zoofiilia	zoofiiliateta	PlAb
zoogaamia	-	SgAdt
zoogaamia	zoogaamia	SgG
zoogaamia	zoogaamia	SgN
zoogaamia	zoogaamiad	PlN
zoogaamia	zoogaamiaga	SgKom
zoogaamia	zoogaamiaid	PlP
zoogaamia	zoogaamiaiks	PlTr
zoogaamia	zoogaamiail	PlAd
zoogaamia	zoogaamiaile	PlAll
zoogaamia	zoogaamiailt	PlAbl
zoogaamia	zoogaamiais	PlIn
zoogaamia	zoogaamiaisse	PlIll
zoogaamia	zoogaamiaist	PlEl
zoogaamia	zoogaamiaks	SgTr
zoogaamia	zoogaamial	SgAd
zoogaamia	zoogaamiale	SgAll
zoogaamia	zoogaamialt	SgAbl
zoogaamia	zoogaamiana	SgEs
zoogaamia	zoogaamiani	SgTer
zoogaamia	zoogaamias	SgIn
zoogaamia	zoogaamiasse	SgIll
zoogaamia	zoogaamiast	SgEl
zoogaamia	zoogaamiat	SgP
zoogaamia	zoogaamiata	SgAb
zoogaamia	zoogaamiate	PlG
zoogaamia	zoogaamiatega	PlKom
zoogaamia	zoogaamiateks	PlTr
zoogaamia	zoogaamiatel	PlAd
zoogaamia	zoogaamiatele	PlAll
zoogaamia	zoogaamiatelt	PlAbl
zoogaamia	zoogaamiatena	PlEs
zoogaamia	zoogaamiateni	PlTer
zoogaamia	zoogaamiates	PlIn
zoogaamia	zoogaamiatesse	PlIll
zoogaamia	zoogaamiatest	PlEl
zoogaamia	zoogaamiateta	PlAb
zoogeograafia	-	SgAdt
zoogeograafia	zoogeograafia	SgG
zoogeograafia	zoogeograafia	SgN
zoogeograafia	zoogeograafiad	PlN
zoogeograafia	zoogeograafiaga	SgKom
zoogeograafia	zoogeograafiaid	PlP
zoogeograafia	zoogeograafiaiks	PlTr
zoogeograafia	zoogeograafiail	PlAd
zoogeograafia	zoogeograafiaile	PlAll
zoogeograafia	zoogeograafiailt	PlAbl
zoogeograafia	zoogeograafiais	PlIn
zoogeograafia	zoogeograafiaisse	PlIll
zoogeograafia	zoogeograafiaist	PlEl
zoogeograafia	zoogeograafiaks	SgTr
zoogeograafia	zoogeograafial	SgAd
zoogeograafia	zoogeograafiale	SgAll
zoogeograafia	zoogeograafialt	SgAbl
zoogeograafia	zoogeograafiana	SgEs
zoogeograafia	zoogeograafiani	SgTer
zoogeograafia	zoogeograafias	SgIn
zoogeograafia	zoogeograafiasse	SgIll
zoogeograafia	zoogeograafiast	SgEl
zoogeograafia	zoogeograafiat	SgP
zoogeograafia	zoogeograafiata	SgAb
zoogeograafia	zoogeograafiate	PlG
zoogeograafia	zoogeograafiatega	PlKom
zoogeograafia	zoogeograafiateks	PlTr
zoogeograafia	zoogeograafiatel	PlAd
zoogeograafia	zoogeograafiatele	PlAll
zoogeograafia	zoogeograafiatelt	PlAbl
zoogeograafia	zoogeograafiatena	PlEs
zoogeograafia	zoogeograafiateni	PlTer
zoogeograafia	zoogeograafiates	PlIn
zoogeograafia	zoogeograafiatesse	PlIll
zoogeograafia	zoogeograafiatest	PlEl
zoogeograafia	zoogeograafiateta	PlAb
zoohoor	zoohoor	SgN
zoohoor	zoohoore	PlP
zoohoor	zoohooreks	PlTr
zoohoor	zoohoorel	PlAd
zoohoor	zoohoorele	PlAll
zoohoor	zoohoorelt	PlAbl
zoohoor	zoohoores	PlIn
zoohoor	zoohooresse	PlIll
zoohoor	zoohoorest	PlEl
zoohoor	zoohoori	SgAdt
zoohoor	zoohoori	SgG
zoohoor	zoohoori	SgP
zoohoor	zoohoorid	PlN
zoohoor	zoohooride	PlG
zoohoor	zoohooridega	PlKom
zoohoor	zoohoorideks	PlTr
zoohoor	zoohooridel	PlAd
zoohoor	zoohooridele	PlAll
zoohoor	zoohooridelt	PlAbl
zoohoor	zoohooridena	PlEs
zoohoor	zoohoorideni	PlTer
zoohoor	zoohoorides	PlIn
zoohoor	zoohooridesse	PlIll
zoohoor	zoohooridest	PlEl
zoohoor	zoohoorideta	PlAb
zoohoor	zoohooriga	SgKom
zoohoor	zoohooriks	SgTr
zoohoor	zoohooril	SgAd
zoohoor	zoohoorile	SgAll
zoohoor	zoohoorilt	SgAbl
zoohoor	zoohoorina	SgEs
zoohoor	zoohoorini	SgTer
zoohoor	zoohooris	SgIn
zoohoor	zoohoorisid	PlP
zoohoor	zoohoorisse	SgIll
zoohoor	zoohoorist	SgEl
zoohoor	zoohoorita	SgAb
zoohooria	-	SgAdt
zoohooria	zoohooria	SgG
zoohooria	zoohooria	SgN
zoohooria	zoohooriad	PlN
zoohooria	zoohooriaga	SgKom
zoohooria	zoohooriaid	PlP
zoohooria	zoohooriaiks	PlTr
zoohooria	zoohooriail	PlAd
zoohooria	zoohooriaile	PlAll
zoohooria	zoohooriailt	PlAbl
zoohooria	zoohooriais	PlIn
zoohooria	zoohooriaisse	PlIll
zoohooria	zoohooriaist	PlEl
zoohooria	zoohooriaks	SgTr
zoohooria	zoohoorial	SgAd
zoohooria	zoohooriale	SgAll
zoohooria	zoohoorialt	SgAbl
zoohooria	zoohooriana	SgEs
zoohooria	zoohooriani	SgTer
zoohooria	zoohoorias	SgIn
zoohooria	zoohooriasse	SgIll
zoohooria	zoohooriast	SgEl
zoohooria	zoohooriat	SgP
zoohooria	zoohooriata	SgAb
zoohooria	zoohooriate	PlG
zoohooria	zoohooriatega	PlKom
zoohooria	zoohooriateks	PlTr
zoohooria	zoohooriatel	PlAd
zoohooria	zoohooriatele	PlAll
zoohooria	zoohooriatelt	PlAbl
zoohooria	zoohooriatena	PlEs
zoohooria	zoohooriateni	PlTer
zoohooria	zoohooriates	PlIn
zoohooria	zoohooriatesse	PlIll
zoohooria	zoohooriatest	PlEl
zoohooria	zoohooriateta	PlAb
zoohügieen	zoohügieen	SgN
zoohügieen	zoohügieene	PlP
zoohügieen	zoohügieeneks	PlTr
zoohügieen	zoohügieenel	PlAd
zoohügieen	zoohügieenele	PlAll
zoohügieen	zoohügieenelt	PlAbl
zoohügieen	zoohügieenes	PlIn
zoohügieen	zoohügieenesse	PlIll
zoohügieen	zoohügieenest	PlEl
zoohügieen	zoohügieeni	SgAdt
zoohügieen	zoohügieeni	SgG
zoohügieen	zoohügieeni	SgP
zoohügieen	zoohügieenid	PlN
zoohügieen	zoohügieenide	PlG
zoohügieen	zoohügieenidega	PlKom
zoohügieen	zoohügieenideks	PlTr
zoohügieen	zoohügieenidel	PlAd
zoohügieen	zoohügieenidele	PlAll
zoohügieen	zoohügieenidelt	PlAbl
zoohügieen	zoohügieenidena	PlEs
zoohügieen	zoohügieenideni	PlTer
zoohügieen	zoohügieenides	PlIn
zoohügieen	zoohügieenidesse	PlIll
zoohügieen	zoohügieenidest	PlEl
zoohügieen	zoohügieenideta	PlAb
zoohügieen	zoohügieeniga	SgKom
zoohügieen	zoohügieeniks	SgTr
zoohügieen	zoohügieenil	SgAd
zoohügieen	zoohügieenile	SgAll
zoohügieen	zoohügieenilt	SgAbl
zoohügieen	zoohügieenina	SgEs
zoohügieen	zoohügieenini	SgTer
zoohügieen	zoohügieenis	SgIn
zoohügieen	zoohügieenisid	PlP
zoohügieen	zoohügieenisse	SgIll
zoohügieen	zoohügieenist	SgEl
zoohügieen	zoohügieenita	SgAb
zooid	zooid	SgN
zooid	zooide	PlP
zooid	zooideks	PlTr
zooid	zooidel	PlAd
zooid	zooidele	PlAll
zooid	zooidelt	PlAbl
zooid	zooides	PlIn
zooid	zooidesse	PlIll
zooid	zooidest	PlEl
zooid	zooidi	SgAdt
zooid	zooidi	SgG
zooid	zooidi	SgP
zooid	zooidid	PlN
zooid	zooidide	PlG
zooid	zooididega	PlKom
zooid	zooidideks	PlTr
zooid	zooididel	PlAd
zooid	zooididele	PlAll
zooid	zooididelt	PlAbl
zooid	zooididena	PlEs
zooid	zooidideni	PlTer
zooid	zooidides	PlIn
zooid	zooididesse	PlIll
zooid	zooididest	PlEl
zooid	zooidideta	PlAb
zooid	zooidiga	SgKom
zooid	zooidiks	SgTr
zooid	zooidil	SgAd
zooid	zooidile	SgAll
zooid	zooidilt	SgAbl
zooid	zooidina	SgEs
zooid	zooidini	SgTer
zooid	zooidis	SgIn
zooid	zooidisid	PlP
zooid	zooidisse	SgIll
zooid	zooidist	SgEl
zooid	zooidita	SgAb
zooinsener	zooinsener	SgN
zooinsener	zooinsenere	PlP
zooinsener	zooinsenereks	PlTr
zooinsener	zooinsenerel	PlAd
zooinsener	zooinsenerele	PlAll
zooinsener	zooinsenerelt	PlAbl
zooinsener	zooinseneres	PlIn
zooinsener	zooinseneresse	PlIll
zooinsener	zooinsenerest	PlEl
zooinsener	zooinseneri	SgAdt
zooinsener	zooinseneri	SgG
zooinsener	zooinseneri	SgP
zooinsener	zooinsenerid	PlN
zooinsener	zooinseneride	PlG
zooinsener	zooinseneridega	PlKom
zooinsener	zooinsenerideks	PlTr
zooinsener	zooinseneridel	PlAd
zooinsener	zooinseneridele	PlAll
zooinsener	zooinseneridelt	PlAbl
zooinsener	zooinseneridena	PlEs
zooinsener	zooinsenerideni	PlTer
zooinsener	zooinsenerides	PlIn
zooinsener	zooinseneridesse	PlIll
zooinsener	zooinseneridest	PlEl
zooinsener	zooinsenerideta	PlAb
zooinsener	zooinseneriga	SgKom
zooinsener	zooinseneriks	SgTr
zooinsener	zooinseneril	SgAd
zooinsener	zooinsenerile	SgAll
zooinsener	zooinsenerilt	SgAbl
zooinsener	zooinsenerina	SgEs
zooinsener	zooinsenerini	SgTer
zooinsener	zooinseneris	SgIn
zooinsener	zooinsenerisse	SgIll
zooinsener	zooinsenerist	SgEl
zooinsener	zooinsenerita	SgAb
zookauplus	-	SgAdt
zookauplus	zookauplus	SgN
zookauplus	zookaupluse	SgG
zookauplus	zookauplused	PlN
zookauplus	zookauplusega	SgKom
zookauplus	zookaupluseid	PlP
zookauplus	zookaupluseiks	PlTr
zookauplus	zookaupluseil	PlAd
zookauplus	zookaupluseile	PlAll
zookauplus	zookaupluseilt	PlAbl
zookauplus	zookaupluseis	PlIn
zookauplus	zookaupluseisse	PlIll
zookauplus	zookaupluseist	PlEl
zookauplus	zookaupluseks	SgTr
zookauplus	zookauplusel	SgAd
zookauplus	zookauplusele	SgAll
zookauplus	zookaupluselt	SgAbl
zookauplus	zookauplusena	SgEs
zookauplus	zookaupluseni	SgTer
zookauplus	zookaupluses	SgIn
zookauplus	zookauplusesse	SgIll
zookauplus	zookauplusest	SgEl
zookauplus	zookaupluseta	SgAb
zookauplus	zookauplusi	PlP
zookauplus	zookauplusiks	PlTr
zookauplus	zookauplusil	PlAd
zookauplus	zookauplusile	PlAll
zookauplus	zookauplusilt	PlAbl
zookauplus	zookauplusis	PlIn
zookauplus	zookauplusisse	PlIll
zookauplus	zookauplusist	PlEl
zookauplus	zookauplusse	SgAdt
zookauplus	zookauplust	SgP
zookauplus	zookaupluste	PlG
zookauplus	zookauplustega	PlKom
zookauplus	zookauplusteks	PlTr
zookauplus	zookauplustel	PlAd
zookauplus	zookauplustele	PlAll
zookauplus	zookauplustelt	PlAbl
zookauplus	zookauplustena	PlEs
zookauplus	zookauplusteni	PlTer
zookauplus	zookauplustes	PlIn
zookauplus	zookauplustesse	PlIll
zookauplus	zookauplustest	PlEl
zookauplus	zookauplusteta	PlAb
zooklorell	zooklorell	SgN
zooklorell	zooklorelle	PlP
zooklorell	zooklorelleks	PlTr
zooklorell	zooklorellel	PlAd
zooklorell	zooklorellele	PlAll
zooklorell	zooklorellelt	PlAbl
zooklorell	zooklorelles	PlIn
zooklorell	zooklorellesse	PlIll
zooklorell	zooklorellest	PlEl
zooklorell	zooklorelli	SgAdt
zooklorell	zooklorelli	SgG
zooklorell	zooklorelli	SgP
zooklorell	zooklorellid	PlN
zooklorell	zooklorellide	PlG
zooklorell	zooklorellidega	PlKom
zooklorell	zooklorellideks	PlTr
zooklorell	zooklorellidel	PlAd
zooklorell	zooklorellidele	PlAll
zooklorell	zooklorellidelt	PlAbl
zooklorell	zooklorellidena	PlEs
zooklorell	zooklorellideni	PlTer
zooklorell	zooklorellides	PlIn
zooklorell	zooklorellidesse	PlIll
zooklorell	zooklorellidest	PlEl
zooklorell	zooklorellideta	PlAb
zooklorell	zooklorelliga	SgKom
zooklorell	zooklorelliks	SgTr
zooklorell	zooklorellil	SgAd
zooklorell	zooklorellile	SgAll
zooklorell	zooklorellilt	SgAbl
zooklorell	zooklorellina	SgEs
zooklorell	zooklorellini	SgTer
zooklorell	zooklorellis	SgIn
zooklorell	zooklorellisid	PlP
zooklorell	zooklorellisse	SgIll
zooklorell	zooklorellist	SgEl
zooklorell	zooklorellita	SgAb
zoolaatria	-	SgAdt
zoolaatria	zoolaatria	SgG
zoolaatria	zoolaatria	SgN
zoolaatria	zoolaatriad	PlN
zoolaatria	zoolaatriaga	SgKom
zoolaatria	zoolaatriaid	PlP
zoolaatria	zoolaatriaiks	PlTr
zoolaatria	zoolaatriail	PlAd
zoolaatria	zoolaatriaile	PlAll
zoolaatria	zoolaatriailt	PlAbl
zoolaatria	zoolaatriais	PlIn
zoolaatria	zoolaatriaisse	PlIll
zoolaatria	zoolaatriaist	PlEl
zoolaatria	zoolaatriaks	SgTr
zoolaatria	zoolaatrial	SgAd
zoolaatria	zoolaatriale	SgAll
zoolaatria	zoolaatrialt	SgAbl
zoolaatria	zoolaatriana	SgEs
zoolaatria	zoolaatriani	SgTer
zoolaatria	zoolaatrias	SgIn
zoolaatria	zoolaatriasse	SgIll
zoolaatria	zoolaatriast	SgEl
zoolaatria	zoolaatriat	SgP
zoolaatria	zoolaatriata	SgAb
zoolaatria	zoolaatriate	PlG
zoolaatria	zoolaatriatega	PlKom
zoolaatria	zoolaatriateks	PlTr
zoolaatria	zoolaatriatel	PlAd
zoolaatria	zoolaatriatele	PlAll
zoolaatria	zoolaatriatelt	PlAbl
zoolaatria	zoolaatriatena	PlEs
zoolaatria	zoolaatriateni	PlTer
zoolaatria	zoolaatriates	PlIn
zoolaatria	zoolaatriatesse	PlIll
zoolaatria	zoolaatriatest	PlEl
zoolaatria	zoolaatriateta	PlAb
zooloogia	-	SgAdt
zooloogia	zooloogia	SgG
zooloogia	zooloogia	SgN
zooloogia	zooloogiad	PlN
zooloogia	zooloogiaga	SgKom
zooloogia	zooloogiaid	PlP
zooloogia	zooloogiaiks	PlTr
zooloogia	zooloogiail	PlAd
zooloogia	zooloogiaile	PlAll
zooloogia	zooloogiailt	PlAbl
zooloogia	zooloogiais	PlIn
zooloogia	zooloogiaisse	PlIll
zooloogia	zooloogiaist	PlEl
zooloogia	zooloogiaks	SgTr
zooloogia	zooloogial	SgAd
zooloogia	zooloogiale	SgAll
zooloogia	zooloogialt	SgAbl
zooloogia	zooloogiana	SgEs
zooloogia	zooloogiani	SgTer
zooloogia	zooloogias	SgIn
zooloogia	zooloogiasse	SgIll
zooloogia	zooloogiast	SgEl
zooloogia	zooloogiat	SgP
zooloogia	zooloogiata	SgAb
zooloogia	zooloogiate	PlG
zooloogia	zooloogiatega	PlKom
zooloogia	zooloogiateks	PlTr
zooloogia	zooloogiatel	PlAd
zooloogia	zooloogiatele	PlAll
zooloogia	zooloogiatelt	PlAbl
zooloogia	zooloogiatena	PlEs
zooloogia	zooloogiateni	PlTer
zooloogia	zooloogiates	PlIn
zooloogia	zooloogiatesse	PlIll
zooloogia	zooloogiatest	PlEl
zooloogia	zooloogiateta	PlAb
zooloogiline	zooloogiline	SgN
zooloogiline	zooloogilise	SgG
zooloogiline	zooloogilised	PlN
zooloogiline	zooloogilisega	SgKom
zooloogiline	zooloogiliseks	SgTr
zooloogiline	zooloogilisel	SgAd
zooloogiline	zooloogilisele	SgAll
zooloogiline	zooloogiliselt	SgAbl
zooloogiline	zooloogilisena	SgEs
zooloogiline	zooloogiliseni	SgTer
zooloogiline	zooloogilises	SgIn
zooloogiline	zooloogilisesse	SgIll
zooloogiline	zooloogilisest	SgEl
zooloogiline	zooloogiliseta	SgAb
zooloogiline	zooloogilisi	PlP
zooloogiline	zooloogilisiks	PlTr
zooloogiline	zooloogilisil	PlAd
zooloogiline	zooloogilisile	PlAll
zooloogiline	zooloogilisilt	PlAbl
zooloogiline	zooloogilisis	PlIn
zooloogiline	zooloogilisisse	PlIll
zooloogiline	zooloogilisist	PlEl
zooloogiline	zooloogilisse	SgAdt
zooloogiline	zooloogilist	SgP
zooloogiline	zooloogiliste	PlG
zooloogiline	zooloogilistega	PlKom
zooloogiline	zooloogilisteks	PlTr
zooloogiline	zooloogilistel	PlAd
zooloogiline	zooloogilistele	PlAll
zooloogiline	zooloogilistelt	PlAbl
zooloogiline	zooloogilistena	PlEs
zooloogiline	zooloogilisteni	PlTer
zooloogiline	zooloogilistes	PlIn
zooloogiline	zooloogilistesse	PlIll
zooloogiline	zooloogilistest	PlEl
zooloogiline	zooloogilisteta	PlAb
zoom	zoom	SgN
zoom	zoome	PlP
zoom	zoomeks	PlTr
zoom	zoomel	PlAd
zoom	zoomele	PlAll
zoom	zoomelt	PlAbl
zoom	zoomes	PlIn
zoom	zoomesse	PlIll
zoom	zoomest	PlEl
zoom	zoomi	SgAdt
zoom	zoomi	SgG
zoom	zoomi	SgP
zoom	zoomid	PlN
zoom	zoomide	PlG
zoom	zoomidega	PlKom
zoom	zoomideks	PlTr
zoom	zoomidel	PlAd
zoom	zoomidele	PlAll
zoom	zoomidelt	PlAbl
zoom	zoomidena	PlEs
zoom	zoomideni	PlTer
zoom	zoomides	PlIn
zoom	zoomidesse	PlIll
zoom	zoomidest	PlEl
zoom	zoomideta	PlAb
zoom	zoomiga	SgKom
zoom	zoomiks	SgTr
zoom	zoomil	SgAd
zoom	zoomile	SgAll
zoom	zoomilt	SgAbl
zoom	zoomina	SgEs
zoom	zoomini	SgTer
zoom	zoomis	SgIn
zoom	zoomisid	PlP
zoom	zoomisse	SgIll
zoom	zoomist	SgEl
zoom	zoomita	SgAb
zoomorfism	zoomorfism	SgN
zoomorfism	zoomorfisme	PlP
zoomorfism	zoomorfismeks	PlTr
zoomorfism	zoomorfismel	PlAd
zoomorfism	zoomorfismele	PlAll
zoomorfism	zoomorfismelt	PlAbl
zoomorfism	zoomorfismes	PlIn
zoomorfism	zoomorfismesse	PlIll
zoomorfism	zoomorfismest	PlEl
zoomorfism	zoomorfismi	SgAdt
zoomorfism	zoomorfismi	SgG
zoomorfism	zoomorfismi	SgP
zoomorfism	zoomorfismid	PlN
zoomorfism	zoomorfismide	PlG
zoomorfism	zoomorfismidega	PlKom
zoomorfism	zoomorfismideks	PlTr
zoomorfism	zoomorfismidel	PlAd
zoomorfism	zoomorfismidele	PlAll
zoomorfism	zoomorfismidelt	PlAbl
zoomorfism	zoomorfismidena	PlEs
zoomorfism	zoomorfismideni	PlTer
zoomorfism	zoomorfismides	PlIn
zoomorfism	zoomorfismidesse	PlIll
zoomorfism	zoomorfismidest	PlEl
zoomorfism	zoomorfismideta	PlAb
zoomorfism	zoomorfismiga	SgKom
zoomorfism	zoomorfismiks	SgTr
zoomorfism	zoomorfismil	SgAd
zoomorfism	zoomorfismile	SgAll
zoomorfism	zoomorfismilt	SgAbl
zoomorfism	zoomorfismina	SgEs
zoomorfism	zoomorfismini	SgTer
zoomorfism	zoomorfismis	SgIn
zoomorfism	zoomorfismisid	PlP
zoomorfism	zoomorfismisse	SgIll
zoomorfism	zoomorfismist	SgEl
zoomorfism	zoomorfismita	SgAb
zoomorfne	-	SgAdt
zoomorfne	zoomorfne	SgN
zoomorfne	zoomorfse	SgG
zoomorfne	zoomorfsed	PlN
zoomorfne	zoomorfsega	SgKom
zoomorfne	zoomorfseid	PlP
zoomorfne	zoomorfseiks	PlTr
zoomorfne	zoomorfseil	PlAd
zoomorfne	zoomorfseile	PlAll
zoomorfne	zoomorfseilt	PlAbl
zoomorfne	zoomorfseis	PlIn
zoomorfne	zoomorfseisse	PlIll
zoomorfne	zoomorfseist	PlEl
zoomorfne	zoomorfseks	SgTr
zoomorfne	zoomorfsel	SgAd
zoomorfne	zoomorfsele	SgAll
zoomorfne	zoomorfselt	SgAbl
zoomorfne	zoomorfsena	SgEs
zoomorfne	zoomorfseni	SgTer
zoomorfne	zoomorfses	SgIn
zoomorfne	zoomorfsesse	SgIll
zoomorfne	zoomorfsest	SgEl
zoomorfne	zoomorfset	SgP
zoomorfne	zoomorfseta	SgAb
zoomorfne	zoomorfsete	PlG
zoomorfne	zoomorfsetega	PlKom
zoomorfne	zoomorfseteks	PlTr
zoomorfne	zoomorfsetel	PlAd
zoomorfne	zoomorfsetele	PlAll
zoomorfne	zoomorfsetelt	PlAbl
zoomorfne	zoomorfsetena	PlEs
zoomorfne	zoomorfseteni	PlTer
zoomorfne	zoomorfsetes	PlIn
zoomorfne	zoomorfsetesse	PlIll
zoomorfne	zoomorfsetest	PlEl
zoomorfne	zoomorfseteta	PlAb
zoonoos	zoonoos	SgN
zoonoos	zoonoose	PlP
zoonoos	zoonooseks	PlTr
zoonoos	zoonoosel	PlAd
zoonoos	zoonoosele	PlAll
zoonoos	zoonooselt	PlAbl
zoonoos	zoonooses	PlIn
zoonoos	zoonoosesse	PlIll
zoonoos	zoonoosest	PlEl
zoonoos	zoonoosi	SgAdt
zoonoos	zoonoosi	SgG
zoonoos	zoonoosi	SgP
zoonoos	zoonoosid	PlN
zoonoos	zoonooside	PlG
zoonoos	zoonoosidega	PlKom
zoonoos	zoonoosideks	PlTr
zoonoos	zoonoosidel	PlAd
zoonoos	zoonoosidele	PlAll
zoonoos	zoonoosidelt	PlAbl
zoonoos	zoonoosidena	PlEs
zoonoos	zoonoosideni	PlTer
zoonoos	zoonoosides	PlIn
zoonoos	zoonoosidesse	PlIll
zoonoos	zoonoosidest	PlEl
zoonoos	zoonoosideta	PlAb
zoonoos	zoonoosiga	SgKom
zoonoos	zoonoosiks	SgTr
zoonoos	zoonoosil	SgAd
zoonoos	zoonoosile	SgAll
zoonoos	zoonoosilt	SgAbl
zoonoos	zoonoosina	SgEs
zoonoos	zoonoosini	SgTer
zoonoos	zoonoosis	SgIn
zoonoos	zoonoosisid	PlP
zoonoos	zoonoosisse	SgIll
zoonoos	zoonoosist	SgEl
zoonoos	zoonoosita	SgAb
zoonootiline	zoonootiline	SgN
zoonootiline	zoonootilise	SgG
zoonootiline	zoonootilised	PlN
zoonootiline	zoonootilisega	SgKom
zoonootiline	zoonootiliseks	SgTr
zoonootiline	zoonootilisel	SgAd
zoonootiline	zoonootilisele	SgAll
zoonootiline	zoonootiliselt	SgAbl
zoonootiline	zoonootilisena	SgEs
zoonootiline	zoonootiliseni	SgTer
zoonootiline	zoonootilises	SgIn
zoonootiline	zoonootilisesse	SgIll
zoonootiline	zoonootilisest	SgEl
zoonootiline	zoonootiliseta	SgAb
zoonootiline	zoonootilisi	PlP
zoonootiline	zoonootilisiks	PlTr
zoonootiline	zoonootilisil	PlAd
zoonootiline	zoonootilisile	PlAll
zoonootiline	zoonootilisilt	PlAbl
zoonootiline	zoonootilisis	PlIn
zoonootiline	zoonootilisisse	PlIll
zoonootiline	zoonootilisist	PlEl
zoonootiline	zoonootilisse	SgAdt
zoonootiline	zoonootilist	SgP
zoonootiline	zoonootiliste	PlG
zoonootiline	zoonootilistega	PlKom
zoonootiline	zoonootilisteks	PlTr
zoonootiline	zoonootilistel	PlAd
zoonootiline	zoonootilistele	PlAll
zoonootiline	zoonootilistelt	PlAbl
zoonootiline	zoonootilistena	PlEs
zoonootiline	zoonootilisteni	PlTer
zoonootiline	zoonootilistes	PlIn
zoonootiline	zoonootilistesse	PlIll
zoonootiline	zoonootilistest	PlEl
zoonootiline	zoonootilisteta	PlAb
zoonüüm	zoonüüm	SgN
zoonüüm	zoonüüme	PlP
zoonüüm	zoonüümeks	PlTr
zoonüüm	zoonüümel	PlAd
zoonüüm	zoonüümele	PlAll
zoonüüm	zoonüümelt	PlAbl
zoonüüm	zoonüümes	PlIn
zoonüüm	zoonüümesse	PlIll
zoonüüm	zoonüümest	PlEl
zoonüüm	zoonüümi	SgAdt
zoonüüm	zoonüümi	SgG
zoonüüm	zoonüümi	SgP
zoonüüm	zoonüümid	PlN
zoonüüm	zoonüümide	PlG
zoonüüm	zoonüümidega	PlKom
zoonüüm	zoonüümideks	PlTr
zoonüüm	zoonüümidel	PlAd
zoonüüm	zoonüümidele	PlAll
zoonüüm	zoonüümidelt	PlAbl
zoonüüm	zoonüümidena	PlEs
zoonüüm	zoonüümideni	PlTer
zoonüüm	zoonüümides	PlIn
zoonüüm	zoonüümidesse	PlIll
zoonüüm	zoonüümidest	PlEl
zoonüüm	zoonüümideta	PlAb
zoonüüm	zoonüümiga	SgKom
zoonüüm	zoonüümiks	SgTr
zoonüüm	zoonüümil	SgAd
zoonüüm	zoonüümile	SgAll
zoonüüm	zoonüümilt	SgAbl
zoonüüm	zoonüümina	SgEs
zoonüüm	zoonüümini	SgTer
zoonüüm	zoonüümis	SgIn
zoonüüm	zoonüümisid	PlP
zoonüüm	zoonüümisse	SgIll
zoonüüm	zoonüümist	SgEl
zoonüüm	zoonüümita	SgAb
zoopark	zoopargeks	PlTr
zoopark	zoopargel	PlAd
zoopark	zoopargele	PlAll
zoopark	zoopargelt	PlAbl
zoopark	zooparges	PlIn
zoopark	zoopargesse	PlIll
zoopark	zoopargest	PlEl
zoopark	zoopargi	SgG
zoopark	zoopargid	PlN
zoopark	zoopargiga	SgKom
zoopark	zoopargiks	SgTr
zoopark	zoopargil	SgAd
zoopark	zoopargile	SgAll
zoopark	zoopargilt	SgAbl
zoopark	zoopargina	SgEs
zoopark	zoopargini	SgTer
zoopark	zoopargis	SgIn
zoopark	zoopargisse	SgIll
zoopark	zoopargist	SgEl
zoopark	zoopargita	SgAb
zoopark	zoopark	SgN
zoopark	zooparke	PlP
zoopark	zooparki	SgAdt
zoopark	zooparki	SgP
zoopark	zooparkide	PlG
zoopark	zooparkidega	PlKom
zoopark	zooparkideks	PlTr
zoopark	zooparkidel	PlAd
zoopark	zooparkidele	PlAll
zoopark	zooparkidelt	PlAbl
zoopark	zooparkidena	PlEs
zoopark	zooparkideni	PlTer
zoopark	zooparkides	PlIn
zoopark	zooparkidesse	PlIll
zoopark	zooparkidest	PlEl
zoopark	zooparkideta	PlAb
zoopark	zooparkisid	PlP
zooplankter	-	SgAdt
zooplankter	zooplankter	SgN
zooplankter	zooplanktereid	PlP
zooplankter	zooplanktereiks	PlTr
zooplankter	zooplanktereil	PlAd
zooplankter	zooplanktereile	PlAll
zooplankter	zooplanktereilt	PlAbl
zooplankter	zooplanktereis	PlIn
zooplankter	zooplanktereisse	PlIll
zooplankter	zooplanktereist	PlEl
zooplankter	zooplankteri	SgG
zooplankter	zooplankterid	PlN
zooplankter	zooplankteriga	SgKom
zooplankter	zooplankteriks	SgTr
zooplankter	zooplankteril	SgAd
zooplankter	zooplankterile	SgAll
zooplankter	zooplankterilt	SgAbl
zooplankter	zooplankterina	SgEs
zooplankter	zooplankterini	SgTer
zooplankter	zooplankteris	SgIn
zooplankter	zooplankterisse	SgIll
zooplankter	zooplankterist	SgEl
zooplankter	zooplankterit	SgP
zooplankter	zooplankterita	SgAb
zooplankter	zooplankterite	PlG
zooplankter	zooplankteritega	PlKom
zooplankter	zooplankteriteks	PlTr
zooplankter	zooplankteritel	PlAd
zooplankter	zooplankteritele	PlAll
zooplankter	zooplankteritelt	PlAbl
zooplankter	zooplankteritena	PlEs
zooplankter	zooplankteriteni	PlTer
zooplankter	zooplankterites	PlIn
zooplankter	zooplankteritesse	PlIll
zooplankter	zooplankteritest	PlEl
zooplankter	zooplankteriteta	PlAb
zooplankton	-	SgAdt
zooplankton	zooplankton	SgN
zooplankton	zooplanktoneid	PlP
zooplankton	zooplanktoneiks	PlTr
zooplankton	zooplanktoneil	PlAd
zooplankton	zooplanktoneile	PlAll
zooplankton	zooplanktoneilt	PlAbl
zooplankton	zooplanktoneis	PlIn
zooplankton	zooplanktoneisse	PlIll
zooplankton	zooplanktoneist	PlEl
zooplankton	zooplanktoni	SgG
zooplankton	zooplanktonid	PlN
zooplankton	zooplanktoniga	SgKom
zooplankton	zooplanktoniks	SgTr
zooplankton	zooplanktonil	SgAd
zooplankton	zooplanktonile	SgAll
zooplankton	zooplanktonilt	SgAbl
zooplankton	zooplanktonina	SgEs
zooplankton	zooplanktonini	SgTer
zooplankton	zooplanktonis	SgIn
zooplankton	zooplanktonisse	SgIll
zooplankton	zooplanktonist	SgEl
zooplankton	zooplanktonit	SgP
zooplankton	zooplanktonita	SgAb
zooplankton	zooplanktonite	PlG
zooplankton	zooplanktonitega	PlKom
zooplankton	zooplanktoniteks	PlTr
zooplankton	zooplanktonitel	PlAd
zooplankton	zooplanktonitele	PlAll
zooplankton	zooplanktonitelt	PlAbl
zooplankton	zooplanktonitena	PlEs
zooplankton	zooplanktoniteni	PlTer
zooplankton	zooplanktonites	PlIn
zooplankton	zooplanktonitesse	PlIll
zooplankton	zooplanktonitest	PlEl
zooplankton	zooplanktoniteta	PlAb
zoopsühholoogia	-	SgAdt
zoopsühholoogia	zoopsühholoogia	SgG
zoopsühholoogia	zoopsühholoogia	SgN
zoopsühholoogia	zoopsühholoogiad	PlN
zoopsühholoogia	zoopsühholoogiaga	SgKom
zoopsühholoogia	zoopsühholoogiaid	PlP
zoopsühholoogia	zoopsühholoogiaiks	PlTr
zoopsühholoogia	zoopsühholoogiail	PlAd
zoopsühholoogia	zoopsühholoogiaile	PlAll
zoopsühholoogia	zoopsühholoogiailt	PlAbl
zoopsühholoogia	zoopsühholoogiais	PlIn
zoopsühholoogia	zoopsühholoogiaisse	PlIll
zoopsühholoogia	zoopsühholoogiaist	PlEl
zoopsühholoogia	zoopsühholoogiaks	SgTr
zoopsühholoogia	zoopsühholoogial	SgAd
zoopsühholoogia	zoopsühholoogiale	SgAll
zoopsühholoogia	zoopsühholoogialt	SgAbl
zoopsühholoogia	zoopsühholoogiana	SgEs
zoopsühholoogia	zoopsühholoogiani	SgTer
zoopsühholoogia	zoopsühholoogias	SgIn
zoopsühholoogia	zoopsühholoogiasse	SgIll
zoopsühholoogia	zoopsühholoogiast	SgEl
zoopsühholoogia	zoopsühholoogiat	SgP
zoopsühholoogia	zoopsühholoogiata	SgAb
zoopsühholoogia	zoopsühholoogiate	PlG
zoopsühholoogia	zoopsühholoogiatega	PlKom
zoopsühholoogia	zoopsühholoogiateks	PlTr
zoopsühholoogia	zoopsühholoogiatel	PlAd
zoopsühholoogia	zoopsühholoogiatele	PlAll
zoopsühholoogia	zoopsühholoogiatelt	PlAbl
zoopsühholoogia	zoopsühholoogiatena	PlEs
zoopsühholoogia	zoopsühholoogiateni	PlTer
zoopsühholoogia	zoopsühholoogiates	PlIn
zoopsühholoogia	zoopsühholoogiatesse	PlIll
zoopsühholoogia	zoopsühholoogiatest	PlEl
zoopsühholoogia	zoopsühholoogiateta	PlAb
zoosemiootika	-	SgAdt
zoosemiootika	zoosemiootika	SgG
zoosemiootika	zoosemiootika	SgN
zoosemiootika	zoosemiootikad	PlN
zoosemiootika	zoosemiootikaga	SgKom
zoosemiootika	zoosemiootikaid	PlP
zoosemiootika	zoosemiootikaiks	PlTr
zoosemiootika	zoosemiootikail	PlAd
zoosemiootika	zoosemiootikaile	PlAll
zoosemiootika	zoosemiootikailt	PlAbl
zoosemiootika	zoosemiootikais	PlIn
zoosemiootika	zoosemiootikaisse	PlIll
zoosemiootika	zoosemiootikaist	PlEl
zoosemiootika	zoosemiootikaks	SgTr
zoosemiootika	zoosemiootikal	SgAd
zoosemiootika	zoosemiootikale	SgAll
zoosemiootika	zoosemiootikalt	SgAbl
zoosemiootika	zoosemiootikana	SgEs
zoosemiootika	zoosemiootikani	SgTer
zoosemiootika	zoosemiootikas	SgIn
zoosemiootika	zoosemiootikasse	SgIll
zoosemiootika	zoosemiootikast	SgEl
zoosemiootika	zoosemiootikat	SgP
zoosemiootika	zoosemiootikata	SgAb
zoosemiootika	zoosemiootikate	PlG
zoosemiootika	zoosemiootikatega	PlKom
zoosemiootika	zoosemiootikateks	PlTr
zoosemiootika	zoosemiootikatel	PlAd
zoosemiootika	zoosemiootikatele	PlAll
zoosemiootika	zoosemiootikatelt	PlAbl
zoosemiootika	zoosemiootikatena	PlEs
zoosemiootika	zoosemiootikateni	PlTer
zoosemiootika	zoosemiootikates	PlIn
zoosemiootika	zoosemiootikatesse	PlIll
zoosemiootika	zoosemiootikatest	PlEl
zoosemiootika	zoosemiootikateta	PlAb
zoospoor	zoospoor	SgN
zoospoor	zoospoore	PlP
zoospoor	zoospooreks	PlTr
zoospoor	zoospoorel	PlAd
zoospoor	zoospoorele	PlAll
zoospoor	zoospoorelt	PlAbl
zoospoor	zoospoores	PlIn
zoospoor	zoospooresse	PlIll
zoospoor	zoospoorest	PlEl
zoospoor	zoospoori	SgAdt
zoospoor	zoospoori	SgG
zoospoor	zoospoori	SgP
zoospoor	zoospoorid	PlN
zoospoor	zoospooride	PlG
zoospoor	zoospooridega	PlKom
zoospoor	zoospoorideks	PlTr
zoospoor	zoospooridel	PlAd
zoospoor	zoospooridele	PlAll
zoospoor	zoospooridelt	PlAbl
zoospoor	zoospooridena	PlEs
zoospoor	zoospoorideni	PlTer
zoospoor	zoospoorides	PlIn
zoospoor	zoospooridesse	PlIll
zoospoor	zoospooridest	PlEl
zoospoor	zoospoorideta	PlAb
zoospoor	zoospooriga	SgKom
zoospoor	zoospooriks	SgTr
zoospoor	zoospooril	SgAd
zoospoor	zoospoorile	SgAll
zoospoor	zoospoorilt	SgAbl
zoospoor	zoospoorina	SgEs
zoospoor	zoospoorini	SgTer
zoospoor	zoospooris	SgIn
zoospoor	zoospoorisid	PlP
zoospoor	zoospoorisse	SgIll
zoospoor	zoospoorist	SgEl
zoospoor	zoospoorita	SgAb
zootehnik	-	SgAdt
zootehnik	zootehnik	SgN
zootehnik	zootehniku	SgG
zootehnik	zootehnikud	PlN
zootehnik	zootehnikuga	SgKom
zootehnik	zootehnikuid	PlP
zootehnik	zootehnikuiks	PlTr
zootehnik	zootehnikuil	PlAd
zootehnik	zootehnikuile	PlAll
zootehnik	zootehnikuilt	PlAbl
zootehnik	zootehnikuis	PlIn
zootehnik	zootehnikuisse	PlIll
zootehnik	zootehnikuist	PlEl
zootehnik	zootehnikuks	SgTr
zootehnik	zootehnikul	SgAd
zootehnik	zootehnikule	SgAll
zootehnik	zootehnikult	SgAbl
zootehnik	zootehnikuna	SgEs
zootehnik	zootehnikuni	SgTer
zootehnik	zootehnikus	SgIn
zootehnik	zootehnikusse	SgIll
zootehnik	zootehnikust	SgEl
zootehnik	zootehnikut	SgP
zootehnik	zootehnikuta	SgAb
zootehnik	zootehnikute	PlG
zootehnik	zootehnikutega	PlKom
zootehnik	zootehnikuteks	PlTr
zootehnik	zootehnikutel	PlAd
zootehnik	zootehnikutele	PlAll
zootehnik	zootehnikutelt	PlAbl
zootehnik	zootehnikutena	PlEs
zootehnik	zootehnikuteni	PlTer
zootehnik	zootehnikutes	PlIn
zootehnik	zootehnikutesse	PlIll
zootehnik	zootehnikutest	PlEl
zootehnik	zootehnikuteta	PlAb
zootehnika	-	SgAdt
zootehnika	zootehnika	SgG
zootehnika	zootehnika	SgN
zootehnika	zootehnikad	PlN
zootehnika	zootehnikaga	SgKom
zootehnika	zootehnikaid	PlP
zootehnika	zootehnikaiks	PlTr
zootehnika	zootehnikail	PlAd
zootehnika	zootehnikaile	PlAll
zootehnika	zootehnikailt	PlAbl
zootehnika	zootehnikais	PlIn
zootehnika	zootehnikaisse	PlIll
zootehnika	zootehnikaist	PlEl
zootehnika	zootehnikaks	SgTr
zootehnika	zootehnikal	SgAd
zootehnika	zootehnikale	SgAll
zootehnika	zootehnikalt	SgAbl
zootehnika	zootehnikana	SgEs
zootehnika	zootehnikani	SgTer
zootehnika	zootehnikas	SgIn
zootehnika	zootehnikasse	SgIll
zootehnika	zootehnikast	SgEl
zootehnika	zootehnikat	SgP
zootehnika	zootehnikata	SgAb
zootehnika	zootehnikate	PlG
zootehnika	zootehnikatega	PlKom
zootehnika	zootehnikateks	PlTr
zootehnika	zootehnikatel	PlAd
zootehnika	zootehnikatele	PlAll
zootehnika	zootehnikatelt	PlAbl
zootehnika	zootehnikatena	PlEs
zootehnika	zootehnikateni	PlTer
zootehnika	zootehnikates	PlIn
zootehnika	zootehnikatesse	PlIll
zootehnika	zootehnikatest	PlEl
zootehnika	zootehnikateta	PlAb
zootehniline	zootehniline	SgN
zootehniline	zootehnilise	SgG
zootehniline	zootehnilised	PlN
zootehniline	zootehnilisega	SgKom
zootehniline	zootehniliseks	SgTr
zootehniline	zootehnilisel	SgAd
zootehniline	zootehnilisele	SgAll
zootehniline	zootehniliselt	SgAbl
zootehniline	zootehnilisena	SgEs
zootehniline	zootehniliseni	SgTer
zootehniline	zootehnilises	SgIn
zootehniline	zootehnilisesse	SgIll
zootehniline	zootehnilisest	SgEl
zootehniline	zootehniliseta	SgAb
zootehniline	zootehnilisi	PlP
zootehniline	zootehnilisiks	PlTr
zootehniline	zootehnilisil	PlAd
zootehniline	zootehnilisile	PlAll
zootehniline	zootehnilisilt	PlAbl
zootehniline	zootehnilisis	PlIn
zootehniline	zootehnilisisse	PlIll
zootehniline	zootehnilisist	PlEl
zootehniline	zootehnilisse	SgAdt
zootehniline	zootehnilist	SgP
zootehniline	zootehniliste	PlG
zootehniline	zootehnilistega	PlKom
zootehniline	zootehnilisteks	PlTr
zootehniline	zootehnilistel	PlAd
zootehniline	zootehnilistele	PlAll
zootehniline	zootehnilistelt	PlAbl
zootehniline	zootehnilistena	PlEs
zootehniline	zootehnilisteni	PlTer
zootehniline	zootehnilistes	PlIn
zootehniline	zootehnilistesse	PlIll
zootehniline	zootehnilistest	PlEl
zootehniline	zootehnilisteta	PlAb
zootoomia	-	SgAdt
zootoomia	zootoomia	SgG
zootoomia	zootoomia	SgN
zootoomia	zootoomiad	PlN
zootoomia	zootoomiaga	SgKom
zootoomia	zootoomiaid	PlP
zootoomia	zootoomiaiks	PlTr
zootoomia	zootoomiail	PlAd
zootoomia	zootoomiaile	PlAll
zootoomia	zootoomiailt	PlAbl
zootoomia	zootoomiais	PlIn
zootoomia	zootoomiaisse	PlIll
zootoomia	zootoomiaist	PlEl
zootoomia	zootoomiaks	SgTr
zootoomia	zootoomial	SgAd
zootoomia	zootoomiale	SgAll
zootoomia	zootoomialt	SgAbl
zootoomia	zootoomiana	SgEs
zootoomia	zootoomiani	SgTer
zootoomia	zootoomias	SgIn
zootoomia	zootoomiasse	SgIll
zootoomia	zootoomiast	SgEl
zootoomia	zootoomiat	SgP
zootoomia	zootoomiata	SgAb
zootoomia	zootoomiate	PlG
zootoomia	zootoomiatega	PlKom
zootoomia	zootoomiateks	PlTr
zootoomia	zootoomiatel	PlAd
zootoomia	zootoomiatele	PlAll
zootoomia	zootoomiatelt	PlAbl
zootoomia	zootoomiatena	PlEs
zootoomia	zootoomiateni	PlTer
zootoomia	zootoomiates	PlIn
zootoomia	zootoomiatesse	PlIll
zootoomia	zootoomiatest	PlEl
zootoomia	zootoomiateta	PlAb
zootsiid	zootsiid	SgN
zootsiid	zootsiide	PlP
zootsiid	zootsiideks	PlTr
zootsiid	zootsiidel	PlAd
zootsiid	zootsiidele	PlAll
zootsiid	zootsiidelt	PlAbl
zootsiid	zootsiides	PlIn
zootsiid	zootsiidesse	PlIll
zootsiid	zootsiidest	PlEl
zootsiid	zootsiidi	SgAdt
zootsiid	zootsiidi	SgG
zootsiid	zootsiidi	SgP
zootsiid	zootsiidid	PlN
zootsiid	zootsiidide	PlG
zootsiid	zootsiididega	PlKom
zootsiid	zootsiidideks	PlTr
zootsiid	zootsiididel	PlAd
zootsiid	zootsiididele	PlAll
zootsiid	zootsiididelt	PlAbl
zootsiid	zootsiididena	PlEs
zootsiid	zootsiidideni	PlTer
zootsiid	zootsiidides	PlIn
zootsiid	zootsiididesse	PlIll
zootsiid	zootsiididest	PlEl
zootsiid	zootsiidideta	PlAb
zootsiid	zootsiidiga	SgKom
zootsiid	zootsiidiks	SgTr
zootsiid	zootsiidil	SgAd
zootsiid	zootsiidile	SgAll
zootsiid	zootsiidilt	SgAbl
zootsiid	zootsiidina	SgEs
zootsiid	zootsiidini	SgTer
zootsiid	zootsiidis	SgIn
zootsiid	zootsiidisid	PlP
zootsiid	zootsiidisse	SgIll
zootsiid	zootsiidist	SgEl
zootsiid	zootsiidita	SgAb
zootsönoos	zootsönoos	SgN
zootsönoos	zootsönoose	PlP
zootsönoos	zootsönooseks	PlTr
zootsönoos	zootsönoosel	PlAd
zootsönoos	zootsönoosele	PlAll
zootsönoos	zootsönooselt	PlAbl
zootsönoos	zootsönooses	PlIn
zootsönoos	zootsönoosesse	PlIll
zootsönoos	zootsönoosest	PlEl
zootsönoos	zootsönoosi	SgAdt
zootsönoos	zootsönoosi	SgG
zootsönoos	zootsönoosi	SgP
zootsönoos	zootsönoosid	PlN
zootsönoos	zootsönooside	PlG
zootsönoos	zootsönoosidega	PlKom
zootsönoos	zootsönoosideks	PlTr
zootsönoos	zootsönoosidel	PlAd
zootsönoos	zootsönoosidele	PlAll
zootsönoos	zootsönoosidelt	PlAbl
zootsönoos	zootsönoosidena	PlEs
zootsönoos	zootsönoosideni	PlTer
zootsönoos	zootsönoosides	PlIn
zootsönoos	zootsönoosidesse	PlIll
zootsönoos	zootsönoosidest	PlEl
zootsönoos	zootsönoosideta	PlAb
zootsönoos	zootsönoosiga	SgKom
zootsönoos	zootsönoosiks	SgTr
zootsönoos	zootsönoosil	SgAd
zootsönoos	zootsönoosile	SgAll
zootsönoos	zootsönoosilt	SgAbl
zootsönoos	zootsönoosina	SgEs
zootsönoos	zootsönoosini	SgTer
zootsönoos	zootsönoosis	SgIn
zootsönoos	zootsönoosisid	PlP
zootsönoos	zootsönoosisse	SgIll
zootsönoos	zootsönoosist	SgEl
zootsönoos	zootsönoosita	SgAb
zooökoloogia	-	SgAdt
zooökoloogia	zooökoloogia	SgG
zooökoloogia	zooökoloogia	SgN
zooökoloogia	zooökoloogiad	PlN
zooökoloogia	zooökoloogiaga	SgKom
zooökoloogia	zooökoloogiaid	PlP
zooökoloogia	zooökoloogiaiks	PlTr
zooökoloogia	zooökoloogiail	PlAd
zooökoloogia	zooökoloogiaile	PlAll
zooökoloogia	zooökoloogiailt	PlAbl
zooökoloogia	zooökoloogiais	PlIn
zooökoloogia	zooökoloogiaisse	PlIll
zooökoloogia	zooökoloogiaist	PlEl
zooökoloogia	zooökoloogiaks	SgTr
zooökoloogia	zooökoloogial	SgAd
zooökoloogia	zooökoloogiale	SgAll
zooökoloogia	zooökoloogialt	SgAbl
zooökoloogia	zooökoloogiana	SgEs
zooökoloogia	zooökoloogiani	SgTer
zooökoloogia	zooökoloogias	SgIn
zooökoloogia	zooökoloogiasse	SgIll
zooökoloogia	zooökoloogiast	SgEl
zooökoloogia	zooökoloogiat	SgP
zooökoloogia	zooökoloogiata	SgAb
zooökoloogia	zooökoloogiate	PlG
zooökoloogia	zooökoloogiatega	PlKom
zooökoloogia	zooökoloogiateks	PlTr
zooökoloogia	zooökoloogiatel	PlAd
zooökoloogia	zooökoloogiatele	PlAll
zooökoloogia	zooökoloogiatelt	PlAbl
zooökoloogia	zooökoloogiatena	PlEs
zooökoloogia	zooökoloogiateni	PlTer
zooökoloogia	zooökoloogiates	PlIn
zooökoloogia	zooökoloogiatesse	PlIll
zooökoloogia	zooökoloogiatest	PlEl
zooökoloogia	zooökoloogiateta	PlAb
zoroastrism	zoroastrism	SgN
zoroastrism	zoroastrisme	PlP
zoroastrism	zoroastrismeks	PlTr
zoroastrism	zoroastrismel	PlAd
zoroastrism	zoroastrismele	PlAll
zoroastrism	zoroastrismelt	PlAbl
zoroastrism	zoroastrismes	PlIn
zoroastrism	zoroastrismesse	PlIll
zoroastrism	zoroastrismest	PlEl
zoroastrism	zoroastrismi	SgAdt
zoroastrism	zoroastrismi	SgG
zoroastrism	zoroastrismi	SgP
zoroastrism	zoroastrismid	PlN
zoroastrism	zoroastrismide	PlG
zoroastrism	zoroastrismidega	PlKom
zoroastrism	zoroastrismideks	PlTr
zoroastrism	zoroastrismidel	PlAd
zoroastrism	zoroastrismidele	PlAll
zoroastrism	zoroastrismidelt	PlAbl
zoroastrism	zoroastrismidena	PlEs
zoroastrism	zoroastrismideni	PlTer
zoroastrism	zoroastrismides	PlIn
zoroastrism	zoroastrismidesse	PlIll
zoroastrism	zoroastrismidest	PlEl
zoroastrism	zoroastrismideta	PlAb
zoroastrism	zoroastrismiga	SgKom
zoroastrism	zoroastrismiks	SgTr
zoroastrism	zoroastrismil	SgAd
zoroastrism	zoroastrismile	SgAll
zoroastrism	zoroastrismilt	SgAbl
zoroastrism	zoroastrismina	SgEs
zoroastrism	zoroastrismini	SgTer
zoroastrism	zoroastrismis	SgIn
zoroastrism	zoroastrismisid	PlP
zoroastrism	zoroastrismisse	SgIll
zoroastrism	zoroastrismist	SgEl
zoroastrism	zoroastrismita	SgAb
Z-põlvkond	Z-põlvkond	SgN
Z-põlvkond	Z-põlvkonda	SgAdt
Z-põlvkond	Z-põlvkonda	SgP
Z-põlvkond	Z-põlvkondade	PlG
Z-põlvkond	Z-põlvkondadega	PlKom
Z-põlvkond	Z-põlvkondadeks	PlTr
Z-põlvkond	Z-põlvkondadel	PlAd
Z-põlvkond	Z-põlvkondadele	PlAll
Z-põlvkond	Z-põlvkondadelt	PlAbl
Z-põlvkond	Z-põlvkondadena	PlEs
Z-põlvkond	Z-põlvkondadeni	PlTer
Z-põlvkond	Z-põlvkondades	PlIn
Z-põlvkond	Z-põlvkondadesse	PlIll
Z-põlvkond	Z-põlvkondadest	PlEl
Z-põlvkond	Z-põlvkondadeta	PlAb
Z-põlvkond	Z-põlvkondasid	PlP
Z-põlvkond	Z-põlvkondi	PlP
Z-põlvkond	Z-põlvkonna	SgG
Z-põlvkond	Z-põlvkonnad	PlN
Z-põlvkond	Z-põlvkonnaga	SgKom
Z-põlvkond	Z-põlvkonnaks	SgTr
Z-põlvkond	Z-põlvkonnal	SgAd
Z-põlvkond	Z-põlvkonnale	SgAll
Z-põlvkond	Z-põlvkonnalt	SgAbl
Z-põlvkond	Z-põlvkonnana	SgEs
Z-põlvkond	Z-põlvkonnani	SgTer
Z-põlvkond	Z-põlvkonnas	SgIn
Z-põlvkond	Z-põlvkonnasse	SgIll
Z-põlvkond	Z-põlvkonnast	SgEl
Z-põlvkond	Z-põlvkonnata	SgAb
Z-põlvkond	Z-põlvkonniks	PlTr
Z-põlvkond	Z-põlvkonnil	PlAd
Z-põlvkond	Z-põlvkonnile	PlAll
Z-põlvkond	Z-põlvkonnilt	PlAbl
Z-põlvkond	Z-põlvkonnis	PlIn
Z-põlvkond	Z-põlvkonnisse	PlIll
Z-põlvkond	Z-põlvkonnist	PlEl
Zr	Zr	ID
z-telg	z-telg	SgN
z-telg	z-telge	SgAdt
z-telg	z-telge	SgP
z-telg	z-telgede	PlG
z-telg	z-telgedega	PlKom
z-telg	z-telgedeks	PlTr
z-telg	z-telgedel	PlAd
z-telg	z-telgedele	PlAll
z-telg	z-telgedelt	PlAbl
z-telg	z-telgedena	PlEs
z-telg	z-telgedeni	PlTer
z-telg	z-telgedes	PlIn
z-telg	z-telgedesse	PlIll
z-telg	z-telgedest	PlEl
z-telg	z-telgedeta	PlAb
z-telg	z-telgesid	PlP
z-telg	z-telgi	PlP
z-telg	z-telje	SgG
z-telg	z-teljed	PlN
z-telg	z-teljega	SgKom
z-telg	z-teljeks	SgTr
z-telg	z-teljel	SgAd
z-telg	z-teljele	SgAll
z-telg	z-teljelt	SgAbl
z-telg	z-teljena	SgEs
z-telg	z-teljeni	SgTer
z-telg	z-teljes	SgIn
z-telg	z-teljesse	SgIll
z-telg	z-teljest	SgEl
z-telg	z-teljeta	SgAb
zurnaa	-	SgAdt
zurnaa	zurnaa	SgG
zurnaa	zurnaa	SgN
zurnaa	zurnaad	PlN
zurnaa	zurnaad	SgP
zurnaa	zurnaade	PlG
zurnaa	zurnaadega	PlKom
zurnaa	zurnaadeks	PlTr
zurnaa	zurnaadel	PlAd
zurnaa	zurnaadele	PlAll
zurnaa	zurnaadelt	PlAbl
zurnaa	zurnaadena	PlEs
zurnaa	zurnaadeni	PlTer
zurnaa	zurnaades	PlIn
zurnaa	zurnaadesse	PlIll
zurnaa	zurnaadest	PlEl
zurnaa	zurnaadeta	PlAb
zurnaa	zurnaaga	SgKom
zurnaa	zurnaaks	SgTr
zurnaa	zurnaal	SgAd
zurnaa	zurnaale	SgAll
zurnaa	zurnaalt	SgAbl
zurnaa	zurnaana	SgEs
zurnaa	zurnaani	SgTer
zurnaa	zurnaas	SgIn
zurnaa	zurnaasid	PlP
zurnaa	zurnaasse	SgIll
zurnaa	zurnaast	SgEl
zurnaa	zurnaata	SgAb
zen-budist	zen-budist	SgN
zen-budist	zen-budiste	PlP
zen-budist	zen-budisteks	PlTr
zen-budist	zen-budistel	PlAd
zen-budist	zen-budistele	PlAll
zen-budist	zen-budistelt	PlAbl
zen-budist	zen-budistes	PlIn
zen-budist	zen-budistesse	PlIll
zen-budist	zen-budistest	PlEl
zen-budist	zen-budisti	SgAdt
zen-budist	zen-budisti	SgG
zen-budist	zen-budisti	SgP
zen-budist	zen-budistid	PlN
zen-budist	zen-budistide	PlG
zen-budist	zen-budistidega	PlKom
zen-budist	zen-budistideks	PlTr
zen-budist	zen-budistidel	PlAd
zen-budist	zen-budistidele	PlAll
zen-budist	zen-budistidelt	PlAbl
zen-budist	zen-budistidena	PlEs
zen-budist	zen-budistideni	PlTer
zen-budist	zen-budistides	PlIn
zen-budist	zen-budistidesse	PlIll
zen-budist	zen-budistidest	PlEl
zen-budist	zen-budistideta	PlAb
zen-budist	zen-budistiga	SgKom
zen-budist	zen-budistiks	SgTr
zen-budist	zen-budistil	SgAd
zen-budist	zen-budistile	SgAll
zen-budist	zen-budistilt	SgAbl
zen-budist	zen-budistina	SgEs
zen-budist	zen-budistini	SgTer
zen-budist	zen-budistis	SgIn
zen-budist	zen-budistisid	PlP
zen-budist	zen-budistisse	SgIll
zen-budist	zen-budistist	SgEl
zen-budist	zen-budistita	SgAb
zoofiil	zoofiil	SgN
zoofiil	zoofiile	PlP
zoofiil	zoofiileks	PlTr
zoofiil	zoofiilel	PlAd
zoofiil	zoofiilele	PlAll
zoofiil	zoofiilelt	PlAbl
zoofiil	zoofiiles	PlIn
zoofiil	zoofiilesse	PlIll
zoofiil	zoofiilest	PlEl
zoofiil	zoofiili	SgAdt
zoofiil	zoofiili	SgG
zoofiil	zoofiili	SgP
zoofiil	zoofiilid	PlN
zoofiil	zoofiilide	PlG
zoofiil	zoofiilidega	PlKom
zoofiil	zoofiilideks	PlTr
zoofiil	zoofiilidel	PlAd
zoofiil	zoofiilidele	PlAll
zoofiil	zoofiilidelt	PlAbl
zoofiil	zoofiilidena	PlEs
zoofiil	zoofiilideni	PlTer
zoofiil	zoofiilides	PlIn
zoofiil	zoofiilidesse	PlIll
zoofiil	zoofiilidest	PlEl
zoofiil	zoofiilideta	PlAb
zoofiil	zoofiiliga	SgKom
zoofiil	zoofiiliks	SgTr
zoofiil	zoofiilil	SgAd
zoofiil	zoofiilile	SgAll
zoofiil	zoofiililt	SgAbl
zoofiil	zoofiilina	SgEs
zoofiil	zoofiilini	SgTer
zoofiil	zoofiilis	SgIn
zoofiil	zoofiilisid	PlP
zoofiil	zoofiilisse	SgIll
zoofiil	zoofiilist	SgEl
zoofiil	zoofiilita	SgAb
zoogeograaf	zoogeograaf	SgN
zoogeograaf	zoogeograafe	PlP
zoogeograaf	zoogeograafeks	PlTr
zoogeograaf	zoogeograafel	PlAd
zoogeograaf	zoogeograafele	PlAll
zoogeograaf	zoogeograafelt	PlAbl
zoogeograaf	zoogeograafes	PlIn
zoogeograaf	zoogeograafesse	PlIll
zoogeograaf	zoogeograafest	PlEl
zoogeograaf	zoogeograafi	SgAdt
zoogeograaf	zoogeograafi	SgG
zoogeograaf	zoogeograafi	SgP
zoogeograaf	zoogeograafid	PlN
zoogeograaf	zoogeograafide	PlG
zoogeograaf	zoogeograafidega	PlKom
zoogeograaf	zoogeograafideks	PlTr
zoogeograaf	zoogeograafidel	PlAd
zoogeograaf	zoogeograafidele	PlAll
zoogeograaf	zoogeograafidelt	PlAbl
zoogeograaf	zoogeograafidena	PlEs
zoogeograaf	zoogeograafideni	PlTer
zoogeograaf	zoogeograafides	PlIn
zoogeograaf	zoogeograafidesse	PlIll
zoogeograaf	zoogeograafidest	PlEl
zoogeograaf	zoogeograafideta	PlAb
zoogeograaf	zoogeograafiga	SgKom
zoogeograaf	zoogeograafiks	SgTr
zoogeograaf	zoogeograafil	SgAd
zoogeograaf	zoogeograafile	SgAll
zoogeograaf	zoogeograafilt	SgAbl
zoogeograaf	zoogeograafina	SgEs
zoogeograaf	zoogeograafini	SgTer
zoogeograaf	zoogeograafis	SgIn
zoogeograaf	zoogeograafisid	PlP
zoogeograaf	zoogeograafisse	SgIll
zoogeograaf	zoogeograafist	SgEl
zoogeograaf	zoogeograafita	SgAb
zooloog	zooloog	SgN
zooloog	zoolooge	PlP
zooloog	zooloogeks	PlTr
zooloog	zooloogel	PlAd
zooloog	zooloogele	PlAll
zooloog	zooloogelt	PlAbl
zooloog	zoolooges	PlIn
zooloog	zooloogesse	PlIll
zooloog	zooloogest	PlEl
zooloog	zooloogi	SgAdt
zooloog	zooloogi	SgG
zooloog	zooloogi	SgP
zooloog	zooloogid	PlN
zooloog	zooloogide	PlG
zooloog	zooloogidega	PlKom
zooloog	zooloogideks	PlTr
zooloog	zooloogidel	PlAd
zooloog	zooloogidele	PlAll
zooloog	zooloogidelt	PlAbl
zooloog	zooloogidena	PlEs
zooloog	zooloogideni	PlTer
zooloog	zooloogides	PlIn
zooloog	zooloogidesse	PlIll
zooloog	zooloogidest	PlEl
zooloog	zooloogideta	PlAb
zooloog	zooloogiga	SgKom
zooloog	zooloogiks	SgTr
zooloog	zooloogil	SgAd
zooloog	zooloogile	SgAll
zooloog	zooloogilt	SgAbl
zooloog	zooloogina	SgEs
zooloog	zooloogini	SgTer
zooloog	zooloogis	SgIn
zooloog	zooloogisid	PlP
zooloog	zooloogisse	SgIll
zooloog	zooloogist	SgEl
zooloog	zooloogita	SgAb
zoroastrist	zoroastrist	SgN
zoroastrist	zoroastriste	PlP
zoroastrist	zoroastristeks	PlTr
zoroastrist	zoroastristel	PlAd
zoroastrist	zoroastristele	PlAll
zoroastrist	zoroastristelt	PlAbl
zoroastrist	zoroastristes	PlIn
zoroastrist	zoroastristesse	PlIll
zoroastrist	zoroastristest	PlEl
zoroastrist	zoroastristi	SgAdt
zoroastrist	zoroastristi	SgG
zoroastrist	zoroastristi	SgP
zoroastrist	zoroastristid	PlN
zoroastrist	zoroastristide	PlG
zoroastrist	zoroastristidega	PlKom
zoroastrist	zoroastristideks	PlTr
zoroastrist	zoroastristidel	PlAd
zoroastrist	zoroastristidele	PlAll
zoroastrist	zoroastristidelt	PlAbl
zoroastrist	zoroastristidena	PlEs
zoroastrist	zoroastristideni	PlTer
zoroastrist	zoroastristides	PlIn
zoroastrist	zoroastristidesse	PlIll
zoroastrist	zoroastristidest	PlEl
zoroastrist	zoroastristideta	PlAb
zoroastrist	zoroastristiga	SgKom
zoroastrist	zoroastristiks	SgTr
zoroastrist	zoroastristil	SgAd
zoroastrist	zoroastristile	SgAll
zoroastrist	zoroastristilt	SgAbl
zoroastrist	zoroastristina	SgEs
zoroastrist	zoroastristini	SgTer
zoroastrist	zoroastristis	SgIn
zoroastrist	zoroastristisid	PlP
zoroastrist	zoroastristisse	SgIll
zoroastrist	zoroastristist	SgEl
zoroastrist	zoroastristita	SgAb
Zagreb	Zagreb	SgAdt
Zagreb	Zagreb	SgN
Zagreb	Zagrebeid	PlP
Zagreb	Zagrebeiks	PlTr
Zagreb	Zagrebeil	PlAd
Zagreb	Zagrebeile	PlAll
Zagreb	Zagrebeilt	PlAbl
Zagreb	Zagrebeis	PlIn
Zagreb	Zagrebeisse	PlIll
Zagreb	Zagrebeist	PlEl
Zagreb	Zagrebi	SgG
Zagreb	Zagrebid	PlN
Zagreb	Zagrebiga	SgKom
Zagreb	Zagrebiks	SgTr
Zagreb	Zagrebil	SgAd
Zagreb	Zagrebile	SgAll
Zagreb	Zagrebilt	SgAbl
Zagreb	Zagrebina	SgEs
Zagreb	Zagrebini	SgTer
Zagreb	Zagrebis	SgIn
Zagreb	Zagrebisse	SgIll
Zagreb	Zagrebist	SgEl
Zagreb	Zagrebit	SgP
Zagreb	Zagrebita	SgAb
Zagreb	Zagrebite	PlG
Zagreb	Zagrebitega	PlKom
Zagreb	Zagrebiteks	PlTr
Zagreb	Zagrebitel	PlAd
Zagreb	Zagrebitele	PlAll
Zagreb	Zagrebitelt	PlAbl
Zagreb	Zagrebitena	PlEs
Zagreb	Zagrebiteni	PlTer
Zagreb	Zagrebites	PlIn
Zagreb	Zagrebitesse	PlIll
Zagreb	Zagrebitest	PlEl
Zagreb	Zagrebiteta	PlAb
zooloogiaatlas	-	SgAdt
zooloogiaatlas	zooloogiaatlas	SgN
zooloogiaatlas	zooloogiaatlase	SgG
zooloogiaatlas	zooloogiaatlased	PlN
zooloogiaatlas	zooloogiaatlasega	SgKom
zooloogiaatlas	zooloogiaatlaseid	PlP
zooloogiaatlas	zooloogiaatlaseiks	PlTr
zooloogiaatlas	zooloogiaatlaseil	PlAd
zooloogiaatlas	zooloogiaatlaseile	PlAll
zooloogiaatlas	zooloogiaatlaseilt	PlAbl
zooloogiaatlas	zooloogiaatlaseis	PlIn
zooloogiaatlas	zooloogiaatlaseisse	PlIll
zooloogiaatlas	zooloogiaatlaseist	PlEl
zooloogiaatlas	zooloogiaatlaseks	SgTr
zooloogiaatlas	zooloogiaatlasel	SgAd
zooloogiaatlas	zooloogiaatlasele	SgAll
zooloogiaatlas	zooloogiaatlaselt	SgAbl
zooloogiaatlas	zooloogiaatlasena	SgEs
zooloogiaatlas	zooloogiaatlaseni	SgTer
zooloogiaatlas	zooloogiaatlases	SgIn
zooloogiaatlas	zooloogiaatlasesse	SgIll
zooloogiaatlas	zooloogiaatlasest	SgEl
zooloogiaatlas	zooloogiaatlaseta	SgAb
zooloogiaatlas	zooloogiaatlasi	PlP
zooloogiaatlas	zooloogiaatlasiks	PlTr
zooloogiaatlas	zooloogiaatlasil	PlAd
zooloogiaatlas	zooloogiaatlasile	PlAll
zooloogiaatlas	zooloogiaatlasilt	PlAbl
zooloogiaatlas	zooloogiaatlasis	PlIn
zooloogiaatlas	zooloogiaatlasisse	PlIll
zooloogiaatlas	zooloogiaatlasist	PlEl
zooloogiaatlas	zooloogiaatlasse	SgAdt
zooloogiaatlas	zooloogiaatlast	SgP
zooloogiaatlas	zooloogiaatlaste	PlG
zooloogiaatlas	zooloogiaatlastega	PlKom
zooloogiaatlas	zooloogiaatlasteks	PlTr
zooloogiaatlas	zooloogiaatlastel	PlAd
zooloogiaatlas	zooloogiaatlastele	PlAll
zooloogiaatlas	zooloogiaatlastelt	PlAbl
zooloogiaatlas	zooloogiaatlastena	PlEs
zooloogiaatlas	zooloogiaatlasteni	PlTer
zooloogiaatlas	zooloogiaatlastes	PlIn
zooloogiaatlas	zooloogiaatlastesse	PlIll
zooloogiaatlas	zooloogiaatlastest	PlEl
zooloogiaatlas	zooloogiaatlasteta	PlAb
zoopatoloogia	-	SgAdt
zoopatoloogia	zoopatoloogia	SgG
zoopatoloogia	zoopatoloogia	SgN
zoopatoloogia	zoopatoloogiad	PlN
zoopatoloogia	zoopatoloogiaga	SgKom
zoopatoloogia	zoopatoloogiaid	PlP
zoopatoloogia	zoopatoloogiaiks	PlTr
zoopatoloogia	zoopatoloogiail	PlAd
zoopatoloogia	zoopatoloogiaile	PlAll
zoopatoloogia	zoopatoloogiailt	PlAbl
zoopatoloogia	zoopatoloogiais	PlIn
zoopatoloogia	zoopatoloogiaisse	PlIll
zoopatoloogia	zoopatoloogiaist	PlEl
zoopatoloogia	zoopatoloogiaks	SgTr
zoopatoloogia	zoopatoloogial	SgAd
zoopatoloogia	zoopatoloogiale	SgAll
zoopatoloogia	zoopatoloogialt	SgAbl
zoopatoloogia	zoopatoloogiana	SgEs
zoopatoloogia	zoopatoloogiani	SgTer
zoopatoloogia	zoopatoloogias	SgIn
zoopatoloogia	zoopatoloogiasse	SgIll
zoopatoloogia	zoopatoloogiast	SgEl
zoopatoloogia	zoopatoloogiat	SgP
zoopatoloogia	zoopatoloogiata	SgAb
zoopatoloogia	zoopatoloogiate	PlG
zoopatoloogia	zoopatoloogiatega	PlKom
zoopatoloogia	zoopatoloogiateks	PlTr
zoopatoloogia	zoopatoloogiatel	PlAd
zoopatoloogia	zoopatoloogiatele	PlAll
zoopatoloogia	zoopatoloogiatelt	PlAbl
zoopatoloogia	zoopatoloogiatena	PlEs
zoopatoloogia	zoopatoloogiateni	PlTer
zoopatoloogia	zoopatoloogiates	PlIn
zoopatoloogia	zoopatoloogiatesse	PlIll
zoopatoloogia	zoopatoloogiatest	PlEl
zoopatoloogia	zoopatoloogiateta	PlAb
zoogeograafiline	zoogeograafiline	SgN
zoogeograafiline	zoogeograafilise	SgG
zoogeograafiline	zoogeograafilised	PlN
zoogeograafiline	zoogeograafilisega	SgKom
zoogeograafiline	zoogeograafiliseks	SgTr
zoogeograafiline	zoogeograafilisel	SgAd
zoogeograafiline	zoogeograafilisele	SgAll
zoogeograafiline	zoogeograafiliselt	SgAbl
zoogeograafiline	zoogeograafilisena	SgEs
zoogeograafiline	zoogeograafiliseni	SgTer
zoogeograafiline	zoogeograafilises	SgIn
zoogeograafiline	zoogeograafilisesse	SgIll
zoogeograafiline	zoogeograafilisest	SgEl
zoogeograafiline	zoogeograafiliseta	SgAb
zoogeograafiline	zoogeograafilisi	PlP
zoogeograafiline	zoogeograafilisiks	PlTr
zoogeograafiline	zoogeograafilisil	PlAd
zoogeograafiline	zoogeograafilisile	PlAll
zoogeograafiline	zoogeograafilisilt	PlAbl
zoogeograafiline	zoogeograafilisis	PlIn
zoogeograafiline	zoogeograafilisisse	PlIll
zoogeograafiline	zoogeograafilisist	PlEl
zoogeograafiline	zoogeograafilisse	SgAdt
zoogeograafiline	zoogeograafilist	SgP
zoogeograafiline	zoogeograafiliste	PlG
zoogeograafiline	zoogeograafilistega	PlKom
zoogeograafiline	zoogeograafilisteks	PlTr
zoogeograafiline	zoogeograafilistel	PlAd
zoogeograafiline	zoogeograafilistele	PlAll
zoogeograafiline	zoogeograafilistelt	PlAbl
zoogeograafiline	zoogeograafilistena	PlEs
zoogeograafiline	zoogeograafilisteni	PlTer
zoogeograafiline	zoogeograafilistes	PlIn
zoogeograafiline	zoogeograafilistesse	PlIll
zoogeograafiline	zoogeograafilistest	PlEl
zoogeograafiline	zoogeograafilisteta	PlAb
zoopaleontoloogia	-	SgAdt
zoopaleontoloogia	zoopaleontoloogia	SgG
zoopaleontoloogia	zoopaleontoloogia	SgN
zoopaleontoloogia	zoopaleontoloogiad	PlN
zoopaleontoloogia	zoopaleontoloogiaga	SgKom
zoopaleontoloogia	zoopaleontoloogiaid	PlP
zoopaleontoloogia	zoopaleontoloogiaiks	PlTr
zoopaleontoloogia	zoopaleontoloogiail	PlAd
zoopaleontoloogia	zoopaleontoloogiaile	PlAll
zoopaleontoloogia	zoopaleontoloogiailt	PlAbl
zoopaleontoloogia	zoopaleontoloogiais	PlIn
zoopaleontoloogia	zoopaleontoloogiaisse	PlIll
zoopaleontoloogia	zoopaleontoloogiaist	PlEl
zoopaleontoloogia	zoopaleontoloogiaks	SgTr
zoopaleontoloogia	zoopaleontoloogial	SgAd
zoopaleontoloogia	zoopaleontoloogiale	SgAll
zoopaleontoloogia	zoopaleontoloogialt	SgAbl
zoopaleontoloogia	zoopaleontoloogiana	SgEs
zoopaleontoloogia	zoopaleontoloogiani	SgTer
zoopaleontoloogia	zoopaleontoloogias	SgIn
zoopaleontoloogia	zoopaleontoloogiasse	SgIll
zoopaleontoloogia	zoopaleontoloogiast	SgEl
zoopaleontoloogia	zoopaleontoloogiat	SgP
zoopaleontoloogia	zoopaleontoloogiata	SgAb
zoopaleontoloogia	zoopaleontoloogiate	PlG
zoopaleontoloogia	zoopaleontoloogiatega	PlKom
zoopaleontoloogia	zoopaleontoloogiateks	PlTr
zoopaleontoloogia	zoopaleontoloogiatel	PlAd
zoopaleontoloogia	zoopaleontoloogiatele	PlAll
zoopaleontoloogia	zoopaleontoloogiatelt	PlAbl
zoopaleontoloogia	zoopaleontoloogiatena	PlEs
zoopaleontoloogia	zoopaleontoloogiateni	PlTer
zoopaleontoloogia	zoopaleontoloogiates	PlIn
zoopaleontoloogia	zoopaleontoloogiatesse	PlIll
zoopaleontoloogia	zoopaleontoloogiatest	PlEl
zoopaleontoloogia	zoopaleontoloogiateta	PlAb
zooparasiit	zooparasiideks	PlTr
zooparasiit	zooparasiidel	PlAd
zooparasiit	zooparasiidele	PlAll
zooparasiit	zooparasiidelt	PlAbl
zooparasiit	zooparasiides	PlIn
zooparasiit	zooparasiidesse	PlIll
zooparasiit	zooparasiidest	PlEl
zooparasiit	zooparasiidi	SgG
zooparasiit	zooparasiidid	PlN
zooparasiit	zooparasiidiga	SgKom
zooparasiit	zooparasiidiks	SgTr
zooparasiit	zooparasiidil	SgAd
zooparasiit	zooparasiidile	SgAll
zooparasiit	zooparasiidilt	SgAbl
zooparasiit	zooparasiidina	SgEs
zooparasiit	zooparasiidini	SgTer
zooparasiit	zooparasiidis	SgIn
zooparasiit	zooparasiidisse	SgIll
zooparasiit	zooparasiidist	SgEl
zooparasiit	zooparasiidita	SgAb
zooparasiit	zooparasiit	SgN
zooparasiit	zooparasiite	PlP
zooparasiit	zooparasiiti	SgAdt
zooparasiit	zooparasiiti	SgP
zooparasiit	zooparasiitide	PlG
zooparasiit	zooparasiitidega	PlKom
zooparasiit	zooparasiitideks	PlTr
zooparasiit	zooparasiitidel	PlAd
zooparasiit	zooparasiitidele	PlAll
zooparasiit	zooparasiitidelt	PlAbl
zooparasiit	zooparasiitidena	PlEs
zooparasiit	zooparasiitideni	PlTer
zooparasiit	zooparasiitides	PlIn
zooparasiit	zooparasiitidesse	PlIll
zooparasiit	zooparasiitidest	PlEl
zooparasiit	zooparasiitideta	PlAb
zooparasiit	zooparasiitisid	PlP
zooloogiakateeder	-	SgAdt
zooloogiakateeder	zooloogiakateeder	SgN
zooloogiakateeder	zooloogiakateedreid	PlP
zooloogiakateeder	zooloogiakateedreiks	PlTr
zooloogiakateeder	zooloogiakateedreil	PlAd
zooloogiakateeder	zooloogiakateedreile	PlAll
zooloogiakateeder	zooloogiakateedreilt	PlAbl
zooloogiakateeder	zooloogiakateedreis	PlIn
zooloogiakateeder	zooloogiakateedreisse	PlIll
zooloogiakateeder	zooloogiakateedreist	PlEl
zooloogiakateeder	zooloogiakateedri	SgG
zooloogiakateeder	zooloogiakateedrid	PlN
zooloogiakateeder	zooloogiakateedriga	SgKom
zooloogiakateeder	zooloogiakateedriks	SgTr
zooloogiakateeder	zooloogiakateedril	SgAd
zooloogiakateeder	zooloogiakateedrile	SgAll
zooloogiakateeder	zooloogiakateedrilt	SgAbl
zooloogiakateeder	zooloogiakateedrina	SgEs
zooloogiakateeder	zooloogiakateedrini	SgTer
zooloogiakateeder	zooloogiakateedris	SgIn
zooloogiakateeder	zooloogiakateedrisse	SgIll
zooloogiakateeder	zooloogiakateedrist	SgEl
zooloogiakateeder	zooloogiakateedrit	SgP
zooloogiakateeder	zooloogiakateedrita	SgAb
zooloogiakateeder	zooloogiakateedrite	PlG
zooloogiakateeder	zooloogiakateedritega	PlKom
zooloogiakateeder	zooloogiakateedriteks	PlTr
zooloogiakateeder	zooloogiakateedritel	PlAd
zooloogiakateeder	zooloogiakateedritele	PlAll
zooloogiakateeder	zooloogiakateedritelt	PlAbl
zooloogiakateeder	zooloogiakateedritena	PlEs
zooloogiakateeder	zooloogiakateedriteni	PlTer
zooloogiakateeder	zooloogiakateedrites	PlIn
zooloogiakateeder	zooloogiakateedritesse	PlIll
zooloogiakateeder	zooloogiakateedritest	PlEl
zooloogiakateeder	zooloogiakateedriteta	PlAb
zooloogiakauplus	-	SgAdt
zooloogiakauplus	zooloogiakauplus	SgN
zooloogiakauplus	zooloogiakaupluse	SgG
zooloogiakauplus	zooloogiakauplused	PlN
zooloogiakauplus	zooloogiakauplusega	SgKom
zooloogiakauplus	zooloogiakaupluseid	PlP
zooloogiakauplus	zooloogiakaupluseiks	PlTr
zooloogiakauplus	zooloogiakaupluseil	PlAd
zooloogiakauplus	zooloogiakaupluseile	PlAll
zooloogiakauplus	zooloogiakaupluseilt	PlAbl
zooloogiakauplus	zooloogiakaupluseis	PlIn
zooloogiakauplus	zooloogiakaupluseisse	PlIll
zooloogiakauplus	zooloogiakaupluseist	PlEl
zooloogiakauplus	zooloogiakaupluseks	SgTr
zooloogiakauplus	zooloogiakauplusel	SgAd
zooloogiakauplus	zooloogiakauplusele	SgAll
zooloogiakauplus	zooloogiakaupluselt	SgAbl
zooloogiakauplus	zooloogiakauplusena	SgEs
zooloogiakauplus	zooloogiakaupluseni	SgTer
zooloogiakauplus	zooloogiakaupluses	SgIn
zooloogiakauplus	zooloogiakauplusesse	SgIll
zooloogiakauplus	zooloogiakauplusest	SgEl
zooloogiakauplus	zooloogiakaupluseta	SgAb
zooloogiakauplus	zooloogiakauplusi	PlP
zooloogiakauplus	zooloogiakauplusiks	PlTr
zooloogiakauplus	zooloogiakauplusil	PlAd
zooloogiakauplus	zooloogiakauplusile	PlAll
zooloogiakauplus	zooloogiakauplusilt	PlAbl
zooloogiakauplus	zooloogiakauplusis	PlIn
zooloogiakauplus	zooloogiakauplusisse	PlIll
zooloogiakauplus	zooloogiakauplusist	PlEl
zooloogiakauplus	zooloogiakauplusse	SgAdt
zooloogiakauplus	zooloogiakauplust	SgP
zooloogiakauplus	zooloogiakaupluste	PlG
zooloogiakauplus	zooloogiakauplustega	PlKom
zooloogiakauplus	zooloogiakauplusteks	PlTr
zooloogiakauplus	zooloogiakauplustel	PlAd
zooloogiakauplus	zooloogiakauplustele	PlAll
zooloogiakauplus	zooloogiakauplustelt	PlAbl
zooloogiakauplus	zooloogiakauplustena	PlEs
zooloogiakauplus	zooloogiakauplusteni	PlTer
zooloogiakauplus	zooloogiakauplustes	PlIn
zooloogiakauplus	zooloogiakauplustesse	PlIll
zooloogiakauplus	zooloogiakauplustest	PlEl
zooloogiakauplus	zooloogiakauplusteta	PlAb
zooloogiamuuseum	-	SgAdt
zooloogiamuuseum	zooloogiamuuseum	SgN
zooloogiamuuseum	zooloogiamuuseume	PlP
zooloogiamuuseum	zooloogiamuuseumeid	PlP
zooloogiamuuseum	zooloogiamuuseumeiks	PlTr
zooloogiamuuseum	zooloogiamuuseumeil	PlAd
zooloogiamuuseum	zooloogiamuuseumeile	PlAll
zooloogiamuuseum	zooloogiamuuseumeilt	PlAbl
zooloogiamuuseum	zooloogiamuuseumeis	PlIn
zooloogiamuuseum	zooloogiamuuseumeisse	PlIll
zooloogiamuuseum	zooloogiamuuseumeist	PlEl
zooloogiamuuseum	zooloogiamuuseumeks	PlTr
zooloogiamuuseum	zooloogiamuuseumel	PlAd
zooloogiamuuseum	zooloogiamuuseumele	PlAll
zooloogiamuuseum	zooloogiamuuseumelt	PlAbl
zooloogiamuuseum	zooloogiamuuseumes	PlIn
zooloogiamuuseum	zooloogiamuuseumesse	PlIll
zooloogiamuuseum	zooloogiamuuseumest	PlEl
zooloogiamuuseum	zooloogiamuuseumi	SgAdt
zooloogiamuuseum	zooloogiamuuseumi	SgG
zooloogiamuuseum	zooloogiamuuseumi	SgP
zooloogiamuuseum	zooloogiamuuseumid	PlN
zooloogiamuuseum	zooloogiamuuseumide	PlG
zooloogiamuuseum	zooloogiamuuseumidega	PlKom
zooloogiamuuseum	zooloogiamuuseumideks	PlTr
zooloogiamuuseum	zooloogiamuuseumidel	PlAd
zooloogiamuuseum	zooloogiamuuseumidele	PlAll
zooloogiamuuseum	zooloogiamuuseumidelt	PlAbl
zooloogiamuuseum	zooloogiamuuseumidena	PlEs
zooloogiamuuseum	zooloogiamuuseumideni	PlTer
zooloogiamuuseum	zooloogiamuuseumides	PlIn
zooloogiamuuseum	zooloogiamuuseumidesse	PlIll
zooloogiamuuseum	zooloogiamuuseumidest	PlEl
zooloogiamuuseum	zooloogiamuuseumideta	PlAb
zooloogiamuuseum	zooloogiamuuseumiga	SgKom
zooloogiamuuseum	zooloogiamuuseumiks	SgTr
zooloogiamuuseum	zooloogiamuuseumil	SgAd
zooloogiamuuseum	zooloogiamuuseumile	SgAll
zooloogiamuuseum	zooloogiamuuseumilt	SgAbl
zooloogiamuuseum	zooloogiamuuseumina	SgEs
zooloogiamuuseum	zooloogiamuuseumini	SgTer
zooloogiamuuseum	zooloogiamuuseumis	SgIn
zooloogiamuuseum	zooloogiamuuseumisse	SgIll
zooloogiamuuseum	zooloogiamuuseumist	SgEl
zooloogiamuuseum	zooloogiamuuseumit	SgP
zooloogiamuuseum	zooloogiamuuseumita	SgAb
zooloogiamuuseum	zooloogiamuuseumite	PlG
zooloogiamuuseum	zooloogiamuuseumitega	PlKom
zooloogiamuuseum	zooloogiamuuseumiteks	PlTr
zooloogiamuuseum	zooloogiamuuseumitel	PlAd
zooloogiamuuseum	zooloogiamuuseumitele	PlAll
zooloogiamuuseum	zooloogiamuuseumitelt	PlAbl
zooloogiamuuseum	zooloogiamuuseumitena	PlEs
zooloogiamuuseum	zooloogiamuuseumiteni	PlTer
zooloogiamuuseum	zooloogiamuuseumites	PlIn
zooloogiamuuseum	zooloogiamuuseumitesse	PlIll
zooloogiamuuseum	zooloogiamuuseumitest	PlEl
zooloogiamuuseum	zooloogiamuuseumiteta	PlAb
zooloogiaõpik	-	SgAdt
zooloogiaõpik	zooloogiaõpik	SgN
zooloogiaõpik	zooloogiaõpiku	SgG
zooloogiaõpik	zooloogiaõpikud	PlN
zooloogiaõpik	zooloogiaõpikuga	SgKom
zooloogiaõpik	zooloogiaõpikuid	PlP
zooloogiaõpik	zooloogiaõpikuiks	PlTr
zooloogiaõpik	zooloogiaõpikuil	PlAd
zooloogiaõpik	zooloogiaõpikuile	PlAll
zooloogiaõpik	zooloogiaõpikuilt	PlAbl
zooloogiaõpik	zooloogiaõpikuis	PlIn
zooloogiaõpik	zooloogiaõpikuisse	PlIll
zooloogiaõpik	zooloogiaõpikuist	PlEl
zooloogiaõpik	zooloogiaõpikuks	SgTr
zooloogiaõpik	zooloogiaõpikul	SgAd
zooloogiaõpik	zooloogiaõpikule	SgAll
zooloogiaõpik	zooloogiaõpikult	SgAbl
zooloogiaõpik	zooloogiaõpikuna	SgEs
zooloogiaõpik	zooloogiaõpikuni	SgTer
zooloogiaõpik	zooloogiaõpikus	SgIn
zooloogiaõpik	zooloogiaõpikusse	SgIll
zooloogiaõpik	zooloogiaõpikust	SgEl
zooloogiaõpik	zooloogiaõpikut	SgP
zooloogiaõpik	zooloogiaõpikuta	SgAb
zooloogiaõpik	zooloogiaõpikute	PlG
zooloogiaõpik	zooloogiaõpikutega	PlKom
zooloogiaõpik	zooloogiaõpikuteks	PlTr
zooloogiaõpik	zooloogiaõpikutel	PlAd
zooloogiaõpik	zooloogiaõpikutele	PlAll
zooloogiaõpik	zooloogiaõpikutelt	PlAbl
zooloogiaõpik	zooloogiaõpikutena	PlEs
zooloogiaõpik	zooloogiaõpikuteni	PlTer
zooloogiaõpik	zooloogiaõpikutes	PlIn
zooloogiaõpik	zooloogiaõpikutesse	PlIll
zooloogiaõpik	zooloogiaõpikutest	PlEl
zooloogiaõpik	zooloogiaõpikuteta	PlAb
Zemgale	Zemgale	SgAdt
Zemgale	Zemgale	SgG
Zemgale	Zemgale	SgN
Zemgale	Zemgaled	PlN
Zemgale	Zemgalega	SgKom
Zemgale	Zemgaleid	PlP
Zemgale	Zemgaleiks	PlTr
Zemgale	Zemgaleil	PlAd
Zemgale	Zemgaleile	PlAll
Zemgale	Zemgaleilt	PlAbl
Zemgale	Zemgaleis	PlIn
Zemgale	Zemgaleisse	PlIll
Zemgale	Zemgaleist	PlEl
Zemgale	Zemgaleks	SgTr
Zemgale	Zemgalel	SgAd
Zemgale	Zemgalele	SgAll
Zemgale	Zemgalelt	SgAbl
Zemgale	Zemgalena	SgEs
Zemgale	Zemgaleni	SgTer
Zemgale	Zemgales	SgIn
Zemgale	Zemgalesse	SgIll
Zemgale	Zemgalest	SgEl
Zemgale	Zemgalet	SgP
Zemgale	Zemgaleta	SgAb
Zemgale	Zemgalete	PlG
Zemgale	Zemgaletega	PlKom
Zemgale	Zemgaleteks	PlTr
Zemgale	Zemgaletel	PlAd
Zemgale	Zemgaletele	PlAll
Zemgale	Zemgaletelt	PlAbl
Zemgale	Zemgaletena	PlEs
Zemgale	Zemgaleteni	PlTer
Zemgale	Zemgaletes	PlIn
Zemgale	Zemgaletesse	PlIll
Zemgale	Zemgaletest	PlEl
Zemgale	Zemgaleteta	PlAb
Zarasai	Zarasai	SgAdt
Zarasai	Zarasai	SgG
Zarasai	Zarasai	SgN
Zarasai	Zarasaid	PlN
Zarasai	Zarasaid	SgP
Zarasai	Zarasaide	PlG
Zarasai	Zarasaidega	PlKom
Zarasai	Zarasaideks	PlTr
Zarasai	Zarasaidel	PlAd
Zarasai	Zarasaidele	PlAll
Zarasai	Zarasaidelt	PlAbl
Zarasai	Zarasaidena	PlEs
Zarasai	Zarasaideni	PlTer
Zarasai	Zarasaides	PlIn
Zarasai	Zarasaidesse	PlIll
Zarasai	Zarasaidest	PlEl
Zarasai	Zarasaideta	PlAb
Zarasai	Zarasaiga	SgKom
Zarasai	Zarasaiks	SgTr
Zarasai	Zarasail	SgAd
Zarasai	Zarasaile	SgAll
Zarasai	Zarasailt	SgAbl
Zarasai	Zarasaina	SgEs
Zarasai	Zarasaini	SgTer
Zarasai	Zarasais	SgIn
Zarasai	Zarasaisid	PlP
Zarasai	Zarasaisse	SgIll
Zarasai	Zarasaist	SgEl
Zarasai	Zarasaita	SgAb
zoroastristlik	zoroastristlik	SgN
zoroastristlik	zoroastristlike	PlG
zoroastristlik	zoroastristlikega	PlKom
zoroastristlik	zoroastristlikeks	PlTr
zoroastristlik	zoroastristlikel	PlAd
zoroastristlik	zoroastristlikele	PlAll
zoroastristlik	zoroastristlikelt	PlAbl
zoroastristlik	zoroastristlikena	PlEs
zoroastristlik	zoroastristlikeni	PlTer
zoroastristlik	zoroastristlikes	PlIn
zoroastristlik	zoroastristlikesse	PlIll
zoroastristlik	zoroastristlikest	PlEl
zoroastristlik	zoroastristliketa	PlAb
zoroastristlik	zoroastristlikke	PlP
zoroastristlik	zoroastristlikku	SgAdt
zoroastristlik	zoroastristlikku	SgP
zoroastristlik	zoroastristlikkude	PlG
zoroastristlik	zoroastristlikkudega	PlKom
zoroastristlik	zoroastristlikkudeks	PlTr
zoroastristlik	zoroastristlikkudel	PlAd
zoroastristlik	zoroastristlikkudele	PlAll
zoroastristlik	zoroastristlikkudelt	PlAbl
zoroastristlik	zoroastristlikkudena	PlEs
zoroastristlik	zoroastristlikkudeni	PlTer
zoroastristlik	zoroastristlikkudes	PlIn
zoroastristlik	zoroastristlikkudesse	PlIll
zoroastristlik	zoroastristlikkudest	PlEl
zoroastristlik	zoroastristlikkudeta	PlAb
zoroastristlik	zoroastristlikkusid	PlP
zoroastristlik	zoroastristliku	SgG
zoroastristlik	zoroastristlikud	PlN
zoroastristlik	zoroastristlikuga	SgKom
zoroastristlik	zoroastristlikuks	SgTr
zoroastristlik	zoroastristlikul	SgAd
zoroastristlik	zoroastristlikule	SgAll
zoroastristlik	zoroastristlikult	SgAbl
zoroastristlik	zoroastristlikuna	SgEs
zoroastristlik	zoroastristlikuni	SgTer
zoroastristlik	zoroastristlikus	SgIn
zoroastristlik	zoroastristlikusse	SgIll
zoroastristlik	zoroastristlikust	SgEl
zoroastristlik	zoroastristlikuta	SgAb
Zlatni pyasatsi	Zlatni pyasatseid	PlP
Zlatni pyasatsi	Zlatni pyasatseiks	PlTr
Zlatni pyasatsi	Zlatni pyasatseil	PlAd
Zlatni pyasatsi	Zlatni pyasatseile	PlAll
Zlatni pyasatsi	Zlatni pyasatseilt	PlAbl
Zlatni pyasatsi	Zlatni pyasatseis	PlIn
Zlatni pyasatsi	Zlatni pyasatseisse	PlIll
Zlatni pyasatsi	Zlatni pyasatseist	PlEl
Zlatni pyasatsi	Zlatni pyasatsi	SgAdt
Zlatni pyasatsi	Zlatni pyasatsi	SgG
Zlatni pyasatsi	Zlatni pyasatsi	SgN
Zlatni pyasatsi	Zlatni pyasatsid	PlN
Zlatni pyasatsi	Zlatni pyasatsiga	SgKom
Zlatni pyasatsi	Zlatni pyasatsiks	SgTr
Zlatni pyasatsi	Zlatni pyasatsil	SgAd
Zlatni pyasatsi	Zlatni pyasatsile	SgAll
Zlatni pyasatsi	Zlatni pyasatsilt	SgAbl
Zlatni pyasatsi	Zlatni pyasatsina	SgEs
Zlatni pyasatsi	Zlatni pyasatsini	SgTer
Zlatni pyasatsi	Zlatni pyasatsis	SgIn
Zlatni pyasatsi	Zlatni pyasatsisse	SgIll
Zlatni pyasatsi	Zlatni pyasatsist	SgEl
Zlatni pyasatsi	Zlatni pyasatsit	SgP
Zlatni pyasatsi	Zlatni pyasatsita	SgAb
Zlatni pyasatsi	Zlatni pyasatsite	PlG
Zlatni pyasatsi	Zlatni pyasatsitega	PlKom
Zlatni pyasatsi	Zlatni pyasatsiteks	PlTr
Zlatni pyasatsi	Zlatni pyasatsitel	PlAd
Zlatni pyasatsi	Zlatni pyasatsitele	PlAll
Zlatni pyasatsi	Zlatni pyasatsitelt	PlAbl
Zlatni pyasatsi	Zlatni pyasatsitena	PlEs
Zlatni pyasatsi	Zlatni pyasatsiteni	PlTer
Zlatni pyasatsi	Zlatni pyasatsites	PlIn
Zlatni pyasatsi	Zlatni pyasatsitesse	PlIll
Zlatni pyasatsi	Zlatni pyasatsitest	PlEl
Zlatni pyasatsi	Zlatni pyasatsiteta	PlAb
Zinovjevsk	Zinovjevsk	SgAdt
Zinovjevsk	Zinovjevsk	SgN
Zinovjevsk	Zinovjevskeid	PlP
Zinovjevsk	Zinovjevskeiks	PlTr
Zinovjevsk	Zinovjevskeil	PlAd
Zinovjevsk	Zinovjevskeile	PlAll
Zinovjevsk	Zinovjevskeilt	PlAbl
Zinovjevsk	Zinovjevskeis	PlIn
Zinovjevsk	Zinovjevskeisse	PlIll
Zinovjevsk	Zinovjevskeist	PlEl
Zinovjevsk	Zinovjevski	SgG
Zinovjevsk	Zinovjevskid	PlN
Zinovjevsk	Zinovjevskiga	SgKom
Zinovjevsk	Zinovjevskiks	SgTr
Zinovjevsk	Zinovjevskil	SgAd
Zinovjevsk	Zinovjevskile	SgAll
Zinovjevsk	Zinovjevskilt	SgAbl
Zinovjevsk	Zinovjevskina	SgEs
Zinovjevsk	Zinovjevskini	SgTer
Zinovjevsk	Zinovjevskis	SgIn
Zinovjevsk	Zinovjevskisse	SgIll
Zinovjevsk	Zinovjevskist	SgEl
Zinovjevsk	Zinovjevskit	SgP
Zinovjevsk	Zinovjevskita	SgAb
Zinovjevsk	Zinovjevskite	PlG
Zinovjevsk	Zinovjevskitega	PlKom
Zinovjevsk	Zinovjevskiteks	PlTr
Zinovjevsk	Zinovjevskitel	PlAd
Zinovjevsk	Zinovjevskitele	PlAll
Zinovjevsk	Zinovjevskitelt	PlAbl
Zinovjevsk	Zinovjevskitena	PlEs
Zinovjevsk	Zinovjevskiteni	PlTer
Zinovjevsk	Zinovjevskites	PlIn
Zinovjevsk	Zinovjevskitesse	PlIll
Zinovjevsk	Zinovjevskitest	PlEl
Zinovjevsk	Zinovjevskiteta	PlAb
Zaire	Zaire	SgAdt
Zaire	Zaire	SgG
Zaire	Zaire	SgN
Zaire	Zaired	PlN
Zaire	Zairede	PlG
Zaire	Zairedega	PlKom
Zaire	Zairedeks	PlTr
Zaire	Zairedel	PlAd
Zaire	Zairedele	PlAll
Zaire	Zairedelt	PlAbl
Zaire	Zairedena	PlEs
Zaire	Zairedeni	PlTer
Zaire	Zairedes	PlIn
Zaire	Zairedesse	PlIll
Zaire	Zairedest	PlEl
Zaire	Zairedeta	PlAb
Zaire	Zairega	SgKom
Zaire	Zaireks	SgTr
Zaire	Zairel	SgAd
Zaire	Zairele	SgAll
Zaire	Zairelt	SgAbl
Zaire	Zairena	SgEs
Zaire	Zaireni	SgTer
Zaire	Zaires	SgIn
Zaire	Zairesid	PlP
Zaire	Zairesse	SgIll
Zaire	Zairest	SgEl
Zaire	Zairet	SgP
Zaire	Zaireta	SgAb
Zwickau	Zwickau	SgAdt
Zwickau	Zwickau	SgG
Zwickau	Zwickau	SgN
Zwickau	Zwickaud	PlN
Zwickau	Zwickaud	SgP
Zwickau	Zwickaude	PlG
Zwickau	Zwickaudega	PlKom
Zwickau	Zwickaudeks	PlTr
Zwickau	Zwickaudel	PlAd
Zwickau	Zwickaudele	PlAll
Zwickau	Zwickaudelt	PlAbl
Zwickau	Zwickaudena	PlEs
Zwickau	Zwickaudeni	PlTer
Zwickau	Zwickaudes	PlIn
Zwickau	Zwickaudesse	PlIll
Zwickau	Zwickaudest	PlEl
Zwickau	Zwickaudeta	PlAb
Zwickau	Zwickauga	SgKom
Zwickau	Zwickauks	SgTr
Zwickau	Zwickaul	SgAd
Zwickau	Zwickaule	SgAll
Zwickau	Zwickault	SgAbl
Zwickau	Zwickauna	SgEs
Zwickau	Zwickauni	SgTer
Zwickau	Zwickaus	SgIn
Zwickau	Zwickausid	PlP
Zwickau	Zwickausse	SgIll
Zwickau	Zwickaust	SgEl
Zwickau	Zwickauta	SgAb
zombistuma	zombistu	ImpPrSg2
zombistuma	zombistu	IndPrPs_
zombistuma	zombistub	IndPrSg3
zombistuma	zombistud	IndPrSg2
zombistuma	zombistuda	Inf
zombistuma	zombistudes	Ger
zombistuma	zombistuge	ImpPrPl2
zombistuma	zombistugem	ImpPrPl1
zombistuma	zombistugu	ImpPrPs
zombistuma	zombistuks	KndPrPs
zombistuma	zombistuksid	KndPrPl3
zombistuma	zombistuksid	KndPrSg2
zombistuma	zombistuksime	KndPrPl1
zombistuma	zombistuksin	KndPrSg1
zombistuma	zombistuksite	KndPrPl2
zombistuma	zombistuma	Sup
zombistuma	zombistumaks	SupTr
zombistuma	zombistumas	SupIn
zombistuma	zombistumast	SupEl
zombistuma	zombistumata	SupAb
zombistuma	zombistume	IndPrPl1
zombistuma	zombistun	IndPrSg1
zombistuma	zombistunud	PtsPtPs
zombistuma	zombistunud	PtsPtPsNeg
zombistuma	zombistunuks	KndPtPs
zombistuma	zombistunuksid	KndPtPl3
zombistuma	zombistunuksid	KndPtSg2
zombistuma	zombistunuksime	KndPtPl1
zombistuma	zombistunuksin	KndPtSg1
zombistuma	zombistunuksite	KndPtPl2
zombistuma	zombistunuvat	KvtPtPs
zombistuma	zombistus	IndIpfSg3
zombistuma	zombistusid	IndIpfPl3
zombistuma	zombistusid	IndIpfSg2
zombistuma	zombistusime	IndIpfPl1
zombistuma	zombistusin	IndIpfSg1
zombistuma	zombistusite	IndIpfPl2
zombistuma	zombistuta	IndPrIps_
zombistuma	zombistutagu	ImpPrIps
zombistuma	zombistutaks	KndPrIps
zombistuma	zombistutakse	IndPrIps
zombistuma	zombistutama	SupIps
zombistuma	zombistutav	PtsPrIps
zombistuma	zombistutavat	KvtPrIps
zombistuma	zombistute	IndPrPl2
zombistuma	zombistuti	IndIpfIps
zombistuma	zombistutud	PtsPtIps
zombistuma	zombistutud	PtsPtIpsNeg
zombistuma	zombistutuks	KndPtIps
zombistuma	zombistutuvat	KvtPtIps
zombistuma	zombistuv	PtsPrPs
zombistuma	zombistuvad	IndPrPl3
zombistuma	zombistuvat	KvtPrPs
Zaporižžja	Zaporižžja	SgAdt
Zaporižžja	Zaporižžja	SgG
Zaporižžja	Zaporižžja	SgN
Zaporižžja	Zaporižžjad	PlN
Zaporižžja	Zaporižžjade	PlG
Zaporižžja	Zaporižžjadega	PlKom
Zaporižžja	Zaporižžjadeks	PlTr
Zaporižžja	Zaporižžjadel	PlAd
Zaporižžja	Zaporižžjadele	PlAll
Zaporižžja	Zaporižžjadelt	PlAbl
Zaporižžja	Zaporižžjadena	PlEs
Zaporižžja	Zaporižžjadeni	PlTer
Zaporižžja	Zaporižžjades	PlIn
Zaporižžja	Zaporižžjadesse	PlIll
Zaporižžja	Zaporižžjadest	PlEl
Zaporižžja	Zaporižžjadeta	PlAb
Zaporižžja	Zaporižžjaga	SgKom
Zaporižžja	Zaporižžjaks	SgTr
Zaporižžja	Zaporižžjal	SgAd
Zaporižžja	Zaporižžjale	SgAll
Zaporižžja	Zaporižžjalt	SgAbl
Zaporižžja	Zaporižžjana	SgEs
Zaporižžja	Zaporižžjani	SgTer
Zaporižžja	Zaporižžjas	SgIn
Zaporižžja	Zaporižžjasid	PlP
Zaporižžja	Zaporižžjasse	SgIll
Zaporižžja	Zaporižžjast	SgEl
Zaporižžja	Zaporižžjat	SgP
Zaporižžja	Zaporižžjata	SgAb
Zaporožje	Zaporožje	SgAdt
Zaporožje	Zaporožje	SgG
Zaporožje	Zaporožje	SgN
Zaporožje	Zaporožjed	PlN
Zaporožje	Zaporožjede	PlG
Zaporožje	Zaporožjedega	PlKom
Zaporožje	Zaporožjedeks	PlTr
Zaporožje	Zaporožjedel	PlAd
Zaporožje	Zaporožjedele	PlAll
Zaporožje	Zaporožjedelt	PlAbl
Zaporožje	Zaporožjedena	PlEs
Zaporožje	Zaporožjedeni	PlTer
Zaporožje	Zaporožjedes	PlIn
Zaporožje	Zaporožjedesse	PlIll
Zaporožje	Zaporožjedest	PlEl
Zaporožje	Zaporožjedeta	PlAb
Zaporožje	Zaporožjega	SgKom
Zaporožje	Zaporožjeks	SgTr
Zaporožje	Zaporožjel	SgAd
Zaporožje	Zaporožjele	SgAll
Zaporožje	Zaporožjelt	SgAbl
Zaporožje	Zaporožjena	SgEs
Zaporožje	Zaporožjeni	SgTer
Zaporožje	Zaporožjes	SgIn
Zaporožje	Zaporožjesid	PlP
Zaporožje	Zaporožjesse	SgIll
Zaporožje	Zaporožjest	SgEl
Zaporožje	Zaporožjet	SgP
Zaporožje	Zaporožjeta	SgAb
zombivõrk	zombivõrgeks	PlTr
zombivõrk	zombivõrgel	PlAd
zombivõrk	zombivõrgele	PlAll
zombivõrk	zombivõrgelt	PlAbl
zombivõrk	zombivõrges	PlIn
zombivõrk	zombivõrgesse	PlIll
zombivõrk	zombivõrgest	PlEl
zombivõrk	zombivõrgu	SgG
zombivõrk	zombivõrgud	PlN
zombivõrk	zombivõrguga	SgKom
zombivõrk	zombivõrguks	SgTr
zombivõrk	zombivõrgul	SgAd
zombivõrk	zombivõrgule	SgAll
zombivõrk	zombivõrgult	SgAbl
zombivõrk	zombivõrguna	SgEs
zombivõrk	zombivõrguni	SgTer
zombivõrk	zombivõrgus	SgIn
zombivõrk	zombivõrgusse	SgIll
zombivõrk	zombivõrgust	SgEl
zombivõrk	zombivõrguta	SgAb
zombivõrk	zombivõrk	SgN
zombivõrk	zombivõrke	PlP
zombivõrk	zombivõrku	SgAdt
zombivõrk	zombivõrku	SgP
zombivõrk	zombivõrkude	PlG
zombivõrk	zombivõrkudega	PlKom
zombivõrk	zombivõrkudeks	PlTr
zombivõrk	zombivõrkudel	PlAd
zombivõrk	zombivõrkudele	PlAll
zombivõrk	zombivõrkudelt	PlAbl
zombivõrk	zombivõrkudena	PlEs
zombivõrk	zombivõrkudeni	PlTer
zombivõrk	zombivõrkudes	PlIn
zombivõrk	zombivõrkudesse	PlIll
zombivõrk	zombivõrkudest	PlEl
zombivõrk	zombivõrkudeta	PlAb
zombivõrk	zombivõrkusid	PlP
Zmijinõi	Zmijinõi	SgAdt
Zmijinõi	Zmijinõi	SgG
Zmijinõi	Zmijinõi	SgN
Zmijinõi	Zmijinõid	PlN
Zmijinõi	Zmijinõid	SgP
Zmijinõi	Zmijinõide	PlG
Zmijinõi	Zmijinõidega	PlKom
Zmijinõi	Zmijinõideks	PlTr
Zmijinõi	Zmijinõidel	PlAd
Zmijinõi	Zmijinõidele	PlAll
Zmijinõi	Zmijinõidelt	PlAbl
Zmijinõi	Zmijinõidena	PlEs
Zmijinõi	Zmijinõideni	PlTer
Zmijinõi	Zmijinõides	PlIn
Zmijinõi	Zmijinõidesse	PlIll
Zmijinõi	Zmijinõidest	PlEl
Zmijinõi	Zmijinõideta	PlAb
Zmijinõi	Zmijinõiga	SgKom
Zmijinõi	Zmijinõiks	SgTr
Zmijinõi	Zmijinõil	SgAd
Zmijinõi	Zmijinõile	SgAll
Zmijinõi	Zmijinõilt	SgAbl
Zmijinõi	Zmijinõina	SgEs
Zmijinõi	Zmijinõini	SgTer
Zmijinõi	Zmijinõis	SgIn
Zmijinõi	Zmijinõisid	PlP
Zmijinõi	Zmijinõisse	SgIll
Zmijinõi	Zmijinõist	SgEl
Zmijinõi	Zmijinõita	SgAb
Zaragoza	Zaragoza	SgAdt
Zaragoza	Zaragoza	SgG
Zaragoza	Zaragoza	SgN
Zaragoza	Zaragozad	PlN
Zaragoza	Zaragozade	PlG
Zaragoza	Zaragozadega	PlKom
Zaragoza	Zaragozadeks	PlTr
Zaragoza	Zaragozadel	PlAd
Zaragoza	Zaragozadele	PlAll
Zaragoza	Zaragozadelt	PlAbl
Zaragoza	Zaragozadena	PlEs
Zaragoza	Zaragozadeni	PlTer
Zaragoza	Zaragozades	PlIn
Zaragoza	Zaragozadesse	PlIll
Zaragoza	Zaragozadest	PlEl
Zaragoza	Zaragozadeta	PlAb
Zaragoza	Zaragozaga	SgKom
Zaragoza	Zaragozaks	SgTr
Zaragoza	Zaragozal	SgAd
Zaragoza	Zaragozale	SgAll
Zaragoza	Zaragozalt	SgAbl
Zaragoza	Zaragozana	SgEs
Zaragoza	Zaragozani	SgTer
Zaragoza	Zaragozas	SgIn
Zaragoza	Zaragozasid	PlP
Zaragoza	Zaragozasse	SgIll
Zaragoza	Zaragozast	SgEl
Zaragoza	Zaragozat	SgP
Zaragoza	Zaragozata	SgAb
Zeeland	Zeeland	SgAdt
Zeeland	Zeeland	SgN
Zeeland	Zeelandeid	PlP
Zeeland	Zeelandeiks	PlTr
Zeeland	Zeelandeil	PlAd
Zeeland	Zeelandeile	PlAll
Zeeland	Zeelandeilt	PlAbl
Zeeland	Zeelandeis	PlIn
Zeeland	Zeelandeisse	PlIll
Zeeland	Zeelandeist	PlEl
Zeeland	Zeelandi	SgG
Zeeland	Zeelandid	PlN
Zeeland	Zeelandiga	SgKom
Zeeland	Zeelandiks	SgTr
Zeeland	Zeelandil	SgAd
Zeeland	Zeelandile	SgAll
Zeeland	Zeelandilt	SgAbl
Zeeland	Zeelandina	SgEs
Zeeland	Zeelandini	SgTer
Zeeland	Zeelandis	SgIn
Zeeland	Zeelandisse	SgIll
Zeeland	Zeelandist	SgEl
Zeeland	Zeelandit	SgP
Zeeland	Zeelandita	SgAb
Zeeland	Zeelandite	PlG
Zeeland	Zeelanditega	PlKom
Zeeland	Zeelanditeks	PlTr
Zeeland	Zeelanditel	PlAd
Zeeland	Zeelanditele	PlAll
Zeeland	Zeelanditelt	PlAbl
Zeeland	Zeelanditena	PlEs
Zeeland	Zeelanditeni	PlTer
Zeeland	Zeelandites	PlIn
Zeeland	Zeelanditesse	PlIll
Zeeland	Zeelanditest	PlEl
Zeeland	Zeelanditeta	PlAb
Zeja	Zeja	SgAdt
Zeja	Zeja	SgG
Zeja	Zeja	SgN
Zeja	Zejad	PlN
Zeja	Zejade	PlG
Zeja	Zejadega	PlKom
Zeja	Zejadeks	PlTr
Zeja	Zejadel	PlAd
Zeja	Zejadele	PlAll
Zeja	Zejadelt	PlAbl
Zeja	Zejadena	PlEs
Zeja	Zejadeni	PlTer
Zeja	Zejades	PlIn
Zeja	Zejadesse	PlIll
Zeja	Zejadest	PlEl
Zeja	Zejadeta	PlAb
Zeja	Zejaga	SgKom
Zeja	Zejaks	SgTr
Zeja	Zejal	SgAd
Zeja	Zejale	SgAll
Zeja	Zejalt	SgAbl
Zeja	Zejana	SgEs
Zeja	Zejani	SgTer
Zeja	Zejas	SgIn
Zeja	Zejasid	PlP
Zeja	Zejasse	SgIll
Zeja	Zejast	SgEl
Zeja	Zejat	SgP
Zeja	Zejata	SgAb
Zelenogorsk	Zelenogorsk	SgAdt
Zelenogorsk	Zelenogorsk	SgN
Zelenogorsk	Zelenogorskeid	PlP
Zelenogorsk	Zelenogorskeiks	PlTr
Zelenogorsk	Zelenogorskeil	PlAd
Zelenogorsk	Zelenogorskeile	PlAll
Zelenogorsk	Zelenogorskeilt	PlAbl
Zelenogorsk	Zelenogorskeis	PlIn
Zelenogorsk	Zelenogorskeisse	PlIll
Zelenogorsk	Zelenogorskeist	PlEl
Zelenogorsk	Zelenogorski	SgG
Zelenogorsk	Zelenogorskid	PlN
Zelenogorsk	Zelenogorskiga	SgKom
Zelenogorsk	Zelenogorskiks	SgTr
Zelenogorsk	Zelenogorskil	SgAd
Zelenogorsk	Zelenogorskile	SgAll
Zelenogorsk	Zelenogorskilt	SgAbl
Zelenogorsk	Zelenogorskina	SgEs
Zelenogorsk	Zelenogorskini	SgTer
Zelenogorsk	Zelenogorskis	SgIn
Zelenogorsk	Zelenogorskisse	SgIll
Zelenogorsk	Zelenogorskist	SgEl
Zelenogorsk	Zelenogorskit	SgP
Zelenogorsk	Zelenogorskita	SgAb
Zelenogorsk	Zelenogorskite	PlG
Zelenogorsk	Zelenogorskitega	PlKom
Zelenogorsk	Zelenogorskiteks	PlTr
Zelenogorsk	Zelenogorskitel	PlAd
Zelenogorsk	Zelenogorskitele	PlAll
Zelenogorsk	Zelenogorskitelt	PlAbl
Zelenogorsk	Zelenogorskitena	PlEs
Zelenogorsk	Zelenogorskiteni	PlTer
Zelenogorsk	Zelenogorskites	PlIn
Zelenogorsk	Zelenogorskitesse	PlIll
Zelenogorsk	Zelenogorskitest	PlEl
Zelenogorsk	Zelenogorskiteta	PlAb
Zhejiang	Zhejiang	SgN
Zhejiang	Zhejiange	PlP
Zhejiang	Zhejiangeks	PlTr
Zhejiang	Zhejiangel	PlAd
Zhejiang	Zhejiangele	PlAll
Zhejiang	Zhejiangelt	PlAbl
Zhejiang	Zhejianges	PlIn
Zhejiang	Zhejiangesse	PlIll
Zhejiang	Zhejiangest	PlEl
Zhejiang	Zhejiangi	SgAdt
Zhejiang	Zhejiangi	SgG
Zhejiang	Zhejiangi	SgP
Zhejiang	Zhejiangid	PlN
Zhejiang	Zhejiangide	PlG
Zhejiang	Zhejiangidega	PlKom
Zhejiang	Zhejiangideks	PlTr
Zhejiang	Zhejiangidel	PlAd
Zhejiang	Zhejiangidele	PlAll
Zhejiang	Zhejiangidelt	PlAbl
Zhejiang	Zhejiangidena	PlEs
Zhejiang	Zhejiangideni	PlTer
Zhejiang	Zhejiangides	PlIn
Zhejiang	Zhejiangidesse	PlIll
Zhejiang	Zhejiangidest	PlEl
Zhejiang	Zhejiangideta	PlAb
Zhejiang	Zhejiangiga	SgKom
Zhejiang	Zhejiangiks	SgTr
Zhejiang	Zhejiangil	SgAd
Zhejiang	Zhejiangile	SgAll
Zhejiang	Zhejiangilt	SgAbl
Zhejiang	Zhejiangina	SgEs
Zhejiang	Zhejiangini	SgTer
Zhejiang	Zhejiangis	SgIn
Zhejiang	Zhejiangisid	PlP
Zhejiang	Zhejiangisse	SgIll
Zhejiang	Zhejiangist	SgEl
Zhejiang	Zhejiangita	SgAb
Zlatoust	Zlatoust	SgN
Zlatoust	Zlatouste	PlP
Zlatoust	Zlatousteks	PlTr
Zlatoust	Zlatoustel	PlAd
Zlatoust	Zlatoustele	PlAll
Zlatoust	Zlatoustelt	PlAbl
Zlatoust	Zlatoustes	PlIn
Zlatoust	Zlatoustesse	PlIll
Zlatoust	Zlatoustest	PlEl
Zlatoust	Zlatousti	SgAdt
Zlatoust	Zlatousti	SgG
Zlatoust	Zlatousti	SgP
Zlatoust	Zlatoustid	PlN
Zlatoust	Zlatoustide	PlG
Zlatoust	Zlatoustidega	PlKom
Zlatoust	Zlatoustideks	PlTr
Zlatoust	Zlatoustidel	PlAd
Zlatoust	Zlatoustidele	PlAll
Zlatoust	Zlatoustidelt	PlAbl
Zlatoust	Zlatoustidena	PlEs
Zlatoust	Zlatoustideni	PlTer
Zlatoust	Zlatoustides	PlIn
Zlatoust	Zlatoustidesse	PlIll
Zlatoust	Zlatoustidest	PlEl
Zlatoust	Zlatoustideta	PlAb
Zlatoust	Zlatoustiga	SgKom
Zlatoust	Zlatoustiks	SgTr
Zlatoust	Zlatoustil	SgAd
Zlatoust	Zlatoustile	SgAll
Zlatoust	Zlatoustilt	SgAbl
Zlatoust	Zlatoustina	SgEs
Zlatoust	Zlatoustini	SgTer
Zlatoust	Zlatoustis	SgIn
Zlatoust	Zlatoustisid	PlP
Zlatoust	Zlatoustisse	SgIll
Zlatoust	Zlatoustist	SgEl
Zlatoust	Zlatoustita	SgAb
Zomba	Zomba	SgAdt
Zomba	Zomba	SgG
Zomba	Zomba	SgN
Zomba	Zombad	PlN
Zomba	Zombade	PlG
Zomba	Zombadega	PlKom
Zomba	Zombadeks	PlTr
Zomba	Zombadel	PlAd
Zomba	Zombadele	PlAll
Zomba	Zombadelt	PlAbl
Zomba	Zombadena	PlEs
Zomba	Zombadeni	PlTer
Zomba	Zombades	PlIn
Zomba	Zombadesse	PlIll
Zomba	Zombadest	PlEl
Zomba	Zombadeta	PlAb
Zomba	Zombaga	SgKom
Zomba	Zombaks	SgTr
Zomba	Zombal	SgAd
Zomba	Zombale	SgAll
Zomba	Zombalt	SgAbl
Zomba	Zombana	SgEs
Zomba	Zombani	SgTer
Zomba	Zombas	SgIn
Zomba	Zombasid	PlP
Zomba	Zombasse	SgIll
Zomba	Zombast	SgEl
Zomba	Zombat	SgP
Zomba	Zombata	SgAb
Zuiderzee	Zuiderzee	SgAdt
Zuiderzee	Zuiderzee	SgG
Zuiderzee	Zuiderzee	SgN
Zuiderzee	Zuiderzeed	PlN
Zuiderzee	Zuiderzeed	SgP
Zuiderzee	Zuiderzeede	PlG
Zuiderzee	Zuiderzeedega	PlKom
Zuiderzee	Zuiderzeedeks	PlTr
Zuiderzee	Zuiderzeedel	PlAd
Zuiderzee	Zuiderzeedele	PlAll
Zuiderzee	Zuiderzeedelt	PlAbl
Zuiderzee	Zuiderzeedena	PlEs
Zuiderzee	Zuiderzeedeni	PlTer
Zuiderzee	Zuiderzeedes	PlIn
Zuiderzee	Zuiderzeedesse	PlIll
Zuiderzee	Zuiderzeedest	PlEl
Zuiderzee	Zuiderzeedeta	PlAb
Zuiderzee	Zuiderzeega	SgKom
Zuiderzee	Zuiderzeeks	SgTr
Zuiderzee	Zuiderzeel	SgAd
Zuiderzee	Zuiderzeele	SgAll
Zuiderzee	Zuiderzeelt	SgAbl
Zuiderzee	Zuiderzeena	SgEs
Zuiderzee	Zuiderzeeni	SgTer
Zuiderzee	Zuiderzees	SgIn
Zuiderzee	Zuiderzeesid	PlP
Zuiderzee	Zuiderzeesse	SgIll
Zuiderzee	Zuiderzeest	SgEl
Zuiderzee	Zuiderzeeta	SgAb
Zürich	Zürich	SgAdt
Zürich	Zürich	SgN
Zürich	Züricheid	PlP
Zürich	Züricheiks	PlTr
Zürich	Züricheil	PlAd
Zürich	Züricheile	PlAll
Zürich	Züricheilt	PlAbl
Zürich	Züricheis	PlIn
Zürich	Züricheisse	PlIll
Zürich	Züricheist	PlEl
Zürich	Zürichi	SgG
Zürich	Zürichid	PlN
Zürich	Zürichiga	SgKom
Zürich	Zürichiks	SgTr
Zürich	Zürichil	SgAd
Zürich	Zürichile	SgAll
Zürich	Zürichilt	SgAbl
Zürich	Zürichina	SgEs
Zürich	Zürichini	SgTer
Zürich	Zürichis	SgIn
Zürich	Zürichisse	SgIll
Zürich	Zürichist	SgEl
Zürich	Zürichit	SgP
Zürich	Zürichita	SgAb
Zürich	Zürichite	PlG
Zürich	Zürichitega	PlKom
Zürich	Zürichiteks	PlTr
Zürich	Zürichitel	PlAd
Zürich	Zürichitele	PlAll
Zürich	Zürichitelt	PlAbl
Zürich	Zürichitena	PlEs
Zürich	Zürichiteni	PlTer
Zürich	Zürichites	PlIn
Zürich	Zürichitesse	PlIll
Zürich	Zürichitest	PlEl
Zürich	Zürichiteta	PlAb
zooksantell	zooksantell	SgN
zooksantell	zooksantelle	PlP
zooksantell	zooksantelleks	PlTr
zooksantell	zooksantellel	PlAd
zooksantell	zooksantellele	PlAll
zooksantell	zooksantellelt	PlAbl
zooksantell	zooksantelles	PlIn
zooksantell	zooksantellesse	PlIll
zooksantell	zooksantellest	PlEl
zooksantell	zooksantelli	SgAdt
zooksantell	zooksantelli	SgG
zooksantell	zooksantelli	SgP
zooksantell	zooksantellid	PlN
zooksantell	zooksantellide	PlG
zooksantell	zooksantellidega	PlKom
zooksantell	zooksantellideks	PlTr
zooksantell	zooksantellidel	PlAd
zooksantell	zooksantellidele	PlAll
zooksantell	zooksantellidelt	PlAbl
zooksantell	zooksantellidena	PlEs
zooksantell	zooksantellideni	PlTer
zooksantell	zooksantellides	PlIn
zooksantell	zooksantellidesse	PlIll
zooksantell	zooksantellidest	PlEl
zooksantell	zooksantellideta	PlAb
zooksantell	zooksantelliga	SgKom
zooksantell	zooksantelliks	SgTr
zooksantell	zooksantellil	SgAd
zooksantell	zooksantellile	SgAll
zooksantell	zooksantellilt	SgAbl
zooksantell	zooksantellina	SgEs
zooksantell	zooksantellini	SgTer
zooksantell	zooksantellis	SgIn
zooksantell	zooksantellisid	PlP
zooksantell	zooksantellisse	SgIll
zooksantell	zooksantellist	SgEl
zooksantell	zooksantellita	SgAb
Zika viirus	Zika viirus	SgN
Zika viirus	Zika viiruse	SgG
Zika viirus	Zika viirused	PlN
Zika viirus	Zika viirusega	SgKom
Zika viirus	Zika viiruseid	PlP
Zika viirus	Zika viiruseks	SgTr
Zika viirus	Zika viirusel	SgAd
Zika viirus	Zika viirusele	SgAll
Zika viirus	Zika viiruselt	SgAbl
Zika viirus	Zika viirusena	SgEs
Zika viirus	Zika viiruseni	SgTer
Zika viirus	Zika viiruses	SgIn
Zika viirus	Zika viirusesse	SgIll
Zika viirus	Zika viirusest	SgEl
Zika viirus	Zika viiruseta	SgAb
Zika viirus	Zika viirusi	PlP
Zika viirus	Zika viirusse	SgAdt
Zika viirus	Zika viirust	SgP
Zika viirus	Zika viiruste	PlG
Zika viirus	Zika viirustega	PlKom
Zika viirus	Zika viirusteks	PlTr
Zika viirus	Zika viirustel	PlAd
Zika viirus	Zika viirustele	PlAll
Zika viirus	Zika viirustelt	PlAbl
Zika viirus	Zika viirustena	PlEs
Zika viirus	Zika viirusteni	PlTer
Zika viirus	Zika viirustes	PlIn
Zika viirus	Zika viirustesse	PlIll
Zika viirus	Zika viirustest	PlEl
Zika viirus	Zika viirusteta	PlAb
zikaviirus	-	SgAdt
zikaviirus	zikaviirus	SgN
zikaviirus	zikaviiruse	SgG
zikaviirus	zikaviirused	PlN
zikaviirus	zikaviirusega	SgKom
zikaviirus	zikaviiruseid	PlP
zikaviirus	zikaviiruseiks	PlTr
zikaviirus	zikaviiruseil	PlAd
zikaviirus	zikaviiruseile	PlAll
zikaviirus	zikaviiruseilt	PlAbl
zikaviirus	zikaviiruseis	PlIn
zikaviirus	zikaviiruseisse	PlIll
zikaviirus	zikaviiruseist	PlEl
zikaviirus	zikaviiruseks	SgTr
zikaviirus	zikaviirusel	SgAd
zikaviirus	zikaviirusele	SgAll
zikaviirus	zikaviiruselt	SgAbl
zikaviirus	zikaviirusena	SgEs
zikaviirus	zikaviiruseni	SgTer
zikaviirus	zikaviiruses	SgIn
zikaviirus	zikaviirusesse	SgIll
zikaviirus	zikaviirusest	SgEl
zikaviirus	zikaviiruseta	SgAb
zikaviirus	zikaviirusi	PlP
zikaviirus	zikaviirusiks	PlTr
zikaviirus	zikaviirusil	PlAd
zikaviirus	zikaviirusile	PlAll
zikaviirus	zikaviirusilt	PlAbl
zikaviirus	zikaviirusis	PlIn
zikaviirus	zikaviirusisse	PlIll
zikaviirus	zikaviirusist	PlEl
zikaviirus	zikaviirusse	SgAdt
zikaviirus	zikaviirust	SgP
zikaviirus	zikaviiruste	PlG
zikaviirus	zikaviirustega	PlKom
zikaviirus	zikaviirusteks	PlTr
zikaviirus	zikaviirustel	PlAd
zikaviirus	zikaviirustele	PlAll
zikaviirus	zikaviirustelt	PlAbl
zikaviirus	zikaviirustena	PlEs
zikaviirus	zikaviirusteni	PlTer
zikaviirus	zikaviirustes	PlIn
zikaviirus	zikaviirustesse	PlIll
zikaviirus	zikaviirustest	PlEl
zikaviirus	zikaviirusteta	PlAb
zombistama	zombista	ImpPrSg2
zombistama	zombista	IndPrPs_
zombistama	zombistab	IndPrSg3
zombistama	zombistad	IndPrSg2
zombistama	zombistada	Inf
zombistama	zombistades	Ger
zombistama	zombistage	ImpPrPl2
zombistama	zombistagem	ImpPrPl1
zombistama	zombistagu	ImpPrPs
zombistama	zombistaks	KndPrPs
zombistama	zombistaksid	KndPrPl3
zombistama	zombistaksid	KndPrSg2
zombistama	zombistaksime	KndPrPl1
zombistama	zombistaksin	KndPrSg1
zombistama	zombistaksite	KndPrPl2
zombistama	zombistama	Sup
zombistama	zombistamaks	SupTr
zombistama	zombistamas	SupIn
zombistama	zombistamast	SupEl
zombistama	zombistamata	SupAb
zombistama	zombistame	IndPrPl1
zombistama	zombistan	IndPrSg1
zombistama	zombistanud	PtsPtPs
zombistama	zombistanud	PtsPtPsNeg
zombistama	zombistanuks	KndPtPs
zombistama	zombistanuksid	KndPtPl3
zombistama	zombistanuksid	KndPtSg2
zombistama	zombistanuksime	KndPtPl1
zombistama	zombistanuksin	KndPtSg1
zombistama	zombistanuksite	KndPtPl2
zombistama	zombistanuvat	KvtPtPs
zombistama	zombistas	IndIpfSg3
zombistama	zombistasid	IndIpfPl3
zombistama	zombistasid	IndIpfSg2
zombistama	zombistasime	IndIpfPl1
zombistama	zombistasin	IndIpfSg1
zombistama	zombistasite	IndIpfPl2
zombistama	zombistata	IndPrIps_
zombistama	zombistatagu	ImpPrIps
zombistama	zombistataks	KndPrIps
zombistama	zombistatakse	IndPrIps
zombistama	zombistatama	SupIps
zombistama	zombistatav	PtsPrIps
zombistama	zombistatavat	KvtPrIps
zombistama	zombistate	IndPrPl2
zombistama	zombistati	IndIpfIps
zombistama	zombistatud	PtsPtIps
zombistama	zombistatud	PtsPtIpsNeg
zombistama	zombistatuks	KndPtIps
zombistama	zombistatuvat	KvtPtIps
zombistama	zombistav	PtsPrPs
zombistama	zombistavad	IndPrPl3
zombistama	zombistavat	KvtPrPs
zarzuela	zarzuela	SgAdt
zarzuela	zarzuela	SgG
zarzuela	zarzuela	SgN
zarzuela	zarzuela'd	PlN
zarzuela	zarzuela'de	PlG
zarzuela	zarzuela'dega	PlKom
zarzuela	zarzuela'deks	PlTr
zarzuela	zarzuela'del	PlAd
zarzuela	zarzuela'dele	PlAll
zarzuela	zarzuela'delt	PlAbl
zarzuela	zarzuela'dena	PlEs
zarzuela	zarzuela'deni	PlTer
zarzuela	zarzuela'des	PlIn
zarzuela	zarzuela'desse	PlIll
zarzuela	zarzuela'dest	PlEl
zarzuela	zarzuela'deta	PlAb
zarzuela	zarzuela'ga	SgKom
zarzuela	zarzuela'ks	SgTr
zarzuela	zarzuela'l	SgAd
zarzuela	zarzuela'le	SgAll
zarzuela	zarzuela'lt	SgAbl
zarzuela	zarzuela'na	SgEs
zarzuela	zarzuela'ni	SgTer
zarzuela	zarzuela's	SgIn
zarzuela	zarzuela'sid	PlP
zarzuela	zarzuela'sse	SgIll
zarzuela	zarzuela'st	SgEl
zarzuela	zarzuela't	SgP
zarzuela	zarzuela'ta	SgAb
zoo	zoo-	ID
Zhengzhou	Zhengzhou	SgAdt
Zhengzhou	Zhengzhou	SgG
Zhengzhou	Zhengzhou	SgN
Zhengzhou	Zhengzhoud	PlN
Zhengzhou	Zhengzhoud	SgP
Zhengzhou	Zhengzhoude	PlG
Zhengzhou	Zhengzhoudega	PlKom
Zhengzhou	Zhengzhoudeks	PlTr
Zhengzhou	Zhengzhoudel	PlAd
Zhengzhou	Zhengzhoudele	PlAll
Zhengzhou	Zhengzhoudelt	PlAbl
Zhengzhou	Zhengzhoudena	PlEs
Zhengzhou	Zhengzhoudeni	PlTer
Zhengzhou	Zhengzhoudes	PlIn
Zhengzhou	Zhengzhoudesse	PlIll
Zhengzhou	Zhengzhoudest	PlEl
Zhengzhou	Zhengzhoudeta	PlAb
Zhengzhou	Zhengzhouga	SgKom
Zhengzhou	Zhengzhouks	SgTr
Zhengzhou	Zhengzhoul	SgAd
Zhengzhou	Zhengzhoule	SgAll
Zhengzhou	Zhengzhoult	SgAbl
Zhengzhou	Zhengzhouna	SgEs
Zhengzhou	Zhengzhouni	SgTer
Zhengzhou	Zhengzhous	SgIn
Zhengzhou	Zhengzhousid	PlP
Zhengzhou	Zhengzhousse	SgIll
Zhengzhou	Zhengzhoust	SgEl
Zhengzhou	Zhengzhouta	SgAb
Zhangjiakou	Zhangjiakou	SgAdt
Zhangjiakou	Zhangjiakou	SgG
Zhangjiakou	Zhangjiakou	SgN
Zhangjiakou	Zhangjiakoud	PlN
Zhangjiakou	Zhangjiakoud	SgP
Zhangjiakou	Zhangjiakoude	PlG
Zhangjiakou	Zhangjiakoudega	PlKom
Zhangjiakou	Zhangjiakoudeks	PlTr
Zhangjiakou	Zhangjiakoudel	PlAd
Zhangjiakou	Zhangjiakoudele	PlAll
Zhangjiakou	Zhangjiakoudelt	PlAbl
Zhangjiakou	Zhangjiakoudena	PlEs
Zhangjiakou	Zhangjiakoudeni	PlTer
Zhangjiakou	Zhangjiakoudes	PlIn
Zhangjiakou	Zhangjiakoudesse	PlIll
Zhangjiakou	Zhangjiakoudest	PlEl
Zhangjiakou	Zhangjiakoudeta	PlAb
Zhangjiakou	Zhangjiakouga	SgKom
Zhangjiakou	Zhangjiakouks	SgTr
Zhangjiakou	Zhangjiakoul	SgAd
Zhangjiakou	Zhangjiakoule	SgAll
Zhangjiakou	Zhangjiakoult	SgAbl
Zhangjiakou	Zhangjiakouna	SgEs
Zhangjiakou	Zhangjiakouni	SgTer
Zhangjiakou	Zhangjiakous	SgIn
Zhangjiakou	Zhangjiakousid	PlP
Zhangjiakou	Zhangjiakousse	SgIll
Zhangjiakou	Zhangjiakoust	SgEl
Zhangjiakou	Zhangjiakouta	SgAb
Zhu Jiang	Zhu Jiang	SgN
Zhu Jiang	Zhu Jiange	PlP
Zhu Jiang	Zhu Jiangeks	PlTr
Zhu Jiang	Zhu Jiangel	PlAd
Zhu Jiang	Zhu Jiangele	PlAll
Zhu Jiang	Zhu Jiangelt	PlAbl
Zhu Jiang	Zhu Jianges	PlIn
Zhu Jiang	Zhu Jiangesse	PlIll
Zhu Jiang	Zhu Jiangest	PlEl
Zhu Jiang	Zhu Jiangi	SgAdt
Zhu Jiang	Zhu Jiangi	SgG
Zhu Jiang	Zhu Jiangi	SgP
Zhu Jiang	Zhu Jiangid	PlN
Zhu Jiang	Zhu Jiangide	PlG
Zhu Jiang	Zhu Jiangidega	PlKom
Zhu Jiang	Zhu Jiangideks	PlTr
Zhu Jiang	Zhu Jiangidel	PlAd
Zhu Jiang	Zhu Jiangidele	PlAll
Zhu Jiang	Zhu Jiangidelt	PlAbl
Zhu Jiang	Zhu Jiangidena	PlEs
Zhu Jiang	Zhu Jiangideni	PlTer
Zhu Jiang	Zhu Jiangides	PlIn
Zhu Jiang	Zhu Jiangidesse	PlIll
Zhu Jiang	Zhu Jiangidest	PlEl
Zhu Jiang	Zhu Jiangideta	PlAb
Zhu Jiang	Zhu Jiangiga	SgKom
Zhu Jiang	Zhu Jiangiks	SgTr
Zhu Jiang	Zhu Jiangil	SgAd
Zhu Jiang	Zhu Jiangile	SgAll
Zhu Jiang	Zhu Jiangilt	SgAbl
Zhu Jiang	Zhu Jiangina	SgEs
Zhu Jiang	Zhu Jiangini	SgTer
Zhu Jiang	Zhu Jiangis	SgIn
Zhu Jiang	Zhu Jiangisid	PlP
Zhu Jiang	Zhu Jiangisse	SgIll
Zhu Jiang	Zhu Jiangist	SgEl
Zhu Jiang	Zhu Jiangita	SgAb
Zelenogradsk	Zelenogradsk	SgAdt
Zelenogradsk	Zelenogradsk	SgN
Zelenogradsk	Zelenogradskeid	PlP
Zelenogradsk	Zelenogradskeiks	PlTr
Zelenogradsk	Zelenogradskeil	PlAd
Zelenogradsk	Zelenogradskeile	PlAll
Zelenogradsk	Zelenogradskeilt	PlAbl
Zelenogradsk	Zelenogradskeis	PlIn
Zelenogradsk	Zelenogradskeisse	PlIll
Zelenogradsk	Zelenogradskeist	PlEl
Zelenogradsk	Zelenogradski	SgG
Zelenogradsk	Zelenogradskid	PlN
Zelenogradsk	Zelenogradskiga	SgKom
Zelenogradsk	Zelenogradskiks	SgTr
Zelenogradsk	Zelenogradskil	SgAd
Zelenogradsk	Zelenogradskile	SgAll
Zelenogradsk	Zelenogradskilt	SgAbl
Zelenogradsk	Zelenogradskina	SgEs
Zelenogradsk	Zelenogradskini	SgTer
Zelenogradsk	Zelenogradskis	SgIn
Zelenogradsk	Zelenogradskisse	SgIll
Zelenogradsk	Zelenogradskist	SgEl
Zelenogradsk	Zelenogradskit	SgP
Zelenogradsk	Zelenogradskita	SgAb
Zelenogradsk	Zelenogradskite	PlG
Zelenogradsk	Zelenogradskitega	PlKom
Zelenogradsk	Zelenogradskiteks	PlTr
Zelenogradsk	Zelenogradskitel	PlAd
Zelenogradsk	Zelenogradskitele	PlAll
Zelenogradsk	Zelenogradskitelt	PlAbl
Zelenogradsk	Zelenogradskitena	PlEs
Zelenogradsk	Zelenogradskiteni	PlTer
Zelenogradsk	Zelenogradskites	PlIn
Zelenogradsk	Zelenogradskitesse	PlIll
Zelenogradsk	Zelenogradskitest	PlEl
Zelenogradsk	Zelenogradskiteta	PlAb
Zagrivje	Zagrivje	SgAdt
Zagrivje	Zagrivje	SgG
Zagrivje	Zagrivje	SgN
Zagrivje	Zagrivjed	PlN
Zagrivje	Zagrivjede	PlG
Zagrivje	Zagrivjedega	PlKom
Zagrivje	Zagrivjedeks	PlTr
Zagrivje	Zagrivjedel	PlAd
Zagrivje	Zagrivjedele	PlAll
Zagrivje	Zagrivjedelt	PlAbl
Zagrivje	Zagrivjedena	PlEs
Zagrivje	Zagrivjedeni	PlTer
Zagrivje	Zagrivjedes	PlIn
Zagrivje	Zagrivjedesse	PlIll
Zagrivje	Zagrivjedest	PlEl
Zagrivje	Zagrivjedeta	PlAb
Zagrivje	Zagrivjega	SgKom
Zagrivje	Zagrivjeks	SgTr
Zagrivje	Zagrivjel	SgAd
Zagrivje	Zagrivjele	SgAll
Zagrivje	Zagrivjelt	SgAbl
Zagrivje	Zagrivjena	SgEs
Zagrivje	Zagrivjeni	SgTer
Zagrivje	Zagrivjes	SgIn
Zagrivje	Zagrivjesid	PlP
Zagrivje	Zagrivjesse	SgIll
Zagrivje	Zagrivjest	SgEl
Zagrivje	Zagrivjet	SgP
Zagrivje	Zagrivjeta	SgAb
Zahhonje	Zahhonje	SgAdt
Zahhonje	Zahhonje	SgG
Zahhonje	Zahhonje	SgN
Zahhonje	Zahhonjed	PlN
Zahhonje	Zahhonjede	PlG
Zahhonje	Zahhonjedega	PlKom
Zahhonje	Zahhonjedeks	PlTr
Zahhonje	Zahhonjedel	PlAd
Zahhonje	Zahhonjedele	PlAll
Zahhonje	Zahhonjedelt	PlAbl
Zahhonje	Zahhonjedena	PlEs
Zahhonje	Zahhonjedeni	PlTer
Zahhonje	Zahhonjedes	PlIn
Zahhonje	Zahhonjedesse	PlIll
Zahhonje	Zahhonjedest	PlEl
Zahhonje	Zahhonjedeta	PlAb
Zahhonje	Zahhonjega	SgKom
Zahhonje	Zahhonjeks	SgTr
Zahhonje	Zahhonjel	SgAd
Zahhonje	Zahhonjele	SgAll
Zahhonje	Zahhonjelt	SgAbl
Zahhonje	Zahhonjena	SgEs
Zahhonje	Zahhonjeni	SgTer
Zahhonje	Zahhonjes	SgIn
Zahhonje	Zahhonjesid	PlP
Zahhonje	Zahhonjesse	SgIll
Zahhonje	Zahhonjest	SgEl
Zahhonje	Zahhonjet	SgP
Zahhonje	Zahhonjeta	SgAb
Zaretšje	Zaretšje	SgAdt
Zaretšje	Zaretšje	SgG
Zaretšje	Zaretšje	SgN
Zaretšje	Zaretšjed	PlN
Zaretšje	Zaretšjede	PlG
Zaretšje	Zaretšjedega	PlKom
Zaretšje	Zaretšjedeks	PlTr
Zaretšje	Zaretšjedel	PlAd
Zaretšje	Zaretšjedele	PlAll
Zaretšje	Zaretšjedelt	PlAbl
Zaretšje	Zaretšjedena	PlEs
Zaretšje	Zaretšjedeni	PlTer
Zaretšje	Zaretšjedes	PlIn
Zaretšje	Zaretšjedesse	PlIll
Zaretšje	Zaretšjedest	PlEl
Zaretšje	Zaretšjedeta	PlAb
Zaretšje	Zaretšjega	SgKom
Zaretšje	Zaretšjeks	SgTr
Zaretšje	Zaretšjel	SgAd
Zaretšje	Zaretšjele	SgAll
Zaretšje	Zaretšjelt	SgAbl
Zaretšje	Zaretšjena	SgEs
Zaretšje	Zaretšjeni	SgTer
Zaretšje	Zaretšjes	SgIn
Zaretšje	Zaretšjesid	PlP
Zaretšje	Zaretšjesse	SgIll
Zaretšje	Zaretšjest	SgEl
Zaretšje	Zaretšjet	SgP
Zaretšje	Zaretšjeta	SgAb
Z	Z	SgN
Z	Z-e	PlP
Z	Z-eks	PlTr
Z	Z-el	PlAd
Z	Z-ele	PlAll
Z	Z-elt	PlAbl
Z	Z-es	PlIn
Z	Z-esse	PlIll
Z	Z-est	PlEl
Z	Z-i	SgAdt
Z	Z-i	SgG
Z	Z-i	SgP
Z	Z-id	PlN
Z	Z-ide	PlG
Z	Z-idega	PlKom
Z	Z-ideks	PlTr
Z	Z-idel	PlAd
Z	Z-idele	PlAll
Z	Z-idelt	PlAbl
Z	Z-idena	PlEs
Z	Z-ideni	PlTer
Z	Z-ides	PlIn
Z	Z-idesse	PlIll
Z	Z-idest	PlEl
Z	Z-ideta	PlAb
Z	Z-iga	SgKom
Z	Z-iks	SgTr
Z	Z-il	SgAd
Z	Z-ile	SgAll
Z	Z-ilt	SgAbl
Z	Z-ina	SgEs
Z	Z-ini	SgTer
Z	Z-is	SgIn
Z	Z-isid	PlP
Z	Z-isse	SgIll
Z	Z-ist	SgEl
Z	Z-ita	SgAb
zett	zeti	SgG
zett	zetid	PlN
zett	zetiga	SgKom
zett	zetiks	SgTr
zett	zetil	SgAd
zett	zetile	SgAll
zett	zetilt	SgAbl
zett	zetina	SgEs
zett	zetini	SgTer
zett	zetis	SgIn
zett	zetisse	SgIll
zett	zetist	SgEl
zett	zetita	SgAb
zett	zett	SgN
zett	zetti	SgAdt
zett	zetti	SgP
zett	zettide	PlG
zett	zettidega	PlKom
zett	zettideks	PlTr
zett	zettidel	PlAd
zett	zettidele	PlAll
zett	zettidelt	PlAbl
zett	zettidena	PlEs
zett	zettideni	PlTer
zett	zettides	PlIn
zett	zettidesse	PlIll
zett	zettidest	PlEl
zett	zettideta	PlAb
zett	zettisid	PlP
Zlín	Zlín	SgN
Zlín	Zlíne	PlP
Zlín	Zlíneks	PlTr
Zlín	Zlínel	PlAd
Zlín	Zlínele	PlAll
Zlín	Zlínelt	PlAbl
Zlín	Zlínes	PlIn
Zlín	Zlínesse	PlIll
Zlín	Zlínest	PlEl
Zlín	Zlíni	SgAdt
Zlín	Zlíni	SgG
Zlín	Zlíni	SgP
Zlín	Zlínid	PlN
Zlín	Zlínide	PlG
Zlín	Zlínidega	PlKom
Zlín	Zlínideks	PlTr
Zlín	Zlínidel	PlAd
Zlín	Zlínidele	PlAll
Zlín	Zlínidelt	PlAbl
Zlín	Zlínidena	PlEs
Zlín	Zlínideni	PlTer
Zlín	Zlínides	PlIn
Zlín	Zlínidesse	PlIll
Zlín	Zlínidest	PlEl
Zlín	Zlínideta	PlAb
Zlín	Zlíniga	SgKom
Zlín	Zlíniks	SgTr
Zlín	Zlínil	SgAd
Zlín	Zlínile	SgAll
Zlín	Zlínilt	SgAbl
Zlín	Zlínina	SgEs
Zlín	Zlínini	SgTer
Zlín	Zlínis	SgIn
Zlín	Zlínisid	PlP
Zlín	Zlínisse	SgIll
Zlín	Zlínist	SgEl
Zlín	Zlínita	SgAb
Zielona Góra	Zielona Góra	SgAdt
Zielona Góra	Zielona Góra	SgG
Zielona Góra	Zielona Góra	SgN
Zielona Góra	Zielona Górad	PlN
Zielona Góra	Zielona Górade	PlG
Zielona Góra	Zielona Góradega	PlKom
Zielona Góra	Zielona Góradeks	PlTr
Zielona Góra	Zielona Góradel	PlAd
Zielona Góra	Zielona Góradele	PlAll
Zielona Góra	Zielona Góradelt	PlAbl
Zielona Góra	Zielona Góradena	PlEs
Zielona Góra	Zielona Góradeni	PlTer
Zielona Góra	Zielona Górades	PlIn
Zielona Góra	Zielona Góradesse	PlIll
Zielona Góra	Zielona Góradest	PlEl
Zielona Góra	Zielona Góradeta	PlAb
Zielona Góra	Zielona Góraga	SgKom
Zielona Góra	Zielona Góraks	SgTr
Zielona Góra	Zielona Góral	SgAd
Zielona Góra	Zielona Górale	SgAll
Zielona Góra	Zielona Góralt	SgAbl
Zielona Góra	Zielona Górana	SgEs
Zielona Góra	Zielona Górani	SgTer
Zielona Góra	Zielona Góras	SgIn
Zielona Góra	Zielona Górasid	PlP
Zielona Góra	Zielona Górasse	SgIll
Zielona Góra	Zielona Górast	SgEl
Zielona Góra	Zielona Górat	SgP
Zielona Góra	Zielona Górata	SgAb
Zeltiņi	Zeltiņeid	PlP
Zeltiņi	Zeltiņeiks	PlTr
Zeltiņi	Zeltiņeil	PlAd
Zeltiņi	Zeltiņeile	PlAll
Zeltiņi	Zeltiņeilt	PlAbl
Zeltiņi	Zeltiņeis	PlIn
Zeltiņi	Zeltiņeisse	PlIll
Zeltiņi	Zeltiņeist	PlEl
Zeltiņi	Zeltiņi	SgAdt
Zeltiņi	Zeltiņi	SgG
Zeltiņi	Zeltiņi	SgN
Zeltiņi	Zeltiņid	PlN
Zeltiņi	Zeltiņiga	SgKom
Zeltiņi	Zeltiņiks	SgTr
Zeltiņi	Zeltiņil	SgAd
Zeltiņi	Zeltiņile	SgAll
Zeltiņi	Zeltiņilt	SgAbl
Zeltiņi	Zeltiņina	SgEs
Zeltiņi	Zeltiņini	SgTer
Zeltiņi	Zeltiņis	SgIn
Zeltiņi	Zeltiņisse	SgIll
Zeltiņi	Zeltiņist	SgEl
Zeltiņi	Zeltiņit	SgP
Zeltiņi	Zeltiņita	SgAb
Zeltiņi	Zeltiņite	PlG
Zeltiņi	Zeltiņitega	PlKom
Zeltiņi	Zeltiņiteks	PlTr
Zeltiņi	Zeltiņitel	PlAd
Zeltiņi	Zeltiņitele	PlAll
Zeltiņi	Zeltiņitelt	PlAbl
Zeltiņi	Zeltiņitena	PlEs
Zeltiņi	Zeltiņiteni	PlTer
Zeltiņi	Zeltiņites	PlIn
Zeltiņi	Zeltiņitesse	PlIll
Zeltiņi	Zeltiņitest	PlEl
Zeltiņi	Zeltiņiteta	PlAb
Zákynthos	Zákynthos	SgN
Zákynthos	Zákynthose	SgG
Zákynthos	Zákynthosed	PlN
Zákynthos	Zákynthosega	SgKom
Zákynthos	Zákynthoseks	SgTr
Zákynthos	Zákynthosel	SgAd
Zákynthos	Zákynthosele	SgAll
Zákynthos	Zákynthoselt	SgAbl
Zákynthos	Zákynthosena	SgEs
Zákynthos	Zákynthoseni	SgTer
Zákynthos	Zákynthoses	SgIn
Zákynthos	Zákynthosesse	SgIll
Zákynthos	Zákynthosest	SgEl
Zákynthos	Zákynthoseta	SgAb
Zákynthos	Zákynthosi	PlP
Zákynthos	Zákynthosiks	PlTr
Zákynthos	Zákynthosil	PlAd
Zákynthos	Zákynthosile	PlAll
Zákynthos	Zákynthosilt	PlAbl
Zákynthos	Zákynthosis	PlIn
Zákynthos	Zákynthosisse	PlIll
Zákynthos	Zákynthosist	PlEl
Zákynthos	Zákynthosse	SgAdt
Zákynthos	Zákynthost	SgP
Zákynthos	Zákynthoste	PlG
Zákynthos	Zákynthostega	PlKom
Zákynthos	Zákynthosteks	PlTr
Zákynthos	Zákynthostel	PlAd
Zákynthos	Zákynthostele	PlAll
Zákynthos	Zákynthostelt	PlAbl
Zákynthos	Zákynthostena	PlEs
Zákynthos	Zákynthosteni	PlTer
Zákynthos	Zákynthostes	PlIn
Zákynthos	Zákynthostesse	PlIll
Zákynthos	Zákynthostest	PlEl
Zákynthos	Zákynthosteta	PlAb
Zwolle	Zwolle	SgAdt
Zwolle	Zwolle	SgG
Zwolle	Zwolle	SgN
Zwolle	Zwolled	PlN
Zwolle	Zwollede	PlG
Zwolle	Zwolledega	PlKom
Zwolle	Zwolledeks	PlTr
Zwolle	Zwolledel	PlAd
Zwolle	Zwolledele	PlAll
Zwolle	Zwolledelt	PlAbl
Zwolle	Zwolledena	PlEs
Zwolle	Zwolledeni	PlTer
Zwolle	Zwolledes	PlIn
Zwolle	Zwolledesse	PlIll
Zwolle	Zwolledest	PlEl
Zwolle	Zwolledeta	PlAb
Zwolle	Zwollega	SgKom
Zwolle	Zwolleks	SgTr
Zwolle	Zwollel	SgAd
Zwolle	Zwollele	SgAll
Zwolle	Zwollelt	SgAbl
Zwolle	Zwollena	SgEs
Zwolle	Zwolleni	SgTer
Zwolle	Zwolles	SgIn
Zwolle	Zwollesid	PlP
Zwolle	Zwollesse	SgIll
Zwolle	Zwollest	SgEl
Zwolle	Zwollet	SgP
Zwolle	Zwolleta	SgAb
Zagorsk	Zagorsk	SgAdt
Zagorsk	Zagorsk	SgN
Zagorsk	Zagorskeid	PlP
Zagorsk	Zagorskeiks	PlTr
Zagorsk	Zagorskeil	PlAd
Zagorsk	Zagorskeile	PlAll
Zagorsk	Zagorskeilt	PlAbl
Zagorsk	Zagorskeis	PlIn
Zagorsk	Zagorskeisse	PlIll
Zagorsk	Zagorskeist	PlEl
Zagorsk	Zagorski	SgG
Zagorsk	Zagorskid	PlN
Zagorsk	Zagorskiga	SgKom
Zagorsk	Zagorskiks	SgTr
Zagorsk	Zagorskil	SgAd
Zagorsk	Zagorskile	SgAll
Zagorsk	Zagorskilt	SgAbl
Zagorsk	Zagorskina	SgEs
Zagorsk	Zagorskini	SgTer
Zagorsk	Zagorskis	SgIn
Zagorsk	Zagorskisse	SgIll
Zagorsk	Zagorskist	SgEl
Zagorsk	Zagorskit	SgP
Zagorsk	Zagorskita	SgAb
Zagorsk	Zagorskite	PlG
Zagorsk	Zagorskitega	PlKom
Zagorsk	Zagorskiteks	PlTr
Zagorsk	Zagorskitel	PlAd
Zagorsk	Zagorskitele	PlAll
Zagorsk	Zagorskitelt	PlAbl
Zagorsk	Zagorskitena	PlEs
Zagorsk	Zagorskiteni	PlTer
Zagorsk	Zagorskites	PlIn
Zagorsk	Zagorskitesse	PlIll
Zagorsk	Zagorskitest	PlEl
Zagorsk	Zagorskiteta	PlAb
Z̄āgrose mäed	Z̄āgrose mäed	PlN
Z̄āgrose mäed	Z̄āgrose mägede	PlG
Z̄āgrose mäed	Z̄āgrose mägedega	PlKom
Z̄āgrose mäed	Z̄āgrose mägedeks	PlTr
Z̄āgrose mäed	Z̄āgrose mägedel	PlAd
Z̄āgrose mäed	Z̄āgrose mägedele	PlAll
Z̄āgrose mäed	Z̄āgrose mägedelt	PlAbl
Z̄āgrose mäed	Z̄āgrose mägedena	PlEs
Z̄āgrose mäed	Z̄āgrose mägedeni	PlTer
Z̄āgrose mäed	Z̄āgrose mägedes	PlIn
Z̄āgrose mäed	Z̄āgrose mägedesse	PlIll
Z̄āgrose mäed	Z̄āgrose mägedest	PlEl
Z̄āgrose mäed	Z̄āgrose mägedeta	PlAb
Z̄āgrose mäed	Z̄āgrose mägesid	PlP
Zug	Zug	SgN
Zug	Zuge	PlP
Zug	Zugeks	PlTr
Zug	Zugel	PlAd
Zug	Zugele	PlAll
Zug	Zugelt	PlAbl
Zug	Zuges	PlIn
Zug	Zugesse	PlIll
Zug	Zugest	PlEl
Zug	Zugi	SgAdt
Zug	Zugi	SgG
Zug	Zugi	SgP
Zug	Zugid	PlN
Zug	Zugide	PlG
Zug	Zugidega	PlKom
Zug	Zugideks	PlTr
Zug	Zugidel	PlAd
Zug	Zugidele	PlAll
Zug	Zugidelt	PlAbl
Zug	Zugidena	PlEs
Zug	Zugideni	PlTer
Zug	Zugides	PlIn
Zug	Zugidesse	PlIll
Zug	Zugidest	PlEl
Zug	Zugideta	PlAb
Zug	Zugiga	SgKom
Zug	Zugiks	SgTr
Zug	Zugil	SgAd
Zug	Zugile	SgAll
Zug	Zugilt	SgAbl
Zug	Zugina	SgEs
Zug	Zugini	SgTer
Zug	Zugis	SgIn
Zug	Zugisid	PlP
Zug	Zugisse	SgIll
Zug	Zugist	SgEl
Zug	Zugita	SgAb
Zangezur	Zangezur	SgN
Zangezur	Zangezure	PlP
Zangezur	Zangezureks	PlTr
Zangezur	Zangezurel	PlAd
Zangezur	Zangezurele	PlAll
Zangezur	Zangezurelt	PlAbl
Zangezur	Zangezures	PlIn
Zangezur	Zangezuresse	PlIll
Zangezur	Zangezurest	PlEl
Zangezur	Zangezuri	SgAdt
Zangezur	Zangezuri	SgG
Zangezur	Zangezuri	SgP
Zangezur	Zangezurid	PlN
Zangezur	Zangezuride	PlG
Zangezur	Zangezuridega	PlKom
Zangezur	Zangezurideks	PlTr
Zangezur	Zangezuridel	PlAd
Zangezur	Zangezuridele	PlAll
Zangezur	Zangezuridelt	PlAbl
Zangezur	Zangezuridena	PlEs
Zangezur	Zangezurideni	PlTer
Zangezur	Zangezurides	PlIn
Zangezur	Zangezuridesse	PlIll
Zangezur	Zangezuridest	PlEl
Zangezur	Zangezurideta	PlAb
Zangezur	Zangezuriga	SgKom
Zangezur	Zangezuriks	SgTr
Zangezur	Zangezuril	SgAd
Zangezur	Zangezurile	SgAll
Zangezur	Zangezurilt	SgAbl
Zangezur	Zangezurina	SgEs
Zangezur	Zangezurini	SgTer
Zangezur	Zangezuris	SgIn
Zangezur	Zangezurisid	PlP
Zangezur	Zangezurisse	SgIll
Zangezur	Zangezurist	SgEl
Zangezur	Zangezurita	SgAb
Zala	Zala	SgAdt
Zala	Zala	SgG
Zala	Zala	SgN
Zala	Zala	SgP
Zala	Zalad	PlN
Zala	Zalade	PlG
Zala	Zaladega	PlKom
Zala	Zaladeks	PlTr
Zala	Zaladel	PlAd
Zala	Zaladele	PlAll
Zala	Zaladelt	PlAbl
Zala	Zaladena	PlEs
Zala	Zaladeni	PlTer
Zala	Zalades	PlIn
Zala	Zaladesse	PlIll
Zala	Zaladest	PlEl
Zala	Zaladeta	PlAb
Zala	Zalaga	SgKom
Zala	Zalaks	SgTr
Zala	Zalal	SgAd
Zala	Zalale	SgAll
Zala	Zalalt	SgAbl
Zala	Zalana	SgEs
Zala	Zalani	SgTer
Zala	Zalas	SgIn
Zala	Zalasid	PlP
Zala	Zalasse	SgIll
Zala	Zalast	SgEl
Zala	Zalat	SgP
Zala	Zalata	SgAb
Zalaegerszeg	Zalaegerszeg	SgN
Zalaegerszeg	Zalaegerszege	PlP
Zalaegerszeg	Zalaegerszegeks	PlTr
Zalaegerszeg	Zalaegerszegel	PlAd
Zalaegerszeg	Zalaegerszegele	PlAll
Zalaegerszeg	Zalaegerszegelt	PlAbl
Zalaegerszeg	Zalaegerszeges	PlIn
Zalaegerszeg	Zalaegerszegesse	PlIll
Zalaegerszeg	Zalaegerszegest	PlEl
Zalaegerszeg	Zalaegerszegi	SgAdt
Zalaegerszeg	Zalaegerszegi	SgG
Zalaegerszeg	Zalaegerszegi	SgP
Zalaegerszeg	Zalaegerszegid	PlN
Zalaegerszeg	Zalaegerszegide	PlG
Zalaegerszeg	Zalaegerszegidega	PlKom
Zalaegerszeg	Zalaegerszegideks	PlTr
Zalaegerszeg	Zalaegerszegidel	PlAd
Zalaegerszeg	Zalaegerszegidele	PlAll
Zalaegerszeg	Zalaegerszegidelt	PlAbl
Zalaegerszeg	Zalaegerszegidena	PlEs
Zalaegerszeg	Zalaegerszegideni	PlTer
Zalaegerszeg	Zalaegerszegides	PlIn
Zalaegerszeg	Zalaegerszegidesse	PlIll
Zalaegerszeg	Zalaegerszegidest	PlEl
Zalaegerszeg	Zalaegerszegideta	PlAb
Zalaegerszeg	Zalaegerszegiga	SgKom
Zalaegerszeg	Zalaegerszegiks	SgTr
Zalaegerszeg	Zalaegerszegil	SgAd
Zalaegerszeg	Zalaegerszegile	SgAll
Zalaegerszeg	Zalaegerszegilt	SgAbl
Zalaegerszeg	Zalaegerszegina	SgEs
Zalaegerszeg	Zalaegerszegini	SgTer
Zalaegerszeg	Zalaegerszegis	SgIn
Zalaegerszeg	Zalaegerszegisse	SgIll
Zalaegerszeg	Zalaegerszegist	SgEl
Zalaegerszeg	Zalaegerszegita	SgAb
Zalău	Zalău	SgAdt
Zalău	Zalău	SgG
Zalău	Zalău	SgN
Zalău	Zalăud	PlN
Zalău	Zalăud	SgP
Zalău	Zalăude	PlG
Zalău	Zalăudega	PlKom
Zalău	Zalăudeks	PlTr
Zalău	Zalăudel	PlAd
Zalău	Zalăudele	PlAll
Zalău	Zalăudelt	PlAbl
Zalău	Zalăudena	PlEs
Zalău	Zalăudeni	PlTer
Zalău	Zalăudes	PlIn
Zalău	Zalăudesse	PlIll
Zalău	Zalăudest	PlEl
Zalău	Zalăudeta	PlAb
Zalău	Zalăuga	SgKom
Zalău	Zalăuks	SgTr
Zalău	Zalăul	SgAd
Zalău	Zalăule	SgAll
Zalău	Zalăult	SgAbl
Zalău	Zalăuna	SgEs
Zalău	Zalăuni	SgTer
Zalău	Zalăus	SgIn
Zalău	Zalăusid	PlP
Zalău	Zalăusse	SgIll
Zalău	Zalăust	SgEl
Zalău	Zalăuta	SgAb
Zadar	Zadar	SgAdt
Zadar	Zadar	SgN
Zadar	Zadareid	PlP
Zadar	Zadareiks	PlTr
Zadar	Zadareil	PlAd
Zadar	Zadareile	PlAll
Zadar	Zadareilt	PlAbl
Zadar	Zadareis	PlIn
Zadar	Zadareisse	PlIll
Zadar	Zadareist	PlEl
Zadar	Zadari	SgG
Zadar	Zadarid	PlN
Zadar	Zadariga	SgKom
Zadar	Zadariks	SgTr
Zadar	Zadaril	SgAd
Zadar	Zadarile	SgAll
Zadar	Zadarilt	SgAbl
Zadar	Zadarina	SgEs
Zadar	Zadarini	SgTer
Zadar	Zadaris	SgIn
Zadar	Zadarisse	SgIll
Zadar	Zadarist	SgEl
Zadar	Zadarit	SgP
Zadar	Zadarita	SgAb
Zadar	Zadarite	PlG
Zadar	Zadaritega	PlKom
Zadar	Zadariteks	PlTr
Zadar	Zadaritel	PlAd
Zadar	Zadaritele	PlAll
Zadar	Zadaritelt	PlAbl
Zadar	Zadaritena	PlEs
Zadar	Zadariteni	PlTer
Zadar	Zadarites	PlIn
Zadar	Zadaritesse	PlIll
Zadar	Zadaritest	PlEl
Zadar	Zadariteta	PlAb
Zubovka	Zubovka	SgAdt
Zubovka	Zubovka	SgG
Zubovka	Zubovka	SgN
Zubovka	Zubovkad	PlN
Zubovka	Zubovkade	PlG
Zubovka	Zubovkadega	PlKom
Zubovka	Zubovkadeks	PlTr
Zubovka	Zubovkadel	PlAd
Zubovka	Zubovkadele	PlAll
Zubovka	Zubovkadelt	PlAbl
Zubovka	Zubovkadena	PlEs
Zubovka	Zubovkadeni	PlTer
Zubovka	Zubovkades	PlIn
Zubovka	Zubovkadesse	PlIll
Zubovka	Zubovkadest	PlEl
Zubovka	Zubovkadeta	PlAb
Zubovka	Zubovkaga	SgKom
Zubovka	Zubovkaks	SgTr
Zubovka	Zubovkal	SgAd
Zubovka	Zubovkale	SgAll
Zubovka	Zubovkalt	SgAbl
Zubovka	Zubovkana	SgEs
Zubovka	Zubovkani	SgTer
Zubovka	Zubovkas	SgIn
Zubovka	Zubovkasid	PlP
Zubovka	Zubovkasse	SgIll
Zubovka	Zubovkast	SgEl
Zubovka	Zubovkat	SgP
Zubovka	Zubovkata	SgAb
Zängilan	Zängilan	SgN
Zängilan	Zängilane	PlP
Zängilan	Zängilaneks	PlTr
Zängilan	Zängilanel	PlAd
Zängilan	Zängilanele	PlAll
Zängilan	Zängilanelt	PlAbl
Zängilan	Zängilanes	PlIn
Zängilan	Zängilanesse	PlIll
Zängilan	Zängilanest	PlEl
Zängilan	Zängilani	SgAdt
Zängilan	Zängilani	SgG
Zängilan	Zängilani	SgP
Zängilan	Zängilanid	PlN
Zängilan	Zängilanide	PlG
Zängilan	Zängilanidega	PlKom
Zängilan	Zängilanideks	PlTr
Zängilan	Zängilanidel	PlAd
Zängilan	Zängilanidele	PlAll
Zängilan	Zängilanidelt	PlAbl
Zängilan	Zängilanidena	PlEs
Zängilan	Zängilanideni	PlTer
Zängilan	Zängilanides	PlIn
Zängilan	Zängilanidesse	PlIll
Zängilan	Zängilanidest	PlEl
Zängilan	Zängilanideta	PlAb
Zängilan	Zängilaniga	SgKom
Zängilan	Zängilaniks	SgTr
Zängilan	Zängilanil	SgAd
Zängilan	Zängilanile	SgAll
Zängilan	Zängilanilt	SgAbl
Zängilan	Zängilanina	SgEs
Zängilan	Zängilanini	SgTer
Zängilan	Zängilanis	SgIn
Zängilan	Zängilanisid	PlP
Zängilan	Zängilanisse	SgIll
Zängilan	Zängilanist	SgEl
Zängilan	Zängilanita	SgAb
Zangelan	Zangelan	SgN
Zangelan	Zangelane	PlP
Zangelan	Zangelaneks	PlTr
Zangelan	Zangelanel	PlAd
Zangelan	Zangelanele	PlAll
Zangelan	Zangelanelt	PlAbl
Zangelan	Zangelanes	PlIn
Zangelan	Zangelanesse	PlIll
Zangelan	Zangelanest	PlEl
Zangelan	Zangelani	SgAdt
Zangelan	Zangelani	SgG
Zangelan	Zangelani	SgP
Zangelan	Zangelanid	PlN
Zangelan	Zangelanide	PlG
Zangelan	Zangelanidega	PlKom
Zangelan	Zangelanideks	PlTr
Zangelan	Zangelanidel	PlAd
Zangelan	Zangelanidele	PlAll
Zangelan	Zangelanidelt	PlAbl
Zangelan	Zangelanidena	PlEs
Zangelan	Zangelanideni	PlTer
Zangelan	Zangelanides	PlIn
Zangelan	Zangelanidesse	PlIll
Zangelan	Zangelanidest	PlEl
Zangelan	Zangelanideta	PlAb
Zangelan	Zangelaniga	SgKom
Zangelan	Zangelaniks	SgTr
Zangelan	Zangelanil	SgAd
Zangelan	Zangelanile	SgAll
Zangelan	Zangelanilt	SgAbl
Zangelan	Zangelanina	SgEs
Zangelan	Zangelanini	SgTer
Zangelan	Zangelanis	SgIn
Zangelan	Zangelanisid	PlP
Zangelan	Zangelanisse	SgIll
Zangelan	Zangelanist	SgEl
Zangelan	Zangelanita	SgAb
Zaqatala	Zaqatala	SgAdt
Zaqatala	Zaqatala	SgG
Zaqatala	Zaqatala	SgN
Zaqatala	Zaqatalad	PlN
Zaqatala	Zaqatalad	SgP
Zaqatala	Zaqatalade	PlG
Zaqatala	Zaqataladega	PlKom
Zaqatala	Zaqataladeks	PlTr
Zaqatala	Zaqataladel	PlAd
Zaqatala	Zaqataladele	PlAll
Zaqatala	Zaqataladelt	PlAbl
Zaqatala	Zaqataladena	PlEs
Zaqatala	Zaqataladeni	PlTer
Zaqatala	Zaqatalades	PlIn
Zaqatala	Zaqataladesse	PlIll
Zaqatala	Zaqataladest	PlEl
Zaqatala	Zaqataladeta	PlAb
Zaqatala	Zaqatalaga	SgKom
Zaqatala	Zaqatalaks	SgTr
Zaqatala	Zaqatalal	SgAd
Zaqatala	Zaqatalale	SgAll
Zaqatala	Zaqatalalt	SgAbl
Zaqatala	Zaqatalana	SgEs
Zaqatala	Zaqatalani	SgTer
Zaqatala	Zaqatalas	SgIn
Zaqatala	Zaqatalasid	PlP
Zaqatala	Zaqatalasse	SgIll
Zaqatala	Zaqatalast	SgEl
Zaqatala	Zaqatalata	SgAb
Zakatalõ	Zakatalõ	SgAdt
Zakatalõ	Zakatalõ	SgG
Zakatalõ	Zakatalõ	SgN
Zakatalõ	Zakatalõd	PlN
Zakatalõ	Zakatalõde	PlG
Zakatalõ	Zakatalõdega	PlKom
Zakatalõ	Zakatalõdeks	PlTr
Zakatalõ	Zakatalõdel	PlAd
Zakatalõ	Zakatalõdele	PlAll
Zakatalõ	Zakatalõdelt	PlAbl
Zakatalõ	Zakatalõdena	PlEs
Zakatalõ	Zakatalõdeni	PlTer
Zakatalõ	Zakatalõdes	PlIn
Zakatalõ	Zakatalõdesse	PlIll
Zakatalõ	Zakatalõdest	PlEl
Zakatalõ	Zakatalõdeta	PlAb
Zakatalõ	Zakatalõga	SgKom
Zakatalõ	Zakatalõks	SgTr
Zakatalõ	Zakatalõl	SgAd
Zakatalõ	Zakatalõle	SgAll
Zakatalõ	Zakatalõlt	SgAbl
Zakatalõ	Zakatalõna	SgEs
Zakatalõ	Zakatalõni	SgTer
Zakatalõ	Zakatalõs	SgIn
Zakatalõ	Zakatalõsid	PlP
Zakatalõ	Zakatalõsse	SgIll
Zakatalõ	Zakatalõst	SgEl
Zakatalõ	Zakatalõt	SgP
Zakatalõ	Zakatalõta	SgAb
Zugdidi	Zugdidi	SgAdt
Zugdidi	Zugdidi	SgG
Zugdidi	Zugdidi	SgN
Zugdidi	Zugdidid	PlN
Zugdidi	Zugdidide	PlG
Zugdidi	Zugdididega	PlKom
Zugdidi	Zugdidideks	PlTr
Zugdidi	Zugdididel	PlAd
Zugdidi	Zugdididele	PlAll
Zugdidi	Zugdididelt	PlAbl
Zugdidi	Zugdididena	PlEs
Zugdidi	Zugdidideni	PlTer
Zugdidi	Zugdidides	PlIn
Zugdidi	Zugdididesse	PlIll
Zugdidi	Zugdididest	PlEl
Zugdidi	Zugdidideta	PlAb
Zugdidi	Zugdidiga	SgKom
Zugdidi	Zugdidiks	SgTr
Zugdidi	Zugdidil	SgAd
Zugdidi	Zugdidile	SgAll
Zugdidi	Zugdidilt	SgAbl
Zugdidi	Zugdidina	SgEs
Zugdidi	Zugdidini	SgTer
Zugdidi	Zugdidis	SgIn
Zugdidi	Zugdidisid	PlP
Zugdidi	Zugdidisse	SgIll
Zugdidi	Zugdidist	SgEl
Zugdidi	Zugdidit	SgP
Zugdidi	Zugdidita	SgAb
Zestaphoni	Zestaphoni	SgAdt
Zestaphoni	Zestaphoni	SgG
Zestaphoni	Zestaphoni	SgN
Zestaphoni	Zestaphonid	PlN
Zestaphoni	Zestaphonide	PlG
Zestaphoni	Zestaphonidega	PlKom
Zestaphoni	Zestaphonideks	PlTr
Zestaphoni	Zestaphonidel	PlAd
Zestaphoni	Zestaphonidele	PlAll
Zestaphoni	Zestaphonidelt	PlAbl
Zestaphoni	Zestaphonidena	PlEs
Zestaphoni	Zestaphonideni	PlTer
Zestaphoni	Zestaphonides	PlIn
Zestaphoni	Zestaphonidesse	PlIll
Zestaphoni	Zestaphonidest	PlEl
Zestaphoni	Zestaphonideta	PlAb
Zestaphoni	Zestaphoniga	SgKom
Zestaphoni	Zestaphoniks	SgTr
Zestaphoni	Zestaphonil	SgAd
Zestaphoni	Zestaphonile	SgAll
Zestaphoni	Zestaphonilt	SgAbl
Zestaphoni	Zestaphonina	SgEs
Zestaphoni	Zestaphonini	SgTer
Zestaphoni	Zestaphonis	SgIn
Zestaphoni	Zestaphonisid	PlP
Zestaphoni	Zestaphonisse	SgIll
Zestaphoni	Zestaphonist	SgEl
Zestaphoni	Zestaphonit	SgP
Zestaphoni	Zestaphonita	SgAb
zetnik	zetnik	SgN
zetnik	zetnike	PlG
zetnik	zetnikega	PlKom
zetnik	zetnikeks	PlTr
zetnik	zetnikel	PlAd
zetnik	zetnikele	PlAll
zetnik	zetnikelt	PlAbl
zetnik	zetnikena	PlEs
zetnik	zetnikeni	PlTer
zetnik	zetnikes	PlIn
zetnik	zetnikesse	PlIll
zetnik	zetnikest	PlEl
zetnik	zetniketa	PlAb
zetnik	zetnikke	PlP
zetnik	zetnikku	SgAdt
zetnik	zetnikku	SgP
zetnik	zetnikkude	PlG
zetnik	zetnikkudega	PlKom
zetnik	zetnikkudeks	PlTr
zetnik	zetnikkudel	PlAd
zetnik	zetnikkudele	PlAll
zetnik	zetnikkudelt	PlAbl
zetnik	zetnikkudena	PlEs
zetnik	zetnikkudeni	PlTer
zetnik	zetnikkudes	PlIn
zetnik	zetnikkudesse	PlIll
zetnik	zetnikkudest	PlEl
zetnik	zetnikkudeta	PlAb
zetnik	zetnikkusid	PlP
zetnik	zetniku	SgG
zetnik	zetnikud	PlN
zetnik	zetnikuga	SgKom
zetnik	zetnikuks	SgTr
zetnik	zetnikul	SgAd
zetnik	zetnikule	SgAll
zetnik	zetnikult	SgAbl
zetnik	zetnikuna	SgEs
zetnik	zetnikuni	SgTer
zetnik	zetnikus	SgIn
zetnik	zetnikusse	SgIll
zetnik	zetnikust	SgEl
zetnik	zetnikuta	SgAb
Zanjān	Zanjān	SgN
Zanjān	Zanjāne	PlP
Zanjān	Zanjāneks	PlTr
Zanjān	Zanjānel	PlAd
Zanjān	Zanjānele	PlAll
Zanjān	Zanjānelt	PlAbl
Zanjān	Zanjānes	PlIn
Zanjān	Zanjānesse	PlIll
Zanjān	Zanjānest	PlEl
Zanjān	Zanjāni	SgAdt
Zanjān	Zanjāni	SgG
Zanjān	Zanjāni	SgP
Zanjān	Zanjānid	PlN
Zanjān	Zanjānide	PlG
Zanjān	Zanjānidega	PlKom
Zanjān	Zanjānideks	PlTr
Zanjān	Zanjānidel	PlAd
Zanjān	Zanjānidele	PlAll
Zanjān	Zanjānidelt	PlAbl
Zanjān	Zanjānidena	PlEs
Zanjān	Zanjānideni	PlTer
Zanjān	Zanjānides	PlIn
Zanjān	Zanjānidesse	PlIll
Zanjān	Zanjānidest	PlEl
Zanjān	Zanjānideta	PlAb
Zanjān	Zanjāniga	SgKom
Zanjān	Zanjāniks	SgTr
Zanjān	Zanjānil	SgAd
Zanjān	Zanjānile	SgAll
Zanjān	Zanjānilt	SgAbl
Zanjān	Zanjānina	SgEs
Zanjān	Zanjānini	SgTer
Zanjān	Zanjānis	SgIn
Zanjān	Zanjānisid	PlP
Zanjān	Zanjānisse	SgIll
Zanjān	Zanjānist	SgEl
Zanjān	Zanjānita	SgAb
Zāhedān	Zāhedān	SgN
Zāhedān	Zāhedāne	PlP
Zāhedān	Zāhedāneks	PlTr
Zāhedān	Zāhedānel	PlAd
Zāhedān	Zāhedānele	PlAll
Zāhedān	Zāhedānelt	PlAbl
Zāhedān	Zāhedānes	PlIn
Zāhedān	Zāhedānesse	PlIll
Zāhedān	Zāhedānest	PlEl
Zāhedān	Zāhedāni	SgAdt
Zāhedān	Zāhedāni	SgG
Zāhedān	Zāhedāni	SgP
Zāhedān	Zāhedānid	PlN
Zāhedān	Zāhedānide	PlG
Zāhedān	Zāhedānidega	PlKom
Zāhedān	Zāhedānideks	PlTr
Zāhedān	Zāhedānidel	PlAd
Zāhedān	Zāhedānidele	PlAll
Zāhedān	Zāhedānidelt	PlAbl
Zāhedān	Zāhedānidena	PlEs
Zāhedān	Zāhedānideni	PlTer
Zāhedān	Zāhedānides	PlIn
Zāhedān	Zāhedānidesse	PlIll
Zāhedān	Zāhedānidest	PlEl
Zāhedān	Zāhedānideta	PlAb
Zāhedān	Zāhedāniga	SgKom
Zāhedān	Zāhedāniks	SgTr
Zāhedān	Zāhedānil	SgAd
Zāhedān	Zāhedānile	SgAll
Zāhedān	Zāhedānilt	SgAbl
Zāhedān	Zāhedānina	SgEs
Zāhedān	Zāhedānini	SgTer
Zāhedān	Zāhedānis	SgIn
Zāhedān	Zāhedānisid	PlP
Zāhedān	Zāhedānisse	SgIll
Zāhedān	Zāhedānist	SgEl
Zāhedān	Zāhedānita	SgAb
zuumerid	-	SgAdt
zuumerid	zuumer	SgN
zuumerid	zuumereid	PlP
zuumerid	zuumereiks	PlTr
zuumerid	zuumereil	PlAd
zuumerid	zuumereile	PlAll
zuumerid	zuumereilt	PlAbl
zuumerid	zuumereis	PlIn
zuumerid	zuumereisse	PlIll
zuumerid	zuumereist	PlEl
zuumerid	zuumeri	SgG
zuumerid	zuumerid	PlN
zuumerid	zuumeriga	SgKom
zuumerid	zuumeriks	SgTr
zuumerid	zuumeril	SgAd
zuumerid	zuumerile	SgAll
zuumerid	zuumerilt	SgAbl
zuumerid	zuumerina	SgEs
zuumerid	zuumerini	SgTer
zuumerid	zuumeris	SgIn
zuumerid	zuumerisse	SgIll
zuumerid	zuumerist	SgEl
zuumerid	zuumerit	SgP
zuumerid	zuumerita	SgAb
zuumerid	zuumerite	PlG
zuumerid	zuumeritega	PlKom
zuumerid	zuumeriteks	PlTr
zuumerid	zuumeritel	PlAd
zuumerid	zuumeritele	PlAll
zuumerid	zuumeritelt	PlAbl
zuumerid	zuumeritena	PlEs
zuumerid	zuumeriteni	PlTer
zuumerid	zuumerites	PlIn
zuumerid	zuumeritesse	PlIll
zuumerid	zuumeritest	PlEl
zuumerid	zuumeriteta	PlAb
Zikhron Ya'akov	Zikhron Ya’akov	SgN
Zikhron Ya'akov	Zikhron Ya’akove	PlP
Zikhron Ya'akov	Zikhron Ya’akoveks	PlTr
Zikhron Ya'akov	Zikhron Ya’akovel	PlAd
Zikhron Ya'akov	Zikhron Ya’akovele	PlAll
Zikhron Ya'akov	Zikhron Ya’akovelt	PlAbl
Zikhron Ya'akov	Zikhron Ya’akoves	PlIn
Zikhron Ya'akov	Zikhron Ya’akovesse	PlIll
Zikhron Ya'akov	Zikhron Ya’akovest	PlEl
Zikhron Ya'akov	Zikhron Ya’akovi	SgAdt
Zikhron Ya'akov	Zikhron Ya’akovi	SgG
Zikhron Ya'akov	Zikhron Ya’akovi	SgP
Zikhron Ya'akov	Zikhron Ya’akovid	PlN
Zikhron Ya'akov	Zikhron Ya’akovide	PlG
Zikhron Ya'akov	Zikhron Ya’akovidega	PlKom
Zikhron Ya'akov	Zikhron Ya’akovideks	PlTr
Zikhron Ya'akov	Zikhron Ya’akovidel	PlAd
Zikhron Ya'akov	Zikhron Ya’akovidele	PlAll
Zikhron Ya'akov	Zikhron Ya’akovidelt	PlAbl
Zikhron Ya'akov	Zikhron Ya’akovidena	PlEs
Zikhron Ya'akov	Zikhron Ya’akovideni	PlTer
Zikhron Ya'akov	Zikhron Ya’akovides	PlIn
Zikhron Ya'akov	Zikhron Ya’akovidesse	PlIll
Zikhron Ya'akov	Zikhron Ya’akovidest	PlEl
Zikhron Ya'akov	Zikhron Ya’akovideta	PlAb
Zikhron Ya'akov	Zikhron Ya’akoviga	SgKom
Zikhron Ya'akov	Zikhron Ya’akoviks	SgTr
Zikhron Ya'akov	Zikhron Ya’akovil	SgAd
Zikhron Ya'akov	Zikhron Ya’akovile	SgAll
Zikhron Ya'akov	Zikhron Ya’akovilt	SgAbl
Zikhron Ya'akov	Zikhron Ya’akovina	SgEs
Zikhron Ya'akov	Zikhron Ya’akovini	SgTer
Zikhron Ya'akov	Zikhron Ya’akovis	SgIn
Zikhron Ya'akov	Zikhron Ya’akovisid	PlP
Zikhron Ya'akov	Zikhron Ya’akovisse	SgIll
Zikhron Ya'akov	Zikhron Ya’akovist	SgEl
Zikhron Ya'akov	Zikhron Ya’akovita	SgAb
