lemma	form	morph_code
ö	ö	SgAdt
ö	ö	SgG
ö	ö	SgN
ö	öd	PlN
ö	öd	SgP
ö	öde	PlG
ö	ödega	PlKom
ö	ödeks	PlTr
ö	ödel	PlAd
ö	ödele	PlAll
ö	ödelt	PlAbl
ö	ödena	PlEs
ö	ödeni	PlTer
ö	ödes	PlIn
ö	ödesse	PlIll
ö	ödest	PlEl
ö	ödeta	PlAb
ö	öga	SgKom
ö	öks	SgTr
ö	öl	SgAd
ö	öle	SgAll
ö	ölt	SgAbl
ö	öna	SgEs
ö	öni	SgTer
ö	ös	SgIn
ö	ösid	PlP
ö	össe	SgIll
ö	öst	SgEl
ö	öta	SgAb
ödeem	ödeem	SgN
ödeem	ödeeme	PlP
ödeem	ödeemeks	PlTr
ödeem	ödeemel	PlAd
ödeem	ödeemele	PlAll
ödeem	ödeemelt	PlAbl
ödeem	ödeemes	PlIn
ödeem	ödeemesse	PlIll
ödeem	ödeemest	PlEl
ödeem	ödeemi	SgAdt
ödeem	ödeemi	SgG
ödeem	ödeemi	SgP
ödeem	ödeemid	PlN
ödeem	ödeemide	PlG
ödeem	ödeemidega	PlKom
ödeem	ödeemideks	PlTr
ödeem	ödeemidel	PlAd
ödeem	ödeemidele	PlAll
ödeem	ödeemidelt	PlAbl
ödeem	ödeemidena	PlEs
ödeem	ödeemideni	PlTer
ödeem	ödeemides	PlIn
ödeem	ödeemidesse	PlIll
ödeem	ödeemidest	PlEl
ödeem	ödeemideta	PlAb
ödeem	ödeemiga	SgKom
ödeem	ödeemiks	SgTr
ödeem	ödeemil	SgAd
ödeem	ödeemile	SgAll
ödeem	ödeemilt	SgAbl
ödeem	ödeemina	SgEs
ödeem	ödeemini	SgTer
ödeem	ödeemis	SgIn
ödeem	ödeemisid	PlP
ödeem	ödeemisse	SgIll
ödeem	ödeemist	SgEl
ödeem	ödeemita	SgAb
öeldavasti	öeldavasti	ID
öeldis	-	SgAdt
öeldis	öeldis	SgN
öeldis	öeldise	SgG
öeldis	öeldised	PlN
öeldis	öeldisega	SgKom
öeldis	öeldiseid	PlP
öeldis	öeldiseiks	PlTr
öeldis	öeldiseil	PlAd
öeldis	öeldiseile	PlAll
öeldis	öeldiseilt	PlAbl
öeldis	öeldiseis	PlIn
öeldis	öeldiseisse	PlIll
öeldis	öeldiseist	PlEl
öeldis	öeldiseks	SgTr
öeldis	öeldisel	SgAd
öeldis	öeldisele	SgAll
öeldis	öeldiselt	SgAbl
öeldis	öeldisena	SgEs
öeldis	öeldiseni	SgTer
öeldis	öeldises	SgIn
öeldis	öeldisesse	SgIll
öeldis	öeldisest	SgEl
öeldis	öeldiseta	SgAb
öeldis	öeldisi	PlP
öeldis	öeldisiks	PlTr
öeldis	öeldisil	PlAd
öeldis	öeldisile	PlAll
öeldis	öeldisilt	PlAbl
öeldis	öeldisis	PlIn
öeldis	öeldisisse	PlIll
öeldis	öeldisist	PlEl
öeldis	öeldisse	SgAdt
öeldis	öeldist	SgP
öeldis	öeldiste	PlG
öeldis	öeldistega	PlKom
öeldis	öeldisteks	PlTr
öeldis	öeldistel	PlAd
öeldis	öeldistele	PlAll
öeldis	öeldistelt	PlAbl
öeldis	öeldistena	PlEs
öeldis	öeldisteni	PlTer
öeldis	öeldistes	PlIn
öeldis	öeldistesse	PlIll
öeldis	öeldistest	PlEl
öeldis	öeldisteta	PlAb
öeldistäide	-	SgAdt
öeldistäide	öeldistäide	SgN
öeldistäide	öeldistäidet	SgP
öeldistäide	öeldistäidete	PlG
öeldistäide	öeldistäidetega	PlKom
öeldistäide	öeldistäideteks	PlTr
öeldistäide	öeldistäidetel	PlAd
öeldistäide	öeldistäidetele	PlAll
öeldistäide	öeldistäidetelt	PlAbl
öeldistäide	öeldistäidetena	PlEs
öeldistäide	öeldistäideteni	PlTer
öeldistäide	öeldistäidetes	PlIn
öeldistäide	öeldistäidetesse	PlIll
öeldistäide	öeldistäidetest	PlEl
öeldistäide	öeldistäideteta	PlAb
öeldistäide	öeldistäite	SgG
öeldistäide	öeldistäited	PlN
öeldistäide	öeldistäitega	SgKom
öeldistäide	öeldistäiteid	PlP
öeldistäide	öeldistäiteiks	PlTr
öeldistäide	öeldistäiteil	PlAd
öeldistäide	öeldistäiteile	PlAll
öeldistäide	öeldistäiteilt	PlAbl
öeldistäide	öeldistäiteis	PlIn
öeldistäide	öeldistäiteisse	PlIll
öeldistäide	öeldistäiteist	PlEl
öeldistäide	öeldistäiteks	SgTr
öeldistäide	öeldistäitel	SgAd
öeldistäide	öeldistäitele	SgAll
öeldistäide	öeldistäitelt	SgAbl
öeldistäide	öeldistäitena	SgEs
öeldistäide	öeldistäiteni	SgTer
öeldistäide	öeldistäites	SgIn
öeldistäide	öeldistäitesse	SgIll
öeldistäide	öeldistäitest	SgEl
öeldistäide	öeldistäiteta	SgAb
öeldisverb	öeldisverb	SgN
öeldisverb	öeldisverbe	PlP
öeldisverb	öeldisverbeks	PlTr
öeldisverb	öeldisverbel	PlAd
öeldisverb	öeldisverbele	PlAll
öeldisverb	öeldisverbelt	PlAbl
öeldisverb	öeldisverbes	PlIn
öeldisverb	öeldisverbesse	PlIll
öeldisverb	öeldisverbest	PlEl
öeldisverb	öeldisverbi	SgAdt
öeldisverb	öeldisverbi	SgG
öeldisverb	öeldisverbi	SgP
öeldisverb	öeldisverbid	PlN
öeldisverb	öeldisverbide	PlG
öeldisverb	öeldisverbidega	PlKom
öeldisverb	öeldisverbideks	PlTr
öeldisverb	öeldisverbidel	PlAd
öeldisverb	öeldisverbidele	PlAll
öeldisverb	öeldisverbidelt	PlAbl
öeldisverb	öeldisverbidena	PlEs
öeldisverb	öeldisverbideni	PlTer
öeldisverb	öeldisverbides	PlIn
öeldisverb	öeldisverbidesse	PlIll
öeldisverb	öeldisverbidest	PlEl
öeldisverb	öeldisverbideta	PlAb
öeldisverb	öeldisverbiga	SgKom
öeldisverb	öeldisverbiks	SgTr
öeldisverb	öeldisverbil	SgAd
öeldisverb	öeldisverbile	SgAll
öeldisverb	öeldisverbilt	SgAbl
öeldisverb	öeldisverbina	SgEs
öeldisverb	öeldisverbini	SgTer
öeldisverb	öeldisverbis	SgIn
öeldisverb	öeldisverbisid	PlP
öeldisverb	öeldisverbisse	SgIll
öeldisverb	öeldisverbist	SgEl
öeldisverb	öeldisverbita	SgAb
öeldu	-	SgAdt
öeldu	öeldu	SgG
öeldu	öeldu	SgN
öeldu	öeldud	PlN
öeldu	öelduga	SgKom
öeldu	öelduid	PlP
öeldu	öelduiks	PlTr
öeldu	öelduil	PlAd
öeldu	öelduile	PlAll
öeldu	öelduilt	PlAbl
öeldu	öelduis	PlIn
öeldu	öelduisse	PlIll
öeldu	öelduist	PlEl
öeldu	öelduks	SgTr
öeldu	öeldul	SgAd
öeldu	öeldule	SgAll
öeldu	öeldult	SgAbl
öeldu	öelduna	SgEs
öeldu	öelduni	SgTer
öeldu	öeldus	SgIn
öeldu	öeldusse	SgIll
öeldu	öeldust	SgEl
öeldu	öeldut	SgP
öeldu	öelduta	SgAb
öeldu	öeldute	PlG
öeldu	öeldutega	PlKom
öeldu	öelduteks	PlTr
öeldu	öeldutel	PlAd
öeldu	öeldutele	PlAll
öeldu	öeldutelt	PlAbl
öeldu	öeldutena	PlEs
öeldu	öelduteni	PlTer
öeldu	öeldutes	PlIn
öeldu	öeldutesse	PlIll
öeldu	öeldutest	PlEl
öeldu	öelduteta	PlAb
öeldult	öeldult	ID
ögisema	ögise	ImpPrSg2
ögisema	ögise	IndPrPs_
ögisema	ögiseb	IndPrSg3
ögisema	ögised	IndPrSg2
ögisema	ögiseda	Inf
ögisema	ögisedes	Ger
ögisema	ögisege	ImpPrPl2
ögisema	ögisegem	ImpPrPl1
ögisema	ögisegu	ImpPrPs
ögisema	ögiseks	KndPrPs
ögisema	ögiseksid	KndPrPl3
ögisema	ögiseksid	KndPrSg2
ögisema	ögiseksime	KndPrPl1
ögisema	ögiseksin	KndPrSg1
ögisema	ögiseksite	KndPrPl2
ögisema	ögisema	Sup
ögisema	ögisemaks	SupTr
ögisema	ögisemas	SupIn
ögisema	ögisemast	SupEl
ögisema	ögisemata	SupAb
ögisema	ögiseme	IndPrPl1
ögisema	ögisen	IndPrSg1
ögisema	ögisenud	PtsPtPs
ögisema	ögisenud	PtsPtPsNeg
ögisema	ögisenuks	KndPtPs
ögisema	ögisenuksid	KndPtPl3
ögisema	ögisenuksid	KndPtSg2
ögisema	ögisenuksime	KndPtPl1
ögisema	ögisenuksin	KndPtSg1
ögisema	ögisenuksite	KndPtPl2
ögisema	ögisenuvat	KvtPtPs
ögisema	ögises	IndIpfSg3
ögisema	ögisesid	IndIpfPl3
ögisema	ögisesid	IndIpfSg2
ögisema	ögisesime	IndIpfPl1
ögisema	ögisesin	IndIpfSg1
ögisema	ögisesite	IndIpfPl2
ögisema	ögiseta	IndPrIps_
ögisema	ögisetagu	ImpPrIps
ögisema	ögisetaks	KndPrIps
ögisema	ögisetakse	IndPrIps
ögisema	ögisetama	SupIps
ögisema	ögisetav	PtsPrIps
ögisema	ögisetavat	KvtPrIps
ögisema	ögisete	IndPrPl2
ögisema	ögiseti	IndIpfIps
ögisema	ögisetud	PtsPtIps
ögisema	ögisetud	PtsPtIpsNeg
ögisema	ögisetuks	KndPtIps
ögisema	ögisetuvat	KvtPtIps
ögisema	ögisev	PtsPrPs
ögisema	ögisevad	IndPrPl3
ögisema	ögisevat	KvtPrPs
öine	-	SgAdt
öine	öine	SgN
öine	öise	SgG
öine	öised	PlN
öine	öisega	SgKom
öine	öiseid	PlP
öine	öiseiks	PlTr
öine	öiseil	PlAd
öine	öiseile	PlAll
öine	öiseilt	PlAbl
öine	öiseis	PlIn
öine	öiseisse	PlIll
öine	öiseist	PlEl
öine	öiseks	SgTr
öine	öisel	SgAd
öine	öisele	SgAll
öine	öiselt	SgAbl
öine	öisena	SgEs
öine	öiseni	SgTer
öine	öises	SgIn
öine	öisesse	SgIll
öine	öisest	SgEl
öine	öiseta	SgAb
öine	öist	SgP
öine	öiste	PlG
öine	öistega	PlKom
öine	öisteks	PlTr
öine	öistel	PlAd
öine	öistele	PlAll
öine	öistelt	PlAbl
öine	öistena	PlEs
öine	öisteni	PlTer
öine	öistes	PlIn
öine	öistesse	PlIll
öine	öistest	PlEl
öine	öisteta	PlAb
öiselt	öiselt	ID
öiti	öiti	ID
öka	-	SgAdt
öka	öka	SgG
öka	öka	SgN
öka	ökad	PlN
öka	ökade	PlG
öka	ökadega	PlKom
öka	ökadeks	PlTr
öka	ökadel	PlAd
öka	ökadele	PlAll
öka	ökadelt	PlAbl
öka	ökadena	PlEs
öka	ökadeni	PlTer
öka	ökades	PlIn
öka	ökadesse	PlIll
öka	ökadest	PlEl
öka	ökadeta	PlAb
öka	ökaga	SgKom
öka	ökaks	SgTr
öka	ökal	SgAd
öka	ökale	SgAll
öka	ökalt	SgAbl
öka	ökana	SgEs
öka	ökani	SgTer
öka	ökas	SgIn
öka	ökasid	PlP
öka	ökasse	SgIll
öka	ökast	SgEl
öka	ökat	SgP
öka	ökata	SgAb
öka	öka	ID
ökitama	ökita	ImpPrSg2
ökitama	ökita	IndPrPs_
ökitama	ökitab	IndPrSg3
ökitama	ökitad	IndPrSg2
ökitama	ökitada	Inf
ökitama	ökitades	Ger
ökitama	ökitage	ImpPrPl2
ökitama	ökitagem	ImpPrPl1
ökitama	ökitagu	ImpPrPs
ökitama	ökitaks	KndPrPs
ökitama	ökitaksid	KndPrPl3
ökitama	ökitaksid	KndPrSg2
ökitama	ökitaksime	KndPrPl1
ökitama	ökitaksin	KndPrSg1
ökitama	ökitaksite	KndPrPl2
ökitama	ökitama	Sup
ökitama	ökitamaks	SupTr
ökitama	ökitamas	SupIn
ökitama	ökitamast	SupEl
ökitama	ökitamata	SupAb
ökitama	ökitame	IndPrPl1
ökitama	ökitan	IndPrSg1
ökitama	ökitanud	PtsPtPs
ökitama	ökitanud	PtsPtPsNeg
ökitama	ökitanuks	KndPtPs
ökitama	ökitanuksid	KndPtPl3
ökitama	ökitanuksid	KndPtSg2
ökitama	ökitanuksime	KndPtPl1
ökitama	ökitanuksin	KndPtSg1
ökitama	ökitanuksite	KndPtPl2
ökitama	ökitanuvat	KvtPtPs
ökitama	ökitas	IndIpfSg3
ökitama	ökitasid	IndIpfPl3
ökitama	ökitasid	IndIpfSg2
ökitama	ökitasime	IndIpfPl1
ökitama	ökitasin	IndIpfSg1
ökitama	ökitasite	IndIpfPl2
ökitama	ökitata	IndPrIps_
ökitama	ökitatagu	ImpPrIps
ökitama	ökitataks	KndPrIps
ökitama	ökitatakse	IndPrIps
ökitama	ökitatama	SupIps
ökitama	ökitatav	PtsPrIps
ökitama	ökitatavat	KvtPrIps
ökitama	ökitate	IndPrPl2
ökitama	ökitati	IndIpfIps
ökitama	ökitatud	PtsPtIps
ökitama	ökitatud	PtsPtIpsNeg
ökitama	ökitatuks	KndPtIps
ökitama	ökitatuvat	KvtPtIps
ökitama	ökitav	PtsPrPs
ökitama	ökitavad	IndPrPl3
ökitama	ökitavat	KvtPrPs
öko	öko-	ID
öko	-	SgAdt
öko	öko	SgG
öko	öko	SgN
öko	ökod	PlN
öko	ökode	PlG
öko	ökodega	PlKom
öko	ökodeks	PlTr
öko	ökodel	PlAd
öko	ökodele	PlAll
öko	ökodelt	PlAbl
öko	ökodena	PlEs
öko	ökodeni	PlTer
öko	ökodes	PlIn
öko	ökodesse	PlIll
öko	ökodest	PlEl
öko	ökodeta	PlAb
öko	ökoga	SgKom
öko	ökoks	SgTr
öko	ökol	SgAd
öko	ökole	SgAll
öko	ökolt	SgAbl
öko	ökona	SgEs
öko	ökoni	SgTer
öko	ökos	SgIn
öko	ökosid	PlP
öko	ökosse	SgIll
öko	ökost	SgEl
öko	ökot	SgP
öko	ökota	SgAb
ökoamplituud	ökoamplituud	SgN
ökoamplituud	ökoamplituude	PlP
ökoamplituud	ökoamplituudeks	PlTr
ökoamplituud	ökoamplituudel	PlAd
ökoamplituud	ökoamplituudele	PlAll
ökoamplituud	ökoamplituudelt	PlAbl
ökoamplituud	ökoamplituudes	PlIn
ökoamplituud	ökoamplituudesse	PlIll
ökoamplituud	ökoamplituudest	PlEl
ökoamplituud	ökoamplituudi	SgAdt
ökoamplituud	ökoamplituudi	SgG
ökoamplituud	ökoamplituudi	SgP
ökoamplituud	ökoamplituudid	PlN
ökoamplituud	ökoamplituudide	PlG
ökoamplituud	ökoamplituudidega	PlKom
ökoamplituud	ökoamplituudideks	PlTr
ökoamplituud	ökoamplituudidel	PlAd
ökoamplituud	ökoamplituudidele	PlAll
ökoamplituud	ökoamplituudidelt	PlAbl
ökoamplituud	ökoamplituudidena	PlEs
ökoamplituud	ökoamplituudideni	PlTer
ökoamplituud	ökoamplituudides	PlIn
ökoamplituud	ökoamplituudidesse	PlIll
ökoamplituud	ökoamplituudidest	PlEl
ökoamplituud	ökoamplituudideta	PlAb
ökoamplituud	ökoamplituudiga	SgKom
ökoamplituud	ökoamplituudiks	SgTr
ökoamplituud	ökoamplituudil	SgAd
ökoamplituud	ökoamplituudile	SgAll
ökoamplituud	ökoamplituudilt	SgAbl
ökoamplituud	ökoamplituudina	SgEs
ökoamplituud	ökoamplituudini	SgTer
ökoamplituud	ökoamplituudis	SgIn
ökoamplituud	ökoamplituudisid	PlP
ökoamplituud	ökoamplituudisse	SgIll
ökoamplituud	ökoamplituudist	SgEl
ökoamplituud	ökoamplituudita	SgAb
ökoasum	-	SgAdt
ökoasum	ökoasum	SgN
ökoasum	ökoasumeid	PlP
ökoasum	ökoasumeiks	PlTr
ökoasum	ökoasumeil	PlAd
ökoasum	ökoasumeile	PlAll
ökoasum	ökoasumeilt	PlAbl
ökoasum	ökoasumeis	PlIn
ökoasum	ökoasumeisse	PlIll
ökoasum	ökoasumeist	PlEl
ökoasum	ökoasumi	SgG
ökoasum	ökoasumid	PlN
ökoasum	ökoasumiga	SgKom
ökoasum	ökoasumiks	SgTr
ökoasum	ökoasumil	SgAd
ökoasum	ökoasumile	SgAll
ökoasum	ökoasumilt	SgAbl
ökoasum	ökoasumina	SgEs
ökoasum	ökoasumini	SgTer
ökoasum	ökoasumis	SgIn
ökoasum	ökoasumisse	SgIll
ökoasum	ökoasumist	SgEl
ökoasum	ökoasumit	SgP
ökoasum	ökoasumita	SgAb
ökoasum	ökoasumite	PlG
ökoasum	ökoasumitega	PlKom
ökoasum	ökoasumiteks	PlTr
ökoasum	ökoasumitel	PlAd
ökoasum	ökoasumitele	PlAll
ökoasum	ökoasumitelt	PlAbl
ökoasum	ökoasumitena	PlEs
ökoasum	ökoasumiteni	PlTer
ökoasum	ökoasumites	PlIn
ökoasum	ökoasumitesse	PlIll
ökoasum	ökoasumitest	PlEl
ökoasum	ökoasumiteta	PlAb
ökodukt	ökodukt	SgN
ökodukt	ökodukte	PlP
ökodukt	ökodukteks	PlTr
ökodukt	ökoduktel	PlAd
ökodukt	ökoduktele	PlAll
ökodukt	ökoduktelt	PlAbl
ökodukt	ökoduktes	PlIn
ökodukt	ökoduktesse	PlIll
ökodukt	ökoduktest	PlEl
ökodukt	ökodukti	SgAdt
ökodukt	ökodukti	SgG
ökodukt	ökodukti	SgP
ökodukt	ökoduktid	PlN
ökodukt	ökoduktide	PlG
ökodukt	ökoduktidega	PlKom
ökodukt	ökoduktideks	PlTr
ökodukt	ökoduktidel	PlAd
ökodukt	ökoduktidele	PlAll
ökodukt	ökoduktidelt	PlAbl
ökodukt	ökoduktidena	PlEs
ökodukt	ökoduktideni	PlTer
ökodukt	ökoduktides	PlIn
ökodukt	ökoduktidesse	PlIll
ökodukt	ökoduktidest	PlEl
ökodukt	ökoduktideta	PlAb
ökodukt	ökoduktiga	SgKom
ökodukt	ökoduktiks	SgTr
ökodukt	ökoduktil	SgAd
ökodukt	ökoduktile	SgAll
ökodukt	ökoduktilt	SgAbl
ökodukt	ökoduktina	SgEs
ökodukt	ökoduktini	SgTer
ökodukt	ökoduktis	SgIn
ökodukt	ökoduktisid	PlP
ökodukt	ökoduktisse	SgIll
ökodukt	ökoduktist	SgEl
ökodukt	ökoduktita	SgAb
ökoehitus	ökoehitus	SgN
ökoehitus	ökoehituse	SgG
ökoehitus	ökoehitused	PlN
ökoehitus	ökoehitusega	SgKom
ökoehitus	ökoehituseks	SgTr
ökoehitus	ökoehitusel	SgAd
ökoehitus	ökoehitusele	SgAll
ökoehitus	ökoehituselt	SgAbl
ökoehitus	ökoehitusena	SgEs
ökoehitus	ökoehituseni	SgTer
ökoehitus	ökoehituses	SgIn
ökoehitus	ökoehitusesse	SgIll
ökoehitus	ökoehitusest	SgEl
ökoehitus	ökoehituseta	SgAb
ökoehitus	ökoehitusi	PlP
ökoehitus	ökoehitusiks	PlTr
ökoehitus	ökoehitusil	PlAd
ökoehitus	ökoehitusile	PlAll
ökoehitus	ökoehitusilt	PlAbl
ökoehitus	ökoehitusis	PlIn
ökoehitus	ökoehitusisse	PlIll
ökoehitus	ökoehitusist	PlEl
ökoehitus	ökoehitusse	SgAdt
ökoehitus	ökoehitust	SgP
ökoehitus	ökoehituste	PlG
ökoehitus	ökoehitustega	PlKom
ökoehitus	ökoehitusteks	PlTr
ökoehitus	ökoehitustel	PlAd
ökoehitus	ökoehitustele	PlAll
ökoehitus	ökoehitustelt	PlAbl
ökoehitus	ökoehitustena	PlEs
ökoehitus	ökoehitusteni	PlTer
ökoehitus	ökoehitustes	PlIn
ökoehitus	ökoehitustesse	PlIll
ökoehitus	ökoehitustest	PlEl
ökoehitus	ökoehitusteta	PlAb
ökofašism	ökofašism	SgN
ökofašism	ökofašisme	PlP
ökofašism	ökofašismeks	PlTr
ökofašism	ökofašismel	PlAd
ökofašism	ökofašismele	PlAll
ökofašism	ökofašismelt	PlAbl
ökofašism	ökofašismes	PlIn
ökofašism	ökofašismesse	PlIll
ökofašism	ökofašismest	PlEl
ökofašism	ökofašismi	SgAdt
ökofašism	ökofašismi	SgG
ökofašism	ökofašismi	SgP
ökofašism	ökofašismid	PlN
ökofašism	ökofašismide	PlG
ökofašism	ökofašismidega	PlKom
ökofašism	ökofašismideks	PlTr
ökofašism	ökofašismidel	PlAd
ökofašism	ökofašismidele	PlAll
ökofašism	ökofašismidelt	PlAbl
ökofašism	ökofašismidena	PlEs
ökofašism	ökofašismideni	PlTer
ökofašism	ökofašismides	PlIn
ökofašism	ökofašismidesse	PlIll
ökofašism	ökofašismidest	PlEl
ökofašism	ökofašismideta	PlAb
ökofašism	ökofašismiga	SgKom
ökofašism	ökofašismiks	SgTr
ökofašism	ökofašismil	SgAd
ökofašism	ökofašismile	SgAll
ökofašism	ökofašismilt	SgAbl
ökofašism	ökofašismina	SgEs
ökofašism	ökofašismini	SgTer
ökofašism	ökofašismis	SgIn
ökofašism	ökofašismisid	PlP
ökofašism	ökofašismisse	SgIll
ökofašism	ökofašismist	SgEl
ökofašism	ökofašismita	SgAb
ökofeminism	ökofeminism	SgN
ökofeminism	ökofeminisme	PlP
ökofeminism	ökofeminismeks	PlTr
ökofeminism	ökofeminismel	PlAd
ökofeminism	ökofeminismele	PlAll
ökofeminism	ökofeminismelt	PlAbl
ökofeminism	ökofeminismes	PlIn
ökofeminism	ökofeminismesse	PlIll
ökofeminism	ökofeminismest	PlEl
ökofeminism	ökofeminismi	SgAdt
ökofeminism	ökofeminismi	SgG
ökofeminism	ökofeminismi	SgP
ökofeminism	ökofeminismid	PlN
ökofeminism	ökofeminismide	PlG
ökofeminism	ökofeminismidega	PlKom
ökofeminism	ökofeminismideks	PlTr
ökofeminism	ökofeminismidel	PlAd
ökofeminism	ökofeminismidele	PlAll
ökofeminism	ökofeminismidelt	PlAbl
ökofeminism	ökofeminismidena	PlEs
ökofeminism	ökofeminismideni	PlTer
ökofeminism	ökofeminismides	PlIn
ökofeminism	ökofeminismidesse	PlIll
ökofeminism	ökofeminismidest	PlEl
ökofeminism	ökofeminismideta	PlAb
ökofeminism	ökofeminismiga	SgKom
ökofeminism	ökofeminismiks	SgTr
ökofeminism	ökofeminismil	SgAd
ökofeminism	ökofeminismile	SgAll
ökofeminism	ökofeminismilt	SgAbl
ökofeminism	ökofeminismina	SgEs
ökofeminism	ökofeminismini	SgTer
ökofeminism	ökofeminismis	SgIn
ökofeminism	ökofeminismisid	PlP
ökofeminism	ökofeminismisse	SgIll
ökofeminism	ökofeminismist	SgEl
ökofeminism	ökofeminismita	SgAb
ökofüsioloogia	-	SgAdt
ökofüsioloogia	ökofüsioloogia	SgG
ökofüsioloogia	ökofüsioloogia	SgN
ökofüsioloogia	ökofüsioloogiad	PlN
ökofüsioloogia	ökofüsioloogiaga	SgKom
ökofüsioloogia	ökofüsioloogiaid	PlP
ökofüsioloogia	ökofüsioloogiaiks	PlTr
ökofüsioloogia	ökofüsioloogiail	PlAd
ökofüsioloogia	ökofüsioloogiaile	PlAll
ökofüsioloogia	ökofüsioloogiailt	PlAbl
ökofüsioloogia	ökofüsioloogiais	PlIn
ökofüsioloogia	ökofüsioloogiaisse	PlIll
ökofüsioloogia	ökofüsioloogiaist	PlEl
ökofüsioloogia	ökofüsioloogiaks	SgTr
ökofüsioloogia	ökofüsioloogial	SgAd
ökofüsioloogia	ökofüsioloogiale	SgAll
ökofüsioloogia	ökofüsioloogialt	SgAbl
ökofüsioloogia	ökofüsioloogiana	SgEs
ökofüsioloogia	ökofüsioloogiani	SgTer
ökofüsioloogia	ökofüsioloogias	SgIn
ökofüsioloogia	ökofüsioloogiasse	SgIll
ökofüsioloogia	ökofüsioloogiast	SgEl
ökofüsioloogia	ökofüsioloogiat	SgP
ökofüsioloogia	ökofüsioloogiata	SgAb
ökofüsioloogia	ökofüsioloogiate	PlG
ökofüsioloogia	ökofüsioloogiatega	PlKom
ökofüsioloogia	ökofüsioloogiateks	PlTr
ökofüsioloogia	ökofüsioloogiatel	PlAd
ökofüsioloogia	ökofüsioloogiatele	PlAll
ökofüsioloogia	ökofüsioloogiatelt	PlAbl
ökofüsioloogia	ökofüsioloogiatena	PlEs
ökofüsioloogia	ökofüsioloogiateni	PlTer
ökofüsioloogia	ökofüsioloogiates	PlIn
ökofüsioloogia	ökofüsioloogiatesse	PlIll
ökofüsioloogia	ökofüsioloogiatest	PlEl
ökofüsioloogia	ökofüsioloogiateta	PlAb
ökojalajälg	ökojalajälg	SgN
ökojalajälg	ökojalajälge	SgAdt
ökojalajälg	ökojalajälge	SgP
ökojalajälg	ökojalajälgede	PlG
ökojalajälg	ökojalajälgedega	PlKom
ökojalajälg	ökojalajälgedeks	PlTr
ökojalajälg	ökojalajälgedel	PlAd
ökojalajälg	ökojalajälgedele	PlAll
ökojalajälg	ökojalajälgedelt	PlAbl
ökojalajälg	ökojalajälgedena	PlEs
ökojalajälg	ökojalajälgedeni	PlTer
ökojalajälg	ökojalajälgedes	PlIn
ökojalajälg	ökojalajälgedesse	PlIll
ökojalajälg	ökojalajälgedest	PlEl
ökojalajälg	ökojalajälgedeta	PlAb
ökojalajälg	ökojalajälgesid	PlP
ökojalajälg	ökojalajälgi	PlP
ökojalajälg	ökojalajälje	SgG
ökojalajälg	ökojalajäljed	PlN
ökojalajälg	ökojalajäljega	SgKom
ökojalajälg	ökojalajäljeks	SgTr
ökojalajälg	ökojalajäljel	SgAd
ökojalajälg	ökojalajäljele	SgAll
ökojalajälg	ökojalajäljelt	SgAbl
ökojalajälg	ökojalajäljena	SgEs
ökojalajälg	ökojalajäljeni	SgTer
ökojalajälg	ökojalajäljes	SgIn
ökojalajälg	ökojalajäljesse	SgIll
ökojalajälg	ökojalajäljest	SgEl
ökojalajälg	ökojalajäljeta	SgAb
ökokatastroof	ökokatastroof	SgN
ökokatastroof	ökokatastroofe	PlP
ökokatastroof	ökokatastroofeks	PlTr
ökokatastroof	ökokatastroofel	PlAd
ökokatastroof	ökokatastroofele	PlAll
ökokatastroof	ökokatastroofelt	PlAbl
ökokatastroof	ökokatastroofes	PlIn
ökokatastroof	ökokatastroofesse	PlIll
ökokatastroof	ökokatastroofest	PlEl
ökokatastroof	ökokatastroofi	SgAdt
ökokatastroof	ökokatastroofi	SgG
ökokatastroof	ökokatastroofi	SgP
ökokatastroof	ökokatastroofid	PlN
ökokatastroof	ökokatastroofide	PlG
ökokatastroof	ökokatastroofidega	PlKom
ökokatastroof	ökokatastroofideks	PlTr
ökokatastroof	ökokatastroofidel	PlAd
ökokatastroof	ökokatastroofidele	PlAll
ökokatastroof	ökokatastroofidelt	PlAbl
ökokatastroof	ökokatastroofidena	PlEs
ökokatastroof	ökokatastroofideni	PlTer
ökokatastroof	ökokatastroofides	PlIn
ökokatastroof	ökokatastroofidesse	PlIll
ökokatastroof	ökokatastroofidest	PlEl
ökokatastroof	ökokatastroofideta	PlAb
ökokatastroof	ökokatastroofiga	SgKom
ökokatastroof	ökokatastroofiks	SgTr
ökokatastroof	ökokatastroofil	SgAd
ökokatastroof	ökokatastroofile	SgAll
ökokatastroof	ökokatastroofilt	SgAbl
ökokatastroof	ökokatastroofina	SgEs
ökokatastroof	ökokatastroofini	SgTer
ökokatastroof	ökokatastroofis	SgIn
ökokatastroof	ökokatastroofisid	PlP
ökokatastroof	ökokatastroofisse	SgIll
ökokatastroof	ökokatastroofist	SgEl
ökokatastroof	ökokatastroofita	SgAb
ökokaup	ökokauba	SgG
ökokaup	ökokaubad	PlN
ökokaup	ökokaubaga	SgKom
ökokaup	ökokaubaks	SgTr
ökokaup	ökokaubal	SgAd
ökokaup	ökokaubale	SgAll
ökokaup	ökokaubalt	SgAbl
ökokaup	ökokaubana	SgEs
ökokaup	ökokaubani	SgTer
ökokaup	ökokaubas	SgIn
ökokaup	ökokaubasse	SgIll
ökokaup	ökokaubast	SgEl
ökokaup	ökokaubata	SgAb
ökokaup	ökokaubuks	PlTr
ökokaup	ökokaubul	PlAd
ökokaup	ökokaubule	PlAll
ökokaup	ökokaubult	PlAbl
ökokaup	ökokaubus	PlIn
ökokaup	ökokaubusse	PlIll
ökokaup	ökokaubust	PlEl
ökokaup	ökokaup	SgN
ökokaup	ökokaupa	SgAdt
ökokaup	ökokaupa	SgP
ökokaup	ökokaupade	PlG
ökokaup	ökokaupadega	PlKom
ökokaup	ökokaupadeks	PlTr
ökokaup	ökokaupadel	PlAd
ökokaup	ökokaupadele	PlAll
ökokaup	ökokaupadelt	PlAbl
ökokaup	ökokaupadena	PlEs
ökokaup	ökokaupadeni	PlTer
ökokaup	ökokaupades	PlIn
ökokaup	ökokaupadesse	PlIll
ökokaup	ökokaupadest	PlEl
ökokaup	ökokaupadeta	PlAb
ökokaup	ökokaupasid	PlP
ökokaup	ökokaupu	PlP
ökokriis	ökokriis	SgN
ökokriis	ökokriise	PlP
ökokriis	ökokriiseks	PlTr
ökokriis	ökokriisel	PlAd
ökokriis	ökokriisele	PlAll
ökokriis	ökokriiselt	PlAbl
ökokriis	ökokriises	PlIn
ökokriis	ökokriisesse	PlIll
ökokriis	ökokriisest	PlEl
ökokriis	ökokriisi	SgAdt
ökokriis	ökokriisi	SgG
ökokriis	ökokriisi	SgP
ökokriis	ökokriisid	PlN
ökokriis	ökokriiside	PlG
ökokriis	ökokriisidega	PlKom
ökokriis	ökokriisideks	PlTr
ökokriis	ökokriisidel	PlAd
ökokriis	ökokriisidele	PlAll
ökokriis	ökokriisidelt	PlAbl
ökokriis	ökokriisidena	PlEs
ökokriis	ökokriisideni	PlTer
ökokriis	ökokriisides	PlIn
ökokriis	ökokriisidesse	PlIll
ökokriis	ökokriisidest	PlEl
ökokriis	ökokriisideta	PlAb
ökokriis	ökokriisiga	SgKom
ökokriis	ökokriisiks	SgTr
ökokriis	ökokriisil	SgAd
ökokriis	ökokriisile	SgAll
ökokriis	ökokriisilt	SgAbl
ökokriis	ökokriisina	SgEs
ökokriis	ökokriisini	SgTer
ökokriis	ökokriisis	SgIn
ökokriis	ökokriisisid	PlP
ökokriis	ökokriisisse	SgIll
ökokriis	ökokriisist	SgEl
ökokriis	ökokriisita	SgAb
ökoküla	ökoküla	SgG
ökoküla	ökoküla	SgN
ökoküla	ökoküla	SgP
ökoküla	ökokülad	PlN
ökoküla	ökokülade	PlG
ökoküla	ökoküladega	PlKom
ökoküla	ökoküladeks	PlTr
ökoküla	ökoküladel	PlAd
ökoküla	ökoküladele	PlAll
ökoküla	ökoküladelt	PlAbl
ökoküla	ökoküladena	PlEs
ökoküla	ökoküladeni	PlTer
ökoküla	ökokülades	PlIn
ökoküla	ökoküladesse	PlIll
ökoküla	ökoküladest	PlEl
ökoküla	ökoküladeta	PlAb
ökoküla	ökokülaga	SgKom
ökoküla	ökokülaks	SgTr
ökoküla	ökokülal	SgAd
ökoküla	ökokülale	SgAll
ökoküla	ökokülalt	SgAbl
ökoküla	ökokülana	SgEs
ökoküla	ökokülani	SgTer
ökoküla	ökokülas	SgIn
ökoküla	ökokülasid	PlP
ökoküla	ökokülasse	SgIll
ökoküla	ökokülast	SgEl
ökoküla	ökokülata	SgAb
ökoküla	ökokülla	SgAdt
ökolinn	ökolinn	SgN
ökolinn	ökolinna	SgAdt
ökolinn	ökolinna	SgG
ökolinn	ökolinna	SgP
ökolinn	ökolinnad	PlN
ökolinn	ökolinnade	PlG
ökolinn	ökolinnadega	PlKom
ökolinn	ökolinnadeks	PlTr
ökolinn	ökolinnadel	PlAd
ökolinn	ökolinnadele	PlAll
ökolinn	ökolinnadelt	PlAbl
ökolinn	ökolinnadena	PlEs
ökolinn	ökolinnadeni	PlTer
ökolinn	ökolinnades	PlIn
ökolinn	ökolinnadesse	PlIll
ökolinn	ökolinnadest	PlEl
ökolinn	ökolinnadeta	PlAb
ökolinn	ökolinnaga	SgKom
ökolinn	ökolinnaks	SgTr
ökolinn	ökolinnal	SgAd
ökolinn	ökolinnale	SgAll
ökolinn	ökolinnalt	SgAbl
ökolinn	ökolinnana	SgEs
ökolinn	ökolinnani	SgTer
ökolinn	ökolinnas	SgIn
ökolinn	ökolinnasid	PlP
ökolinn	ökolinnasse	SgIll
ökolinn	ökolinnast	SgEl
ökolinn	ökolinnata	SgAb
ökolinn	ökolinnu	PlP
ökolinn	ökolinnuks	PlTr
ökolinn	ökolinnul	PlAd
ökolinn	ökolinnule	PlAll
ökolinn	ökolinnult	PlAbl
ökolinn	ökolinnus	PlIn
ökolinn	ökolinnusse	PlIll
ökolinn	ökolinnust	PlEl
ökoloogia	-	SgAdt
ökoloogia	ökoloogia	SgG
ökoloogia	ökoloogia	SgN
ökoloogia	ökoloogiad	PlN
ökoloogia	ökoloogiaga	SgKom
ökoloogia	ökoloogiaid	PlP
ökoloogia	ökoloogiaiks	PlTr
ökoloogia	ökoloogiail	PlAd
ökoloogia	ökoloogiaile	PlAll
ökoloogia	ökoloogiailt	PlAbl
ökoloogia	ökoloogiais	PlIn
ökoloogia	ökoloogiaisse	PlIll
ökoloogia	ökoloogiaist	PlEl
ökoloogia	ökoloogiaks	SgTr
ökoloogia	ökoloogial	SgAd
ökoloogia	ökoloogiale	SgAll
ökoloogia	ökoloogialt	SgAbl
ökoloogia	ökoloogiana	SgEs
ökoloogia	ökoloogiani	SgTer
ökoloogia	ökoloogias	SgIn
ökoloogia	ökoloogiasse	SgIll
ökoloogia	ökoloogiast	SgEl
ökoloogia	ökoloogiat	SgP
ökoloogia	ökoloogiata	SgAb
ökoloogia	ökoloogiate	PlG
ökoloogia	ökoloogiatega	PlKom
ökoloogia	ökoloogiateks	PlTr
ökoloogia	ökoloogiatel	PlAd
ökoloogia	ökoloogiatele	PlAll
ökoloogia	ökoloogiatelt	PlAbl
ökoloogia	ökoloogiatena	PlEs
ökoloogia	ökoloogiateni	PlTer
ökoloogia	ökoloogiates	PlIn
ökoloogia	ökoloogiatesse	PlIll
ökoloogia	ökoloogiatest	PlEl
ökoloogia	ökoloogiateta	PlAb
ökoloogiline	ökoloogiline	SgN
ökoloogiline	ökoloogilise	SgG
ökoloogiline	ökoloogilised	PlN
ökoloogiline	ökoloogilisega	SgKom
ökoloogiline	ökoloogiliseks	SgTr
ökoloogiline	ökoloogilisel	SgAd
ökoloogiline	ökoloogilisele	SgAll
ökoloogiline	ökoloogiliselt	SgAbl
ökoloogiline	ökoloogilisena	SgEs
ökoloogiline	ökoloogiliseni	SgTer
ökoloogiline	ökoloogilises	SgIn
ökoloogiline	ökoloogilisesse	SgIll
ökoloogiline	ökoloogilisest	SgEl
ökoloogiline	ökoloogiliseta	SgAb
ökoloogiline	ökoloogilisi	PlP
ökoloogiline	ökoloogilisiks	PlTr
ökoloogiline	ökoloogilisil	PlAd
ökoloogiline	ökoloogilisile	PlAll
ökoloogiline	ökoloogilisilt	PlAbl
ökoloogiline	ökoloogilisis	PlIn
ökoloogiline	ökoloogilisisse	PlIll
ökoloogiline	ökoloogilisist	PlEl
ökoloogiline	ökoloogilisse	SgAdt
ökoloogiline	ökoloogilist	SgP
ökoloogiline	ökoloogiliste	PlG
ökoloogiline	ökoloogilistega	PlKom
ökoloogiline	ökoloogilisteks	PlTr
ökoloogiline	ökoloogilistel	PlAd
ökoloogiline	ökoloogilistele	PlAll
ökoloogiline	ökoloogilistelt	PlAbl
ökoloogiline	ökoloogilistena	PlEs
ökoloogiline	ökoloogilisteni	PlTer
ökoloogiline	ökoloogilistes	PlIn
ökoloogiline	ökoloogilistesse	PlIll
ökoloogiline	ökoloogilistest	PlEl
ökoloogiline	ökoloogilisteta	PlAb
ökoloogiline jalajälg	ökoloogiline jalajälg	SgN
ökoloogiline jalajälg	ökoloogilise jalajälje	SgG
ökoloogiline jalajälg	ökoloogilise jalajäljega	SgKom
ökoloogiline jalajälg	ökoloogilise jalajäljena	SgEs
ökoloogiline jalajälg	ökoloogilise jalajäljeni	SgTer
ökoloogiline jalajälg	ökoloogilise jalajäljeta	SgAb
ökoloogiline jalajälg	ökoloogilised jalajäljed	PlN
ökoloogiline jalajälg	ökoloogiliseks jalajäljeks	SgTr
ökoloogiline jalajälg	ökoloogilisel jalajäljel	SgAd
ökoloogiline jalajälg	ökoloogilisele jalajäljele	SgAll
ökoloogiline jalajälg	ökoloogiliselt jalajäljelt	SgAbl
ökoloogiline jalajälg	ökoloogilises jalajäljes	SgIn
ökoloogiline jalajälg	ökoloogilisesse jalajäljesse	SgIll
ökoloogiline jalajälg	ökoloogilisest jalajäljest	SgEl
ökoloogiline jalajälg	ökoloogilisi jalajälgesid	PlP
ökoloogiline jalajälg	ökoloogilisi jalajälgi	PlP
ökoloogiline jalajälg	ökoloogilisse jalajälge	SgAdt
ökoloogiline jalajälg	ökoloogilist jalajälge	SgP
ökoloogiline jalajälg	ökoloogiliste jalajälgede	PlG
ökoloogiline jalajälg	ökoloogiliste jalajälgedega	PlKom
ökoloogiline jalajälg	ökoloogiliste jalajälgedena	PlEs
ökoloogiline jalajälg	ökoloogiliste jalajälgedeni	PlTer
ökoloogiline jalajälg	ökoloogiliste jalajälgedeta	PlAb
ökoloogiline jalajälg	ökoloogilisteks jalajälgedeks	PlTr
ökoloogiline jalajälg	ökoloogilistel jalajälgedel	PlAd
ökoloogiline jalajälg	ökoloogilistele jalajälgedele	PlAll
ökoloogiline jalajälg	ökoloogilistelt jalajälgedelt	PlAbl
ökoloogiline jalajälg	ökoloogilistes jalajälgedes	PlIn
ökoloogiline jalajälg	ökoloogilistesse jalajälgedesse	PlIll
ökoloogiline jalajälg	ökoloogilistest jalajälgedest	PlEl
ökomaja	ökomaja	SgG
ökomaja	ökomaja	SgN
ökomaja	ökomaja	SgP
ökomaja	ökomajad	PlN
ökomaja	ökomajade	PlG
ökomaja	ökomajadega	PlKom
ökomaja	ökomajadeks	PlTr
ökomaja	ökomajadel	PlAd
ökomaja	ökomajadele	PlAll
ökomaja	ökomajadelt	PlAbl
ökomaja	ökomajadena	PlEs
ökomaja	ökomajadeni	PlTer
ökomaja	ökomajades	PlIn
ökomaja	ökomajadesse	PlIll
ökomaja	ökomajadest	PlEl
ökomaja	ökomajadeta	PlAb
ökomaja	ökomajaga	SgKom
ökomaja	ökomajaks	SgTr
ökomaja	ökomajal	SgAd
ökomaja	ökomajale	SgAll
ökomaja	ökomajalt	SgAbl
ökomaja	ökomajana	SgEs
ökomaja	ökomajani	SgTer
ökomaja	ökomajas	SgIn
ökomaja	ökomajasid	PlP
ökomaja	ökomajasse	SgIll
ökomaja	ökomajast	SgEl
ökomaja	ökomajata	SgAb
ökomaja	ökomajja	SgAdt
ökomaja	ökomaju	PlP
ökomaja	ökomajuks	PlTr
ökomaja	ökomajul	PlAd
ökomaja	ökomajule	PlAll
ökomaja	ökomajult	PlAbl
ökomaja	ökomajus	PlIn
ökomaja	ökomajusse	PlIll
ökomaja	ökomajust	PlEl
ökomähe	-	SgAdt
ökomähe	ökomähe	SgN
ökomähe	ökomähet	SgP
ökomähe	ökomähkme	SgG
ökomähe	ökomähkmed	PlN
ökomähe	ökomähkmega	SgKom
ökomähe	ökomähkmeid	PlP
ökomähe	ökomähkmeiks	PlTr
ökomähe	ökomähkmeil	PlAd
ökomähe	ökomähkmeile	PlAll
ökomähe	ökomähkmeilt	PlAbl
ökomähe	ökomähkmeis	PlIn
ökomähe	ökomähkmeisse	PlIll
ökomähe	ökomähkmeist	PlEl
ökomähe	ökomähkmeks	SgTr
ökomähe	ökomähkmel	SgAd
ökomähe	ökomähkmele	SgAll
ökomähe	ökomähkmelt	SgAbl
ökomähe	ökomähkmena	SgEs
ökomähe	ökomähkmeni	SgTer
ökomähe	ökomähkmes	SgIn
ökomähe	ökomähkmesse	SgIll
ökomähe	ökomähkmest	SgEl
ökomähe	ökomähkmeta	SgAb
ökomähe	ökomähkmete	PlG
ökomähe	ökomähkmetega	PlKom
ökomähe	ökomähkmeteks	PlTr
ökomähe	ökomähkmetel	PlAd
ökomähe	ökomähkmetele	PlAll
ökomähe	ökomähkmetelt	PlAbl
ökomähe	ökomähkmetena	PlEs
ökomähe	ökomähkmeteni	PlTer
ökomähe	ökomähkmetes	PlIn
ökomähe	ökomähkmetesse	PlIll
ökomähe	ökomähkmetest	PlEl
ökomähe	ökomähkmeteta	PlAb
ökomärgis	-	SgAdt
ökomärgis	ökomärgis	SgN
ökomärgis	ökomärgise	SgG
ökomärgis	ökomärgised	PlN
ökomärgis	ökomärgisega	SgKom
ökomärgis	ökomärgiseid	PlP
ökomärgis	ökomärgiseiks	PlTr
ökomärgis	ökomärgiseil	PlAd
ökomärgis	ökomärgiseile	PlAll
ökomärgis	ökomärgiseilt	PlAbl
ökomärgis	ökomärgiseis	PlIn
ökomärgis	ökomärgiseisse	PlIll
ökomärgis	ökomärgiseist	PlEl
ökomärgis	ökomärgiseks	SgTr
ökomärgis	ökomärgisel	SgAd
ökomärgis	ökomärgisele	SgAll
ökomärgis	ökomärgiselt	SgAbl
ökomärgis	ökomärgisena	SgEs
ökomärgis	ökomärgiseni	SgTer
ökomärgis	ökomärgises	SgIn
ökomärgis	ökomärgisesse	SgIll
ökomärgis	ökomärgisest	SgEl
ökomärgis	ökomärgiseta	SgAb
ökomärgis	ökomärgist	SgP
ökomärgis	ökomärgiste	PlG
ökomärgis	ökomärgistega	PlKom
ökomärgis	ökomärgisteks	PlTr
ökomärgis	ökomärgistel	PlAd
ökomärgis	ökomärgistele	PlAll
ökomärgis	ökomärgistelt	PlAbl
ökomärgis	ökomärgistena	PlEs
ökomärgis	ökomärgisteni	PlTer
ökomärgis	ökomärgistes	PlIn
ökomärgis	ökomärgistesse	PlIll
ökomärgis	ökomärgistest	PlEl
ökomärgis	ökomärgisteta	PlAb
ökomärk	ökomärgeks	PlTr
ökomärk	ökomärgel	PlAd
ökomärk	ökomärgele	PlAll
ökomärk	ökomärgelt	PlAbl
ökomärk	ökomärges	PlIn
ökomärk	ökomärgesse	PlIll
ökomärk	ökomärgest	PlEl
ökomärk	ökomärgi	SgG
ökomärk	ökomärgid	PlN
ökomärk	ökomärgiga	SgKom
ökomärk	ökomärgiks	SgTr
ökomärk	ökomärgil	SgAd
ökomärk	ökomärgile	SgAll
ökomärk	ökomärgilt	SgAbl
ökomärk	ökomärgina	SgEs
ökomärk	ökomärgini	SgTer
ökomärk	ökomärgis	SgIn
ökomärk	ökomärgisse	SgIll
ökomärk	ökomärgist	SgEl
ökomärk	ökomärgita	SgAb
ökomärk	ökomärk	SgN
ökomärk	ökomärke	PlP
ökomärk	ökomärki	SgAdt
ökomärk	ökomärki	SgP
ökomärk	ökomärkide	PlG
ökomärk	ökomärkidega	PlKom
ökomärk	ökomärkideks	PlTr
ökomärk	ökomärkidel	PlAd
ökomärk	ökomärkidele	PlAll
ökomärk	ökomärkidelt	PlAbl
ökomärk	ökomärkidena	PlEs
ökomärk	ökomärkideni	PlTer
ökomärk	ökomärkides	PlIn
ökomärk	ökomärkidesse	PlIll
ökomärk	ökomärkidest	PlEl
ökomärk	ökomärkideta	PlAb
ökomärk	ökomärkisid	PlP
ökonišš	ökonišeks	PlTr
ökonišš	ökonišel	PlAd
ökonišš	ökonišele	PlAll
ökonišš	ökonišelt	PlAbl
ökonišš	ökonišes	PlIn
ökonišš	ökonišesse	PlIll
ökonišš	ökonišest	PlEl
ökonišš	ökoniši	SgG
ökonišš	ökonišid	PlN
ökonišš	ökonišiga	SgKom
ökonišš	ökonišiks	SgTr
ökonišš	ökonišil	SgAd
ökonišš	ökonišile	SgAll
ökonišš	ökonišilt	SgAbl
ökonišš	ökonišina	SgEs
ökonišš	ökonišini	SgTer
ökonišš	ökonišis	SgIn
ökonišš	ökonišisse	SgIll
ökonišš	ökonišist	SgEl
ökonišš	ökonišita	SgAb
ökonišš	ökonišš	SgN
ökonišš	ökonišše	PlP
ökonišš	ökonišši	SgAdt
ökonišš	ökonišši	SgP
ökonišš	ökoniššide	PlG
ökonišš	ökoniššidega	PlKom
ökonišš	ökoniššideks	PlTr
ökonišš	ökoniššidel	PlAd
ökonišš	ökoniššidele	PlAll
ökonišš	ökoniššidelt	PlAbl
ökonišš	ökoniššidena	PlEs
ökonišš	ökoniššideni	PlTer
ökonišš	ökoniššides	PlIn
ökonišš	ökoniššidesse	PlIll
ökonišš	ökoniššidest	PlEl
ökonišš	ökoniššideta	PlAb
ökonišš	ökoniššisid	PlP
ökonomaiser	-	SgAdt
ökonomaiser	ökonomaiser	SgN
ökonomaiser	ökonomaisereid	PlP
ökonomaiser	ökonomaisereiks	PlTr
ökonomaiser	ökonomaisereil	PlAd
ökonomaiser	ökonomaisereile	PlAll
ökonomaiser	ökonomaisereilt	PlAbl
ökonomaiser	ökonomaisereis	PlIn
ökonomaiser	ökonomaisereisse	PlIll
ökonomaiser	ökonomaisereist	PlEl
ökonomaiser	ökonomaiseri	SgG
ökonomaiser	ökonomaiserid	PlN
ökonomaiser	ökonomaiseriga	SgKom
ökonomaiser	ökonomaiseriks	SgTr
ökonomaiser	ökonomaiseril	SgAd
ökonomaiser	ökonomaiserile	SgAll
ökonomaiser	ökonomaiserilt	SgAbl
ökonomaiser	ökonomaiserina	SgEs
ökonomaiser	ökonomaiserini	SgTer
ökonomaiser	ökonomaiseris	SgIn
ökonomaiser	ökonomaiserisse	SgIll
ökonomaiser	ökonomaiserist	SgEl
ökonomaiser	ökonomaiserit	SgP
ökonomaiser	ökonomaiserita	SgAb
ökonomaiser	ökonomaiserite	PlG
ökonomaiser	ökonomaiseritega	PlKom
ökonomaiser	ökonomaiseriteks	PlTr
ökonomaiser	ökonomaiseritel	PlAd
ökonomaiser	ökonomaiseritele	PlAll
ökonomaiser	ökonomaiseritelt	PlAbl
ökonomaiser	ökonomaiseritena	PlEs
ökonomaiser	ökonomaiseriteni	PlTer
ökonomaiser	ökonomaiserites	PlIn
ökonomaiser	ökonomaiseritesse	PlIll
ökonomaiser	ökonomaiseritest	PlEl
ökonomaiser	ökonomaiseriteta	PlAb
ökonomaiser	ökonomaisreid	PlP
ökonomaiser	ökonomaisreiks	PlTr
ökonomaiser	ökonomaisreil	PlAd
ökonomaiser	ökonomaisreile	PlAll
ökonomaiser	ökonomaisreilt	PlAbl
ökonomaiser	ökonomaisreis	PlIn
ökonomaiser	ökonomaisreisse	PlIll
ökonomaiser	ökonomaisreist	PlEl
ökonomaiser	ökonomaisri	SgG
ökonomaiser	ökonomaisrid	PlN
ökonomaiser	ökonomaisriga	SgKom
ökonomaiser	ökonomaisriks	SgTr
ökonomaiser	ökonomaisril	SgAd
ökonomaiser	ökonomaisrile	SgAll
ökonomaiser	ökonomaisrilt	SgAbl
ökonomaiser	ökonomaisrina	SgEs
ökonomaiser	ökonomaisrini	SgTer
ökonomaiser	ökonomaisris	SgIn
ökonomaiser	ökonomaisrisse	SgIll
ökonomaiser	ökonomaisrist	SgEl
ökonomaiser	ökonomaisrit	SgP
ökonomaiser	ökonomaisrita	SgAb
ökonomaiser	ökonomaisrite	PlG
ökonomaiser	ökonomaisritega	PlKom
ökonomaiser	ökonomaisriteks	PlTr
ökonomaiser	ökonomaisritel	PlAd
ökonomaiser	ökonomaisritele	PlAll
ökonomaiser	ökonomaisritelt	PlAbl
ökonomaiser	ökonomaisritena	PlEs
ökonomaiser	ökonomaisriteni	PlTer
ökonomaiser	ökonomaisrites	PlIn
ökonomaiser	ökonomaisritesse	PlIll
ökonomaiser	ökonomaisritest	PlEl
ökonomaiser	ökonomaisriteta	PlAb
ökonomeetria	-	SgAdt
ökonomeetria	ökonomeetria	SgG
ökonomeetria	ökonomeetria	SgN
ökonomeetria	ökonomeetriad	PlN
ökonomeetria	ökonomeetriaga	SgKom
ökonomeetria	ökonomeetriaid	PlP
ökonomeetria	ökonomeetriaiks	PlTr
ökonomeetria	ökonomeetriail	PlAd
ökonomeetria	ökonomeetriaile	PlAll
ökonomeetria	ökonomeetriailt	PlAbl
ökonomeetria	ökonomeetriais	PlIn
ökonomeetria	ökonomeetriaisse	PlIll
ökonomeetria	ökonomeetriaist	PlEl
ökonomeetria	ökonomeetriaks	SgTr
ökonomeetria	ökonomeetrial	SgAd
ökonomeetria	ökonomeetriale	SgAll
ökonomeetria	ökonomeetrialt	SgAbl
ökonomeetria	ökonomeetriana	SgEs
ökonomeetria	ökonomeetriani	SgTer
ökonomeetria	ökonomeetrias	SgIn
ökonomeetria	ökonomeetriasse	SgIll
ökonomeetria	ökonomeetriast	SgEl
ökonomeetria	ökonomeetriat	SgP
ökonomeetria	ökonomeetriata	SgAb
ökonomeetria	ökonomeetriate	PlG
ökonomeetria	ökonomeetriatega	PlKom
ökonomeetria	ökonomeetriateks	PlTr
ökonomeetria	ökonomeetriatel	PlAd
ökonomeetria	ökonomeetriatele	PlAll
ökonomeetria	ökonomeetriatelt	PlAbl
ökonomeetria	ökonomeetriatena	PlEs
ökonomeetria	ökonomeetriateni	PlTer
ökonomeetria	ökonomeetriates	PlIn
ökonomeetria	ökonomeetriatesse	PlIll
ökonomeetria	ökonomeetriatest	PlEl
ökonomeetria	ökonomeetriateta	PlAb
ökonomist	ökonomist	SgN
ökonomist	ökonomiste	PlP
ökonomist	ökonomisteks	PlTr
ökonomist	ökonomistel	PlAd
ökonomist	ökonomistele	PlAll
ökonomist	ökonomistelt	PlAbl
ökonomist	ökonomistes	PlIn
ökonomist	ökonomistesse	PlIll
ökonomist	ökonomistest	PlEl
ökonomist	ökonomisti	SgAdt
ökonomist	ökonomisti	SgG
ökonomist	ökonomisti	SgP
ökonomist	ökonomistid	PlN
ökonomist	ökonomistide	PlG
ökonomist	ökonomistidega	PlKom
ökonomist	ökonomistideks	PlTr
ökonomist	ökonomistidel	PlAd
ökonomist	ökonomistidele	PlAll
ökonomist	ökonomistidelt	PlAbl
ökonomist	ökonomistidena	PlEs
ökonomist	ökonomistideni	PlTer
ökonomist	ökonomistides	PlIn
ökonomist	ökonomistidesse	PlIll
ökonomist	ökonomistidest	PlEl
ökonomist	ökonomistideta	PlAb
ökonomist	ökonomistiga	SgKom
ökonomist	ökonomistiks	SgTr
ökonomist	ökonomistil	SgAd
ökonomist	ökonomistile	SgAll
ökonomist	ökonomistilt	SgAbl
ökonomist	ökonomistina	SgEs
ökonomist	ökonomistini	SgTer
ökonomist	ökonomistis	SgIn
ökonomist	ökonomistisid	PlP
ökonomist	ökonomistisse	SgIll
ökonomist	ökonomistist	SgEl
ökonomist	ökonomistita	SgAb
ökonoom	ökonoom	SgN
ökonoom	ökonoome	PlP
ökonoom	ökonoomeks	PlTr
ökonoom	ökonoomel	PlAd
ökonoom	ökonoomele	PlAll
ökonoom	ökonoomelt	PlAbl
ökonoom	ökonoomes	PlIn
ökonoom	ökonoomesse	PlIll
ökonoom	ökonoomest	PlEl
ökonoom	ökonoomi	SgAdt
ökonoom	ökonoomi	SgG
ökonoom	ökonoomi	SgP
ökonoom	ökonoomid	PlN
ökonoom	ökonoomide	PlG
ökonoom	ökonoomidega	PlKom
ökonoom	ökonoomideks	PlTr
ökonoom	ökonoomidel	PlAd
ökonoom	ökonoomidele	PlAll
ökonoom	ökonoomidelt	PlAbl
ökonoom	ökonoomidena	PlEs
ökonoom	ökonoomideni	PlTer
ökonoom	ökonoomides	PlIn
ökonoom	ökonoomidesse	PlIll
ökonoom	ökonoomidest	PlEl
ökonoom	ökonoomideta	PlAb
ökonoom	ökonoomiga	SgKom
ökonoom	ökonoomiks	SgTr
ökonoom	ökonoomil	SgAd
ökonoom	ökonoomile	SgAll
ökonoom	ökonoomilt	SgAbl
ökonoom	ökonoomina	SgEs
ökonoom	ökonoomini	SgTer
ökonoom	ökonoomis	SgIn
ökonoom	ökonoomisid	PlP
ökonoom	ökonoomisse	SgIll
ökonoom	ökonoomist	SgEl
ökonoom	ökonoomita	SgAb
ökonoomia	-	SgAdt
ökonoomia	ökonoomia	SgG
ökonoomia	ökonoomia	SgN
ökonoomia	ökonoomiad	PlN
ökonoomia	ökonoomiaga	SgKom
ökonoomia	ökonoomiaid	PlP
ökonoomia	ökonoomiaiks	PlTr
ökonoomia	ökonoomiail	PlAd
ökonoomia	ökonoomiaile	PlAll
ökonoomia	ökonoomiailt	PlAbl
ökonoomia	ökonoomiais	PlIn
ökonoomia	ökonoomiaisse	PlIll
ökonoomia	ökonoomiaist	PlEl
ökonoomia	ökonoomiaks	SgTr
ökonoomia	ökonoomial	SgAd
ökonoomia	ökonoomiale	SgAll
ökonoomia	ökonoomialt	SgAbl
ökonoomia	ökonoomiana	SgEs
ökonoomia	ökonoomiani	SgTer
ökonoomia	ökonoomias	SgIn
ökonoomia	ökonoomiasse	SgIll
ökonoomia	ökonoomiast	SgEl
ökonoomia	ökonoomiat	SgP
ökonoomia	ökonoomiata	SgAb
ökonoomia	ökonoomiate	PlG
ökonoomia	ökonoomiatega	PlKom
ökonoomia	ökonoomiateks	PlTr
ökonoomia	ökonoomiatel	PlAd
ökonoomia	ökonoomiatele	PlAll
ökonoomia	ökonoomiatelt	PlAbl
ökonoomia	ökonoomiatena	PlEs
ökonoomia	ökonoomiateni	PlTer
ökonoomia	ökonoomiates	PlIn
ökonoomia	ökonoomiatesse	PlIll
ökonoomia	ökonoomiatest	PlEl
ökonoomia	ökonoomiateta	PlAb
ökonoomika	-	SgAdt
ökonoomika	ökonoomika	SgG
ökonoomika	ökonoomika	SgN
ökonoomika	ökonoomikad	PlN
ökonoomika	ökonoomikaga	SgKom
ökonoomika	ökonoomikaid	PlP
ökonoomika	ökonoomikaiks	PlTr
ökonoomika	ökonoomikail	PlAd
ökonoomika	ökonoomikaile	PlAll
ökonoomika	ökonoomikailt	PlAbl
ökonoomika	ökonoomikais	PlIn
ökonoomika	ökonoomikaisse	PlIll
ökonoomika	ökonoomikaist	PlEl
ökonoomika	ökonoomikaks	SgTr
ökonoomika	ökonoomikal	SgAd
ökonoomika	ökonoomikale	SgAll
ökonoomika	ökonoomikalt	SgAbl
ökonoomika	ökonoomikana	SgEs
ökonoomika	ökonoomikani	SgTer
ökonoomika	ökonoomikas	SgIn
ökonoomika	ökonoomikasse	SgIll
ökonoomika	ökonoomikast	SgEl
ökonoomika	ökonoomikat	SgP
ökonoomika	ökonoomikata	SgAb
ökonoomika	ökonoomikate	PlG
ökonoomika	ökonoomikatega	PlKom
ökonoomika	ökonoomikateks	PlTr
ökonoomika	ökonoomikatel	PlAd
ökonoomika	ökonoomikatele	PlAll
ökonoomika	ökonoomikatelt	PlAbl
ökonoomika	ökonoomikatena	PlEs
ökonoomika	ökonoomikateni	PlTer
ökonoomika	ökonoomikates	PlIn
ökonoomika	ökonoomikatesse	PlIll
ökonoomika	ökonoomikatest	PlEl
ökonoomika	ökonoomikateta	PlAb
ökonoomiline	ökonoomiline	SgN
ökonoomiline	ökonoomilise	SgG
ökonoomiline	ökonoomilised	PlN
ökonoomiline	ökonoomilisega	SgKom
ökonoomiline	ökonoomiliseks	SgTr
ökonoomiline	ökonoomilisel	SgAd
ökonoomiline	ökonoomilisele	SgAll
ökonoomiline	ökonoomiliselt	SgAbl
ökonoomiline	ökonoomilisena	SgEs
ökonoomiline	ökonoomiliseni	SgTer
ökonoomiline	ökonoomilises	SgIn
ökonoomiline	ökonoomilisesse	SgIll
ökonoomiline	ökonoomilisest	SgEl
ökonoomiline	ökonoomiliseta	SgAb
ökonoomiline	ökonoomilisi	PlP
ökonoomiline	ökonoomilisiks	PlTr
ökonoomiline	ökonoomilisil	PlAd
ökonoomiline	ökonoomilisile	PlAll
ökonoomiline	ökonoomilisilt	PlAbl
ökonoomiline	ökonoomilisis	PlIn
ökonoomiline	ökonoomilisisse	PlIll
ökonoomiline	ökonoomilisist	PlEl
ökonoomiline	ökonoomilisse	SgAdt
ökonoomiline	ökonoomilist	SgP
ökonoomiline	ökonoomiliste	PlG
ökonoomiline	ökonoomilistega	PlKom
ökonoomiline	ökonoomilisteks	PlTr
ökonoomiline	ökonoomilistel	PlAd
ökonoomiline	ökonoomilistele	PlAll
ökonoomiline	ökonoomilistelt	PlAbl
ökonoomiline	ökonoomilistena	PlEs
ökonoomiline	ökonoomilisteni	PlTer
ökonoomiline	ökonoomilistes	PlIn
ökonoomiline	ökonoomilistesse	PlIll
ökonoomiline	ökonoomilistest	PlEl
ökonoomiline	ökonoomilisteta	PlAb
ökonoomne	-	SgAdt
ökonoomne	ökonoomne	SgN
ökonoomne	ökonoomse	SgG
ökonoomne	ökonoomsed	PlN
ökonoomne	ökonoomsega	SgKom
ökonoomne	ökonoomseid	PlP
ökonoomne	ökonoomseiks	PlTr
ökonoomne	ökonoomseil	PlAd
ökonoomne	ökonoomseile	PlAll
ökonoomne	ökonoomseilt	PlAbl
ökonoomne	ökonoomseis	PlIn
ökonoomne	ökonoomseisse	PlIll
ökonoomne	ökonoomseist	PlEl
ökonoomne	ökonoomseks	SgTr
ökonoomne	ökonoomsel	SgAd
ökonoomne	ökonoomsele	SgAll
ökonoomne	ökonoomselt	SgAbl
ökonoomne	ökonoomsena	SgEs
ökonoomne	ökonoomseni	SgTer
ökonoomne	ökonoomses	SgIn
ökonoomne	ökonoomsesse	SgIll
ökonoomne	ökonoomsest	SgEl
ökonoomne	ökonoomset	SgP
ökonoomne	ökonoomseta	SgAb
ökonoomne	ökonoomsete	PlG
ökonoomne	ökonoomsetega	PlKom
ökonoomne	ökonoomseteks	PlTr
ökonoomne	ökonoomsetel	PlAd
ökonoomne	ökonoomsetele	PlAll
ökonoomne	ökonoomsetelt	PlAbl
ökonoomne	ökonoomsetena	PlEs
ökonoomne	ökonoomseteni	PlTer
ökonoomne	ökonoomsetes	PlIn
ökonoomne	ökonoomsetesse	PlIll
ökonoomne	ökonoomsetest	PlEl
ökonoomne	ökonoomseteta	PlAb
ökonoomsussõit	ökonoomsussõideks	PlTr
ökonoomsussõit	ökonoomsussõidel	PlAd
ökonoomsussõit	ökonoomsussõidele	PlAll
ökonoomsussõit	ökonoomsussõidelt	PlAbl
ökonoomsussõit	ökonoomsussõides	PlIn
ökonoomsussõit	ökonoomsussõidesse	PlIll
ökonoomsussõit	ökonoomsussõidest	PlEl
ökonoomsussõit	ökonoomsussõidu	SgG
ökonoomsussõit	ökonoomsussõidud	PlN
ökonoomsussõit	ökonoomsussõiduga	SgKom
ökonoomsussõit	ökonoomsussõiduks	SgTr
ökonoomsussõit	ökonoomsussõidul	SgAd
ökonoomsussõit	ökonoomsussõidule	SgAll
ökonoomsussõit	ökonoomsussõidult	SgAbl
ökonoomsussõit	ökonoomsussõiduna	SgEs
ökonoomsussõit	ökonoomsussõiduni	SgTer
ökonoomsussõit	ökonoomsussõidus	SgIn
ökonoomsussõit	ökonoomsussõidusse	SgIll
ökonoomsussõit	ökonoomsussõidust	SgEl
ökonoomsussõit	ökonoomsussõiduta	SgAb
ökonoomsussõit	ökonoomsussõit	SgN
ökonoomsussõit	ökonoomsussõite	PlP
ökonoomsussõit	ökonoomsussõitu	SgAdt
ökonoomsussõit	ökonoomsussõitu	SgP
ökonoomsussõit	ökonoomsussõitude	PlG
ökonoomsussõit	ökonoomsussõitudega	PlKom
ökonoomsussõit	ökonoomsussõitudeks	PlTr
ökonoomsussõit	ökonoomsussõitudel	PlAd
ökonoomsussõit	ökonoomsussõitudele	PlAll
ökonoomsussõit	ökonoomsussõitudelt	PlAbl
ökonoomsussõit	ökonoomsussõitudena	PlEs
ökonoomsussõit	ökonoomsussõitudeni	PlTer
ökonoomsussõit	ökonoomsussõitudes	PlIn
ökonoomsussõit	ökonoomsussõitudesse	PlIll
ökonoomsussõit	ökonoomsussõitudest	PlEl
ökonoomsussõit	ökonoomsussõitudeta	PlAb
ökonoomsussõit	ökonoomsussõitusid	PlP
ökopood	ökopoe	SgG
ökopood	ökopoed	PlN
ökopood	ökopoega	SgKom
ökopood	ökopoeks	SgTr
ökopood	ökopoel	SgAd
ökopood	ökopoele	SgAll
ökopood	ökopoelt	SgAbl
ökopood	ökopoena	SgEs
ökopood	ökopoeni	SgTer
ökopood	ökopoes	SgIn
ökopood	ökopoesse	SgIll
ökopood	ökopoest	SgEl
ökopood	ökopoeta	SgAb
ökopood	ökopood	SgN
ökopood	ökopoode	PlP
ökopood	ökopoodi	SgAdt
ökopood	ökopoodi	SgP
ökopood	ökopoodide	PlG
ökopood	ökopoodidega	PlKom
ökopood	ökopoodideks	PlTr
ökopood	ökopoodidel	PlAd
ökopood	ökopoodidele	PlAll
ökopood	ökopoodidelt	PlAbl
ökopood	ökopoodidena	PlEs
ökopood	ökopoodideni	PlTer
ökopood	ökopoodides	PlIn
ökopood	ökopoodidesse	PlIll
ökopood	ökopoodidest	PlEl
ökopood	ökopoodideta	PlAb
ökopood	ökopoodisid	PlP
ökorelv	ökorelv	SgN
ökorelv	ökorelva	SgAdt
ökorelv	ökorelva	SgG
ökorelv	ökorelva	SgP
ökorelv	ökorelvad	PlN
ökorelv	ökorelvade	PlG
ökorelv	ökorelvadega	PlKom
ökorelv	ökorelvadeks	PlTr
ökorelv	ökorelvadel	PlAd
ökorelv	ökorelvadele	PlAll
ökorelv	ökorelvadelt	PlAbl
ökorelv	ökorelvadena	PlEs
ökorelv	ökorelvadeni	PlTer
ökorelv	ökorelvades	PlIn
ökorelv	ökorelvadesse	PlIll
ökorelv	ökorelvadest	PlEl
ökorelv	ökorelvadeta	PlAb
ökorelv	ökorelvaga	SgKom
ökorelv	ökorelvaks	SgTr
ökorelv	ökorelval	SgAd
ökorelv	ökorelvale	SgAll
ökorelv	ökorelvalt	SgAbl
ökorelv	ökorelvana	SgEs
ökorelv	ökorelvani	SgTer
ökorelv	ökorelvas	SgIn
ökorelv	ökorelvasid	PlP
ökorelv	ökorelvasse	SgIll
ökorelv	ökorelvast	SgEl
ökorelv	ökorelvata	SgAb
ökorelv	ökorelvi	PlP
ökorelv	ökorelviks	PlTr
ökorelv	ökorelvil	PlAd
ökorelv	ökorelvile	PlAll
ökorelv	ökorelvilt	PlAbl
ökorelv	ökorelvis	PlIn
ökorelv	ökorelvisse	PlIll
ökorelv	ökorelvist	PlEl
ökorisk	ökorisk	SgN
ökorisk	ökoriske	PlP
ökorisk	ökoriskeks	PlTr
ökorisk	ökoriskel	PlAd
ökorisk	ökoriskele	PlAll
ökorisk	ökoriskelt	PlAbl
ökorisk	ökoriskes	PlIn
ökorisk	ökoriskesse	PlIll
ökorisk	ökoriskest	PlEl
ökorisk	ökoriski	SgAdt
ökorisk	ökoriski	SgG
ökorisk	ökoriski	SgP
ökorisk	ökoriskid	PlN
ökorisk	ökoriskide	PlG
ökorisk	ökoriskidega	PlKom
ökorisk	ökoriskideks	PlTr
ökorisk	ökoriskidel	PlAd
ökorisk	ökoriskidele	PlAll
ökorisk	ökoriskidelt	PlAbl
ökorisk	ökoriskidena	PlEs
ökorisk	ökoriskideni	PlTer
ökorisk	ökoriskides	PlIn
ökorisk	ökoriskidesse	PlIll
ökorisk	ökoriskidest	PlEl
ökorisk	ökoriskideta	PlAb
ökorisk	ökoriskiga	SgKom
ökorisk	ökoriskiks	SgTr
ökorisk	ökoriskil	SgAd
ökorisk	ökoriskile	SgAll
ökorisk	ökoriskilt	SgAbl
ökorisk	ökoriskina	SgEs
ökorisk	ökoriskini	SgTer
ökorisk	ökoriskis	SgIn
ökorisk	ökoriskisid	PlP
ökorisk	ökoriskisse	SgIll
ökorisk	ökoriskist	SgEl
ökorisk	ökoriskita	SgAb
ökoseep	ökoseebeks	PlTr
ökoseep	ökoseebel	PlAd
ökoseep	ökoseebele	PlAll
ökoseep	ökoseebelt	PlAbl
ökoseep	ökoseebes	PlIn
ökoseep	ökoseebesse	PlIll
ökoseep	ökoseebest	PlEl
ökoseep	ökoseebi	SgG
ökoseep	ökoseebid	PlN
ökoseep	ökoseebiga	SgKom
ökoseep	ökoseebiks	SgTr
ökoseep	ökoseebil	SgAd
ökoseep	ökoseebile	SgAll
ökoseep	ökoseebilt	SgAbl
ökoseep	ökoseebina	SgEs
ökoseep	ökoseebini	SgTer
ökoseep	ökoseebis	SgIn
ökoseep	ökoseebisse	SgIll
ökoseep	ökoseebist	SgEl
ökoseep	ökoseebita	SgAb
ökoseep	ökoseep	SgN
ökoseep	ökoseepe	PlP
ökoseep	ökoseepi	SgAdt
ökoseep	ökoseepi	SgP
ökoseep	ökoseepide	PlG
ökoseep	ökoseepidega	PlKom
ökoseep	ökoseepideks	PlTr
ökoseep	ökoseepidel	PlAd
ökoseep	ökoseepidele	PlAll
ökoseep	ökoseepidelt	PlAbl
ökoseep	ökoseepidena	PlEs
ökoseep	ökoseepideni	PlTer
ökoseep	ökoseepides	PlIn
ökoseep	ökoseepidesse	PlIll
ökoseep	ökoseepidest	PlEl
ökoseep	ökoseepideta	PlAb
ökoseep	ökoseepisid	PlP
ökosõit	ökosõideks	PlTr
ökosõit	ökosõidel	PlAd
ökosõit	ökosõidele	PlAll
ökosõit	ökosõidelt	PlAbl
ökosõit	ökosõides	PlIn
ökosõit	ökosõidesse	PlIll
ökosõit	ökosõidest	PlEl
ökosõit	ökosõidu	SgG
ökosõit	ökosõidud	PlN
ökosõit	ökosõiduga	SgKom
ökosõit	ökosõiduks	SgTr
ökosõit	ökosõidul	SgAd
ökosõit	ökosõidule	SgAll
ökosõit	ökosõidult	SgAbl
ökosõit	ökosõiduna	SgEs
ökosõit	ökosõiduni	SgTer
ökosõit	ökosõidus	SgIn
ökosõit	ökosõidusse	SgIll
ökosõit	ökosõidust	SgEl
ökosõit	ökosõiduta	SgAb
ökosõit	ökosõit	SgN
ökosõit	ökosõite	PlP
ökosõit	ökosõitu	SgAdt
ökosõit	ökosõitu	SgP
ökosõit	ökosõitude	PlG
ökosõit	ökosõitudega	PlKom
ökosõit	ökosõitudeks	PlTr
ökosõit	ökosõitudel	PlAd
ökosõit	ökosõitudele	PlAll
ökosõit	ökosõitudelt	PlAbl
ökosõit	ökosõitudena	PlEs
ökosõit	ökosõitudeni	PlTer
ökosõit	ökosõitudes	PlIn
ökosõit	ökosõitudesse	PlIll
ökosõit	ökosõitudest	PlEl
ökosõit	ökosõitudeta	PlAb
ökosõit	ökosõitusid	PlP
ökosüsteem	ökosüsteem	SgN
ökosüsteem	ökosüsteeme	PlP
ökosüsteem	ökosüsteemeks	PlTr
ökosüsteem	ökosüsteemel	PlAd
ökosüsteem	ökosüsteemele	PlAll
ökosüsteem	ökosüsteemelt	PlAbl
ökosüsteem	ökosüsteemes	PlIn
ökosüsteem	ökosüsteemesse	PlIll
ökosüsteem	ökosüsteemest	PlEl
ökosüsteem	ökosüsteemi	SgAdt
ökosüsteem	ökosüsteemi	SgG
ökosüsteem	ökosüsteemi	SgP
ökosüsteem	ökosüsteemid	PlN
ökosüsteem	ökosüsteemide	PlG
ökosüsteem	ökosüsteemidega	PlKom
ökosüsteem	ökosüsteemideks	PlTr
ökosüsteem	ökosüsteemidel	PlAd
ökosüsteem	ökosüsteemidele	PlAll
ökosüsteem	ökosüsteemidelt	PlAbl
ökosüsteem	ökosüsteemidena	PlEs
ökosüsteem	ökosüsteemideni	PlTer
ökosüsteem	ökosüsteemides	PlIn
ökosüsteem	ökosüsteemidesse	PlIll
ökosüsteem	ökosüsteemidest	PlEl
ökosüsteem	ökosüsteemideta	PlAb
ökosüsteem	ökosüsteemiga	SgKom
ökosüsteem	ökosüsteemiks	SgTr
ökosüsteem	ökosüsteemil	SgAd
ökosüsteem	ökosüsteemile	SgAll
ökosüsteem	ökosüsteemilt	SgAbl
ökosüsteem	ökosüsteemina	SgEs
ökosüsteem	ökosüsteemini	SgTer
ökosüsteem	ökosüsteemis	SgIn
ökosüsteem	ökosüsteemisid	PlP
ökosüsteem	ökosüsteemisse	SgIll
ökosüsteem	ökosüsteemist	SgEl
ökosüsteem	ökosüsteemita	SgAb
ökotalu	ökotallu	SgAdt
ökotalu	ökotalu	SgG
ökotalu	ökotalu	SgN
ökotalu	ökotalu	SgP
ökotalu	ökotalud	PlN
ökotalu	ökotalude	PlG
ökotalu	ökotaludega	PlKom
ökotalu	ökotaludeks	PlTr
ökotalu	ökotaludel	PlAd
ökotalu	ökotaludele	PlAll
ökotalu	ökotaludelt	PlAbl
ökotalu	ökotaludena	PlEs
ökotalu	ökotaludeni	PlTer
ökotalu	ökotaludes	PlIn
ökotalu	ökotaludesse	PlIll
ökotalu	ökotaludest	PlEl
ökotalu	ökotaludeta	PlAb
ökotalu	ökotaluga	SgKom
ökotalu	ökotaluks	SgTr
ökotalu	ökotalul	SgAd
ökotalu	ökotalule	SgAll
ökotalu	ökotalult	SgAbl
ökotalu	ökotaluna	SgEs
ökotalu	ökotaluni	SgTer
ökotalu	ökotalus	SgIn
ökotalu	ökotalusid	PlP
ökotalu	ökotalusse	SgIll
ökotalu	ökotalust	SgEl
ökotalu	ökotaluta	SgAb
ökotasakaal	ökotasakaal	SgN
ökotasakaal	ökotasakaale	PlP
ökotasakaal	ökotasakaaleks	PlTr
ökotasakaal	ökotasakaalel	PlAd
ökotasakaal	ökotasakaalele	PlAll
ökotasakaal	ökotasakaalelt	PlAbl
ökotasakaal	ökotasakaales	PlIn
ökotasakaal	ökotasakaalesse	PlIll
ökotasakaal	ökotasakaalest	PlEl
ökotasakaal	ökotasakaalu	SgAdt
ökotasakaal	ökotasakaalu	SgG
ökotasakaal	ökotasakaalu	SgP
ökotasakaal	ökotasakaalud	PlN
ökotasakaal	ökotasakaalude	PlG
ökotasakaal	ökotasakaaludega	PlKom
ökotasakaal	ökotasakaaludeks	PlTr
ökotasakaal	ökotasakaaludel	PlAd
ökotasakaal	ökotasakaaludele	PlAll
ökotasakaal	ökotasakaaludelt	PlAbl
ökotasakaal	ökotasakaaludena	PlEs
ökotasakaal	ökotasakaaludeni	PlTer
ökotasakaal	ökotasakaaludes	PlIn
ökotasakaal	ökotasakaaludesse	PlIll
ökotasakaal	ökotasakaaludest	PlEl
ökotasakaal	ökotasakaaludeta	PlAb
ökotasakaal	ökotasakaaluga	SgKom
ökotasakaal	ökotasakaaluks	SgTr
ökotasakaal	ökotasakaalul	SgAd
ökotasakaal	ökotasakaalule	SgAll
ökotasakaal	ökotasakaalult	SgAbl
ökotasakaal	ökotasakaaluna	SgEs
ökotasakaal	ökotasakaaluni	SgTer
ökotasakaal	ökotasakaalus	SgIn
ökotasakaal	ökotasakaalusid	PlP
ökotasakaal	ökotasakaalusse	SgIll
ökotasakaal	ökotasakaalust	SgEl
ökotasakaal	ökotasakaaluta	SgAb
ökoterrorism	ökoterrorism	SgN
ökoterrorism	ökoterrorisme	PlP
ökoterrorism	ökoterrorismeks	PlTr
ökoterrorism	ökoterrorismel	PlAd
ökoterrorism	ökoterrorismele	PlAll
ökoterrorism	ökoterrorismelt	PlAbl
ökoterrorism	ökoterrorismes	PlIn
ökoterrorism	ökoterrorismesse	PlIll
ökoterrorism	ökoterrorismest	PlEl
ökoterrorism	ökoterrorismi	SgAdt
ökoterrorism	ökoterrorismi	SgG
ökoterrorism	ökoterrorismi	SgP
ökoterrorism	ökoterrorismid	PlN
ökoterrorism	ökoterrorismide	PlG
ökoterrorism	ökoterrorismidega	PlKom
ökoterrorism	ökoterrorismideks	PlTr
ökoterrorism	ökoterrorismidel	PlAd
ökoterrorism	ökoterrorismidele	PlAll
ökoterrorism	ökoterrorismidelt	PlAbl
ökoterrorism	ökoterrorismidena	PlEs
ökoterrorism	ökoterrorismideni	PlTer
ökoterrorism	ökoterrorismides	PlIn
ökoterrorism	ökoterrorismidesse	PlIll
ökoterrorism	ökoterrorismidest	PlEl
ökoterrorism	ökoterrorismideta	PlAb
ökoterrorism	ökoterrorismiga	SgKom
ökoterrorism	ökoterrorismiks	SgTr
ökoterrorism	ökoterrorismil	SgAd
ökoterrorism	ökoterrorismile	SgAll
ökoterrorism	ökoterrorismilt	SgAbl
ökoterrorism	ökoterrorismina	SgEs
ökoterrorism	ökoterrorismini	SgTer
ökoterrorism	ökoterrorismis	SgIn
ökoterrorism	ökoterrorismisid	PlP
ökoterrorism	ökoterrorismisse	SgIll
ökoterrorism	ökoterrorismist	SgEl
ökoterrorism	ökoterrorismita	SgAb
ökoton	ökoton	SgN
ökoton	ökotone	PlP
ökoton	ökotoneks	PlTr
ökoton	ökotonel	PlAd
ökoton	ökotonele	PlAll
ökoton	ökotonelt	PlAbl
ökoton	ökotones	PlIn
ökoton	ökotonesse	PlIll
ökoton	ökotonest	PlEl
ökoton	ökotoni	SgAdt
ökoton	ökotoni	SgG
ökoton	ökotoni	SgP
ökoton	ökotonid	PlN
ökoton	ökotonide	PlG
ökoton	ökotonidega	PlKom
ökoton	ökotonideks	PlTr
ökoton	ökotonidel	PlAd
ökoton	ökotonidele	PlAll
ökoton	ökotonidelt	PlAbl
ökoton	ökotonidena	PlEs
ökoton	ökotonideni	PlTer
ökoton	ökotonides	PlIn
ökoton	ökotonidesse	PlIll
ökoton	ökotonidest	PlEl
ökoton	ökotonideta	PlAb
ökoton	ökotoniga	SgKom
ökoton	ökotoniks	SgTr
ökoton	ökotonil	SgAd
ökoton	ökotonile	SgAll
ökoton	ökotonilt	SgAbl
ökoton	ökotonina	SgEs
ökoton	ökotonini	SgTer
ökoton	ökotonis	SgIn
ökoton	ökotonisse	SgIll
ökoton	ökotonist	SgEl
ökoton	ökotonita	SgAb
ökotoode	-	SgAdt
ökotoode	ökotoode	SgN
ökotoode	ökotoodet	SgP
ökotoode	ökotoodete	PlG
ökotoode	ökotoodetega	PlKom
ökotoode	ökotoodeteks	PlTr
ökotoode	ökotoodetel	PlAd
ökotoode	ökotoodetele	PlAll
ökotoode	ökotoodetelt	PlAbl
ökotoode	ökotoodetena	PlEs
ökotoode	ökotoodeteni	PlTer
ökotoode	ökotoodetes	PlIn
ökotoode	ökotoodetesse	PlIll
ökotoode	ökotoodetest	PlEl
ökotoode	ökotoodeteta	PlAb
ökotoode	ökotoote	SgG
ökotoode	ökotooted	PlN
ökotoode	ökotootega	SgKom
ökotoode	ökotooteid	PlP
ökotoode	ökotooteiks	PlTr
ökotoode	ökotooteil	PlAd
ökotoode	ökotooteile	PlAll
ökotoode	ökotooteilt	PlAbl
ökotoode	ökotooteis	PlIn
ökotoode	ökotooteisse	PlIll
ökotoode	ökotooteist	PlEl
ökotoode	ökotooteks	SgTr
ökotoode	ökotootel	SgAd
ökotoode	ökotootele	SgAll
ökotoode	ökotootelt	SgAbl
ökotoode	ökotootena	SgEs
ökotoode	ökotooteni	SgTer
ökotoode	ökotootes	SgIn
ökotoode	ökotootesse	SgIll
ökotoode	ökotootest	SgEl
ökotoode	ökotooteta	SgAb
ökotoop	ökotoobeks	PlTr
ökotoop	ökotoobel	PlAd
ökotoop	ökotoobele	PlAll
ökotoop	ökotoobelt	PlAbl
ökotoop	ökotoobes	PlIn
ökotoop	ökotoobesse	PlIll
ökotoop	ökotoobest	PlEl
ökotoop	ökotoobi	SgG
ökotoop	ökotoobid	PlN
ökotoop	ökotoobiga	SgKom
ökotoop	ökotoobiks	SgTr
ökotoop	ökotoobil	SgAd
ökotoop	ökotoobile	SgAll
ökotoop	ökotoobilt	SgAbl
ökotoop	ökotoobina	SgEs
ökotoop	ökotoobini	SgTer
ökotoop	ökotoobis	SgIn
ökotoop	ökotoobisse	SgIll
ökotoop	ökotoobist	SgEl
ökotoop	ökotoobita	SgAb
ökotoop	ökotoop	SgN
ökotoop	ökotoope	PlP
ökotoop	ökotoopi	SgAdt
ökotoop	ökotoopi	SgP
ökotoop	ökotoopide	PlG
ökotoop	ökotoopidega	PlKom
ökotoop	ökotoopideks	PlTr
ökotoop	ökotoopidel	PlAd
ökotoop	ökotoopidele	PlAll
ökotoop	ökotoopidelt	PlAbl
ökotoop	ökotoopidena	PlEs
ökotoop	ökotoopideni	PlTer
ökotoop	ökotoopides	PlIn
ökotoop	ökotoopidesse	PlIll
ökotoop	ökotoopidest	PlEl
ökotoop	ökotoopideta	PlAb
ökotoop	ökotoopisid	PlP
ökotsiid	ökotsiid	SgN
ökotsiid	ökotsiide	PlP
ökotsiid	ökotsiideks	PlTr
ökotsiid	ökotsiidel	PlAd
ökotsiid	ökotsiidele	PlAll
ökotsiid	ökotsiidelt	PlAbl
ökotsiid	ökotsiides	PlIn
ökotsiid	ökotsiidesse	PlIll
ökotsiid	ökotsiidest	PlEl
ökotsiid	ökotsiidi	SgAdt
ökotsiid	ökotsiidi	SgG
ökotsiid	ökotsiidi	SgP
ökotsiid	ökotsiidid	PlN
ökotsiid	ökotsiidide	PlG
ökotsiid	ökotsiididega	PlKom
ökotsiid	ökotsiidideks	PlTr
ökotsiid	ökotsiididel	PlAd
ökotsiid	ökotsiididele	PlAll
ökotsiid	ökotsiididelt	PlAbl
ökotsiid	ökotsiididena	PlEs
ökotsiid	ökotsiidideni	PlTer
ökotsiid	ökotsiidides	PlIn
ökotsiid	ökotsiididesse	PlIll
ökotsiid	ökotsiididest	PlEl
ökotsiid	ökotsiidideta	PlAb
ökotsiid	ökotsiidiga	SgKom
ökotsiid	ökotsiidiks	SgTr
ökotsiid	ökotsiidil	SgAd
ökotsiid	ökotsiidile	SgAll
ökotsiid	ökotsiidilt	SgAbl
ökotsiid	ökotsiidina	SgEs
ökotsiid	ökotsiidini	SgTer
ökotsiid	ökotsiidis	SgIn
ökotsiid	ökotsiidisid	PlP
ökotsiid	ökotsiidisse	SgIll
ökotsiid	ökotsiidist	SgEl
ökotsiid	ökotsiidita	SgAb
ökoturism	ökoturism	SgN
ökoturism	ökoturisme	PlP
ökoturism	ökoturismeks	PlTr
ökoturism	ökoturismel	PlAd
ökoturism	ökoturismele	PlAll
ökoturism	ökoturismelt	PlAbl
ökoturism	ökoturismes	PlIn
ökoturism	ökoturismesse	PlIll
ökoturism	ökoturismest	PlEl
ökoturism	ökoturismi	SgAdt
ökoturism	ökoturismi	SgG
ökoturism	ökoturismi	SgP
ökoturism	ökoturismid	PlN
ökoturism	ökoturismide	PlG
ökoturism	ökoturismidega	PlKom
ökoturism	ökoturismideks	PlTr
ökoturism	ökoturismidel	PlAd
ökoturism	ökoturismidele	PlAll
ökoturism	ökoturismidelt	PlAbl
ökoturism	ökoturismidena	PlEs
ökoturism	ökoturismideni	PlTer
ökoturism	ökoturismides	PlIn
ökoturism	ökoturismidesse	PlIll
ökoturism	ökoturismidest	PlEl
ökoturism	ökoturismideta	PlAb
ökoturism	ökoturismiga	SgKom
ökoturism	ökoturismiks	SgTr
ökoturism	ökoturismil	SgAd
ökoturism	ökoturismile	SgAll
ökoturism	ökoturismilt	SgAbl
ökoturism	ökoturismina	SgEs
ökoturism	ökoturismini	SgTer
ökoturism	ökoturismis	SgIn
ökoturism	ökoturismisid	PlP
ökoturism	ökoturismisse	SgIll
ökoturism	ökoturismist	SgEl
ökoturism	ökoturismita	SgAb
ökotüüp	ökotüübeks	PlTr
ökotüüp	ökotüübel	PlAd
ökotüüp	ökotüübele	PlAll
ökotüüp	ökotüübelt	PlAbl
ökotüüp	ökotüübes	PlIn
ökotüüp	ökotüübesse	PlIll
ökotüüp	ökotüübest	PlEl
ökotüüp	ökotüübi	SgG
ökotüüp	ökotüübid	PlN
ökotüüp	ökotüübiga	SgKom
ökotüüp	ökotüübiks	SgTr
ökotüüp	ökotüübil	SgAd
ökotüüp	ökotüübile	SgAll
ökotüüp	ökotüübilt	SgAbl
ökotüüp	ökotüübina	SgEs
ökotüüp	ökotüübini	SgTer
ökotüüp	ökotüübis	SgIn
ökotüüp	ökotüübisse	SgIll
ökotüüp	ökotüübist	SgEl
ökotüüp	ökotüübita	SgAb
ökotüüp	ökotüüp	SgN
ökotüüp	ökotüüpe	PlP
ökotüüp	ökotüüpi	SgAdt
ökotüüp	ökotüüpi	SgP
ökotüüp	ökotüüpide	PlG
ökotüüp	ökotüüpidega	PlKom
ökotüüp	ökotüüpideks	PlTr
ökotüüp	ökotüüpidel	PlAd
ökotüüp	ökotüüpidele	PlAll
ökotüüp	ökotüüpidelt	PlAbl
ökotüüp	ökotüüpidena	PlEs
ökotüüp	ökotüüpideni	PlTer
ökotüüp	ökotüüpides	PlIn
ökotüüp	ökotüüpidesse	PlIll
ökotüüp	ökotüüpidest	PlEl
ökotüüp	ökotüüpideta	PlAb
ökotüüp	ökotüüpisid	PlP
Öland	Öland	SgAdt
Öland	Öland	SgN
Öland	Ölandeid	PlP
Öland	Ölandeiks	PlTr
Öland	Ölandeil	PlAd
Öland	Ölandeile	PlAll
Öland	Ölandeilt	PlAbl
Öland	Ölandeis	PlIn
Öland	Ölandeisse	PlIll
Öland	Ölandeist	PlEl
Öland	Ölandi	SgG
Öland	Ölandid	PlN
Öland	Ölandiga	SgKom
Öland	Ölandiks	SgTr
Öland	Ölandil	SgAd
Öland	Ölandile	SgAll
Öland	Ölandilt	SgAbl
Öland	Ölandina	SgEs
Öland	Ölandini	SgTer
Öland	Ölandis	SgIn
Öland	Ölandisse	SgIll
Öland	Ölandist	SgEl
Öland	Ölandit	SgP
Öland	Ölandita	SgAb
Öland	Ölandite	PlG
Öland	Ölanditega	PlKom
Öland	Ölanditeks	PlTr
Öland	Ölanditel	PlAd
Öland	Ölanditele	PlAll
Öland	Ölanditelt	PlAbl
Öland	Ölanditena	PlEs
Öland	Ölanditeni	PlTer
Öland	Ölandites	PlIn
Öland	Ölanditesse	PlIll
Öland	Ölanditest	PlEl
Öland	Ölanditeta	PlAb
önoloogia	-	SgAdt
önoloogia	önoloogia	SgG
önoloogia	önoloogia	SgN
önoloogia	önoloogiad	PlN
önoloogia	önoloogiaga	SgKom
önoloogia	önoloogiaid	PlP
önoloogia	önoloogiaiks	PlTr
önoloogia	önoloogiail	PlAd
önoloogia	önoloogiaile	PlAll
önoloogia	önoloogiailt	PlAbl
önoloogia	önoloogiais	PlIn
önoloogia	önoloogiaisse	PlIll
önoloogia	önoloogiaist	PlEl
önoloogia	önoloogiaks	SgTr
önoloogia	önoloogial	SgAd
önoloogia	önoloogiale	SgAll
önoloogia	önoloogialt	SgAbl
önoloogia	önoloogiana	SgEs
önoloogia	önoloogiani	SgTer
önoloogia	önoloogias	SgIn
önoloogia	önoloogiasse	SgIll
önoloogia	önoloogiast	SgEl
önoloogia	önoloogiat	SgP
önoloogia	önoloogiata	SgAb
önoloogia	önoloogiate	PlG
önoloogia	önoloogiatega	PlKom
önoloogia	önoloogiateks	PlTr
önoloogia	önoloogiatel	PlAd
önoloogia	önoloogiatele	PlAll
önoloogia	önoloogiatelt	PlAbl
önoloogia	önoloogiatena	PlEs
önoloogia	önoloogiateni	PlTer
önoloogia	önoloogiates	PlIn
önoloogia	önoloogiatesse	PlIll
önoloogia	önoloogiatest	PlEl
önoloogia	önoloogiateta	PlAb
Öpiku-Oorti pilv	Öpiku-Oorti pilv	SgN
Öpiku-Oorti pilv	Öpiku-Oorti pilve	SgAdt
Öpiku-Oorti pilv	Öpiku-Oorti pilve	SgG
Öpiku-Oorti pilv	Öpiku-Oorti pilve	SgP
Öpiku-Oorti pilv	Öpiku-Oorti pilved	PlN
Öpiku-Oorti pilv	Öpiku-Oorti pilvede	PlG
Öpiku-Oorti pilv	Öpiku-Oorti pilvedega	PlKom
Öpiku-Oorti pilv	Öpiku-Oorti pilvedeks	PlTr
Öpiku-Oorti pilv	Öpiku-Oorti pilvedel	PlAd
Öpiku-Oorti pilv	Öpiku-Oorti pilvedele	PlAll
Öpiku-Oorti pilv	Öpiku-Oorti pilvedelt	PlAbl
Öpiku-Oorti pilv	Öpiku-Oorti pilvedena	PlEs
Öpiku-Oorti pilv	Öpiku-Oorti pilvedeni	PlTer
Öpiku-Oorti pilv	Öpiku-Oorti pilvedes	PlIn
Öpiku-Oorti pilv	Öpiku-Oorti pilvedesse	PlIll
Öpiku-Oorti pilv	Öpiku-Oorti pilvedest	PlEl
Öpiku-Oorti pilv	Öpiku-Oorti pilvedeta	PlAb
Öpiku-Oorti pilv	Öpiku-Oorti pilvega	SgKom
Öpiku-Oorti pilv	Öpiku-Oorti pilveks	SgTr
Öpiku-Oorti pilv	Öpiku-Oorti pilvel	SgAd
Öpiku-Oorti pilv	Öpiku-Oorti pilvele	SgAll
Öpiku-Oorti pilv	Öpiku-Oorti pilvelt	SgAbl
Öpiku-Oorti pilv	Öpiku-Oorti pilvena	SgEs
Öpiku-Oorti pilv	Öpiku-Oorti pilveni	SgTer
Öpiku-Oorti pilv	Öpiku-Oorti pilves	SgIn
Öpiku-Oorti pilv	Öpiku-Oorti pilvesid	PlP
Öpiku-Oorti pilv	Öpiku-Oorti pilvesse	SgIll
Öpiku-Oorti pilv	Öpiku-Oorti pilvest	SgEl
Öpiku-Oorti pilv	Öpiku-Oorti pilveta	SgAb
Öpiku-Oorti pilv	Öpiku-Oorti pilvi	PlP
örd	örd	SgN
örd	örde	PlP
örd	ördeks	PlTr
örd	ördel	PlAd
örd	ördele	PlAll
örd	ördelt	PlAbl
örd	ördes	PlIn
örd	ördesse	PlIll
örd	ördest	PlEl
örd	ördi	SgAdt
örd	ördi	SgG
örd	ördi	SgP
örd	ördid	PlN
örd	ördide	PlG
örd	ördidega	PlKom
örd	ördideks	PlTr
örd	ördidel	PlAd
örd	ördidele	PlAll
örd	ördidelt	PlAbl
örd	ördidena	PlEs
örd	ördideni	PlTer
örd	ördides	PlIn
örd	ördidesse	PlIll
örd	ördidest	PlEl
örd	ördideta	PlAb
örd	ördiga	SgKom
örd	ördiks	SgTr
örd	ördil	SgAd
örd	ördile	SgAll
örd	ördilt	SgAbl
örd	ördina	SgEs
örd	ördini	SgTer
örd	ördis	SgIn
örd	ördisid	PlP
örd	ördisse	SgIll
örd	ördist	SgEl
örd	ördita	SgAb
örsted	-	SgAdt
örsted	örsted	SgN
örsted	örstedeid	PlP
örsted	örstedeiks	PlTr
örsted	örstedeil	PlAd
örsted	örstedeile	PlAll
örsted	örstedeilt	PlAbl
örsted	örstedeis	PlIn
örsted	örstedeisse	PlIll
örsted	örstedeist	PlEl
örsted	örstedi	SgG
örsted	örstedid	PlN
örsted	örstediga	SgKom
örsted	örstediks	SgTr
örsted	örstedil	SgAd
örsted	örstedile	SgAll
örsted	örstedilt	SgAbl
örsted	örstedina	SgEs
örsted	örstedini	SgTer
örsted	örstedis	SgIn
örsted	örstedisse	SgIll
örsted	örstedist	SgEl
örsted	örstedit	SgP
örsted	örstedita	SgAb
örsted	örstedite	PlG
örsted	örsteditega	PlKom
örsted	örstediteks	PlTr
örsted	örsteditel	PlAd
örsted	örsteditele	PlAll
örsted	örsteditelt	PlAbl
örsted	örsteditena	PlEs
örsted	örstediteni	PlTer
örsted	örstedites	PlIn
örsted	örsteditesse	PlIll
örsted	örsteditest	PlEl
örsted	örstediteta	PlAb
östrogeen	östrogeen	SgN
östrogeen	östrogeene	PlP
östrogeen	östrogeeneks	PlTr
östrogeen	östrogeenel	PlAd
östrogeen	östrogeenele	PlAll
östrogeen	östrogeenelt	PlAbl
östrogeen	östrogeenes	PlIn
östrogeen	östrogeenesse	PlIll
östrogeen	östrogeenest	PlEl
östrogeen	östrogeeni	SgAdt
östrogeen	östrogeeni	SgG
östrogeen	östrogeeni	SgP
östrogeen	östrogeenid	PlN
östrogeen	östrogeenide	PlG
östrogeen	östrogeenidega	PlKom
östrogeen	östrogeenideks	PlTr
östrogeen	östrogeenidel	PlAd
östrogeen	östrogeenidele	PlAll
östrogeen	östrogeenidelt	PlAbl
östrogeen	östrogeenidena	PlEs
östrogeen	östrogeenideni	PlTer
östrogeen	östrogeenides	PlIn
östrogeen	östrogeenidesse	PlIll
östrogeen	östrogeenidest	PlEl
östrogeen	östrogeenideta	PlAb
östrogeen	östrogeeniga	SgKom
östrogeen	östrogeeniks	SgTr
östrogeen	östrogeenil	SgAd
östrogeen	östrogeenile	SgAll
östrogeen	östrogeenilt	SgAbl
östrogeen	östrogeenina	SgEs
östrogeen	östrogeenini	SgTer
östrogeen	östrogeenis	SgIn
östrogeen	östrogeenisid	PlP
östrogeen	östrogeenisse	SgIll
östrogeen	östrogeenist	SgEl
östrogeen	östrogeenita	SgAb
öäk	öäk	ID
öäkk	öäkk	ID
öö	öhe	SgAdt
öö	öid	PlP
öö	öiks	PlTr
öö	öil	PlAd
öö	öile	PlAll
öö	öilt	PlAbl
öö	öis	PlIn
öö	öisse	PlIll
öö	öist	PlEl
öö	öö	SgG
öö	öö	SgN
öö	ööd	PlN
öö	ööd	SgP
öö	ööde	PlG
öö	öödega	PlKom
öö	öödeks	PlTr
öö	öödel	PlAd
öö	öödele	PlAll
öö	öödelt	PlAbl
öö	öödena	PlEs
öö	öödeni	PlTer
öö	öödes	PlIn
öö	öödesse	PlIll
öö	öödest	PlEl
öö	öödeta	PlAb
öö	ööga	SgKom
öö	ööks	SgTr
öö	ööl	SgAd
öö	ööle	SgAll
öö	öölt	SgAbl
öö	ööna	SgEs
öö	ööni	SgTer
öö	öös	SgIn
öö	öösid	PlP
öö	öösse	SgIll
öö	ööst	SgEl
öö	ööta	SgAb
ööahv	ööahv	SgN
ööahv	ööahve	PlP
ööahv	ööahveks	PlTr
ööahv	ööahvel	PlAd
ööahv	ööahvele	PlAll
ööahv	ööahvelt	PlAbl
ööahv	ööahves	PlIn
ööahv	ööahvesse	PlIll
ööahv	ööahvest	PlEl
ööahv	ööahvi	SgAdt
ööahv	ööahvi	SgG
ööahv	ööahvi	SgP
ööahv	ööahvid	PlN
ööahv	ööahvide	PlG
ööahv	ööahvidega	PlKom
ööahv	ööahvideks	PlTr
ööahv	ööahvidel	PlAd
ööahv	ööahvidele	PlAll
ööahv	ööahvidelt	PlAbl
ööahv	ööahvidena	PlEs
ööahv	ööahvideni	PlTer
ööahv	ööahvides	PlIn
ööahv	ööahvidesse	PlIll
ööahv	ööahvidest	PlEl
ööahv	ööahvideta	PlAb
ööahv	ööahviga	SgKom
ööahv	ööahviks	SgTr
ööahv	ööahvil	SgAd
ööahv	ööahvile	SgAll
ööahv	ööahvilt	SgAbl
ööahv	ööahvina	SgEs
ööahv	ööahvini	SgTer
ööahv	ööahvis	SgIn
ööahv	ööahvisid	PlP
ööahv	ööahvisse	SgIll
ööahv	ööahvist	SgEl
ööahv	ööahvita	SgAb
ööbik	-	SgAdt
ööbik	ööbik	SgN
ööbik	ööbiku	SgG
ööbik	ööbikud	PlN
ööbik	ööbikuga	SgKom
ööbik	ööbikuid	PlP
ööbik	ööbikuiks	PlTr
ööbik	ööbikuil	PlAd
ööbik	ööbikuile	PlAll
ööbik	ööbikuilt	PlAbl
ööbik	ööbikuis	PlIn
ööbik	ööbikuisse	PlIll
ööbik	ööbikuist	PlEl
ööbik	ööbikuks	SgTr
ööbik	ööbikul	SgAd
ööbik	ööbikule	SgAll
ööbik	ööbikult	SgAbl
ööbik	ööbikuna	SgEs
ööbik	ööbikuni	SgTer
ööbik	ööbikus	SgIn
ööbik	ööbikusse	SgIll
ööbik	ööbikust	SgEl
ööbik	ööbikut	SgP
ööbik	ööbikuta	SgAb
ööbik	ööbikute	PlG
ööbik	ööbikutega	PlKom
ööbik	ööbikuteks	PlTr
ööbik	ööbikutel	PlAd
ööbik	ööbikutele	PlAll
ööbik	ööbikutelt	PlAbl
ööbik	ööbikutena	PlEs
ööbik	ööbikuteni	PlTer
ööbik	ööbikutes	PlIn
ööbik	ööbikutesse	PlIll
ööbik	ööbikutest	PlEl
ööbik	ööbikuteta	PlAb
ööbikuid kuulama saatma	saada ööbikuid kuulama	ImpPrSg2
ööbikuid kuulama saatma	saada ööbikuid kuulama	IndPrPs_
ööbikuid kuulama saatma	saadab ööbikuid kuulama	IndPrSg3
ööbikuid kuulama saatma	saadad ööbikuid kuulama	IndPrSg2
ööbikuid kuulama saatma	saadaks ööbikuid kuulama	KndPrPs
ööbikuid kuulama saatma	saadaksid ööbikuid kuulama	KndPrPl3
ööbikuid kuulama saatma	saadaksid ööbikuid kuulama	KndPrSg2
ööbikuid kuulama saatma	saadaksime ööbikuid kuulama	KndPrPl1
ööbikuid kuulama saatma	saadaksin ööbikuid kuulama	KndPrSg1
ööbikuid kuulama saatma	saadaksite ööbikuid kuulama	KndPrPl2
ööbikuid kuulama saatma	saadame ööbikuid kuulama	IndPrPl1
ööbikuid kuulama saatma	saadan ööbikuid kuulama	IndPrSg1
ööbikuid kuulama saatma	saadate ööbikuid kuulama	IndPrPl2
ööbikuid kuulama saatma	saadavad ööbikuid kuulama	IndPrPl3
ööbikuid kuulama saatma	saadeta ööbikuid kuulama	IndPrIps_
ööbikuid kuulama saatma	saadetagu ööbikuid kuulama	ImpPrIps
ööbikuid kuulama saatma	saadetaks ööbikuid kuulama	KndPrIps
ööbikuid kuulama saatma	saadetakse ööbikuid kuulama	IndPrIps
ööbikuid kuulama saatma	saadetavat ööbikuid kuulama	KvtPrIps
ööbikuid kuulama saatma	saadeti ööbikuid kuulama	IndIpfIps
ööbikuid kuulama saatma	saadetud ööbikuid kuulama	PtsPtIpsNeg
ööbikuid kuulama saatma	saadetuks ööbikuid kuulama	KndPtIps
ööbikuid kuulama saatma	saadetuvat ööbikuid kuulama	KvtPtIps
ööbikuid kuulama saatma	saatis ööbikuid kuulama	IndIpfSg3
ööbikuid kuulama saatma	saatke ööbikuid kuulama	ImpPrPl2
ööbikuid kuulama saatma	saatkem ööbikuid kuulama	ImpPrPl1
ööbikuid kuulama saatma	saatku ööbikuid kuulama	ImpPrPs
ööbikuid kuulama saatma	saatnud ööbikuid kuulama	PtsPtPsNeg
ööbikuid kuulama saatma	saatnuks ööbikuid kuulama	KndPtPs
ööbikuid kuulama saatma	saatnuksid ööbikuid kuulama	KndPtPl3
ööbikuid kuulama saatma	saatnuksid ööbikuid kuulama	KndPtSg2
ööbikuid kuulama saatma	saatnuksime ööbikuid kuulama	KndPtPl1
ööbikuid kuulama saatma	saatnuksin ööbikuid kuulama	KndPtSg1
ööbikuid kuulama saatma	saatnuksite ööbikuid kuulama	KndPtPl2
ööbikuid kuulama saatma	saatnuvat ööbikuid kuulama	KvtPtPs
ööbikuid kuulama saatma	saatsid ööbikuid kuulama	IndIpfPl3
ööbikuid kuulama saatma	saatsid ööbikuid kuulama	IndIpfSg2
ööbikuid kuulama saatma	saatsime ööbikuid kuulama	IndIpfPl1
ööbikuid kuulama saatma	saatsin ööbikuid kuulama	IndIpfSg1
ööbikuid kuulama saatma	saatsite ööbikuid kuulama	IndIpfPl2
ööbikuid kuulama saatma	saatvat ööbikuid kuulama	KvtPrPs
ööbikuid kuulama saatma	ööbikuid kuulama saadetama	SupIps
ööbikuid kuulama saatma	ööbikuid kuulama saadetav	PtsPrIps
ööbikuid kuulama saatma	ööbikuid kuulama saadetud	PtsPtIps
ööbikuid kuulama saatma	ööbikuid kuulama saata	Inf
ööbikuid kuulama saatma	ööbikuid kuulama saates	Ger
ööbikuid kuulama saatma	ööbikuid kuulama saatev	PtsPrPs
ööbikuid kuulama saatma	ööbikuid kuulama saatma	Sup
ööbikuid kuulama saatma	ööbikuid kuulama saatmaks	SupTr
ööbikuid kuulama saatma	ööbikuid kuulama saatmas	SupIn
ööbikuid kuulama saatma	ööbikuid kuulama saatmast	SupEl
ööbikuid kuulama saatma	ööbikuid kuulama saatmata	SupAb
ööbikuid kuulama saatma	ööbikuid kuulama saatnud	PtsPtPs
ööbikuköster	-	SgAdt
ööbikuköster	ööbikuköster	SgN
ööbikuköster	ööbikuköstreid	PlP
ööbikuköster	ööbikuköstreiks	PlTr
ööbikuköster	ööbikuköstreil	PlAd
ööbikuköster	ööbikuköstreile	PlAll
ööbikuköster	ööbikuköstreilt	PlAbl
ööbikuköster	ööbikuköstreis	PlIn
ööbikuköster	ööbikuköstreisse	PlIll
ööbikuköster	ööbikuköstreist	PlEl
ööbikuköster	ööbikuköstri	SgG
ööbikuköster	ööbikuköstrid	PlN
ööbikuköster	ööbikuköstriga	SgKom
ööbikuköster	ööbikuköstriks	SgTr
ööbikuköster	ööbikuköstril	SgAd
ööbikuköster	ööbikuköstrile	SgAll
ööbikuköster	ööbikuköstrilt	SgAbl
ööbikuköster	ööbikuköstrina	SgEs
ööbikuköster	ööbikuköstrini	SgTer
ööbikuköster	ööbikuköstris	SgIn
ööbikuköster	ööbikuköstrisse	SgIll
ööbikuköster	ööbikuköstrist	SgEl
ööbikuköster	ööbikuköstrit	SgP
ööbikuköster	ööbikuköstrita	SgAb
ööbikuköster	ööbikuköstrite	PlG
ööbikuköster	ööbikuköstritega	PlKom
ööbikuköster	ööbikuköstriteks	PlTr
ööbikuköster	ööbikuköstritel	PlAd
ööbikuköster	ööbikuköstritele	PlAll
ööbikuköster	ööbikuköstritelt	PlAbl
ööbikuköster	ööbikuköstritena	PlEs
ööbikuköster	ööbikuköstriteni	PlTer
ööbikuköster	ööbikuköstrites	PlIn
ööbikuköster	ööbikuköstritesse	PlIll
ööbikuköster	ööbikuköstritest	PlEl
ööbikuköster	ööbikuköstriteta	PlAb
Ööbikuorg	Ööbikuorg	SgN
Ööbikuorg	Ööbikuorge	PlP
Ööbikuorg	Ööbikuorgu	SgAdt
Ööbikuorg	Ööbikuorgu	SgP
Ööbikuorg	Ööbikuorgude	PlG
Ööbikuorg	Ööbikuorgudega	PlKom
Ööbikuorg	Ööbikuorgudeks	PlTr
Ööbikuorg	Ööbikuorgudel	PlAd
Ööbikuorg	Ööbikuorgudele	PlAll
Ööbikuorg	Ööbikuorgudelt	PlAbl
Ööbikuorg	Ööbikuorgudena	PlEs
Ööbikuorg	Ööbikuorgudeni	PlTer
Ööbikuorg	Ööbikuorgudes	PlIn
Ööbikuorg	Ööbikuorgudesse	PlIll
Ööbikuorg	Ööbikuorgudest	PlEl
Ööbikuorg	Ööbikuorgudeta	PlAb
Ööbikuorg	Ööbikuorgusid	PlP
Ööbikuorg	Ööbikuoru	SgG
Ööbikuorg	Ööbikuorud	PlN
Ööbikuorg	Ööbikuoruga	SgKom
Ööbikuorg	Ööbikuoruks	SgTr
Ööbikuorg	Ööbikuorul	SgAd
Ööbikuorg	Ööbikuorule	SgAll
Ööbikuorg	Ööbikuorult	SgAbl
Ööbikuorg	Ööbikuoruna	SgEs
Ööbikuorg	Ööbikuoruni	SgTer
Ööbikuorg	Ööbikuorus	SgIn
Ööbikuorg	Ööbikuorusse	SgIll
Ööbikuorg	Ööbikuorust	SgEl
Ööbikuorg	Ööbikuoruta	SgAb
ööbima	ööbi	ImpPrSg2
ööbima	ööbi	IndPrPs_
ööbima	ööbib	IndPrSg3
ööbima	ööbid	IndPrSg2
ööbima	ööbida	Inf
ööbima	ööbides	Ger
ööbima	ööbige	ImpPrPl2
ööbima	ööbigem	ImpPrPl1
ööbima	ööbigu	ImpPrPs
ööbima	ööbiks	KndPrPs
ööbima	ööbiksid	KndPrPl3
ööbima	ööbiksid	KndPrSg2
ööbima	ööbiksime	KndPrPl1
ööbima	ööbiksin	KndPrSg1
ööbima	ööbiksite	KndPrPl2
ööbima	ööbima	Sup
ööbima	ööbimaks	SupTr
ööbima	ööbimas	SupIn
ööbima	ööbimast	SupEl
ööbima	ööbimata	SupAb
ööbima	ööbime	IndPrPl1
ööbima	ööbin	IndPrSg1
ööbima	ööbinud	PtsPtPs
ööbima	ööbinud	PtsPtPsNeg
ööbima	ööbinuks	KndPtPs
ööbima	ööbinuksid	KndPtPl3
ööbima	ööbinuksid	KndPtSg2
ööbima	ööbinuksime	KndPtPl1
ööbima	ööbinuksin	KndPtSg1
ööbima	ööbinuksite	KndPtPl2
ööbima	ööbinuvat	KvtPtPs
ööbima	ööbis	IndIpfSg3
ööbima	ööbisid	IndIpfPl3
ööbima	ööbisid	IndIpfSg2
ööbima	ööbisime	IndIpfPl1
ööbima	ööbisin	IndIpfSg1
ööbima	ööbisite	IndIpfPl2
ööbima	ööbita	IndPrIps_
ööbima	ööbitagu	ImpPrIps
ööbima	ööbitaks	KndPrIps
ööbima	ööbitakse	IndPrIps
ööbima	ööbitama	SupIps
ööbima	ööbitav	PtsPrIps
ööbima	ööbitavat	KvtPrIps
ööbima	ööbite	IndPrPl2
ööbima	ööbiti	IndIpfIps
ööbima	ööbitud	PtsPtIps
ööbima	ööbitud	PtsPtIpsNeg
ööbima	ööbituks	KndPtIps
ööbima	ööbituvat	KvtPtIps
ööbima	ööbiv	PtsPrPs
ööbima	ööbivad	IndPrPl3
ööbima	ööbivat	KvtPrPs
ööbimiskoht	ööbimiskoha	SgG
ööbimiskoht	ööbimiskohad	PlN
ööbimiskoht	ööbimiskohaga	SgKom
ööbimiskoht	ööbimiskohaks	SgTr
ööbimiskoht	ööbimiskohal	SgAd
ööbimiskoht	ööbimiskohale	SgAll
ööbimiskoht	ööbimiskohalt	SgAbl
ööbimiskoht	ööbimiskohana	SgEs
ööbimiskoht	ööbimiskohani	SgTer
ööbimiskoht	ööbimiskohas	SgIn
ööbimiskoht	ööbimiskohasse	SgIll
ööbimiskoht	ööbimiskohast	SgEl
ööbimiskoht	ööbimiskohata	SgAb
ööbimiskoht	ööbimiskohiks	PlTr
ööbimiskoht	ööbimiskohil	PlAd
ööbimiskoht	ööbimiskohile	PlAll
ööbimiskoht	ööbimiskohilt	PlAbl
ööbimiskoht	ööbimiskohis	PlIn
ööbimiskoht	ööbimiskohisse	PlIll
ööbimiskoht	ööbimiskohist	PlEl
ööbimiskoht	ööbimiskoht	SgN
ööbimiskoht	ööbimiskohta	SgAdt
ööbimiskoht	ööbimiskohta	SgP
ööbimiskoht	ööbimiskohtade	PlG
ööbimiskoht	ööbimiskohtadega	PlKom
ööbimiskoht	ööbimiskohtadeks	PlTr
ööbimiskoht	ööbimiskohtadel	PlAd
ööbimiskoht	ööbimiskohtadele	PlAll
ööbimiskoht	ööbimiskohtadelt	PlAbl
ööbimiskoht	ööbimiskohtadena	PlEs
ööbimiskoht	ööbimiskohtadeni	PlTer
ööbimiskoht	ööbimiskohtades	PlIn
ööbimiskoht	ööbimiskohtadesse	PlIll
ööbimiskoht	ööbimiskohtadest	PlEl
ööbimiskoht	ööbimiskohtadeta	PlAb
ööbimiskoht	ööbimiskohtasid	PlP
ööbimiskoht	ööbimiskohti	PlP
ööbinokkel	-	SgAdt
ööbinokkel	ööbinokkel	SgN
ööbinokkel	ööbinokleid	PlP
ööbinokkel	ööbinokleiks	PlTr
ööbinokkel	ööbinokleil	PlAd
ööbinokkel	ööbinokleile	PlAll
ööbinokkel	ööbinokleilt	PlAbl
ööbinokkel	ööbinokleis	PlIn
ööbinokkel	ööbinokleisse	PlIll
ööbinokkel	ööbinokleist	PlEl
ööbinokkel	ööbinokli	SgG
ööbinokkel	ööbinoklid	PlN
ööbinokkel	ööbinokliga	SgKom
ööbinokkel	ööbinokliks	SgTr
ööbinokkel	ööbinoklil	SgAd
ööbinokkel	ööbinoklile	SgAll
ööbinokkel	ööbinoklilt	SgAbl
ööbinokkel	ööbinoklina	SgEs
ööbinokkel	ööbinoklini	SgTer
ööbinokkel	ööbinoklis	SgIn
ööbinokkel	ööbinoklisse	SgIll
ööbinokkel	ööbinoklist	SgEl
ööbinokkel	ööbinoklit	SgP
ööbinokkel	ööbinoklita	SgAb
ööbinokkel	ööbinoklite	PlG
ööbinokkel	ööbinoklitega	PlKom
ööbinokkel	ööbinokliteks	PlTr
ööbinokkel	ööbinoklitel	PlAd
ööbinokkel	ööbinoklitele	PlAll
ööbinokkel	ööbinoklitelt	PlAbl
ööbinokkel	ööbinoklitena	PlEs
ööbinokkel	ööbinokliteni	PlTer
ööbinokkel	ööbinoklites	PlIn
ööbinokkel	ööbinoklitesse	PlIll
ööbinokkel	ööbinoklitest	PlEl
ööbinokkel	ööbinokliteta	PlAb
ööbuss	ööbuss	SgN
ööbuss	ööbusse	PlP
ööbuss	ööbusseks	PlTr
ööbuss	ööbussel	PlAd
ööbuss	ööbussele	PlAll
ööbuss	ööbusselt	PlAbl
ööbuss	ööbusses	PlIn
ööbuss	ööbussesse	PlIll
ööbuss	ööbussest	PlEl
ööbuss	ööbussi	SgAdt
ööbuss	ööbussi	SgG
ööbuss	ööbussi	SgP
ööbuss	ööbussid	PlN
ööbuss	ööbusside	PlG
ööbuss	ööbussidega	PlKom
ööbuss	ööbussideks	PlTr
ööbuss	ööbussidel	PlAd
ööbuss	ööbussidele	PlAll
ööbuss	ööbussidelt	PlAbl
ööbuss	ööbussidena	PlEs
ööbuss	ööbussideni	PlTer
ööbuss	ööbussides	PlIn
ööbuss	ööbussidesse	PlIll
ööbuss	ööbussidest	PlEl
ööbuss	ööbussideta	PlAb
ööbuss	ööbussiga	SgKom
ööbuss	ööbussiks	SgTr
ööbuss	ööbussil	SgAd
ööbuss	ööbussile	SgAll
ööbuss	ööbussilt	SgAbl
ööbuss	ööbussina	SgEs
ööbuss	ööbussini	SgTer
ööbuss	ööbussis	SgIn
ööbuss	ööbussisid	PlP
ööbuss	ööbussisse	SgIll
ööbuss	ööbussist	SgEl
ööbuss	ööbussita	SgAb
ööd ega ilma	ööd ega ilma	ID
ööd ega mütsi	ööd ega mütsi	ID
ööd-päevad	öhe-päeva	SgAdt
ööd-päevad	öid-päevasid	PlP
ööd-päevad	öid-päevi	PlP
ööd-päevad	öö-päev	SgN
ööd-päevad	öö-päeva	SgG
ööd-päevad	öö-päevaga	SgKom
ööd-päevad	öö-päevana	SgEs
ööd-päevad	öö-päevani	SgTer
ööd-päevad	öö-päevata	SgAb
ööd-päevad	ööd-päeva	SgP
ööd-päevad	ööd-päevad	PlN
ööd-päevad	ööde-päevade	PlG
ööd-päevad	ööde-päevadega	PlKom
ööd-päevad	ööde-päevadena	PlEs
ööd-päevad	ööde-päevadeni	PlTer
ööd-päevad	ööde-päevadeta	PlAb
ööd-päevad	öödeks-päevadeks	PlTr
ööd-päevad	öödel-päevadel	PlAd
ööd-päevad	öödele-päevadele	PlAll
ööd-päevad	öödelt-päevadelt	PlAbl
ööd-päevad	öödes-päevades	PlIn
ööd-päevad	öödesse-päevadesse	PlIll
ööd-päevad	öödest-päevadest	PlEl
ööd-päevad	ööks-päevaks	SgTr
ööd-päevad	ööl-päeval	SgAd
ööd-päevad	ööle-päevale	SgAll
ööd-päevad	öölt-päevalt	SgAbl
ööd-päevad	öös-päevas	SgIn
ööd-päevad	öösse-päevasse	SgIll
ööd-päevad	ööst-päevast	SgEl
ööd veetma	... veedetama	SupIps
ööd veetma	... veedetav	PtsPrIps
ööd veetma	... veedetud	PtsPtIps
ööd veetma	... veeta	Inf
ööd veetma	... veetes	Ger
ööd veetma	... veetev	PtsPrPs
ööd veetma	... veetmaks	SupTr
ööd veetma	... veetmas	SupIn
ööd veetma	... veetmast	SupEl
ööd veetma	... veetmata	SupAb
ööd veetma	... veetnud	PtsPtPs
ööd veetma	veeda ...	ImpPrSg2
ööd veetma	veeda ...	IndPrPs_
ööd veetma	veedab ...	IndPrSg3
ööd veetma	veedad ...	IndPrSg2
ööd veetma	veedaks ...	KndPrPs
ööd veetma	veedaksid ...	KndPrPl3
ööd veetma	veedaksid ...	KndPrSg2
ööd veetma	veedaksime ...	KndPrPl1
ööd veetma	veedaksin ...	KndPrSg1
ööd veetma	veedaksite ...	KndPrPl2
ööd veetma	veedame ...	IndPrPl1
ööd veetma	veedan ...	IndPrSg1
ööd veetma	veedate ...	IndPrPl2
ööd veetma	veedavad ...	IndPrPl3
ööd veetma	veedeta ...	IndPrIps_
ööd veetma	veedetagu ...	ImpPrIps
ööd veetma	veedetaks ...	KndPrIps
ööd veetma	veedetakse ...	IndPrIps
ööd veetma	veedetavat ...	KvtPrIps
ööd veetma	veedeti ...	IndIpfIps
ööd veetma	veedetud ...	PtsPtIpsNeg
ööd veetma	veedetuks ...	KndPtIps
ööd veetma	veedetuvat ...	KvtPtIps
ööd veetma	veetis ...	IndIpfSg3
ööd veetma	veetke ...	ImpPrPl2
ööd veetma	veetkem ...	ImpPrPl1
ööd veetma	veetku ...	ImpPrPs
ööd veetma	veetnud ...	PtsPtPsNeg
ööd veetma	veetnuks ...	KndPtPs
ööd veetma	veetnuksid ...	KndPtPl3
ööd veetma	veetnuksid ...	KndPtSg2
ööd veetma	veetnuksime ...	KndPtPl1
ööd veetma	veetnuksin ...	KndPtSg1
ööd veetma	veetnuksite ...	KndPtPl2
ööd veetma	veetnuvat ...	KvtPtPs
ööd veetma	veetsid ...	IndIpfPl3
ööd veetma	veetsid ...	IndIpfSg2
ööd veetma	veetsime ...	IndIpfPl1
ööd veetma	veetsin ...	IndIpfSg1
ööd veetma	veetsite ...	IndIpfPl2
ööd veetma	veetvat ...	KvtPrPs
ööd veetma	ööd veetma	Sup
ööelekter	-	SgAdt
ööelekter	ööelekter	SgN
ööelekter	ööelektreid	PlP
ööelekter	ööelektreiks	PlTr
ööelekter	ööelektreil	PlAd
ööelekter	ööelektreile	PlAll
ööelekter	ööelektreilt	PlAbl
ööelekter	ööelektreis	PlIn
ööelekter	ööelektreisse	PlIll
ööelekter	ööelektreist	PlEl
ööelekter	ööelektri	SgG
ööelekter	ööelektrid	PlN
ööelekter	ööelektriga	SgKom
ööelekter	ööelektriks	SgTr
ööelekter	ööelektril	SgAd
ööelekter	ööelektrile	SgAll
ööelekter	ööelektrilt	SgAbl
ööelekter	ööelektrina	SgEs
ööelekter	ööelektrini	SgTer
ööelekter	ööelektris	SgIn
ööelekter	ööelektrisse	SgIll
ööelekter	ööelektrist	SgEl
ööelekter	ööelektrit	SgP
ööelekter	ööelektrita	SgAb
ööelekter	ööelektrite	PlG
ööelekter	ööelektritega	PlKom
ööelekter	ööelektriteks	PlTr
ööelekter	ööelektritel	PlAd
ööelekter	ööelektritele	PlAll
ööelekter	ööelektritelt	PlAbl
ööelekter	ööelektritena	PlEs
ööelekter	ööelektriteni	PlTer
ööelekter	ööelektrites	PlIn
ööelekter	ööelektritesse	PlIll
ööelekter	ööelektritest	PlEl
ööelekter	ööelektriteta	PlAb
ööelu	ööellu	SgAdt
ööelu	ööelu	SgG
ööelu	ööelu	SgN
ööelu	ööelu	SgP
ööelu	ööelud	PlN
ööelu	ööelude	PlG
ööelu	ööeludega	PlKom
ööelu	ööeludeks	PlTr
ööelu	ööeludel	PlAd
ööelu	ööeludele	PlAll
ööelu	ööeludelt	PlAbl
ööelu	ööeludena	PlEs
ööelu	ööeludeni	PlTer
ööelu	ööeludes	PlIn
ööelu	ööeludesse	PlIll
ööelu	ööeludest	PlEl
ööelu	ööeludeta	PlAb
ööelu	ööeluga	SgKom
ööelu	ööeluks	SgTr
ööelu	ööelul	SgAd
ööelu	ööelule	SgAll
ööelu	ööelult	SgAbl
ööelu	ööeluna	SgEs
ööelu	ööeluni	SgTer
ööelu	ööelus	SgIn
ööelu	ööelusid	PlP
ööelu	ööelusse	SgIll
ööelu	ööelust	SgEl
ööelu	ööeluta	SgAb
ööhaigur	-	SgAdt
ööhaigur	ööhaigru	SgG
ööhaigur	ööhaigrud	PlN
ööhaigur	ööhaigruga	SgKom
ööhaigur	ööhaigruid	PlP
ööhaigur	ööhaigruiks	PlTr
ööhaigur	ööhaigruil	PlAd
ööhaigur	ööhaigruile	PlAll
ööhaigur	ööhaigruilt	PlAbl
ööhaigur	ööhaigruis	PlIn
ööhaigur	ööhaigruisse	PlIll
ööhaigur	ööhaigruist	PlEl
ööhaigur	ööhaigruks	SgTr
ööhaigur	ööhaigrul	SgAd
ööhaigur	ööhaigrule	SgAll
ööhaigur	ööhaigrult	SgAbl
ööhaigur	ööhaigruna	SgEs
ööhaigur	ööhaigruni	SgTer
ööhaigur	ööhaigrus	SgIn
ööhaigur	ööhaigrusse	SgIll
ööhaigur	ööhaigrust	SgEl
ööhaigur	ööhaigrut	SgP
ööhaigur	ööhaigruta	SgAb
ööhaigur	ööhaigrute	PlG
ööhaigur	ööhaigrutega	PlKom
ööhaigur	ööhaigruteks	PlTr
ööhaigur	ööhaigrutel	PlAd
ööhaigur	ööhaigrutele	PlAll
ööhaigur	ööhaigrutelt	PlAbl
ööhaigur	ööhaigrutena	PlEs
ööhaigur	ööhaigruteni	PlTer
ööhaigur	ööhaigrutes	PlIn
ööhaigur	ööhaigrutesse	PlIll
ööhaigur	ööhaigrutest	PlEl
ööhaigur	ööhaigruteta	PlAb
ööhaigur	ööhaigur	SgN
ööhulgus	-	SgAdt
ööhulgus	ööhulgus	SgN
ööhulgus	ööhulguse	SgG
ööhulgus	ööhulgused	PlN
ööhulgus	ööhulgusega	SgKom
ööhulgus	ööhulguseid	PlP
ööhulgus	ööhulguseiks	PlTr
ööhulgus	ööhulguseil	PlAd
ööhulgus	ööhulguseile	PlAll
ööhulgus	ööhulguseilt	PlAbl
ööhulgus	ööhulguseis	PlIn
ööhulgus	ööhulguseisse	PlIll
ööhulgus	ööhulguseist	PlEl
ööhulgus	ööhulguseks	SgTr
ööhulgus	ööhulgusel	SgAd
ööhulgus	ööhulgusele	SgAll
ööhulgus	ööhulguselt	SgAbl
ööhulgus	ööhulgusena	SgEs
ööhulgus	ööhulguseni	SgTer
ööhulgus	ööhulguses	SgIn
ööhulgus	ööhulgusesse	SgIll
ööhulgus	ööhulgusest	SgEl
ööhulgus	ööhulguseta	SgAb
ööhulgus	ööhulgust	SgP
ööhulgus	ööhulguste	PlG
ööhulgus	ööhulgustega	PlKom
ööhulgus	ööhulgusteks	PlTr
ööhulgus	ööhulgustel	PlAd
ööhulgus	ööhulgustele	PlAll
ööhulgus	ööhulgustelt	PlAbl
ööhulgus	ööhulgustena	PlEs
ööhulgus	ööhulgusteni	PlTer
ööhulgus	ööhulgustes	PlIn
ööhulgus	ööhulgustesse	PlIll
ööhulgus	ööhulgustest	PlEl
ööhulgus	ööhulgusteta	PlAb
ööhulkur	-	SgAdt
ööhulkur	ööhulkur	SgN
ööhulkur	ööhulkureid	PlP
ööhulkur	ööhulkureiks	PlTr
ööhulkur	ööhulkureil	PlAd
ööhulkur	ööhulkureile	PlAll
ööhulkur	ööhulkureilt	PlAbl
ööhulkur	ööhulkureis	PlIn
ööhulkur	ööhulkureisse	PlIll
ööhulkur	ööhulkureist	PlEl
ööhulkur	ööhulkuri	SgG
ööhulkur	ööhulkurid	PlN
ööhulkur	ööhulkuriga	SgKom
ööhulkur	ööhulkuriks	SgTr
ööhulkur	ööhulkuril	SgAd
ööhulkur	ööhulkurile	SgAll
ööhulkur	ööhulkurilt	SgAbl
ööhulkur	ööhulkurina	SgEs
ööhulkur	ööhulkurini	SgTer
ööhulkur	ööhulkuris	SgIn
ööhulkur	ööhulkurisse	SgIll
ööhulkur	ööhulkurist	SgEl
ööhulkur	ööhulkurit	SgP
ööhulkur	ööhulkurita	SgAb
ööhulkur	ööhulkurite	PlG
ööhulkur	ööhulkuritega	PlKom
ööhulkur	ööhulkuriteks	PlTr
ööhulkur	ööhulkuritel	PlAd
ööhulkur	ööhulkuritele	PlAll
ööhulkur	ööhulkuritelt	PlAbl
ööhulkur	ööhulkuritena	PlEs
ööhulkur	ööhulkuriteni	PlTer
ööhulkur	ööhulkurites	PlIn
ööhulkur	ööhulkuritesse	PlIll
ööhulkur	ööhulkuritest	PlEl
ööhulkur	ööhulkuriteta	PlAb
ööhääl	ööhääl	SgN
ööhääl	ööhäälde	SgAdt
ööhääl	ööhääle	SgG
ööhääl	ööhääled	PlN
ööhääl	ööhäälega	SgKom
ööhääl	ööhääleks	SgTr
ööhääl	ööhäälel	SgAd
ööhääl	ööhäälele	SgAll
ööhääl	ööhäälelt	SgAbl
ööhääl	ööhäälena	SgEs
ööhääl	ööhääleni	SgTer
ööhääl	ööhääles	SgIn
ööhääl	ööhäälesse	SgIll
ööhääl	ööhäälest	SgEl
ööhääl	ööhääleta	SgAb
ööhääl	ööhääli	PlP
ööhääl	ööhääliks	PlTr
ööhääl	ööhäälil	PlAd
ööhääl	ööhäälile	PlAll
ööhääl	ööhäälilt	PlAbl
ööhääl	ööhäälis	PlIn
ööhääl	ööhäälisse	PlIll
ööhääl	ööhäälist	PlEl
ööhääl	ööhäält	SgP
ööhääl	ööhäälte	PlG
ööhääl	ööhäältega	PlKom
ööhääl	ööhäälteks	PlTr
ööhääl	ööhäältel	PlAd
ööhääl	ööhäältele	PlAll
ööhääl	ööhäältelt	PlAbl
ööhääl	ööhäältena	PlEs
ööhääl	ööhäälteni	PlTer
ööhääl	ööhäältes	PlIn
ööhääl	ööhäältesse	PlIll
ööhääl	ööhäältest	PlEl
ööhääl	ööhäälteta	PlAb
ööinimene	ööinimene	SgN
ööinimene	ööinimese	SgG
ööinimene	ööinimesed	PlN
ööinimene	ööinimesega	SgKom
ööinimene	ööinimeseks	SgTr
ööinimene	ööinimesel	SgAd
ööinimene	ööinimesele	SgAll
ööinimene	ööinimeselt	SgAbl
ööinimene	ööinimesena	SgEs
ööinimene	ööinimeseni	SgTer
ööinimene	ööinimeses	SgIn
ööinimene	ööinimesesse	SgIll
ööinimene	ööinimesest	SgEl
ööinimene	ööinimeseta	SgAb
ööinimene	ööinimesi	PlP
ööinimene	ööinimesiks	PlTr
ööinimene	ööinimesil	PlAd
ööinimene	ööinimesile	PlAll
ööinimene	ööinimesilt	PlAbl
ööinimene	ööinimesis	PlIn
ööinimene	ööinimesisse	PlIll
ööinimene	ööinimesist	PlEl
ööinimene	ööinimesse	SgAdt
ööinimene	ööinimest	SgP
ööinimene	ööinimeste	PlG
ööinimene	ööinimestega	PlKom
ööinimene	ööinimesteks	PlTr
ööinimene	ööinimestel	PlAd
ööinimene	ööinimestele	PlAll
ööinimene	ööinimestelt	PlAbl
ööinimene	ööinimestena	PlEs
ööinimene	ööinimesteni	PlTer
ööinimene	ööinimestes	PlIn
ööinimene	ööinimestesse	PlIll
ööinimene	ööinimestest	PlEl
ööinimene	ööinimesteta	PlAb
ööistung	-	SgAdt
ööistung	ööistung	SgN
ööistung	ööistungeid	PlP
ööistung	ööistungeiks	PlTr
ööistung	ööistungeil	PlAd
ööistung	ööistungeile	PlAll
ööistung	ööistungeilt	PlAbl
ööistung	ööistungeis	PlIn
ööistung	ööistungeisse	PlIll
ööistung	ööistungeist	PlEl
ööistung	ööistungi	SgG
ööistung	ööistungid	PlN
ööistung	ööistungiga	SgKom
ööistung	ööistungiks	SgTr
ööistung	ööistungil	SgAd
ööistung	ööistungile	SgAll
ööistung	ööistungilt	SgAbl
ööistung	ööistungina	SgEs
ööistung	ööistungini	SgTer
ööistung	ööistungis	SgIn
ööistung	ööistungisse	SgIll
ööistung	ööistungist	SgEl
ööistung	ööistungit	SgP
ööistung	ööistungita	SgAb
ööistung	ööistungite	PlG
ööistung	ööistungitega	PlKom
ööistung	ööistungiteks	PlTr
ööistung	ööistungitel	PlAd
ööistung	ööistungitele	PlAll
ööistung	ööistungitelt	PlAbl
ööistung	ööistungitena	PlEs
ööistung	ööistungiteni	PlTer
ööistung	ööistungites	PlIn
ööistung	ööistungitesse	PlIll
ööistung	ööistungitest	PlEl
ööistung	ööistungiteta	PlAb
öök	öögeks	PlTr
öök	öögel	PlAd
öök	öögele	PlAll
öök	öögelt	PlAbl
öök	ööges	PlIn
öök	öögesse	PlIll
öök	öögest	PlEl
öök	öögi	SgG
öök	öögid	PlN
öök	öögiga	SgKom
öök	öögiks	SgTr
öök	öögil	SgAd
öök	öögile	SgAll
öök	öögilt	SgAbl
öök	öögina	SgEs
öök	öögini	SgTer
öök	öögis	SgIn
öök	öögisse	SgIll
öök	öögist	SgEl
öök	öögita	SgAb
öök	öök	SgN
öök	ööke	PlP
öök	ööki	SgAdt
öök	ööki	SgP
öök	öökide	PlG
öök	öökidega	PlKom
öök	öökideks	PlTr
öök	öökidel	PlAd
öök	öökidele	PlAll
öök	öökidelt	PlAbl
öök	öökidena	PlEs
öök	öökideni	PlTer
öök	öökides	PlIn
öök	öökidesse	PlIll
öök	öökidest	PlEl
öök	öökideta	PlAb
öök	öökisid	PlP
öök	öök	ID
öökannike	öökannike	SgN
öökannike	öökannikese	SgG
öökannike	öökannikesed	PlN
öökannike	öökannikesega	SgKom
öökannike	öökannikeseks	SgTr
öökannike	öökannikesel	SgAd
öökannike	öökannikesele	SgAll
öökannike	öökannikeselt	SgAbl
öökannike	öökannikesena	SgEs
öökannike	öökannikeseni	SgTer
öökannike	öökannikeses	SgIn
öökannike	öökannikesesse	SgIll
öökannike	öökannikesest	SgEl
öökannike	öökannikeseta	SgAb
öökannike	öökannikesi	PlP
öökannike	öökannikesiks	PlTr
öökannike	öökannikesil	PlAd
öökannike	öökannikesile	PlAll
öökannike	öökannikesilt	PlAbl
öökannike	öökannikesis	PlIn
öökannike	öökannikesisse	PlIll
öökannike	öökannikesist	PlEl
öökannike	öökannikesse	SgAdt
öökannike	öökannikest	SgP
öökannike	öökannikeste	PlG
öökannike	öökannikestega	PlKom
öökannike	öökannikesteks	PlTr
öökannike	öökannikestel	PlAd
öökannike	öökannikestele	PlAll
öökannike	öökannikestelt	PlAbl
öökannike	öökannikestena	PlEs
öökannike	öökannikesteni	PlTer
öökannike	öökannikestes	PlIn
öökannike	öökannikestesse	PlIll
öökannike	öökannikestest	PlEl
öökannike	öökannikesteta	PlAb
öökapiraamat	-	SgAdt
öökapiraamat	öökapiraamat	SgN
öökapiraamat	öökapiraamatu	SgG
öökapiraamat	öökapiraamatud	PlN
öökapiraamat	öökapiraamatuga	SgKom
öökapiraamat	öökapiraamatuid	PlP
öökapiraamat	öökapiraamatuiks	PlTr
öökapiraamat	öökapiraamatuil	PlAd
öökapiraamat	öökapiraamatuile	PlAll
öökapiraamat	öökapiraamatuilt	PlAbl
öökapiraamat	öökapiraamatuis	PlIn
öökapiraamat	öökapiraamatuisse	PlIll
öökapiraamat	öökapiraamatuist	PlEl
öökapiraamat	öökapiraamatuks	SgTr
öökapiraamat	öökapiraamatul	SgAd
öökapiraamat	öökapiraamatule	SgAll
öökapiraamat	öökapiraamatult	SgAbl
öökapiraamat	öökapiraamatuna	SgEs
öökapiraamat	öökapiraamatuni	SgTer
öökapiraamat	öökapiraamatus	SgIn
öökapiraamat	öökapiraamatusse	SgIll
öökapiraamat	öökapiraamatust	SgEl
öökapiraamat	öökapiraamatut	SgP
öökapiraamat	öökapiraamatuta	SgAb
öökapiraamat	öökapiraamatute	PlG
öökapiraamat	öökapiraamatutega	PlKom
öökapiraamat	öökapiraamatuteks	PlTr
öökapiraamat	öökapiraamatutel	PlAd
öökapiraamat	öökapiraamatutele	PlAll
öökapiraamat	öökapiraamatutelt	PlAbl
öökapiraamat	öökapiraamatutena	PlEs
öökapiraamat	öökapiraamatuteni	PlTer
öökapiraamat	öökapiraamatutes	PlIn
öökapiraamat	öökapiraamatutesse	PlIll
öökapiraamat	öökapiraamatutest	PlEl
öökapiraamat	öökapiraamatuteta	PlAb
öökapp	öökapeks	PlTr
öökapp	öökapel	PlAd
öökapp	öökapele	PlAll
öökapp	öökapelt	PlAbl
öökapp	öökapes	PlIn
öökapp	öökapesse	PlIll
öökapp	öökapest	PlEl
öökapp	öökapi	SgG
öökapp	öökapid	PlN
öökapp	öökapiga	SgKom
öökapp	öökapiks	SgTr
öökapp	öökapil	SgAd
öökapp	öökapile	SgAll
öökapp	öökapilt	SgAbl
öökapp	öökapina	SgEs
öökapp	öökapini	SgTer
öökapp	öökapis	SgIn
öökapp	öökapisse	SgIll
öökapp	öökapist	SgEl
öökapp	öökapita	SgAb
öökapp	öökapp	SgN
öökapp	öökappe	PlP
öökapp	öökappi	SgAdt
öökapp	öökappi	SgP
öökapp	öökappide	PlG
öökapp	öökappidega	PlKom
öökapp	öökappideks	PlTr
öökapp	öökappidel	PlAd
öökapp	öökappidele	PlAll
öökapp	öökappidelt	PlAbl
öökapp	öökappidena	PlEs
öökapp	öökappideni	PlTer
öökapp	öökappides	PlIn
öökapp	öökappidesse	PlIll
öökapp	öökappidest	PlEl
öökapp	öökappideta	PlAb
öökapp	öökappisid	PlP
öökima	öögi	ImpPrSg2
öökima	öögi	IndPrPs_
öökima	öögib	IndPrSg3
öökima	öögid	IndPrSg2
öökima	öögiks	KndPrPs
öökima	öögiksid	KndPrPl3
öökima	öögiksid	KndPrSg2
öökima	öögiksime	KndPrPl1
öökima	öögiksin	KndPrSg1
öökima	öögiksite	KndPrPl2
öökima	öögime	IndPrPl1
öökima	öögin	IndPrSg1
öökima	öögita	IndPrIps_
öökima	öögitagu	ImpPrIps
öökima	öögitaks	KndPrIps
öökima	öögitakse	IndPrIps
öökima	öögitama	SupIps
öökima	öögitav	PtsPrIps
öökima	öögitavat	KvtPrIps
öökima	öögite	IndPrPl2
öökima	öögiti	IndIpfIps
öökima	öögitud	PtsPtIps
öökima	öögitud	PtsPtIpsNeg
öökima	öögituks	KndPtIps
öökima	öögituvat	KvtPtIps
öökima	öögivad	IndPrPl3
öökima	öökida	Inf
öökima	öökides	Ger
öökima	öökige	ImpPrPl2
öökima	öökigem	ImpPrPl1
öökima	öökigu	ImpPrPs
öökima	öökima	Sup
öökima	öökimaks	SupTr
öökima	öökimas	SupIn
öökima	öökimast	SupEl
öökima	öökimata	SupAb
öökima	öökinud	PtsPtPs
öökima	öökinud	PtsPtPsNeg
öökima	öökinuks	KndPtPs
öökima	öökinuksid	KndPtPl3
öökima	öökinuksid	KndPtSg2
öökima	öökinuksime	KndPtPl1
öökima	öökinuksin	KndPtSg1
öökima	öökinuksite	KndPtPl2
öökima	öökinuvat	KvtPtPs
öökima	öökis	IndIpfSg3
öökima	öökisid	IndIpfPl3
öökima	öökisid	IndIpfSg2
öökima	öökisime	IndIpfPl1
öökima	öökisin	IndIpfSg1
öökima	öökisite	IndIpfPl2
öökima	öökiv	PtsPrPs
öökima	öökivat	KvtPrPs
öökino	öökinno	SgAdt
öökino	öökino	SgG
öökino	öökino	SgN
öökino	öökino	SgP
öökino	öökinod	PlN
öökino	öökinode	PlG
öökino	öökinodega	PlKom
öökino	öökinodeks	PlTr
öökino	öökinodel	PlAd
öökino	öökinodele	PlAll
öökino	öökinodelt	PlAbl
öökino	öökinodena	PlEs
öökino	öökinodeni	PlTer
öökino	öökinodes	PlIn
öökino	öökinodesse	PlIll
öökino	öökinodest	PlEl
öökino	öökinodeta	PlAb
öökino	öökinoga	SgKom
öökino	öökinoks	SgTr
öökino	öökinol	SgAd
öökino	öökinole	SgAll
öökino	öökinolt	SgAbl
öökino	öökinona	SgEs
öökino	öökinoni	SgTer
öökino	öökinos	SgIn
öökino	öökinosid	PlP
öökino	öökinosse	SgIll
öökino	öökinost	SgEl
öökino	öökinota	SgAb
ööklubi	ööklubi	SgG
ööklubi	ööklubi	SgN
ööklubi	ööklubi	SgP
ööklubi	ööklubid	PlN
ööklubi	ööklubide	PlG
ööklubi	ööklubidega	PlKom
ööklubi	ööklubideks	PlTr
ööklubi	ööklubidel	PlAd
ööklubi	ööklubidele	PlAll
ööklubi	ööklubidelt	PlAbl
ööklubi	ööklubidena	PlEs
ööklubi	ööklubideni	PlTer
ööklubi	ööklubides	PlIn
ööklubi	ööklubidesse	PlIll
ööklubi	ööklubidest	PlEl
ööklubi	ööklubideta	PlAb
ööklubi	ööklubiga	SgKom
ööklubi	ööklubiks	SgTr
ööklubi	ööklubil	SgAd
ööklubi	ööklubile	SgAll
ööklubi	ööklubilt	SgAbl
ööklubi	ööklubina	SgEs
ööklubi	ööklubini	SgTer
ööklubi	ööklubis	SgIn
ööklubi	ööklubisid	PlP
ööklubi	ööklubisse	SgIll
ööklubi	ööklubist	SgEl
ööklubi	ööklubita	SgAb
ööklubi	öökluppi	SgAdt
öökorter	-	SgAdt
öökorter	öökorter	SgN
öökorter	öökortereid	PlP
öökorter	öökortereiks	PlTr
öökorter	öökortereil	PlAd
öökorter	öökortereile	PlAll
öökorter	öökortereilt	PlAbl
öökorter	öökortereis	PlIn
öökorter	öökortereisse	PlIll
öökorter	öökortereist	PlEl
öökorter	öökorteri	SgG
öökorter	öökorterid	PlN
öökorter	öökorteriga	SgKom
öökorter	öökorteriks	SgTr
öökorter	öökorteril	SgAd
öökorter	öökorterile	SgAll
öökorter	öökorterilt	SgAbl
öökorter	öökorterina	SgEs
öökorter	öökorterini	SgTer
öökorter	öökorteris	SgIn
öökorter	öökorterisse	SgIll
öökorter	öökorterist	SgEl
öökorter	öökorterit	SgP
öökorter	öökorterita	SgAb
öökorter	öökorterite	PlG
öökorter	öökorteritega	PlKom
öökorter	öökorteriteks	PlTr
öökorter	öökorteritel	PlAd
öökorter	öökorteritele	PlAll
öökorter	öökorteritelt	PlAbl
öökorter	öökorteritena	PlEs
öökorter	öökorteriteni	PlTer
öökorter	öökorterites	PlIn
öökorter	öökorteritesse	PlIll
öökorter	öökorteritest	PlEl
öökorter	öökorteriteta	PlAb
öökreem	öökreem	SgN
öökreem	öökreeme	PlP
öökreem	öökreemeks	PlTr
öökreem	öökreemel	PlAd
öökreem	öökreemele	PlAll
öökreem	öökreemelt	PlAbl
öökreem	öökreemes	PlIn
öökreem	öökreemesse	PlIll
öökreem	öökreemest	PlEl
öökreem	öökreemi	SgAdt
öökreem	öökreemi	SgG
öökreem	öökreemi	SgP
öökreem	öökreemid	PlN
öökreem	öökreemide	PlG
öökreem	öökreemidega	PlKom
öökreem	öökreemideks	PlTr
öökreem	öökreemidel	PlAd
öökreem	öökreemidele	PlAll
öökreem	öökreemidelt	PlAbl
öökreem	öökreemidena	PlEs
öökreem	öökreemideni	PlTer
öökreem	öökreemides	PlIn
öökreem	öökreemidesse	PlIll
öökreem	öökreemidest	PlEl
öökreem	öökreemideta	PlAb
öökreem	öökreemiga	SgKom
öökreem	öökreemiks	SgTr
öökreem	öökreemil	SgAd
öökreem	öökreemile	SgAll
öökreem	öökreemilt	SgAbl
öökreem	öökreemina	SgEs
öökreem	öökreemini	SgTer
öökreem	öökreemis	SgIn
öökreem	öökreemisid	PlP
öökreem	öökreemisse	SgIll
öökreem	öökreemist	SgEl
öökreem	öökreemita	SgAb
öökull	öökull	SgN
öökull	öökulle	PlP
öökull	öökulleks	PlTr
öökull	öökullel	PlAd
öökull	öökullele	PlAll
öökull	öökullelt	PlAbl
öökull	öökulles	PlIn
öökull	öökullesse	PlIll
öökull	öökullest	PlEl
öökull	öökulli	SgAdt
öökull	öökulli	SgG
öökull	öökulli	SgP
öökull	öökullid	PlN
öökull	öökullide	PlG
öökull	öökullidega	PlKom
öökull	öökullideks	PlTr
öökull	öökullidel	PlAd
öökull	öökullidele	PlAll
öökull	öökullidelt	PlAbl
öökull	öökullidena	PlEs
öökull	öökullideni	PlTer
öökull	öökullides	PlIn
öökull	öökullidesse	PlIll
öökull	öökullidest	PlEl
öökull	öökullideta	PlAb
öökull	öökulliga	SgKom
öökull	öökulliks	SgTr
öökull	öökullil	SgAd
öökull	öökullile	SgAll
öökull	öökullilt	SgAbl
öökull	öökullina	SgEs
öökull	öökullini	SgTer
öökull	öökullis	SgIn
öökull	öökullisid	PlP
öökull	öökullisse	SgIll
öökull	öökullist	SgEl
öökull	öökullita	SgAb
öökullisilm	öökullisilm	SgN
öökullisilm	öökullisilma	SgAdt
öökullisilm	öökullisilma	SgG
öökullisilm	öökullisilma	SgP
öökullisilm	öökullisilmad	PlN
öökullisilm	öökullisilmade	PlG
öökullisilm	öökullisilmadega	PlKom
öökullisilm	öökullisilmadeks	PlTr
öökullisilm	öökullisilmadel	PlAd
öökullisilm	öökullisilmadele	PlAll
öökullisilm	öökullisilmadelt	PlAbl
öökullisilm	öökullisilmadena	PlEs
öökullisilm	öökullisilmadeni	PlTer
öökullisilm	öökullisilmades	PlIn
öökullisilm	öökullisilmadesse	PlIll
öökullisilm	öökullisilmadest	PlEl
öökullisilm	öökullisilmadeta	PlAb
öökullisilm	öökullisilmaga	SgKom
öökullisilm	öökullisilmaks	SgTr
öökullisilm	öökullisilmal	SgAd
öökullisilm	öökullisilmale	SgAll
öökullisilm	öökullisilmalt	SgAbl
öökullisilm	öökullisilmana	SgEs
öökullisilm	öökullisilmani	SgTer
öökullisilm	öökullisilmas	SgIn
öökullisilm	öökullisilmasid	PlP
öökullisilm	öökullisilmasse	SgIll
öökullisilm	öökullisilmast	SgEl
öökullisilm	öökullisilmata	SgAb
öökullisilm	öökullisilmi	PlP
öökullisilm	öökullisilmiks	PlTr
öökullisilm	öökullisilmil	PlAd
öökullisilm	öökullisilmile	PlAll
öökullisilm	öökullisilmilt	PlAbl
öökullisilm	öökullisilmis	PlIn
öökullisilm	öökullisilmisse	PlIll
öökullisilm	öökullisilmist	PlEl
öökuninganna	-	SgAdt
öökuninganna	öökuninganna	SgG
öökuninganna	öökuninganna	SgN
öökuninganna	öökuningannad	PlN
öökuninganna	öökuningannade	PlG
öökuninganna	öökuningannadega	PlKom
öökuninganna	öökuningannadeks	PlTr
öökuninganna	öökuningannadel	PlAd
öökuninganna	öökuningannadele	PlAll
öökuninganna	öökuningannadelt	PlAbl
öökuninganna	öökuningannadena	PlEs
öökuninganna	öökuningannadeni	PlTer
öökuninganna	öökuningannades	PlIn
öökuninganna	öökuningannadesse	PlIll
öökuninganna	öökuningannadest	PlEl
öökuninganna	öökuningannadeta	PlAb
öökuninganna	öökuningannaga	SgKom
öökuninganna	öökuningannaks	SgTr
öökuninganna	öökuningannal	SgAd
öökuninganna	öökuningannale	SgAll
öökuninganna	öökuningannalt	SgAbl
öökuninganna	öökuningannana	SgEs
öökuninganna	öökuningannani	SgTer
öökuninganna	öökuningannas	SgIn
öökuninganna	öökuningannasid	PlP
öökuninganna	öökuningannasse	SgIll
öökuninganna	öökuningannast	SgEl
öökuninganna	öökuningannat	SgP
öökuninganna	öökuningannata	SgAb
öökülm	öökülm	SgN
öökülm	öökülma	SgAdt
öökülm	öökülma	SgG
öökülm	öökülma	SgP
öökülm	öökülmad	PlN
öökülm	öökülmade	PlG
öökülm	öökülmadega	PlKom
öökülm	öökülmadeks	PlTr
öökülm	öökülmadel	PlAd
öökülm	öökülmadele	PlAll
öökülm	öökülmadelt	PlAbl
öökülm	öökülmadena	PlEs
öökülm	öökülmadeni	PlTer
öökülm	öökülmades	PlIn
öökülm	öökülmadesse	PlIll
öökülm	öökülmadest	PlEl
öökülm	öökülmadeta	PlAb
öökülm	öökülmaga	SgKom
öökülm	öökülmaks	SgTr
öökülm	öökülmal	SgAd
öökülm	öökülmale	SgAll
öökülm	öökülmalt	SgAbl
öökülm	öökülmana	SgEs
öökülm	öökülmani	SgTer
öökülm	öökülmas	SgIn
öökülm	öökülmasid	PlP
öökülm	öökülmasse	SgIll
öökülm	öökülmast	SgEl
öökülm	öökülmata	SgAb
öökülm	öökülmi	PlP
öökülm	öökülmiks	PlTr
öökülm	öökülmil	PlAd
öökülm	öökülmile	PlAll
öökülm	öökülmilt	PlAbl
öökülm	öökülmis	PlIn
öökülm	öökülmisse	PlIll
öökülm	öökülmist	PlEl
öölamp	öölambeks	PlTr
öölamp	öölambel	PlAd
öölamp	öölambele	PlAll
öölamp	öölambelt	PlAbl
öölamp	öölambes	PlIn
öölamp	öölambesse	PlIll
öölamp	öölambest	PlEl
öölamp	öölambi	SgG
öölamp	öölambid	PlN
öölamp	öölambiga	SgKom
öölamp	öölambiks	SgTr
öölamp	öölambil	SgAd
öölamp	öölambile	SgAll
öölamp	öölambilt	SgAbl
öölamp	öölambina	SgEs
öölamp	öölambini	SgTer
öölamp	öölambis	SgIn
öölamp	öölambisse	SgIll
öölamp	öölambist	SgEl
öölamp	öölambita	SgAb
öölamp	öölamp	SgN
öölamp	öölampe	PlP
öölamp	öölampi	SgAdt
öölamp	öölampi	SgP
öölamp	öölampide	PlG
öölamp	öölampidega	PlKom
öölamp	öölampideks	PlTr
öölamp	öölampidel	PlAd
öölamp	öölampidele	PlAll
öölamp	öölampidelt	PlAbl
öölamp	öölampidena	PlEs
öölamp	öölampideni	PlTer
öölamp	öölampides	PlIn
öölamp	öölampidesse	PlIll
öölamp	öölampidest	PlEl
öölamp	öölampideta	PlAb
öölamp	öölampisid	PlP
öölased	-	SgAdt
öölased	öölane	SgN
öölased	öölase	SgG
öölased	öölased	PlN
öölased	öölasega	SgKom
öölased	öölaseid	PlP
öölased	öölaseiks	PlTr
öölased	öölaseil	PlAd
öölased	öölaseile	PlAll
öölased	öölaseilt	PlAbl
öölased	öölaseis	PlIn
öölased	öölaseisse	PlIll
öölased	öölaseist	PlEl
öölased	öölaseks	SgTr
öölased	öölasel	SgAd
öölased	öölasele	SgAll
öölased	öölaselt	SgAbl
öölased	öölasena	SgEs
öölased	öölaseni	SgTer
öölased	öölases	SgIn
öölased	öölasesse	SgIll
öölased	öölasest	SgEl
öölased	öölaseta	SgAb
öölased	öölasi	PlP
öölased	öölasiks	PlTr
öölased	öölasil	PlAd
öölased	öölasile	PlAll
öölased	öölasilt	PlAbl
öölased	öölasis	PlIn
öölased	öölasisse	PlIll
öölased	öölasist	PlEl
öölased	öölasse	SgAdt
öölased	öölast	SgP
öölased	öölaste	PlG
öölased	öölastega	PlKom
öölased	öölasteks	PlTr
öölased	öölastel	PlAd
öölased	öölastele	PlAll
öölased	öölastelt	PlAbl
öölased	öölastena	PlEs
öölased	öölasteni	PlTer
öölased	öölastes	PlIn
öölased	öölastesse	PlIll
öölased	öölastest	PlEl
öölased	öölasteta	PlAb
öölaud	öölaua	SgG
öölaud	öölauad	PlN
öölaud	öölauaga	SgKom
öölaud	öölauaks	SgTr
öölaud	öölaual	SgAd
öölaud	öölauale	SgAll
öölaud	öölaualt	SgAbl
öölaud	öölauana	SgEs
öölaud	öölauani	SgTer
öölaud	öölauas	SgIn
öölaud	öölauasse	SgIll
öölaud	öölauast	SgEl
öölaud	öölauata	SgAb
öölaud	öölaud	SgN
öölaud	öölauda	SgAdt
öölaud	öölauda	SgP
öölaud	öölaudade	PlG
öölaud	öölaudadega	PlKom
öölaud	öölaudadeks	PlTr
öölaud	öölaudadel	PlAd
öölaud	öölaudadele	PlAll
öölaud	öölaudadelt	PlAbl
öölaud	öölaudadena	PlEs
öölaud	öölaudadeni	PlTer
öölaud	öölaudades	PlIn
öölaud	öölaudadesse	PlIll
öölaud	öölaudadest	PlEl
öölaud	öölaudadeta	PlAb
öölaud	öölaudasid	PlP
öölaud	öölaudu	PlP
öölaulupidu	öölaulupeo	SgG
öölaulupidu	öölaulupeod	PlN
öölaulupidu	öölaulupeoga	SgKom
öölaulupidu	öölaulupeoks	SgTr
öölaulupidu	öölaulupeol	SgAd
öölaulupidu	öölaulupeole	SgAll
öölaulupidu	öölaulupeolt	SgAbl
öölaulupidu	öölaulupeona	SgEs
öölaulupidu	öölaulupeoni	SgTer
öölaulupidu	öölaulupeos	SgIn
öölaulupidu	öölaulupeosse	SgIll
öölaulupidu	öölaulupeost	SgEl
öölaulupidu	öölaulupeota	SgAb
öölaulupidu	öölaulupidu	SgG
öölaulupidu	öölaulupidu	SgN
öölaulupidu	öölaulupidu	SgP
öölaulupidu	öölaulupidud	PlN
öölaulupidu	öölaulupidude	PlG
öölaulupidu	öölaulupidudega	PlKom
öölaulupidu	öölaulupidudeks	PlTr
öölaulupidu	öölaulupidudel	PlAd
öölaulupidu	öölaulupidudele	PlAll
öölaulupidu	öölaulupidudelt	PlAbl
öölaulupidu	öölaulupidudena	PlEs
öölaulupidu	öölaulupidudeni	PlTer
öölaulupidu	öölaulupidudes	PlIn
öölaulupidu	öölaulupidudesse	PlIll
öölaulupidu	öölaulupidudest	PlEl
öölaulupidu	öölaulupidudeta	PlAb
öölaulupidu	öölaulupiduga	SgKom
öölaulupidu	öölaulupiduks	SgTr
öölaulupidu	öölaulupidul	SgAd
öölaulupidu	öölaulupidule	SgAll
öölaulupidu	öölaulupidult	SgAbl
öölaulupidu	öölaulupiduna	SgEs
öölaulupidu	öölaulupiduni	SgTer
öölaulupidu	öölaulupidus	SgIn
öölaulupidu	öölaulupidusid	PlP
öölaulupidu	öölaulupidusse	SgIll
öölaulupidu	öölaulupidust	SgEl
öölaulupidu	öölaulupiduta	SgAb
öölaulupidu	öölaulupittu	SgAdt
öölevkoi	-	SgAdt
öölevkoi	öölevkoi	SgG
öölevkoi	öölevkoi	SgN
öölevkoi	öölevkoid	PlN
öölevkoi	öölevkoid	SgP
öölevkoi	öölevkoide	PlG
öölevkoi	öölevkoidega	PlKom
öölevkoi	öölevkoideks	PlTr
öölevkoi	öölevkoidel	PlAd
öölevkoi	öölevkoidele	PlAll
öölevkoi	öölevkoidelt	PlAbl
öölevkoi	öölevkoidena	PlEs
öölevkoi	öölevkoideni	PlTer
öölevkoi	öölevkoides	PlIn
öölevkoi	öölevkoidesse	PlIll
öölevkoi	öölevkoidest	PlEl
öölevkoi	öölevkoideta	PlAb
öölevkoi	öölevkoiga	SgKom
öölevkoi	öölevkoiks	SgTr
öölevkoi	öölevkoil	SgAd
öölevkoi	öölevkoile	SgAll
öölevkoi	öölevkoilt	SgAbl
öölevkoi	öölevkoina	SgEs
öölevkoi	öölevkoini	SgTer
öölevkoi	öölevkois	SgIn
öölevkoi	öölevkoisid	PlP
öölevkoi	öölevkoisse	SgIll
öölevkoi	öölevkoist	SgEl
öölevkoi	öölevkoita	SgAb
ööliblikas	-	SgAdt
ööliblikas	ööliblika	SgG
ööliblikas	ööliblikad	PlN
ööliblikas	ööliblikaga	SgKom
ööliblikas	ööliblikaid	PlP
ööliblikas	ööliblikaiks	PlTr
ööliblikas	ööliblikail	PlAd
ööliblikas	ööliblikaile	PlAll
ööliblikas	ööliblikailt	PlAbl
ööliblikas	ööliblikais	PlIn
ööliblikas	ööliblikaisse	PlIll
ööliblikas	ööliblikaist	PlEl
ööliblikas	ööliblikaks	SgTr
ööliblikas	ööliblikal	SgAd
ööliblikas	ööliblikale	SgAll
ööliblikas	ööliblikalt	SgAbl
ööliblikas	ööliblikana	SgEs
ööliblikas	ööliblikani	SgTer
ööliblikas	ööliblikas	SgIn
ööliblikas	ööliblikas	SgN
ööliblikas	ööliblikasse	SgIll
ööliblikas	ööliblikast	SgEl
ööliblikas	ööliblikat	SgP
ööliblikas	ööliblikata	SgAb
ööliblikas	ööliblikate	PlG
ööliblikas	ööliblikatega	PlKom
ööliblikas	ööliblikateks	PlTr
ööliblikas	ööliblikatel	PlAd
ööliblikas	ööliblikatele	PlAll
ööliblikas	ööliblikatelt	PlAbl
ööliblikas	ööliblikatena	PlEs
ööliblikas	ööliblikateni	PlTer
ööliblikas	ööliblikates	PlIn
ööliblikas	ööliblikatesse	PlIll
ööliblikas	ööliblikatest	PlEl
ööliblikas	ööliblikateta	PlAb
öölill	öölill	SgN
öölill	öölille	SgAdt
öölill	öölille	SgG
öölill	öölille	SgP
öölill	öölilled	PlN
öölill	öölillede	PlG
öölill	öölilledega	PlKom
öölill	öölilledeks	PlTr
öölill	öölilledel	PlAd
öölill	öölilledele	PlAll
öölill	öölilledelt	PlAbl
öölill	öölilledena	PlEs
öölill	öölilledeni	PlTer
öölill	öölilledes	PlIn
öölill	öölilledesse	PlIll
öölill	öölilledest	PlEl
öölill	öölilledeta	PlAb
öölill	öölillega	SgKom
öölill	öölilleks	SgTr
öölill	öölillel	SgAd
öölill	öölillele	SgAll
öölill	öölillelt	SgAbl
öölill	öölillena	SgEs
öölill	öölilleni	SgTer
öölill	öölilles	SgIn
öölill	öölillesid	PlP
öölill	öölillesse	SgIll
öölill	öölillest	SgEl
öölill	öölilleta	SgAb
öölill	öölilli	PlP
öölill	öölilliks	PlTr
öölill	öölillil	PlAd
öölill	öölillile	PlAll
öölill	öölillilt	PlAbl
öölill	öölillis	PlIn
öölill	öölillisse	PlIll
öölill	öölillist	PlEl
öölind	öölind	SgN
öölind	öölinde	PlP
öölind	öölindu	SgAdt
öölind	öölindu	SgP
öölind	öölindude	PlG
öölind	öölindudega	PlKom
öölind	öölindudeks	PlTr
öölind	öölindudel	PlAd
öölind	öölindudele	PlAll
öölind	öölindudelt	PlAbl
öölind	öölindudena	PlEs
öölind	öölindudeni	PlTer
öölind	öölindudes	PlIn
öölind	öölindudesse	PlIll
öölind	öölindudest	PlEl
öölind	öölindudeta	PlAb
öölind	öölindusid	PlP
öölind	öölinneks	PlTr
öölind	öölinnel	PlAd
öölind	öölinnele	PlAll
öölind	öölinnelt	PlAbl
öölind	öölinnes	PlIn
öölind	öölinnesse	PlIll
öölind	öölinnest	PlEl
öölind	öölinnu	SgG
öölind	öölinnud	PlN
öölind	öölinnuga	SgKom
öölind	öölinnuks	SgTr
öölind	öölinnul	SgAd
öölind	öölinnule	SgAll
öölind	öölinnult	SgAbl
öölind	öölinnuna	SgEs
öölind	öölinnuni	SgTer
öölind	öölinnus	SgIn
öölind	öölinnusse	SgIll
öölind	öölinnust	SgEl
öölind	öölinnuta	SgAb
öölokaal	öölokaal	SgN
öölokaal	öölokaale	PlP
öölokaal	öölokaaleks	PlTr
öölokaal	öölokaalel	PlAd
öölokaal	öölokaalele	PlAll
öölokaal	öölokaalelt	PlAbl
öölokaal	öölokaales	PlIn
öölokaal	öölokaalesse	PlIll
öölokaal	öölokaalest	PlEl
öölokaal	öölokaali	SgAdt
öölokaal	öölokaali	SgG
öölokaal	öölokaali	SgP
öölokaal	öölokaalid	PlN
öölokaal	öölokaalide	PlG
öölokaal	öölokaalidega	PlKom
öölokaal	öölokaalideks	PlTr
öölokaal	öölokaalidel	PlAd
öölokaal	öölokaalidele	PlAll
öölokaal	öölokaalidelt	PlAbl
öölokaal	öölokaalidena	PlEs
öölokaal	öölokaalideni	PlTer
öölokaal	öölokaalides	PlIn
öölokaal	öölokaalidesse	PlIll
öölokaal	öölokaalidest	PlEl
öölokaal	öölokaalideta	PlAb
öölokaal	öölokaaliga	SgKom
öölokaal	öölokaaliks	SgTr
öölokaal	öölokaalil	SgAd
öölokaal	öölokaalile	SgAll
öölokaal	öölokaalilt	SgAbl
öölokaal	öölokaalina	SgEs
öölokaal	öölokaalini	SgTer
öölokaal	öölokaalis	SgIn
öölokaal	öölokaalisid	PlP
öölokaal	öölokaalisse	SgIll
öölokaal	öölokaalist	SgEl
öölokaal	öölokaalita	SgAb
ööloom	ööloom	SgN
ööloom	öölooma	SgAdt
ööloom	öölooma	SgG
ööloom	öölooma	SgP
ööloom	ööloomad	PlN
ööloom	ööloomade	PlG
ööloom	ööloomadega	PlKom
ööloom	ööloomadeks	PlTr
ööloom	ööloomadel	PlAd
ööloom	ööloomadele	PlAll
ööloom	ööloomadelt	PlAbl
ööloom	ööloomadena	PlEs
ööloom	ööloomadeni	PlTer
ööloom	ööloomades	PlIn
ööloom	ööloomadesse	PlIll
ööloom	ööloomadest	PlEl
ööloom	ööloomadeta	PlAb
ööloom	ööloomaga	SgKom
ööloom	ööloomaks	SgTr
ööloom	ööloomal	SgAd
ööloom	ööloomale	SgAll
ööloom	ööloomalt	SgAbl
ööloom	ööloomana	SgEs
ööloom	ööloomani	SgTer
ööloom	ööloomas	SgIn
ööloom	ööloomasid	PlP
ööloom	ööloomasse	SgIll
ööloom	ööloomast	SgEl
ööloom	ööloomata	SgAb
ööloom	ööloomi	PlP
ööloom	ööloomiks	PlTr
ööloom	ööloomil	PlAd
ööloom	ööloomile	PlAll
ööloom	ööloomilt	PlAbl
ööloom	ööloomis	PlIn
ööloom	ööloomisse	PlIll
ööloom	ööloomist	PlEl
öömaja	öömaja	SgG
öömaja	öömaja	SgN
öömaja	öömaja	SgP
öömaja	öömajad	PlN
öömaja	öömajade	PlG
öömaja	öömajadega	PlKom
öömaja	öömajadeks	PlTr
öömaja	öömajadel	PlAd
öömaja	öömajadele	PlAll
öömaja	öömajadelt	PlAbl
öömaja	öömajadena	PlEs
öömaja	öömajadeni	PlTer
öömaja	öömajades	PlIn
öömaja	öömajadesse	PlIll
öömaja	öömajadest	PlEl
öömaja	öömajadeta	PlAb
öömaja	öömajaga	SgKom
öömaja	öömajaks	SgTr
öömaja	öömajal	SgAd
öömaja	öömajale	SgAll
öömaja	öömajalt	SgAbl
öömaja	öömajana	SgEs
öömaja	öömajani	SgTer
öömaja	öömajas	SgIn
öömaja	öömajasid	PlP
öömaja	öömajasse	SgIll
öömaja	öömajast	SgEl
öömaja	öömajata	SgAb
öömaja	öömajja	SgAdt
öömaja	öömaju	PlP
öömaja	öömajuks	PlTr
öömaja	öömajul	PlAd
öömaja	öömajule	PlAll
öömaja	öömajult	PlAbl
öömaja	öömajus	PlIn
öömaja	öömajusse	PlIll
öömaja	öömajust	PlEl
öömajaline	öömajaline	SgN
öömajaline	öömajalise	SgG
öömajaline	öömajalised	PlN
öömajaline	öömajalisega	SgKom
öömajaline	öömajaliseks	SgTr
öömajaline	öömajalisel	SgAd
öömajaline	öömajalisele	SgAll
öömajaline	öömajaliselt	SgAbl
öömajaline	öömajalisena	SgEs
öömajaline	öömajaliseni	SgTer
öömajaline	öömajalises	SgIn
öömajaline	öömajalisesse	SgIll
öömajaline	öömajalisest	SgEl
öömajaline	öömajaliseta	SgAb
öömajaline	öömajalisi	PlP
öömajaline	öömajalisiks	PlTr
öömajaline	öömajalisil	PlAd
öömajaline	öömajalisile	PlAll
öömajaline	öömajalisilt	PlAbl
öömajaline	öömajalisis	PlIn
öömajaline	öömajalisisse	PlIll
öömajaline	öömajalisist	PlEl
öömajaline	öömajalisse	SgAdt
öömajaline	öömajalist	SgP
öömajaline	öömajaliste	PlG
öömajaline	öömajalistega	PlKom
öömajaline	öömajalisteks	PlTr
öömajaline	öömajalistel	PlAd
öömajaline	öömajalistele	PlAll
öömajaline	öömajalistelt	PlAbl
öömajaline	öömajalistena	PlEs
öömajaline	öömajalisteni	PlTer
öömajaline	öömajalistes	PlIn
öömajaline	öömajalistesse	PlIll
öömajaline	öömajalistest	PlEl
öömajaline	öömajalisteta	PlAb
öömust	öömust	SgN
öömust	öömusta	SgAdt
öömust	öömusta	SgG
öömust	öömusta	SgP
öömust	öömustad	PlN
öömust	öömustade	PlG
öömust	öömustadega	PlKom
öömust	öömustadeks	PlTr
öömust	öömustadel	PlAd
öömust	öömustadele	PlAll
öömust	öömustadelt	PlAbl
öömust	öömustadena	PlEs
öömust	öömustadeni	PlTer
öömust	öömustades	PlIn
öömust	öömustadesse	PlIll
öömust	öömustadest	PlEl
öömust	öömustadeta	PlAb
öömust	öömustaga	SgKom
öömust	öömustaks	SgTr
öömust	öömustal	SgAd
öömust	öömustale	SgAll
öömust	öömustalt	SgAbl
öömust	öömustana	SgEs
öömust	öömustani	SgTer
öömust	öömustas	SgIn
öömust	öömustasid	PlP
öömust	öömustasse	SgIll
öömust	öömustast	SgEl
öömust	öömustata	SgAb
öömust	öömusti	PlP
öömust	öömustiks	PlTr
öömust	öömustil	PlAd
öömust	öömustile	PlAll
öömust	öömustilt	PlAbl
öömust	öömustis	PlIn
öömust	öömustisse	PlIll
öömust	öömustist	PlEl
öömüts	öömüts	SgN
öömüts	öömütse	PlP
öömüts	öömütseks	PlTr
öömüts	öömütsel	PlAd
öömüts	öömütsele	PlAll
öömüts	öömütselt	PlAbl
öömüts	öömütses	PlIn
öömüts	öömütsesse	PlIll
öömüts	öömütsest	PlEl
öömüts	öömütsi	SgAdt
öömüts	öömütsi	SgG
öömüts	öömütsi	SgP
öömüts	öömütsid	PlN
öömüts	öömütside	PlG
öömüts	öömütsidega	PlKom
öömüts	öömütsideks	PlTr
öömüts	öömütsidel	PlAd
öömüts	öömütsidele	PlAll
öömüts	öömütsidelt	PlAbl
öömüts	öömütsidena	PlEs
öömüts	öömütsideni	PlTer
öömüts	öömütsides	PlIn
öömüts	öömütsidesse	PlIll
öömüts	öömütsidest	PlEl
öömüts	öömütsideta	PlAb
öömüts	öömütsiga	SgKom
öömüts	öömütsiks	SgTr
öömüts	öömütsil	SgAd
öömüts	öömütsile	SgAll
öömüts	öömütsilt	SgAbl
öömüts	öömütsina	SgEs
öömüts	öömütsini	SgTer
öömüts	öömütsis	SgIn
öömüts	öömütsisid	PlP
öömüts	öömütsisse	SgIll
öömüts	öömütsist	SgEl
öömüts	öömütsita	SgAb
öönägemisprillid	öönägemisprill	SgN
öönägemisprillid	öönägemisprille	PlP
öönägemisprillid	öönägemisprilleks	PlTr
öönägemisprillid	öönägemisprillel	PlAd
öönägemisprillid	öönägemisprillele	PlAll
öönägemisprillid	öönägemisprillelt	PlAbl
öönägemisprillid	öönägemisprilles	PlIn
öönägemisprillid	öönägemisprillesse	PlIll
öönägemisprillid	öönägemisprillest	PlEl
öönägemisprillid	öönägemisprilli	SgAdt
öönägemisprillid	öönägemisprilli	SgG
öönägemisprillid	öönägemisprilli	SgP
öönägemisprillid	öönägemisprillid	PlN
öönägemisprillid	öönägemisprillide	PlG
öönägemisprillid	öönägemisprillidega	PlKom
öönägemisprillid	öönägemisprillideks	PlTr
öönägemisprillid	öönägemisprillidel	PlAd
öönägemisprillid	öönägemisprillidele	PlAll
öönägemisprillid	öönägemisprillidelt	PlAbl
öönägemisprillid	öönägemisprillidena	PlEs
öönägemisprillid	öönägemisprillideni	PlTer
öönägemisprillid	öönägemisprillides	PlIn
öönägemisprillid	öönägemisprillidesse	PlIll
öönägemisprillid	öönägemisprillidest	PlEl
öönägemisprillid	öönägemisprillideta	PlAb
öönägemisprillid	öönägemisprilliga	SgKom
öönägemisprillid	öönägemisprilliks	SgTr
öönägemisprillid	öönägemisprillil	SgAd
öönägemisprillid	öönägemisprillile	SgAll
öönägemisprillid	öönägemisprillilt	SgAbl
öönägemisprillid	öönägemisprillina	SgEs
öönägemisprillid	öönägemisprillini	SgTer
öönägemisprillid	öönägemisprillis	SgIn
öönägemisprillid	öönägemisprillisid	PlP
öönägemisprillid	öönägemisprillisse	SgIll
öönägemisprillid	öönägemisprillist	SgEl
öönägemisprillid	öönägemisprillita	SgAb
öönägemisseade	-	SgAdt
öönägemisseade	öönägemisseade	SgN
öönägemisseade	öönägemisseadet	SgP
öönägemisseade	öönägemisseadme	SgG
öönägemisseade	öönägemisseadmed	PlN
öönägemisseade	öönägemisseadmega	SgKom
öönägemisseade	öönägemisseadmeid	PlP
öönägemisseade	öönägemisseadmeiks	PlTr
öönägemisseade	öönägemisseadmeil	PlAd
öönägemisseade	öönägemisseadmeile	PlAll
öönägemisseade	öönägemisseadmeilt	PlAbl
öönägemisseade	öönägemisseadmeis	PlIn
öönägemisseade	öönägemisseadmeisse	PlIll
öönägemisseade	öönägemisseadmeist	PlEl
öönägemisseade	öönägemisseadmeks	SgTr
öönägemisseade	öönägemisseadmel	SgAd
öönägemisseade	öönägemisseadmele	SgAll
öönägemisseade	öönägemisseadmelt	SgAbl
öönägemisseade	öönägemisseadmena	SgEs
öönägemisseade	öönägemisseadmeni	SgTer
öönägemisseade	öönägemisseadmes	SgIn
öönägemisseade	öönägemisseadmesse	SgIll
öönägemisseade	öönägemisseadmest	SgEl
öönägemisseade	öönägemisseadmeta	SgAb
öönägemisseade	öönägemisseadmete	PlG
öönägemisseade	öönägemisseadmetega	PlKom
öönägemisseade	öönägemisseadmeteks	PlTr
öönägemisseade	öönägemisseadmetel	PlAd
öönägemisseade	öönägemisseadmetele	PlAll
öönägemisseade	öönägemisseadmetelt	PlAbl
öönägemisseade	öönägemisseadmetena	PlEs
öönägemisseade	öönägemisseadmeteni	PlTer
öönägemisseade	öönägemisseadmetes	PlIn
öönägemisseade	öönägemisseadmetesse	PlIll
öönägemisseade	öönägemisseadmetest	PlEl
öönägemisseade	öönägemisseadmeteta	PlAb
ööpesu	ööpessu	SgAdt
ööpesu	ööpesu	SgG
ööpesu	ööpesu	SgN
ööpesu	ööpesu	SgP
ööpesu	ööpesud	PlN
ööpesu	ööpesude	PlG
ööpesu	ööpesudega	PlKom
ööpesu	ööpesudeks	PlTr
ööpesu	ööpesudel	PlAd
ööpesu	ööpesudele	PlAll
ööpesu	ööpesudelt	PlAbl
ööpesu	ööpesudena	PlEs
ööpesu	ööpesudeni	PlTer
ööpesu	ööpesudes	PlIn
ööpesu	ööpesudesse	PlIll
ööpesu	ööpesudest	PlEl
ööpesu	ööpesudeta	PlAb
ööpesu	ööpesuga	SgKom
ööpesu	ööpesuks	SgTr
ööpesu	ööpesul	SgAd
ööpesu	ööpesule	SgAll
ööpesu	ööpesult	SgAbl
ööpesu	ööpesuna	SgEs
ööpesu	ööpesuni	SgTer
ööpesu	ööpesus	SgIn
ööpesu	ööpesusid	PlP
ööpesu	ööpesusse	SgIll
ööpesu	ööpesust	SgEl
ööpesu	ööpesuta	SgAb
ööpime	-	SgAdt
ööpime	ööpime	SgN
ööpime	ööpimeda	SgG
ööpime	ööpimedad	PlN
ööpime	ööpimedaga	SgKom
ööpime	ööpimedaid	PlP
ööpime	ööpimedaiks	PlTr
ööpime	ööpimedail	PlAd
ööpime	ööpimedaile	PlAll
ööpime	ööpimedailt	PlAbl
ööpime	ööpimedais	PlIn
ööpime	ööpimedaisse	PlIll
ööpime	ööpimedaist	PlEl
ööpime	ööpimedaks	SgTr
ööpime	ööpimedal	SgAd
ööpime	ööpimedale	SgAll
ööpime	ööpimedalt	SgAbl
ööpime	ööpimedana	SgEs
ööpime	ööpimedani	SgTer
ööpime	ööpimedas	SgIn
ööpime	ööpimedasse	SgIll
ööpime	ööpimedast	SgEl
ööpime	ööpimedat	SgP
ööpime	ööpimedata	SgAb
ööpime	ööpimedate	PlG
ööpime	ööpimedatega	PlKom
ööpime	ööpimedateks	PlTr
ööpime	ööpimedatel	PlAd
ööpime	ööpimedatele	PlAll
ööpime	ööpimedatelt	PlAbl
ööpime	ööpimedatena	PlEs
ööpime	ööpimedateni	PlTer
ööpime	ööpimedates	PlIn
ööpime	ööpimedatesse	PlIll
ööpime	ööpimedatest	PlEl
ööpime	ööpimedateta	PlAb
ööpool	ööpool	SgN
ööpool	ööpoolde	SgAdt
ööpool	ööpoole	SgG
ööpool	ööpooled	PlN
ööpool	ööpoolega	SgKom
ööpool	ööpooleks	SgTr
ööpool	ööpoolel	SgAd
ööpool	ööpoolele	SgAll
ööpool	ööpoolelt	SgAbl
ööpool	ööpoolena	SgEs
ööpool	ööpooleni	SgTer
ööpool	ööpooles	SgIn
ööpool	ööpoolesse	SgIll
ööpool	ööpoolest	SgEl
ööpool	ööpooleta	SgAb
ööpool	ööpooli	PlP
ööpool	ööpooliks	PlTr
ööpool	ööpoolil	PlAd
ööpool	ööpoolile	PlAll
ööpool	ööpoolilt	PlAbl
ööpool	ööpoolis	PlIn
ööpool	ööpoolisse	PlIll
ööpool	ööpoolist	PlEl
ööpool	ööpoolt	SgP
ööpool	ööpoolte	PlG
ööpool	ööpooltega	PlKom
ööpool	ööpoolteks	PlTr
ööpool	ööpooltel	PlAd
ööpool	ööpooltele	PlAll
ööpool	ööpooltelt	PlAbl
ööpool	ööpooltena	PlEs
ööpool	ööpoolteni	PlTer
ööpool	ööpooltes	PlIn
ööpool	ööpooltesse	PlIll
ööpool	ööpooltest	PlEl
ööpool	ööpoolteta	PlAb
ööpott	ööpoteks	PlTr
ööpott	ööpotel	PlAd
ööpott	ööpotele	PlAll
ööpott	ööpotelt	PlAbl
ööpott	ööpotes	PlIn
ööpott	ööpotesse	PlIll
ööpott	ööpotest	PlEl
ööpott	ööpoti	SgG
ööpott	ööpotid	PlN
ööpott	ööpotiga	SgKom
ööpott	ööpotiks	SgTr
ööpott	ööpotil	SgAd
ööpott	ööpotile	SgAll
ööpott	ööpotilt	SgAbl
ööpott	ööpotina	SgEs
ööpott	ööpotini	SgTer
ööpott	ööpotis	SgIn
ööpott	ööpotisse	SgIll
ööpott	ööpotist	SgEl
ööpott	ööpotita	SgAb
ööpott	ööpott	SgN
ööpott	ööpotte	PlP
ööpott	ööpotti	SgAdt
ööpott	ööpotti	SgP
ööpott	ööpottide	PlG
ööpott	ööpottidega	PlKom
ööpott	ööpottideks	PlTr
ööpott	ööpottidel	PlAd
ööpott	ööpottidele	PlAll
ööpott	ööpottidelt	PlAbl
ööpott	ööpottidena	PlEs
ööpott	ööpottideni	PlTer
ööpott	ööpottides	PlIn
ööpott	ööpottidesse	PlIll
ööpott	ööpottidest	PlEl
ööpott	ööpottideta	PlAb
ööpott	ööpottisid	PlP
ööpuhkus	-	SgAdt
ööpuhkus	ööpuhkus	SgN
ööpuhkus	ööpuhkuse	SgG
ööpuhkus	ööpuhkused	PlN
ööpuhkus	ööpuhkusega	SgKom
ööpuhkus	ööpuhkuseid	PlP
ööpuhkus	ööpuhkuseiks	PlTr
ööpuhkus	ööpuhkuseil	PlAd
ööpuhkus	ööpuhkuseile	PlAll
ööpuhkus	ööpuhkuseilt	PlAbl
ööpuhkus	ööpuhkuseis	PlIn
ööpuhkus	ööpuhkuseisse	PlIll
ööpuhkus	ööpuhkuseist	PlEl
ööpuhkus	ööpuhkuseks	SgTr
ööpuhkus	ööpuhkusel	SgAd
ööpuhkus	ööpuhkusele	SgAll
ööpuhkus	ööpuhkuselt	SgAbl
ööpuhkus	ööpuhkusena	SgEs
ööpuhkus	ööpuhkuseni	SgTer
ööpuhkus	ööpuhkuses	SgIn
ööpuhkus	ööpuhkusesse	SgIll
ööpuhkus	ööpuhkusest	SgEl
ööpuhkus	ööpuhkuseta	SgAb
ööpuhkus	ööpuhkusi	PlP
ööpuhkus	ööpuhkusiks	PlTr
ööpuhkus	ööpuhkusil	PlAd
ööpuhkus	ööpuhkusile	PlAll
ööpuhkus	ööpuhkusilt	PlAbl
ööpuhkus	ööpuhkusis	PlIn
ööpuhkus	ööpuhkusisse	PlIll
ööpuhkus	ööpuhkusist	PlEl
ööpuhkus	ööpuhkusse	SgAdt
ööpuhkus	ööpuhkust	SgP
ööpuhkus	ööpuhkuste	PlG
ööpuhkus	ööpuhkustega	PlKom
ööpuhkus	ööpuhkusteks	PlTr
ööpuhkus	ööpuhkustel	PlAd
ööpuhkus	ööpuhkustele	PlAll
ööpuhkus	ööpuhkustelt	PlAbl
ööpuhkus	ööpuhkustena	PlEs
ööpuhkus	ööpuhkusteni	PlTer
ööpuhkus	ööpuhkustes	PlIn
ööpuhkus	ööpuhkustesse	PlIll
ööpuhkus	ööpuhkustest	PlEl
ööpuhkus	ööpuhkusteta	PlAb
ööpäev	ööpäev	SgN
ööpäev	ööpäeva	SgAdt
ööpäev	ööpäeva	SgG
ööpäev	ööpäeva	SgP
ööpäev	ööpäevad	PlN
ööpäev	ööpäevade	PlG
ööpäev	ööpäevadega	PlKom
ööpäev	ööpäevadeks	PlTr
ööpäev	ööpäevadel	PlAd
ööpäev	ööpäevadele	PlAll
ööpäev	ööpäevadelt	PlAbl
ööpäev	ööpäevadena	PlEs
ööpäev	ööpäevadeni	PlTer
ööpäev	ööpäevades	PlIn
ööpäev	ööpäevadesse	PlIll
ööpäev	ööpäevadest	PlEl
ööpäev	ööpäevadeta	PlAb
ööpäev	ööpäevaga	SgKom
ööpäev	ööpäevaks	SgTr
ööpäev	ööpäeval	SgAd
ööpäev	ööpäevale	SgAll
ööpäev	ööpäevalt	SgAbl
ööpäev	ööpäevana	SgEs
ööpäev	ööpäevani	SgTer
ööpäev	ööpäevas	SgIn
ööpäev	ööpäevasid	PlP
ööpäev	ööpäevasse	SgIll
ööpäev	ööpäevast	SgEl
ööpäev	ööpäevata	SgAb
ööpäev	ööpäevi	PlP
ööpäev	ööpäeviks	PlTr
ööpäev	ööpäevil	PlAd
ööpäev	ööpäevile	PlAll
ööpäev	ööpäevilt	PlAbl
ööpäev	ööpäevis	PlIn
ööpäev	ööpäevisse	PlIll
ööpäev	ööpäevist	PlEl
ööpäevane	-	SgAdt
ööpäevane	ööpäevane	SgN
ööpäevane	ööpäevase	SgG
ööpäevane	ööpäevased	PlN
ööpäevane	ööpäevasega	SgKom
ööpäevane	ööpäevaseid	PlP
ööpäevane	ööpäevaseiks	PlTr
ööpäevane	ööpäevaseil	PlAd
ööpäevane	ööpäevaseile	PlAll
ööpäevane	ööpäevaseilt	PlAbl
ööpäevane	ööpäevaseis	PlIn
ööpäevane	ööpäevaseisse	PlIll
ööpäevane	ööpäevaseist	PlEl
ööpäevane	ööpäevaseks	SgTr
ööpäevane	ööpäevasel	SgAd
ööpäevane	ööpäevasele	SgAll
ööpäevane	ööpäevaselt	SgAbl
ööpäevane	ööpäevasena	SgEs
ööpäevane	ööpäevaseni	SgTer
ööpäevane	ööpäevases	SgIn
ööpäevane	ööpäevasesse	SgIll
ööpäevane	ööpäevasest	SgEl
ööpäevane	ööpäevaseta	SgAb
ööpäevane	ööpäevast	SgP
ööpäevane	ööpäevaste	PlG
ööpäevane	ööpäevastega	PlKom
ööpäevane	ööpäevasteks	PlTr
ööpäevane	ööpäevastel	PlAd
ööpäevane	ööpäevastele	PlAll
ööpäevane	ööpäevastelt	PlAbl
ööpäevane	ööpäevastena	PlEs
ööpäevane	ööpäevasteni	PlTer
ööpäevane	ööpäevastes	PlIn
ööpäevane	ööpäevastesse	PlIll
ööpäevane	ööpäevastest	PlEl
ööpäevane	ööpäevasteta	PlAb
ööpäevaringne	-	SgAdt
ööpäevaringne	ööpäevaringne	SgN
ööpäevaringne	ööpäevaringse	SgG
ööpäevaringne	ööpäevaringsed	PlN
ööpäevaringne	ööpäevaringsega	SgKom
ööpäevaringne	ööpäevaringseid	PlP
ööpäevaringne	ööpäevaringseiks	PlTr
ööpäevaringne	ööpäevaringseil	PlAd
ööpäevaringne	ööpäevaringseile	PlAll
ööpäevaringne	ööpäevaringseilt	PlAbl
ööpäevaringne	ööpäevaringseis	PlIn
ööpäevaringne	ööpäevaringseisse	PlIll
ööpäevaringne	ööpäevaringseist	PlEl
ööpäevaringne	ööpäevaringseks	SgTr
ööpäevaringne	ööpäevaringsel	SgAd
ööpäevaringne	ööpäevaringsele	SgAll
ööpäevaringne	ööpäevaringselt	SgAbl
ööpäevaringne	ööpäevaringsena	SgEs
ööpäevaringne	ööpäevaringseni	SgTer
ööpäevaringne	ööpäevaringses	SgIn
ööpäevaringne	ööpäevaringsesse	SgIll
ööpäevaringne	ööpäevaringsest	SgEl
ööpäevaringne	ööpäevaringset	SgP
ööpäevaringne	ööpäevaringseta	SgAb
ööpäevaringne	ööpäevaringsete	PlG
ööpäevaringne	ööpäevaringsetega	PlKom
ööpäevaringne	ööpäevaringseteks	PlTr
ööpäevaringne	ööpäevaringsetel	PlAd
ööpäevaringne	ööpäevaringsetele	PlAll
ööpäevaringne	ööpäevaringsetelt	PlAbl
ööpäevaringne	ööpäevaringsetena	PlEs
ööpäevaringne	ööpäevaringseteni	PlTer
ööpäevaringne	ööpäevaringsetes	PlIn
ööpäevaringne	ööpäevaringsetesse	PlIll
ööpäevaringne	ööpäevaringsetest	PlEl
ööpäevaringne	ööpäevaringseteta	PlAb
ööpäevarütm	ööpäevarütm	SgN
ööpäevarütm	ööpäevarütme	PlP
ööpäevarütm	ööpäevarütmeks	PlTr
ööpäevarütm	ööpäevarütmel	PlAd
ööpäevarütm	ööpäevarütmele	PlAll
ööpäevarütm	ööpäevarütmelt	PlAbl
ööpäevarütm	ööpäevarütmes	PlIn
ööpäevarütm	ööpäevarütmesse	PlIll
ööpäevarütm	ööpäevarütmest	PlEl
ööpäevarütm	ööpäevarütmi	SgAdt
ööpäevarütm	ööpäevarütmi	SgG
ööpäevarütm	ööpäevarütmi	SgP
ööpäevarütm	ööpäevarütmid	PlN
ööpäevarütm	ööpäevarütmide	PlG
ööpäevarütm	ööpäevarütmidega	PlKom
ööpäevarütm	ööpäevarütmideks	PlTr
ööpäevarütm	ööpäevarütmidel	PlAd
ööpäevarütm	ööpäevarütmidele	PlAll
ööpäevarütm	ööpäevarütmidelt	PlAbl
ööpäevarütm	ööpäevarütmidena	PlEs
ööpäevarütm	ööpäevarütmideni	PlTer
ööpäevarütm	ööpäevarütmides	PlIn
ööpäevarütm	ööpäevarütmidesse	PlIll
ööpäevarütm	ööpäevarütmidest	PlEl
ööpäevarütm	ööpäevarütmideta	PlAb
ööpäevarütm	ööpäevarütmiga	SgKom
ööpäevarütm	ööpäevarütmiks	SgTr
ööpäevarütm	ööpäevarütmil	SgAd
ööpäevarütm	ööpäevarütmile	SgAll
ööpäevarütm	ööpäevarütmilt	SgAbl
ööpäevarütm	ööpäevarütmina	SgEs
ööpäevarütm	ööpäevarütmini	SgTer
ööpäevarütm	ööpäevarütmis	SgIn
ööpäevarütm	ööpäevarütmisid	PlP
ööpäevarütm	ööpäevarütmisse	SgIll
ööpäevarütm	ööpäevarütmist	SgEl
ööpäevarütm	ööpäevarütmita	SgAb
ööpääsuke	ööpääsuke	SgN
ööpääsuke	ööpääsukese	SgG
ööpääsuke	ööpääsukesed	PlN
ööpääsuke	ööpääsukesega	SgKom
ööpääsuke	ööpääsukeseks	SgTr
ööpääsuke	ööpääsukesel	SgAd
ööpääsuke	ööpääsukesele	SgAll
ööpääsuke	ööpääsukeselt	SgAbl
ööpääsuke	ööpääsukesena	SgEs
ööpääsuke	ööpääsukeseni	SgTer
ööpääsuke	ööpääsukeses	SgIn
ööpääsuke	ööpääsukesesse	SgIll
ööpääsuke	ööpääsukesest	SgEl
ööpääsuke	ööpääsukeseta	SgAb
ööpääsuke	ööpääsukesi	PlP
ööpääsuke	ööpääsukesiks	PlTr
ööpääsuke	ööpääsukesil	PlAd
ööpääsuke	ööpääsukesile	PlAll
ööpääsuke	ööpääsukesilt	PlAbl
ööpääsuke	ööpääsukesis	PlIn
ööpääsuke	ööpääsukesisse	PlIll
ööpääsuke	ööpääsukesist	PlEl
ööpääsuke	ööpääsukesse	SgAdt
ööpääsuke	ööpääsukest	SgP
ööpääsuke	ööpääsukeste	PlG
ööpääsuke	ööpääsukestega	PlKom
ööpääsuke	ööpääsukesteks	PlTr
ööpääsuke	ööpääsukestel	PlAd
ööpääsuke	ööpääsukestele	PlAll
ööpääsuke	ööpääsukestelt	PlAbl
ööpääsuke	ööpääsukestena	PlEs
ööpääsuke	ööpääsukesteni	PlTer
ööpääsuke	ööpääsukestes	PlIn
ööpääsuke	ööpääsukestesse	PlIll
ööpääsuke	ööpääsukestest	PlEl
ööpääsuke	ööpääsukesteta	PlAb
ööpüük	ööpüügeks	PlTr
ööpüük	ööpüügel	PlAd
ööpüük	ööpüügele	PlAll
ööpüük	ööpüügelt	PlAbl
ööpüük	ööpüüges	PlIn
ööpüük	ööpüügesse	PlIll
ööpüük	ööpüügest	PlEl
ööpüük	ööpüügi	SgG
ööpüük	ööpüügid	PlN
ööpüük	ööpüügiga	SgKom
ööpüük	ööpüügiks	SgTr
ööpüük	ööpüügil	SgAd
ööpüük	ööpüügile	SgAll
ööpüük	ööpüügilt	SgAbl
ööpüük	ööpüügina	SgEs
ööpüük	ööpüügini	SgTer
ööpüük	ööpüügis	SgIn
ööpüük	ööpüügisse	SgIll
ööpüük	ööpüügist	SgEl
ööpüük	ööpüügita	SgAb
ööpüük	ööpüük	SgN
ööpüük	ööpüüke	PlP
ööpüük	ööpüüki	SgAdt
ööpüük	ööpüüki	SgP
ööpüük	ööpüükide	PlG
ööpüük	ööpüükidega	PlKom
ööpüük	ööpüükideks	PlTr
ööpüük	ööpüükidel	PlAd
ööpüük	ööpüükidele	PlAll
ööpüük	ööpüükidelt	PlAbl
ööpüük	ööpüükidena	PlEs
ööpüük	ööpüükideni	PlTer
ööpüük	ööpüükides	PlIn
ööpüük	ööpüükidesse	PlIll
ööpüük	ööpüükidest	PlEl
ööpüük	ööpüükideta	PlAb
ööpüük	ööpüükisid	PlP
öör	öör	SgN
öör	ööre	PlP
öör	ööreks	PlTr
öör	öörel	PlAd
öör	öörele	PlAll
öör	öörelt	PlAbl
öör	ööres	PlIn
öör	ööresse	PlIll
öör	öörest	PlEl
öör	ööri	SgAdt
öör	ööri	SgG
öör	ööri	SgP
öör	öörid	PlN
öör	ööride	PlG
öör	ööridega	PlKom
öör	öörideks	PlTr
öör	ööridel	PlAd
öör	ööridele	PlAll
öör	ööridelt	PlAbl
öör	ööridena	PlEs
öör	öörideni	PlTer
öör	öörides	PlIn
öör	ööridesse	PlIll
öör	ööridest	PlEl
öör	öörideta	PlAb
öör	ööriga	SgKom
öör	ööriks	SgTr
öör	ööril	SgAd
öör	öörile	SgAll
öör	öörilt	SgAbl
öör	öörina	SgEs
öör	öörini	SgTer
öör	ööris	SgIn
öör	öörisid	PlP
öör	öörisse	SgIll
öör	öörist	SgEl
öör	öörita	SgAb
öörahu	-	PlAb
öörahu	-	PlAbl
öörahu	-	PlAd
öörahu	-	PlAll
öörahu	-	PlEl
öörahu	-	PlEs
öörahu	-	PlG
öörahu	-	PlIll
öörahu	-	PlIn
öörahu	-	PlKom
öörahu	-	PlN
öörahu	-	PlP
öörahu	-	PlTer
öörahu	-	PlTr
öörahu	-	SgAdt
öörahu	öörahu	SgG
öörahu	öörahu	SgN
öörahu	öörahu	SgP
öörahu	öörahuga	SgKom
öörahu	öörahuks	SgTr
öörahu	öörahul	SgAd
öörahu	öörahule	SgAll
öörahu	öörahult	SgAbl
öörahu	öörahuna	SgEs
öörahu	öörahuni	SgTer
öörahu	öörahus	SgIn
öörahu	öörahusse	SgIll
öörahu	öörahust	SgEl
öörahu	öörahuta	SgAb
öördama	öörake	ImpPrPl2
öördama	öörakem	ImpPrPl1
öördama	ööraku	ImpPrPs
öördama	ööranud	PtsPtPs
öördama	ööranud	PtsPtPsNeg
öördama	ööranuks	KndPtPs
öördama	ööranuksid	KndPtPl3
öördama	ööranuksid	KndPtSg2
öördama	ööranuksime	KndPtPl1
öördama	ööranuksin	KndPtSg1
öördama	ööranuksite	KndPtPl2
öördama	ööranuvat	KvtPtPs
öördama	öörata	IndPrIps_
öördama	öörata	Inf
öördama	ööratagu	ImpPrIps
öördama	öörataks	KndPrIps
öördama	ööratakse	IndPrIps
öördama	ööratama	SupIps
öördama	ööratav	PtsPrIps
öördama	ööratavat	KvtPrIps
öördama	öörates	Ger
öördama	öörati	IndIpfIps
öördama	ööratud	PtsPtIps
öördama	ööratud	PtsPtIpsNeg
öördama	ööratuks	KndPtIps
öördama	ööratuvat	KvtPtIps
öördama	öörda	ImpPrSg2
öördama	öörda	IndPrPs_
öördama	öördab	IndPrSg3
öördama	öördad	IndPrSg2
öördama	öördada	Inf
öördama	öördades	Ger
öördama	öördage	ImpPrPl2
öördama	öördagem	ImpPrPl1
öördama	öördagu	ImpPrPs
öördama	öördaks	KndPrPs
öördama	öördaksid	KndPrPl3
öördama	öördaksid	KndPrSg2
öördama	öördaksime	KndPrPl1
öördama	öördaksin	KndPrSg1
öördama	öördaksite	KndPrPl2
öördama	öördama	Sup
öördama	öördamaks	SupTr
öördama	öördamas	SupIn
öördama	öördamast	SupEl
öördama	öördamata	SupAb
öördama	öördame	IndPrPl1
öördama	öördan	IndPrSg1
öördama	öördanud	PtsPtPs
öördama	öördanud	PtsPtPsNeg
öördama	öördanuks	KndPtPs
öördama	öördanuksid	KndPtPl3
öördama	öördanuksid	KndPtSg2
öördama	öördanuksime	KndPtPl1
öördama	öördanuksin	KndPtSg1
öördama	öördanuksite	KndPtPl2
öördama	öördanuvat	KvtPtPs
öördama	öördas	IndIpfSg3
öördama	öördasid	IndIpfPl3
öördama	öördasid	IndIpfSg2
öördama	öördasime	IndIpfPl1
öördama	öördasin	IndIpfSg1
öördama	öördasite	IndIpfPl2
öördama	öördata	IndPrIps_
öördama	öördatagu	ImpPrIps
öördama	öördataks	KndPrIps
öördama	öördatakse	IndPrIps
öördama	öördatama	SupIps
öördama	öördatav	PtsPrIps
öördama	öördatavat	KvtPrIps
öördama	öördate	IndPrPl2
öördama	öördati	IndIpfIps
öördama	öördatud	PtsPtIps
öördama	öördatud	PtsPtIpsNeg
öördama	öördatuks	KndPtIps
öördama	öördatuvat	KvtPtIps
öördama	öördav	PtsPrPs
öördama	öördavad	IndPrPl3
öördama	öördavat	KvtPrPs
ööriided	-	SgAdt
ööriided	ööriide	SgG
ööriided	ööriided	PlN
ööriided	ööriidega	SgKom
ööriided	ööriideid	PlP
ööriided	ööriideiks	PlTr
ööriided	ööriideil	PlAd
ööriided	ööriideile	PlAll
ööriided	ööriideilt	PlAbl
ööriided	ööriideis	PlIn
ööriided	ööriideisse	PlIll
ööriided	ööriideist	PlEl
ööriided	ööriideks	SgTr
ööriided	ööriidel	SgAd
ööriided	ööriidele	SgAll
ööriided	ööriidelt	SgAbl
ööriided	ööriidena	SgEs
ööriided	ööriideni	SgTer
ööriided	ööriides	SgIn
ööriided	ööriidesse	SgIll
ööriided	ööriidest	SgEl
ööriided	ööriideta	SgAb
ööriided	ööriie	SgN
ööriided	ööriiet	SgP
ööriided	ööriiete	PlG
ööriided	ööriietega	PlKom
ööriided	ööriieteks	PlTr
ööriided	ööriietel	PlAd
ööriided	ööriietele	PlAll
ööriided	ööriietelt	PlAbl
ööriided	ööriietena	PlEs
ööriided	ööriieteni	PlTer
ööriided	ööriietes	PlIn
ööriided	ööriietesse	PlIll
ööriided	ööriietest	PlEl
ööriided	ööriieteta	PlAb
öös	öös	SgN
öös	ööse	PlP
öös	ööseks	PlTr
öös	öösel	PlAd
öös	öösele	PlAll
öös	ööselt	PlAbl
öös	ööses	PlIn
öös	öösesse	PlIll
öös	öösest	PlEl
öös	öösi	SgAdt
öös	öösi	SgG
öös	öösi	SgP
öös	öösid	PlN
öös	ööside	PlG
öös	öösidega	PlKom
öös	öösideks	PlTr
öös	öösidel	PlAd
öös	öösidele	PlAll
öös	öösidelt	PlAbl
öös	öösidena	PlEs
öös	öösideni	PlTer
öös	öösides	PlIn
öös	öösidesse	PlIll
öös	öösidest	PlEl
öös	öösideta	PlAb
öös	öösiga	SgKom
öös	öösiks	SgTr
öös	öösil	SgAd
öös	öösile	SgAll
öös	öösilt	SgAbl
öös	öösina	SgEs
öös	öösini	SgTer
öös	öösis	SgIn
öös	öösisid	PlP
öös	öösisse	SgIll
öös	öösist	SgEl
öös	öösita	SgAb
ööseks	ööseks	ID
öösel	öösel	ID
öösi	öösi	ID
öösihik	-	SgAdt
öösihik	öösihik	SgN
öösihik	öösihiku	SgG
öösihik	öösihikud	PlN
öösihik	öösihikuga	SgKom
öösihik	öösihikuid	PlP
öösihik	öösihikuiks	PlTr
öösihik	öösihikuil	PlAd
öösihik	öösihikuile	PlAll
öösihik	öösihikuilt	PlAbl
öösihik	öösihikuis	PlIn
öösihik	öösihikuisse	PlIll
öösihik	öösihikuist	PlEl
öösihik	öösihikuks	SgTr
öösihik	öösihikul	SgAd
öösihik	öösihikule	SgAll
öösihik	öösihikult	SgAbl
öösihik	öösihikuna	SgEs
öösihik	öösihikuni	SgTer
öösihik	öösihikus	SgIn
öösihik	öösihikusse	SgIll
öösihik	öösihikust	SgEl
öösihik	öösihikut	SgP
öösihik	öösihikuta	SgAb
öösihik	öösihikute	PlG
öösihik	öösihikutega	PlKom
öösihik	öösihikuteks	PlTr
öösihik	öösihikutel	PlAd
öösihik	öösihikutele	PlAll
öösihik	öösihikutelt	PlAbl
öösihik	öösihikutena	PlEs
öösihik	öösihikuteni	PlTer
öösihik	öösihikutes	PlIn
öösihik	öösihikutesse	PlIll
öösihik	öösihikutest	PlEl
öösihik	öösihikuteta	PlAb
öösine	-	SgAdt
öösine	öösine	SgN
öösine	öösise	SgG
öösine	öösised	PlN
öösine	öösisega	SgKom
öösine	öösiseid	PlP
öösine	öösiseiks	PlTr
öösine	öösiseil	PlAd
öösine	öösiseile	PlAll
öösine	öösiseilt	PlAbl
öösine	öösiseis	PlIn
öösine	öösiseisse	PlIll
öösine	öösiseist	PlEl
öösine	öösiseks	SgTr
öösine	öösisel	SgAd
öösine	öösisele	SgAll
öösine	öösiselt	SgAbl
öösine	öösisena	SgEs
öösine	öösiseni	SgTer
öösine	öösises	SgIn
öösine	öösisesse	SgIll
öösine	öösisest	SgEl
öösine	öösiseta	SgAb
öösine	öösisi	PlP
öösine	öösisiks	PlTr
öösine	öösisil	PlAd
öösine	öösisile	PlAll
öösine	öösisilt	PlAbl
öösine	öösisis	PlIn
öösine	öösisisse	PlIll
öösine	öösisist	PlEl
öösine	öösisse	SgAdt
öösine	öösist	SgP
öösine	öösiste	PlG
öösine	öösistega	PlKom
öösine	öösisteks	PlTr
öösine	öösistel	PlAd
öösine	öösistele	PlAll
öösine	öösistelt	PlAbl
öösine	öösistena	PlEs
öösine	öösisteni	PlTer
öösine	öösistes	PlIn
öösine	öösistesse	PlIll
öösine	öösistest	PlEl
öösine	öösisteta	PlAb
öösinine	-	SgAdt
öösinine	öösinine	SgN
öösinine	öösinise	SgG
öösinine	öösinised	PlN
öösinine	öösinisega	SgKom
öösinine	öösiniseid	PlP
öösinine	öösiniseiks	PlTr
öösinine	öösiniseil	PlAd
öösinine	öösiniseile	PlAll
öösinine	öösiniseilt	PlAbl
öösinine	öösiniseis	PlIn
öösinine	öösiniseisse	PlIll
öösinine	öösiniseist	PlEl
öösinine	öösiniseks	SgTr
öösinine	öösinisel	SgAd
öösinine	öösinisele	SgAll
öösinine	öösiniselt	SgAbl
öösinine	öösinisena	SgEs
öösinine	öösiniseni	SgTer
öösinine	öösinises	SgIn
öösinine	öösinisesse	SgIll
öösinine	öösinisest	SgEl
öösinine	öösiniseta	SgAb
öösinine	öösinist	SgP
öösinine	öösiniste	PlG
öösinine	öösinistega	PlKom
öösinine	öösinisteks	PlTr
öösinine	öösinistel	PlAd
öösinine	öösinistele	PlAll
öösinine	öösinistelt	PlAbl
öösinine	öösinistena	PlEs
öösinine	öösinisteni	PlTer
öösinine	öösinistes	PlIn
öösinine	öösinistesse	PlIll
öösinine	öösinistest	PlEl
öösinine	öösinisteta	PlAb
öösiti	öösiti	ID
öösorr	öösorr	SgN
öösorr	öösorre	PlP
öösorr	öösorreks	PlTr
öösorr	öösorrel	PlAd
öösorr	öösorrele	PlAll
öösorr	öösorrelt	PlAbl
öösorr	öösorres	PlIn
öösorr	öösorresse	PlIll
öösorr	öösorrest	PlEl
öösorr	öösorri	SgAdt
öösorr	öösorri	SgG
öösorr	öösorri	SgP
öösorr	öösorrid	PlN
öösorr	öösorride	PlG
öösorr	öösorridega	PlKom
öösorr	öösorrideks	PlTr
öösorr	öösorridel	PlAd
öösorr	öösorridele	PlAll
öösorr	öösorridelt	PlAbl
öösorr	öösorridena	PlEs
öösorr	öösorrideni	PlTer
öösorr	öösorrides	PlIn
öösorr	öösorridesse	PlIll
öösorr	öösorridest	PlEl
öösorr	öösorrideta	PlAb
öösorr	öösorriga	SgKom
öösorr	öösorriks	SgTr
öösorr	öösorril	SgAd
öösorr	öösorrile	SgAll
öösorr	öösorrilt	SgAbl
öösorr	öösorrina	SgEs
öösorr	öösorrini	SgTer
öösorr	öösorris	SgIn
öösorr	öösorrisid	PlP
öösorr	öösorrisse	SgIll
öösorr	öösorrist	SgEl
öösorr	öösorrita	SgAb
öösärk	öösärgeks	PlTr
öösärk	öösärgel	PlAd
öösärk	öösärgele	PlAll
öösärk	öösärgelt	PlAbl
öösärk	öösärges	PlIn
öösärk	öösärgesse	PlIll
öösärk	öösärgest	PlEl
öösärk	öösärgi	SgG
öösärk	öösärgid	PlN
öösärk	öösärgiga	SgKom
öösärk	öösärgiks	SgTr
öösärk	öösärgil	SgAd
öösärk	öösärgile	SgAll
öösärk	öösärgilt	SgAbl
öösärk	öösärgina	SgEs
öösärk	öösärgini	SgTer
öösärk	öösärgis	SgIn
öösärk	öösärgisse	SgIll
öösärk	öösärgist	SgEl
öösärk	öösärgita	SgAb
öösärk	öösärk	SgN
öösärk	öösärke	PlP
öösärk	öösärki	SgAdt
öösärk	öösärki	SgP
öösärk	öösärkide	PlG
öösärk	öösärkidega	PlKom
öösärk	öösärkideks	PlTr
öösärk	öösärkidel	PlAd
öösärk	öösärkidele	PlAll
öösärk	öösärkidelt	PlAbl
öösärk	öösärkidena	PlEs
öösärk	öösärkideni	PlTer
öösärk	öösärkides	PlIn
öösärk	öösärkidesse	PlIll
öösärk	öösärkidest	PlEl
öösärk	öösärkideta	PlAb
öösärk	öösärkisid	PlP
öösüda	-	SgAdt
öösüda	öösüda	SgN
öösüda	öösüdame	SgG
öösüda	öösüdamed	PlN
öösüda	öösüdamega	SgKom
öösüda	öösüdameid	PlP
öösüda	öösüdameiks	PlTr
öösüda	öösüdameil	PlAd
öösüda	öösüdameile	PlAll
öösüda	öösüdameilt	PlAbl
öösüda	öösüdameis	PlIn
öösüda	öösüdameisse	PlIll
öösüda	öösüdameist	PlEl
öösüda	öösüdameks	SgTr
öösüda	öösüdamel	SgAd
öösüda	öösüdamele	SgAll
öösüda	öösüdamelt	SgAbl
öösüda	öösüdamena	SgEs
öösüda	öösüdameni	SgTer
öösüda	öösüdames	SgIn
öösüda	öösüdamesse	SgIll
öösüda	öösüdamest	SgEl
öösüda	öösüdameta	SgAb
öösüda	öösüdamete	PlG
öösüda	öösüdametega	PlKom
öösüda	öösüdameteks	PlTr
öösüda	öösüdametel	PlAd
öösüda	öösüdametele	PlAll
öösüda	öösüdametelt	PlAbl
öösüda	öösüdametena	PlEs
öösüda	öösüdameteni	PlTer
öösüda	öösüdametes	PlIn
öösüda	öösüdametesse	PlIll
öösüda	öösüdametest	PlEl
öösüda	öösüdameteta	PlAb
öösüda	öösüdant	SgP
öötaevas	-	SgAdt
öötaevas	öötaeva	SgG
öötaevas	öötaevad	PlN
öötaevas	öötaevaga	SgKom
öötaevas	öötaevaid	PlP
öötaevas	öötaevaiks	PlTr
öötaevas	öötaevail	PlAd
öötaevas	öötaevaile	PlAll
öötaevas	öötaevailt	PlAbl
öötaevas	öötaevais	PlIn
öötaevas	öötaevaisse	PlIll
öötaevas	öötaevaist	PlEl
öötaevas	öötaevaks	SgTr
öötaevas	öötaeval	SgAd
öötaevas	öötaevale	SgAll
öötaevas	öötaevalt	SgAbl
öötaevas	öötaevana	SgEs
öötaevas	öötaevani	SgTer
öötaevas	öötaevas	SgIn
öötaevas	öötaevas	SgN
öötaevas	öötaevasse	SgIll
öötaevas	öötaevast	SgEl
öötaevas	öötaevast	SgP
öötaevas	öötaevaste	PlG
öötaevas	öötaevastega	PlKom
öötaevas	öötaevasteks	PlTr
öötaevas	öötaevastel	PlAd
öötaevas	öötaevastele	PlAll
öötaevas	öötaevastelt	PlAbl
öötaevas	öötaevastena	PlEs
öötaevas	öötaevasteni	PlTer
öötaevas	öötaevastes	PlIn
öötaevas	öötaevastesse	PlIll
öötaevas	öötaevastest	PlEl
öötaevas	öötaevasteta	PlAb
öötaevas	öötaevata	SgAb
öötariif	öötariif	SgN
öötariif	öötariife	PlP
öötariif	öötariifeks	PlTr
öötariif	öötariifel	PlAd
öötariif	öötariifele	PlAll
öötariif	öötariifelt	PlAbl
öötariif	öötariifes	PlIn
öötariif	öötariifesse	PlIll
öötariif	öötariifest	PlEl
öötariif	öötariifi	SgAdt
öötariif	öötariifi	SgG
öötariif	öötariifi	SgP
öötariif	öötariifid	PlN
öötariif	öötariifide	PlG
öötariif	öötariifidega	PlKom
öötariif	öötariifideks	PlTr
öötariif	öötariifidel	PlAd
öötariif	öötariifidele	PlAll
öötariif	öötariifidelt	PlAbl
öötariif	öötariifidena	PlEs
öötariif	öötariifideni	PlTer
öötariif	öötariifides	PlIn
öötariif	öötariifidesse	PlIll
öötariif	öötariifidest	PlEl
öötariif	öötariifideta	PlAb
öötariif	öötariifiga	SgKom
öötariif	öötariifiks	SgTr
öötariif	öötariifil	SgAd
öötariif	öötariifile	SgAll
öötariif	öötariifilt	SgAbl
öötariif	öötariifina	SgEs
öötariif	öötariifini	SgTer
öötariif	öötariifis	SgIn
öötariif	öötariifisid	PlP
öötariif	öötariifisse	SgIll
öötariif	öötariifist	SgEl
öötariif	öötariifita	SgAb
öötund	öötund	SgN
öötund	öötunde	PlP
öötund	öötundi	SgAdt
öötund	öötundi	SgP
öötund	öötundide	PlG
öötund	öötundidega	PlKom
öötund	öötundideks	PlTr
öötund	öötundidel	PlAd
öötund	öötundidele	PlAll
öötund	öötundidelt	PlAbl
öötund	öötundidena	PlEs
öötund	öötundideni	PlTer
öötund	öötundides	PlIn
öötund	öötundidesse	PlIll
öötund	öötundidest	PlEl
öötund	öötundideta	PlAb
öötund	öötundisid	PlP
öötund	öötunneks	PlTr
öötund	öötunnel	PlAd
öötund	öötunnele	PlAll
öötund	öötunnelt	PlAbl
öötund	öötunnes	PlIn
öötund	öötunnesse	PlIll
öötund	öötunnest	PlEl
öötund	öötunni	SgG
öötund	öötunnid	PlN
öötund	öötunniga	SgKom
öötund	öötunniks	SgTr
öötund	öötunnil	SgAd
öötund	öötunnile	SgAll
öötund	öötunnilt	SgAbl
öötund	öötunnina	SgEs
öötund	öötunnini	SgTer
öötund	öötunnis	SgIn
öötund	öötunnisse	SgIll
öötund	öötunnist	SgEl
öötund	öötunnita	SgAb
öötöö	öötöhe	SgAdt
öötöö	öötöid	PlP
öötöö	öötöiks	PlTr
öötöö	öötöil	PlAd
öötöö	öötöile	PlAll
öötöö	öötöilt	PlAbl
öötöö	öötöis	PlIn
öötöö	öötöisse	PlIll
öötöö	öötöist	PlEl
öötöö	öötöö	SgG
öötöö	öötöö	SgN
öötöö	öötööd	PlN
öötöö	öötööd	SgP
öötöö	öötööde	PlG
öötöö	öötöödega	PlKom
öötöö	öötöödeks	PlTr
öötöö	öötöödel	PlAd
öötöö	öötöödele	PlAll
öötöö	öötöödelt	PlAbl
öötöö	öötöödena	PlEs
öötöö	öötöödeni	PlTer
öötöö	öötöödes	PlIn
öötöö	öötöödesse	PlIll
öötöö	öötöödest	PlEl
öötöö	öötöödeta	PlAb
öötöö	öötööga	SgKom
öötöö	öötööks	SgTr
öötöö	öötööl	SgAd
öötöö	öötööle	SgAll
öötöö	öötöölt	SgAbl
öötöö	öötööna	SgEs
öötöö	öötööni	SgTer
öötöö	öötöös	SgIn
öötöö	öötöösid	PlP
öötöö	öötöösse	SgIll
öötöö	öötööst	SgEl
öötöö	öötööta	SgAb
öötööline	-	SgAdt
öötööline	öötööline	SgN
öötööline	öötöölise	SgG
öötööline	öötöölised	PlN
öötööline	öötöölisega	SgKom
öötööline	öötööliseid	PlP
öötööline	öötööliseiks	PlTr
öötööline	öötööliseil	PlAd
öötööline	öötööliseile	PlAll
öötööline	öötööliseilt	PlAbl
öötööline	öötööliseis	PlIn
öötööline	öötööliseisse	PlIll
öötööline	öötööliseist	PlEl
öötööline	öötööliseks	SgTr
öötööline	öötöölisel	SgAd
öötööline	öötöölisele	SgAll
öötööline	öötööliselt	SgAbl
öötööline	öötöölisena	SgEs
öötööline	öötööliseni	SgTer
öötööline	öötöölises	SgIn
öötööline	öötöölisesse	SgIll
öötööline	öötöölisest	SgEl
öötööline	öötööliseta	SgAb
öötööline	öötöölisi	PlP
öötööline	öötöölisiks	PlTr
öötööline	öötöölisil	PlAd
öötööline	öötöölisile	PlAll
öötööline	öötöölisilt	PlAbl
öötööline	öötöölisis	PlIn
öötööline	öötöölisisse	PlIll
öötööline	öötöölisist	PlEl
öötööline	öötöölisse	SgAdt
öötööline	öötöölist	SgP
öötööline	öötööliste	PlG
öötööline	öötöölistega	PlKom
öötööline	öötöölisteks	PlTr
öötööline	öötöölistel	PlAd
öötööline	öötöölistele	PlAll
öötööline	öötöölistelt	PlAbl
öötööline	öötöölistena	PlEs
öötööline	öötöölisteni	PlTer
öötööline	öötöölistes	PlIn
öötööline	öötöölistesse	PlIll
öötööline	öötöölistest	PlEl
öötööline	öötöölisteta	PlAb
ööuni	ööund	SgP
ööuni	ööune	SgG
ööuni	ööuned	PlN
ööuni	ööunede	PlG
ööuni	ööunedega	PlKom
ööuni	ööunedeks	PlTr
ööuni	ööunedel	PlAd
ööuni	ööunedele	PlAll
ööuni	ööunedelt	PlAbl
ööuni	ööunedena	PlEs
ööuni	ööunedeni	PlTer
ööuni	ööunedes	PlIn
ööuni	ööunedesse	PlIll
ööuni	ööunedest	PlEl
ööuni	ööunedeta	PlAb
ööuni	ööunega	SgKom
ööuni	ööuneks	SgTr
ööuni	ööunel	SgAd
ööuni	ööunele	SgAll
ööuni	ööunelt	SgAbl
ööuni	ööunena	SgEs
ööuni	ööuneni	SgTer
ööuni	ööunes	SgIn
ööuni	ööunesid	PlP
ööuni	ööunesse	SgIll
ööuni	ööunest	SgEl
ööuni	ööuneta	SgAb
ööuni	ööuni	SgN
ööuni	ööunne	SgAdt
ööuss	ööuss	SgN
ööuss	ööusse	PlP
ööuss	ööusseks	PlTr
ööuss	ööussel	PlAd
ööuss	ööussele	PlAll
ööuss	ööusselt	PlAbl
ööuss	ööusses	PlIn
ööuss	ööussesse	PlIll
ööuss	ööussest	PlEl
ööuss	ööussi	SgAdt
ööuss	ööussi	SgG
ööuss	ööussi	SgP
ööuss	ööussid	PlN
ööuss	ööusside	PlG
ööuss	ööussidega	PlKom
ööuss	ööussideks	PlTr
ööuss	ööussidel	PlAd
ööuss	ööussidele	PlAll
ööuss	ööussidelt	PlAbl
ööuss	ööussidena	PlEs
ööuss	ööussideni	PlTer
ööuss	ööussides	PlIn
ööuss	ööussidesse	PlIll
ööuss	ööussidest	PlEl
ööuss	ööussideta	PlAb
ööuss	ööussiga	SgKom
ööuss	ööussiks	SgTr
ööuss	ööussil	SgAd
ööuss	ööussile	SgAll
ööuss	ööussilt	SgAbl
ööuss	ööussina	SgEs
ööuss	ööussini	SgTer
ööuss	ööussis	SgIn
ööuss	ööussisid	PlP
ööuss	ööussisse	SgIll
ööuss	ööussist	SgEl
ööuss	ööussita	SgAb
öövaatlusprillid	-	SgAb
öövaatlusprillid	-	SgAbl
öövaatlusprillid	-	SgAd
öövaatlusprillid	-	SgAdt
öövaatlusprillid	-	SgAll
öövaatlusprillid	-	SgEl
öövaatlusprillid	-	SgEs
öövaatlusprillid	-	SgG
öövaatlusprillid	-	SgIll
öövaatlusprillid	-	SgIn
öövaatlusprillid	-	SgKom
öövaatlusprillid	-	SgN
öövaatlusprillid	-	SgP
öövaatlusprillid	-	SgTer
öövaatlusprillid	-	SgTr
öövaatlusprillid	öövaatlusprille	PlP
öövaatlusprillid	öövaatlusprilleks	PlTr
öövaatlusprillid	öövaatlusprillel	PlAd
öövaatlusprillid	öövaatlusprillele	PlAll
öövaatlusprillid	öövaatlusprillelt	PlAbl
öövaatlusprillid	öövaatlusprilles	PlIn
öövaatlusprillid	öövaatlusprillesse	PlIll
öövaatlusprillid	öövaatlusprillest	PlEl
öövaatlusprillid	öövaatlusprillid	PlN
öövaatlusprillid	öövaatlusprillide	PlG
öövaatlusprillid	öövaatlusprillidega	PlKom
öövaatlusprillid	öövaatlusprillideks	PlTr
öövaatlusprillid	öövaatlusprillidel	PlAd
öövaatlusprillid	öövaatlusprillidele	PlAll
öövaatlusprillid	öövaatlusprillidelt	PlAbl
öövaatlusprillid	öövaatlusprillidena	PlEs
öövaatlusprillid	öövaatlusprillideni	PlTer
öövaatlusprillid	öövaatlusprillides	PlIn
öövaatlusprillid	öövaatlusprillidesse	PlIll
öövaatlusprillid	öövaatlusprillidest	PlEl
öövaatlusprillid	öövaatlusprillideta	PlAb
öövaatlusprillid	öövaatlusprillisid	PlP
öövaatlusseade	-	SgAdt
öövaatlusseade	öövaatlusseade	SgN
öövaatlusseade	öövaatlusseadet	SgP
öövaatlusseade	öövaatlusseadme	SgG
öövaatlusseade	öövaatlusseadmed	PlN
öövaatlusseade	öövaatlusseadmega	SgKom
öövaatlusseade	öövaatlusseadmeid	PlP
öövaatlusseade	öövaatlusseadmeiks	PlTr
öövaatlusseade	öövaatlusseadmeil	PlAd
öövaatlusseade	öövaatlusseadmeile	PlAll
öövaatlusseade	öövaatlusseadmeilt	PlAbl
öövaatlusseade	öövaatlusseadmeis	PlIn
öövaatlusseade	öövaatlusseadmeisse	PlIll
öövaatlusseade	öövaatlusseadmeist	PlEl
öövaatlusseade	öövaatlusseadmeks	SgTr
öövaatlusseade	öövaatlusseadmel	SgAd
öövaatlusseade	öövaatlusseadmele	SgAll
öövaatlusseade	öövaatlusseadmelt	SgAbl
öövaatlusseade	öövaatlusseadmena	SgEs
öövaatlusseade	öövaatlusseadmeni	SgTer
öövaatlusseade	öövaatlusseadmes	SgIn
öövaatlusseade	öövaatlusseadmesse	SgIll
öövaatlusseade	öövaatlusseadmest	SgEl
öövaatlusseade	öövaatlusseadmeta	SgAb
öövaatlusseade	öövaatlusseadmete	PlG
öövaatlusseade	öövaatlusseadmetega	PlKom
öövaatlusseade	öövaatlusseadmeteks	PlTr
öövaatlusseade	öövaatlusseadmetel	PlAd
öövaatlusseade	öövaatlusseadmetele	PlAll
öövaatlusseade	öövaatlusseadmetelt	PlAbl
öövaatlusseade	öövaatlusseadmetena	PlEs
öövaatlusseade	öövaatlusseadmeteni	PlTer
öövaatlusseade	öövaatlusseadmetes	PlIn
öövaatlusseade	öövaatlusseadmetesse	PlIll
öövaatlusseade	öövaatlusseadmetest	PlEl
öövaatlusseade	öövaatlusseadmeteta	PlAb
öövahetus	öövahetus	SgN
öövahetus	öövahetuse	SgG
öövahetus	öövahetused	PlN
öövahetus	öövahetusega	SgKom
öövahetus	öövahetuseks	SgTr
öövahetus	öövahetusel	SgAd
öövahetus	öövahetusele	SgAll
öövahetus	öövahetuselt	SgAbl
öövahetus	öövahetusena	SgEs
öövahetus	öövahetuseni	SgTer
öövahetus	öövahetuses	SgIn
öövahetus	öövahetusesse	SgIll
öövahetus	öövahetusest	SgEl
öövahetus	öövahetuseta	SgAb
öövahetus	öövahetusi	PlP
öövahetus	öövahetusiks	PlTr
öövahetus	öövahetusil	PlAd
öövahetus	öövahetusile	PlAll
öövahetus	öövahetusilt	PlAbl
öövahetus	öövahetusis	PlIn
öövahetus	öövahetusisse	PlIll
öövahetus	öövahetusist	PlEl
öövahetus	öövahetusse	SgAdt
öövahetus	öövahetust	SgP
öövahetus	öövahetuste	PlG
öövahetus	öövahetustega	PlKom
öövahetus	öövahetusteks	PlTr
öövahetus	öövahetustel	PlAd
öövahetus	öövahetustele	PlAll
öövahetus	öövahetustelt	PlAbl
öövahetus	öövahetustena	PlEs
öövahetus	öövahetusteni	PlTer
öövahetus	öövahetustes	PlIn
öövahetus	öövahetustesse	PlIll
öövahetus	öövahetustest	PlEl
öövahetus	öövahetusteta	PlAb
öövaht	öövaheks	PlTr
öövaht	öövahel	PlAd
öövaht	öövahele	PlAll
öövaht	öövahelt	PlAbl
öövaht	öövahes	PlIn
öövaht	öövahesse	PlIll
öövaht	öövahest	PlEl
öövaht	öövahi	SgG
öövaht	öövahid	PlN
öövaht	öövahiga	SgKom
öövaht	öövahiks	SgTr
öövaht	öövahil	SgAd
öövaht	öövahile	SgAll
öövaht	öövahilt	SgAbl
öövaht	öövahina	SgEs
öövaht	öövahini	SgTer
öövaht	öövahis	SgIn
öövaht	öövahisse	SgIll
öövaht	öövahist	SgEl
öövaht	öövahita	SgAb
öövaht	öövaht	SgN
öövaht	öövahte	PlP
öövaht	öövahti	SgAdt
öövaht	öövahti	SgP
öövaht	öövahtide	PlG
öövaht	öövahtidega	PlKom
öövaht	öövahtideks	PlTr
öövaht	öövahtidel	PlAd
öövaht	öövahtidele	PlAll
öövaht	öövahtidelt	PlAbl
öövaht	öövahtidena	PlEs
öövaht	öövahtideni	PlTer
öövaht	öövahtides	PlIn
öövaht	öövahtidesse	PlIll
öövaht	öövahtidest	PlEl
öövaht	öövahtideta	PlAb
öövaht	öövahtisid	PlP
öövaikus	-	SgAdt
öövaikus	öövaikus	SgN
öövaikus	öövaikuse	SgG
öövaikus	öövaikused	PlN
öövaikus	öövaikusega	SgKom
öövaikus	öövaikuseid	PlP
öövaikus	öövaikuseiks	PlTr
öövaikus	öövaikuseil	PlAd
öövaikus	öövaikuseile	PlAll
öövaikus	öövaikuseilt	PlAbl
öövaikus	öövaikuseis	PlIn
öövaikus	öövaikuseisse	PlIll
öövaikus	öövaikuseist	PlEl
öövaikus	öövaikuseks	SgTr
öövaikus	öövaikusel	SgAd
öövaikus	öövaikusele	SgAll
öövaikus	öövaikuselt	SgAbl
öövaikus	öövaikusena	SgEs
öövaikus	öövaikuseni	SgTer
öövaikus	öövaikuses	SgIn
öövaikus	öövaikusesse	SgIll
öövaikus	öövaikusest	SgEl
öövaikus	öövaikuseta	SgAb
öövaikus	öövaikusi	PlP
öövaikus	öövaikusiks	PlTr
öövaikus	öövaikusil	PlAd
öövaikus	öövaikusile	PlAll
öövaikus	öövaikusilt	PlAbl
öövaikus	öövaikusis	PlIn
öövaikus	öövaikusisse	PlIll
öövaikus	öövaikusist	PlEl
öövaikus	öövaikusse	SgAdt
öövaikus	öövaikust	SgP
öövaikus	öövaikuste	PlG
öövaikus	öövaikustega	PlKom
öövaikus	öövaikusteks	PlTr
öövaikus	öövaikustel	PlAd
öövaikus	öövaikustele	PlAll
öövaikus	öövaikustelt	PlAbl
öövaikus	öövaikustena	PlEs
öövaikus	öövaikusteni	PlTer
öövaikus	öövaikustes	PlIn
öövaikus	öövaikustesse	PlIll
öövaikus	öövaikustest	PlEl
öövaikus	öövaikusteta	PlAb
öövaksik	-	SgAdt
öövaksik	öövaksik	SgN
öövaksik	öövaksiku	SgG
öövaksik	öövaksikud	PlN
öövaksik	öövaksikuga	SgKom
öövaksik	öövaksikuid	PlP
öövaksik	öövaksikuiks	PlTr
öövaksik	öövaksikuil	PlAd
öövaksik	öövaksikuile	PlAll
öövaksik	öövaksikuilt	PlAbl
öövaksik	öövaksikuis	PlIn
öövaksik	öövaksikuisse	PlIll
öövaksik	öövaksikuist	PlEl
öövaksik	öövaksikuks	SgTr
öövaksik	öövaksikul	SgAd
öövaksik	öövaksikule	SgAll
öövaksik	öövaksikult	SgAbl
öövaksik	öövaksikuna	SgEs
öövaksik	öövaksikuni	SgTer
öövaksik	öövaksikus	SgIn
öövaksik	öövaksikusse	SgIll
öövaksik	öövaksikust	SgEl
öövaksik	öövaksikut	SgP
öövaksik	öövaksikuta	SgAb
öövaksik	öövaksikute	PlG
öövaksik	öövaksikutega	PlKom
öövaksik	öövaksikuteks	PlTr
öövaksik	öövaksikutel	PlAd
öövaksik	öövaksikutele	PlAll
öövaksik	öövaksikutelt	PlAbl
öövaksik	öövaksikutena	PlEs
öövaksik	öövaksikuteni	PlTer
öövaksik	öövaksikutes	PlIn
öövaksik	öövaksikutesse	PlIll
öövaksik	öövaksikutest	PlEl
öövaksik	öövaksikuteta	PlAb
öövalgus	-	SgAdt
öövalgus	öövalgus	SgN
öövalgus	öövalguse	SgG
öövalgus	öövalgused	PlN
öövalgus	öövalgusega	SgKom
öövalgus	öövalguseid	PlP
öövalgus	öövalguseiks	PlTr
öövalgus	öövalguseil	PlAd
öövalgus	öövalguseile	PlAll
öövalgus	öövalguseilt	PlAbl
öövalgus	öövalguseis	PlIn
öövalgus	öövalguseisse	PlIll
öövalgus	öövalguseist	PlEl
öövalgus	öövalguseks	SgTr
öövalgus	öövalgusel	SgAd
öövalgus	öövalgusele	SgAll
öövalgus	öövalguselt	SgAbl
öövalgus	öövalgusena	SgEs
öövalgus	öövalguseni	SgTer
öövalgus	öövalguses	SgIn
öövalgus	öövalgusesse	SgIll
öövalgus	öövalgusest	SgEl
öövalgus	öövalguseta	SgAb
öövalgus	öövalgusi	PlP
öövalgus	öövalgusiks	PlTr
öövalgus	öövalgusil	PlAd
öövalgus	öövalgusile	PlAll
öövalgus	öövalgusilt	PlAbl
öövalgus	öövalgusis	PlIn
öövalgus	öövalgusisse	PlIll
öövalgus	öövalgusist	PlEl
öövalgus	öövalgusse	SgAdt
öövalgus	öövalgust	SgP
öövalgus	öövalguste	PlG
öövalgus	öövalgustega	PlKom
öövalgus	öövalgusteks	PlTr
öövalgus	öövalgustel	PlAd
öövalgus	öövalgustele	PlAll
öövalgus	öövalgustelt	PlAbl
öövalgus	öövalgustena	PlEs
öövalgus	öövalgusteni	PlTer
öövalgus	öövalgustes	PlIn
öövalgus	öövalgustesse	PlIll
öövalgus	öövalgustest	PlEl
öövalgus	öövalgusteta	PlAb
öövalve	-	SgAdt
öövalve	öövalve	SgG
öövalve	öövalve	SgN
öövalve	öövalved	PlN
öövalve	öövalvega	SgKom
öövalve	öövalveid	PlP
öövalve	öövalveiks	PlTr
öövalve	öövalveil	PlAd
öövalve	öövalveile	PlAll
öövalve	öövalveilt	PlAbl
öövalve	öövalveis	PlIn
öövalve	öövalveisse	PlIll
öövalve	öövalveist	PlEl
öövalve	öövalveks	SgTr
öövalve	öövalvel	SgAd
öövalve	öövalvele	SgAll
öövalve	öövalvelt	SgAbl
öövalve	öövalvena	SgEs
öövalve	öövalveni	SgTer
öövalve	öövalves	SgIn
öövalve	öövalvesse	SgIll
öövalve	öövalvest	SgEl
öövalve	öövalvet	SgP
öövalve	öövalveta	SgAb
öövalve	öövalvete	PlG
öövalve	öövalvetega	PlKom
öövalve	öövalveteks	PlTr
öövalve	öövalvetel	PlAd
öövalve	öövalvetele	PlAll
öövalve	öövalvetelt	PlAbl
öövalve	öövalvetena	PlEs
öövalve	öövalveteni	PlTer
öövalve	öövalvetes	PlIn
öövalve	öövalvetesse	PlIll
öövalve	öövalvetest	PlEl
öövalve	öövalveteta	PlAb
öövalvur	-	SgAdt
öövalvur	öövalvur	SgN
öövalvur	öövalvureid	PlP
öövalvur	öövalvureiks	PlTr
öövalvur	öövalvureil	PlAd
öövalvur	öövalvureile	PlAll
öövalvur	öövalvureilt	PlAbl
öövalvur	öövalvureis	PlIn
öövalvur	öövalvureisse	PlIll
öövalvur	öövalvureist	PlEl
öövalvur	öövalvuri	SgG
öövalvur	öövalvurid	PlN
öövalvur	öövalvuriga	SgKom
öövalvur	öövalvuriks	SgTr
öövalvur	öövalvuril	SgAd
öövalvur	öövalvurile	SgAll
öövalvur	öövalvurilt	SgAbl
öövalvur	öövalvurina	SgEs
öövalvur	öövalvurini	SgTer
öövalvur	öövalvuris	SgIn
öövalvur	öövalvurisse	SgIll
öövalvur	öövalvurist	SgEl
öövalvur	öövalvurit	SgP
öövalvur	öövalvurita	SgAb
öövalvur	öövalvurite	PlG
öövalvur	öövalvuritega	PlKom
öövalvur	öövalvuriteks	PlTr
öövalvur	öövalvuritel	PlAd
öövalvur	öövalvuritele	PlAll
öövalvur	öövalvuritelt	PlAbl
öövalvur	öövalvuritena	PlEs
öövalvur	öövalvuriteni	PlTer
öövalvur	öövalvurites	PlIn
öövalvur	öövalvuritesse	PlIll
öövalvur	öövalvuritest	PlEl
öövalvur	öövalvuriteta	PlAb
öövari	öövari	SgN
öövari	öövarje	PlP
öövari	öövarjeks	PlTr
öövari	öövarjel	PlAd
öövari	öövarjele	PlAll
öövari	öövarjelt	PlAbl
öövari	öövarjes	PlIn
öövari	öövarjesse	PlIll
öövari	öövarjest	PlEl
öövari	öövarju	SgAdt
öövari	öövarju	SgG
öövari	öövarju	SgP
öövari	öövarjud	PlN
öövari	öövarjude	PlG
öövari	öövarjudega	PlKom
öövari	öövarjudeks	PlTr
öövari	öövarjudel	PlAd
öövari	öövarjudele	PlAll
öövari	öövarjudelt	PlAbl
öövari	öövarjudena	PlEs
öövari	öövarjudeni	PlTer
öövari	öövarjudes	PlIn
öövari	öövarjudesse	PlIll
öövari	öövarjudest	PlEl
öövari	öövarjudeta	PlAb
öövari	öövarjuga	SgKom
öövari	öövarjuks	SgTr
öövari	öövarjul	SgAd
öövari	öövarjule	SgAll
öövari	öövarjult	SgAbl
öövari	öövarjuna	SgEs
öövari	öövarjuni	SgTer
öövari	öövarjus	SgIn
öövari	öövarjusid	PlP
öövari	öövarjusse	SgIll
öövari	öövarjust	SgEl
öövari	öövarjuta	SgAb
ööviiul	-	SgAdt
ööviiul	ööviiul	SgN
ööviiul	ööviiuleid	PlP
ööviiul	ööviiuleiks	PlTr
ööviiul	ööviiuleil	PlAd
ööviiul	ööviiuleile	PlAll
ööviiul	ööviiuleilt	PlAbl
ööviiul	ööviiuleis	PlIn
ööviiul	ööviiuleisse	PlIll
ööviiul	ööviiuleist	PlEl
ööviiul	ööviiuli	SgG
ööviiul	ööviiulid	PlN
ööviiul	ööviiuliga	SgKom
ööviiul	ööviiuliks	SgTr
ööviiul	ööviiulil	SgAd
ööviiul	ööviiulile	SgAll
ööviiul	ööviiulilt	SgAbl
ööviiul	ööviiulina	SgEs
ööviiul	ööviiulini	SgTer
ööviiul	ööviiulis	SgIn
ööviiul	ööviiulisse	SgIll
ööviiul	ööviiulist	SgEl
ööviiul	ööviiulit	SgP
ööviiul	ööviiulita	SgAb
ööviiul	ööviiulite	PlG
ööviiul	ööviiulitega	PlKom
ööviiul	ööviiuliteks	PlTr
ööviiul	ööviiulitel	PlAd
ööviiul	ööviiulitele	PlAll
ööviiul	ööviiulitelt	PlAbl
ööviiul	ööviiulitena	PlEs
ööviiul	ööviiuliteni	PlTer
ööviiul	ööviiulites	PlIn
ööviiul	ööviiulitesse	PlIll
ööviiul	ööviiulitest	PlEl
ööviiul	ööviiuliteta	PlAb
öövilge	-	SgAdt
öövilge	öövilge	SgN
öövilge	öövilget	SgP
öövilge	öövilgete	PlG
öövilge	öövilgetega	PlKom
öövilge	öövilgeteks	PlTr
öövilge	öövilgetel	PlAd
öövilge	öövilgetele	PlAll
öövilge	öövilgetelt	PlAbl
öövilge	öövilgetena	PlEs
öövilge	öövilgeteni	PlTer
öövilge	öövilgetes	PlIn
öövilge	öövilgetesse	PlIll
öövilge	öövilgetest	PlEl
öövilge	öövilgeteta	PlAb
öövilge	öövilke	SgG
öövilge	öövilked	PlN
öövilge	öövilkega	SgKom
öövilge	öövilkeid	PlP
öövilge	öövilkeiks	PlTr
öövilge	öövilkeil	PlAd
öövilge	öövilkeile	PlAll
öövilge	öövilkeilt	PlAbl
öövilge	öövilkeis	PlIn
öövilge	öövilkeisse	PlIll
öövilge	öövilkeist	PlEl
öövilge	öövilkeks	SgTr
öövilge	öövilkel	SgAd
öövilge	öövilkele	SgAll
öövilge	öövilkelt	SgAbl
öövilge	öövilkena	SgEs
öövilge	öövilkeni	SgTer
öövilge	öövilkes	SgIn
öövilge	öövilkesse	SgIll
öövilge	öövilkest	SgEl
öövilge	öövilketa	SgAb
ökofašistlik	ökofašistlik	SgN
ökofašistlik	ökofašistlike	PlG
ökofašistlik	ökofašistlikega	PlKom
ökofašistlik	ökofašistlikeks	PlTr
ökofašistlik	ökofašistlikel	PlAd
ökofašistlik	ökofašistlikele	PlAll
ökofašistlik	ökofašistlikelt	PlAbl
ökofašistlik	ökofašistlikena	PlEs
ökofašistlik	ökofašistlikeni	PlTer
ökofašistlik	ökofašistlikes	PlIn
ökofašistlik	ökofašistlikesse	PlIll
ökofašistlik	ökofašistlikest	PlEl
ökofašistlik	ökofašistliketa	PlAb
ökofašistlik	ökofašistlikke	PlP
ökofašistlik	ökofašistlikku	SgAdt
ökofašistlik	ökofašistlikku	SgP
ökofašistlik	ökofašistlikkude	PlG
ökofašistlik	ökofašistlikkudega	PlKom
ökofašistlik	ökofašistlikkudeks	PlTr
ökofašistlik	ökofašistlikkudel	PlAd
ökofašistlik	ökofašistlikkudele	PlAll
ökofašistlik	ökofašistlikkudelt	PlAbl
ökofašistlik	ökofašistlikkudena	PlEs
ökofašistlik	ökofašistlikkudeni	PlTer
ökofašistlik	ökofašistlikkudes	PlIn
ökofašistlik	ökofašistlikkudesse	PlIll
ökofašistlik	ökofašistlikkudest	PlEl
ökofašistlik	ökofašistlikkudeta	PlAb
ökofašistlik	ökofašistlikkusid	PlP
ökofašistlik	ökofašistliku	SgG
ökofašistlik	ökofašistlikud	PlN
ökofašistlik	ökofašistlikuga	SgKom
ökofašistlik	ökofašistlikuks	SgTr
ökofašistlik	ökofašistlikul	SgAd
ökofašistlik	ökofašistlikule	SgAll
ökofašistlik	ökofašistlikult	SgAbl
ökofašistlik	ökofašistlikuna	SgEs
ökofašistlik	ökofašistlikuni	SgTer
ökofašistlik	ökofašistlikus	SgIn
ökofašistlik	ökofašistlikusse	SgIll
ökofašistlik	ökofašistlikust	SgEl
ökofašistlik	ökofašistlikuta	SgAb
ökofašist	ökofašist	SgN
ökofašist	ökofašiste	PlP
ökofašist	ökofašisteks	PlTr
ökofašist	ökofašistel	PlAd
ökofašist	ökofašistele	PlAll
ökofašist	ökofašistelt	PlAbl
ökofašist	ökofašistes	PlIn
ökofašist	ökofašistesse	PlIll
ökofašist	ökofašistest	PlEl
ökofašist	ökofašisti	SgAdt
ökofašist	ökofašisti	SgG
ökofašist	ökofašisti	SgP
ökofašist	ökofašistid	PlN
ökofašist	ökofašistide	PlG
ökofašist	ökofašistidega	PlKom
ökofašist	ökofašistideks	PlTr
ökofašist	ökofašistidel	PlAd
ökofašist	ökofašistidele	PlAll
ökofašist	ökofašistidelt	PlAbl
ökofašist	ökofašistidena	PlEs
ökofašist	ökofašistideni	PlTer
ökofašist	ökofašistides	PlIn
ökofašist	ökofašistidesse	PlIll
ökofašist	ökofašistidest	PlEl
ökofašist	ökofašistideta	PlAb
ökofašist	ökofašistiga	SgKom
ökofašist	ökofašistiks	SgTr
ökofašist	ökofašistil	SgAd
ökofašist	ökofašistile	SgAll
ökofašist	ökofašistilt	SgAbl
ökofašist	ökofašistina	SgEs
ökofašist	ökofašistini	SgTer
ökofašist	ökofašistis	SgIn
ökofašist	ökofašistisid	PlP
ökofašist	ökofašistisse	SgIll
ökofašist	ökofašistist	SgEl
ökofašist	ökofašistita	SgAb
ökofeministlik	ökofeministlik	SgN
ökofeministlik	ökofeministlike	PlG
ökofeministlik	ökofeministlikega	PlKom
ökofeministlik	ökofeministlikeks	PlTr
ökofeministlik	ökofeministlikel	PlAd
ökofeministlik	ökofeministlikele	PlAll
ökofeministlik	ökofeministlikelt	PlAbl
ökofeministlik	ökofeministlikena	PlEs
ökofeministlik	ökofeministlikeni	PlTer
ökofeministlik	ökofeministlikes	PlIn
ökofeministlik	ökofeministlikesse	PlIll
ökofeministlik	ökofeministlikest	PlEl
ökofeministlik	ökofeministliketa	PlAb
ökofeministlik	ökofeministlikke	PlP
ökofeministlik	ökofeministlikku	SgAdt
ökofeministlik	ökofeministlikku	SgP
ökofeministlik	ökofeministlikkude	PlG
ökofeministlik	ökofeministlikkudega	PlKom
ökofeministlik	ökofeministlikkudeks	PlTr
ökofeministlik	ökofeministlikkudel	PlAd
ökofeministlik	ökofeministlikkudele	PlAll
ökofeministlik	ökofeministlikkudelt	PlAbl
ökofeministlik	ökofeministlikkudena	PlEs
ökofeministlik	ökofeministlikkudeni	PlTer
ökofeministlik	ökofeministlikkudes	PlIn
ökofeministlik	ökofeministlikkudesse	PlIll
ökofeministlik	ökofeministlikkudest	PlEl
ökofeministlik	ökofeministlikkudeta	PlAb
ökofeministlik	ökofeministlikkusid	PlP
ökofeministlik	ökofeministliku	SgG
ökofeministlik	ökofeministlikud	PlN
ökofeministlik	ökofeministlikuga	SgKom
ökofeministlik	ökofeministlikuks	SgTr
ökofeministlik	ökofeministlikul	SgAd
ökofeministlik	ökofeministlikule	SgAll
ökofeministlik	ökofeministlikult	SgAbl
ökofeministlik	ökofeministlikuna	SgEs
ökofeministlik	ökofeministlikuni	SgTer
ökofeministlik	ökofeministlikus	SgIn
ökofeministlik	ökofeministlikusse	SgIll
ökofeministlik	ökofeministlikust	SgEl
ökofeministlik	ökofeministlikuta	SgAb
ökofeminist	ökofeminist	SgN
ökofeminist	ökofeministe	PlP
ökofeminist	ökofeministeks	PlTr
ökofeminist	ökofeministel	PlAd
ökofeminist	ökofeministele	PlAll
ökofeminist	ökofeministelt	PlAbl
ökofeminist	ökofeministes	PlIn
ökofeminist	ökofeministesse	PlIll
ökofeminist	ökofeministest	PlEl
ökofeminist	ökofeministi	SgAdt
ökofeminist	ökofeministi	SgG
ökofeminist	ökofeministi	SgP
ökofeminist	ökofeministid	PlN
ökofeminist	ökofeministide	PlG
ökofeminist	ökofeministidega	PlKom
ökofeminist	ökofeministideks	PlTr
ökofeminist	ökofeministidel	PlAd
ökofeminist	ökofeministidele	PlAll
ökofeminist	ökofeministidelt	PlAbl
ökofeminist	ökofeministidena	PlEs
ökofeminist	ökofeministideni	PlTer
ökofeminist	ökofeministides	PlIn
ökofeminist	ökofeministidesse	PlIll
ökofeminist	ökofeministidest	PlEl
ökofeminist	ökofeministideta	PlAb
ökofeminist	ökofeministiga	SgKom
ökofeminist	ökofeministiks	SgTr
ökofeminist	ökofeministil	SgAd
ökofeminist	ökofeministile	SgAll
ökofeminist	ökofeministilt	SgAbl
ökofeminist	ökofeministina	SgEs
ökofeminist	ökofeministini	SgTer
ökofeminist	ökofeministis	SgIn
ökofeminist	ökofeministisid	PlP
ökofeminist	ökofeministisse	SgIll
ökofeminist	ökofeministist	SgEl
ökofeminist	ökofeministita	SgAb
ökoloog	ökoloog	SgN
ökoloog	ökolooge	PlP
ökoloog	ökoloogeks	PlTr
ökoloog	ökoloogel	PlAd
ökoloog	ökoloogele	PlAll
ökoloog	ökoloogelt	PlAbl
ökoloog	ökolooges	PlIn
ökoloog	ökoloogesse	PlIll
ökoloog	ökoloogest	PlEl
ökoloog	ökoloogi	SgAdt
ökoloog	ökoloogi	SgG
ökoloog	ökoloogi	SgP
ökoloog	ökoloogid	PlN
ökoloog	ökoloogide	PlG
ökoloog	ökoloogidega	PlKom
ökoloog	ökoloogideks	PlTr
ökoloog	ökoloogidel	PlAd
ökoloog	ökoloogidele	PlAll
ökoloog	ökoloogidelt	PlAbl
ökoloog	ökoloogidena	PlEs
ökoloog	ökoloogideni	PlTer
ökoloog	ökoloogides	PlIn
ökoloog	ökoloogidesse	PlIll
ökoloog	ökoloogidest	PlEl
ökoloog	ökoloogideta	PlAb
ökoloog	ökoloogiga	SgKom
ökoloog	ökoloogiks	SgTr
ökoloog	ökoloogil	SgAd
ökoloog	ökoloogile	SgAll
ökoloog	ökoloogilt	SgAbl
ökoloog	ökoloogina	SgEs
ökoloog	ökoloogini	SgTer
ökoloog	ökoloogis	SgIn
ökoloog	ökoloogisid	PlP
ökoloog	ökoloogisse	SgIll
ökoloog	ökoloogist	SgEl
ökoloog	ökoloogita	SgAb
ökoloogiliselt	ökoloogiliselt	ID
ökonoomselt	ökonoomselt	ID
ökonoomsus	-	SgAdt
ökonoomsus	ökonoomsus	SgN
ökonoomsus	ökonoomsuse	SgG
ökonoomsus	ökonoomsused	PlN
ökonoomsus	ökonoomsusega	SgKom
ökonoomsus	ökonoomsuseid	PlP
ökonoomsus	ökonoomsuseiks	PlTr
ökonoomsus	ökonoomsuseil	PlAd
ökonoomsus	ökonoomsuseile	PlAll
ökonoomsus	ökonoomsuseilt	PlAbl
ökonoomsus	ökonoomsuseis	PlIn
ökonoomsus	ökonoomsuseisse	PlIll
ökonoomsus	ökonoomsuseist	PlEl
ökonoomsus	ökonoomsuseks	SgTr
ökonoomsus	ökonoomsusel	SgAd
ökonoomsus	ökonoomsusele	SgAll
ökonoomsus	ökonoomsuselt	SgAbl
ökonoomsus	ökonoomsusena	SgEs
ökonoomsus	ökonoomsuseni	SgTer
ökonoomsus	ökonoomsuses	SgIn
ökonoomsus	ökonoomsusesse	SgIll
ökonoomsus	ökonoomsusest	SgEl
ökonoomsus	ökonoomsuseta	SgAb
ökonoomsus	ökonoomsusi	PlP
ökonoomsus	ökonoomsusiks	PlTr
ökonoomsus	ökonoomsusil	PlAd
ökonoomsus	ökonoomsusile	PlAll
ökonoomsus	ökonoomsusilt	PlAbl
ökonoomsus	ökonoomsusis	PlIn
ökonoomsus	ökonoomsusisse	PlIll
ökonoomsus	ökonoomsusist	PlEl
ökonoomsus	ökonoomsusse	SgAdt
ökonoomsus	ökonoomsust	SgP
ökonoomsus	ökonoomsuste	PlG
ökonoomsus	ökonoomsustega	PlKom
ökonoomsus	ökonoomsusteks	PlTr
ökonoomsus	ökonoomsustel	PlAd
ökonoomsus	ökonoomsustele	PlAll
ökonoomsus	ökonoomsustelt	PlAbl
ökonoomsus	ökonoomsustena	PlEs
ökonoomsus	ökonoomsusteni	PlTer
ökonoomsus	ökonoomsustes	PlIn
ökonoomsus	ökonoomsustesse	PlIll
ökonoomsus	ökonoomsustest	PlEl
ökonoomsus	ökonoomsusteta	PlAb
ökoturist	ökoturist	SgN
ökoturist	ökoturiste	PlP
ökoturist	ökoturisteks	PlTr
ökoturist	ökoturistel	PlAd
ökoturist	ökoturistele	PlAll
ökoturist	ökoturistelt	PlAbl
ökoturist	ökoturistes	PlIn
ökoturist	ökoturistesse	PlIll
ökoturist	ökoturistest	PlEl
ökoturist	ökoturisti	SgAdt
ökoturist	ökoturisti	SgG
ökoturist	ökoturisti	SgP
ökoturist	ökoturistid	PlN
ökoturist	ökoturistide	PlG
ökoturist	ökoturistidega	PlKom
ökoturist	ökoturistideks	PlTr
ökoturist	ökoturistidel	PlAd
ökoturist	ökoturistidele	PlAll
ökoturist	ökoturistidelt	PlAbl
ökoturist	ökoturistidena	PlEs
ökoturist	ökoturistideni	PlTer
ökoturist	ökoturistides	PlIn
ökoturist	ökoturistidesse	PlIll
ökoturist	ökoturistidest	PlEl
ökoturist	ökoturistideta	PlAb
ökoturist	ökoturistiga	SgKom
ökoturist	ökoturistiks	SgTr
ökoturist	ökoturistil	SgAd
ökoturist	ökoturistile	SgAll
ökoturist	ökoturistilt	SgAbl
ökoturist	ökoturistina	SgEs
ökoturist	ökoturistini	SgTer
ökoturist	ökoturistis	SgIn
ökoturist	ökoturistisid	PlP
ökoturist	ökoturistisse	SgIll
ökoturist	ökoturistist	SgEl
ökoturist	ökoturistita	SgAb
önoloog	önoloog	SgN
önoloog	önolooge	PlP
önoloog	önoloogeks	PlTr
önoloog	önoloogel	PlAd
önoloog	önoloogele	PlAll
önoloog	önoloogelt	PlAbl
önoloog	önolooges	PlIn
önoloog	önoloogesse	PlIll
önoloog	önoloogest	PlEl
önoloog	önoloogi	SgAdt
önoloog	önoloogi	SgG
önoloog	önoloogi	SgP
önoloog	önoloogid	PlN
önoloog	önoloogide	PlG
önoloog	önoloogidega	PlKom
önoloog	önoloogideks	PlTr
önoloog	önoloogidel	PlAd
önoloog	önoloogidele	PlAll
önoloog	önoloogidelt	PlAbl
önoloog	önoloogidena	PlEs
önoloog	önoloogideni	PlTer
önoloog	önoloogides	PlIn
önoloog	önoloogidesse	PlIll
önoloog	önoloogidest	PlEl
önoloog	önoloogideta	PlAb
önoloog	önoloogiga	SgKom
önoloog	önoloogiks	SgTr
önoloog	önoloogil	SgAd
önoloog	önoloogile	SgAll
önoloog	önoloogilt	SgAbl
önoloog	önoloogina	SgEs
önoloog	önoloogini	SgTer
önoloog	önoloogis	SgIn
önoloog	önoloogisid	PlP
önoloog	önoloogisse	SgIll
önoloog	önoloogist	SgEl
önoloog	önoloogita	SgAb
ööbimine	ööbimine	SgN
ööbimine	ööbimise	SgG
ööbimine	ööbimised	PlN
ööbimine	ööbimisega	SgKom
ööbimine	ööbimiseks	SgTr
ööbimine	ööbimisel	SgAd
ööbimine	ööbimisele	SgAll
ööbimine	ööbimiselt	SgAbl
ööbimine	ööbimisena	SgEs
ööbimine	ööbimiseni	SgTer
ööbimine	ööbimises	SgIn
ööbimine	ööbimisesse	SgIll
ööbimine	ööbimisest	SgEl
ööbimine	ööbimiseta	SgAb
ööbimine	ööbimisi	PlP
ööbimine	ööbimisiks	PlTr
ööbimine	ööbimisil	PlAd
ööbimine	ööbimisile	PlAll
ööbimine	ööbimisilt	PlAbl
ööbimine	ööbimisis	PlIn
ööbimine	ööbimisisse	PlIll
ööbimine	ööbimisist	PlEl
ööbimine	ööbimisse	SgAdt
ööbimine	ööbimist	SgP
ööbimine	ööbimiste	PlG
ööbimine	ööbimistega	PlKom
ööbimine	ööbimisteks	PlTr
ööbimine	ööbimistel	PlAd
ööbimine	ööbimistele	PlAll
ööbimine	ööbimistelt	PlAbl
ööbimine	ööbimistena	PlEs
ööbimine	ööbimisteni	PlTer
ööbimine	ööbimistes	PlIn
ööbimine	ööbimistesse	PlIll
ööbimine	ööbimistest	PlEl
ööbimine	ööbimisteta	PlAb
ööpimedus	ööpimedus	SgN
ööpimedus	ööpimeduse	SgG
ööpimedus	ööpimedused	PlN
ööpimedus	ööpimedusega	SgKom
ööpimedus	ööpimeduseks	SgTr
ööpimedus	ööpimedusel	SgAd
ööpimedus	ööpimedusele	SgAll
ööpimedus	ööpimeduselt	SgAbl
ööpimedus	ööpimedusena	SgEs
ööpimedus	ööpimeduseni	SgTer
ööpimedus	ööpimeduses	SgIn
ööpimedus	ööpimedusesse	SgIll
ööpimedus	ööpimedusest	SgEl
ööpimedus	ööpimeduseta	SgAb
ööpimedus	ööpimedusi	PlP
ööpimedus	ööpimedusiks	PlTr
ööpimedus	ööpimedusil	PlAd
ööpimedus	ööpimedusile	PlAll
ööpimedus	ööpimedusilt	PlAbl
ööpimedus	ööpimedusis	PlIn
ööpimedus	ööpimedusisse	PlIll
ööpimedus	ööpimedusist	PlEl
ööpimedus	ööpimedusse	SgAdt
ööpimedus	ööpimedust	SgP
ööpimedus	ööpimeduste	PlG
ööpimedus	ööpimedustega	PlKom
ööpimedus	ööpimedusteks	PlTr
ööpimedus	ööpimedustel	PlAd
ööpimedus	ööpimedustele	PlAll
ööpimedus	ööpimedustelt	PlAbl
ööpimedus	ööpimedustena	PlEs
ööpimedus	ööpimedusteni	PlTer
ööpimedus	ööpimedustes	PlIn
ööpimedus	ööpimedustesse	PlIll
ööpimedus	ööpimedustest	PlEl
ööpimedus	ööpimedusteta	PlAb
ööpäevaringselt	ööpäevaringselt	ID
öördaja	-	SgAdt
öördaja	öördaja	SgG
öördaja	öördaja	SgN
öördaja	öördajad	PlN
öördaja	öördajaga	SgKom
öördaja	öördajaid	PlP
öördaja	öördajaiks	PlTr
öördaja	öördajail	PlAd
öördaja	öördajaile	PlAll
öördaja	öördajailt	PlAbl
öördaja	öördajais	PlIn
öördaja	öördajaisse	PlIll
öördaja	öördajaist	PlEl
öördaja	öördajaks	SgTr
öördaja	öördajal	SgAd
öördaja	öördajale	SgAll
öördaja	öördajalt	SgAbl
öördaja	öördajana	SgEs
öördaja	öördajani	SgTer
öördaja	öördajas	SgIn
öördaja	öördajasse	SgIll
öördaja	öördajast	SgEl
öördaja	öördajat	SgP
öördaja	öördajata	SgAb
öördaja	öördajate	PlG
öördaja	öördajatega	PlKom
öördaja	öördajateks	PlTr
öördaja	öördajatel	PlAd
öördaja	öördajatele	PlAll
öördaja	öördajatelt	PlAbl
öördaja	öördajatena	PlEs
öördaja	öördajateni	PlTer
öördaja	öördajates	PlIn
öördaja	öördajatesse	PlIll
öördaja	öördajatest	PlEl
öördaja	öördajateta	PlAb
ööaeg	ööaeg	SgN
ööaeg	ööaega	SgAdt
ööaeg	ööaega	SgP
ööaeg	ööaegade	PlG
ööaeg	ööaegadega	PlKom
ööaeg	ööaegadeks	PlTr
ööaeg	ööaegadel	PlAd
ööaeg	ööaegadele	PlAll
ööaeg	ööaegadelt	PlAbl
ööaeg	ööaegadena	PlEs
ööaeg	ööaegadeni	PlTer
ööaeg	ööaegades	PlIn
ööaeg	ööaegadesse	PlIll
ööaeg	ööaegadest	PlEl
ööaeg	ööaegadeta	PlAb
ööaeg	ööaegasid	PlP
ööaeg	ööaegu	PlP
ööaeg	ööaja	SgG
ööaeg	ööajad	PlN
ööaeg	ööajaga	SgKom
ööaeg	ööajaks	SgTr
ööaeg	ööajal	SgAd
ööaeg	ööajale	SgAll
ööaeg	ööajalt	SgAbl
ööaeg	ööajana	SgEs
ööaeg	ööajani	SgTer
ööaeg	ööajas	SgIn
ööaeg	ööajasse	SgIll
ööaeg	ööajast	SgEl
ööaeg	ööajata	SgAb
ööaeg	ööajuks	PlTr
ööaeg	ööajul	PlAd
ööaeg	ööajule	PlAll
ööaeg	ööajult	PlAbl
ööaeg	ööajus	PlIn
ööaeg	ööajusse	PlIll
ööaeg	ööajust	PlEl
ööhämarus	ööhämarus	SgN
ööhämarus	ööhämaruse	SgG
ööhämarus	ööhämarused	PlN
ööhämarus	ööhämarusega	SgKom
ööhämarus	ööhämaruseks	SgTr
ööhämarus	ööhämarusel	SgAd
ööhämarus	ööhämarusele	SgAll
ööhämarus	ööhämaruselt	SgAbl
ööhämarus	ööhämarusena	SgEs
ööhämarus	ööhämaruseni	SgTer
ööhämarus	ööhämaruses	SgIn
ööhämarus	ööhämarusesse	SgIll
ööhämarus	ööhämarusest	SgEl
ööhämarus	ööhämaruseta	SgAb
ööhämarus	ööhämarusi	PlP
ööhämarus	ööhämarusiks	PlTr
ööhämarus	ööhämarusil	PlAd
ööhämarus	ööhämarusile	PlAll
ööhämarus	ööhämarusilt	PlAbl
ööhämarus	ööhämarusis	PlIn
ööhämarus	ööhämarusisse	PlIll
ööhämarus	ööhämarusist	PlEl
ööhämarus	ööhämarusse	SgAdt
ööhämarus	ööhämarust	SgP
ööhämarus	ööhämaruste	PlG
ööhämarus	ööhämarustega	PlKom
ööhämarus	ööhämarusteks	PlTr
ööhämarus	ööhämarustel	PlAd
ööhämarus	ööhämarustele	PlAll
ööhämarus	ööhämarustelt	PlAbl
ööhämarus	ööhämarustena	PlEs
ööhämarus	ööhämarusteni	PlTer
ööhämarus	ööhämarustes	PlIn
ööhämarus	ööhämarustesse	PlIll
ööhämarus	ööhämarustest	PlEl
ööhämarus	ööhämarusteta	PlAb
ööhämu	-	SgAdt
ööhämu	ööhämu	SgG
ööhämu	ööhämu	SgN
ööhämu	ööhämu	SgP
ööhämu	ööhämud	PlN
ööhämu	ööhämude	PlG
ööhämu	ööhämudega	PlKom
ööhämu	ööhämudeks	PlTr
ööhämu	ööhämudel	PlAd
ööhämu	ööhämudele	PlAll
ööhämu	ööhämudelt	PlAbl
ööhämu	ööhämudena	PlEs
ööhämu	ööhämudeni	PlTer
ööhämu	ööhämudes	PlIn
ööhämu	ööhämudesse	PlIll
ööhämu	ööhämudest	PlEl
ööhämu	ööhämudeta	PlAb
ööhämu	ööhämuga	SgKom
ööhämu	ööhämuks	SgTr
ööhämu	ööhämul	SgAd
ööhämu	ööhämule	SgAll
ööhämu	ööhämult	SgAbl
ööhämu	ööhämuna	SgEs
ööhämu	ööhämuni	SgTer
ööhämu	ööhämus	SgIn
ööhämu	ööhämusid	PlP
ööhämu	ööhämusse	SgIll
ööhämu	ööhämust	SgEl
ööhämu	ööhämuta	SgAb
öökuub	öökuub	SgN
öökuub	öökuube	SgAdt
öökuub	öökuube	SgP
öökuub	öökuubede	PlG
öökuub	öökuubedega	PlKom
öökuub	öökuubedeks	PlTr
öökuub	öökuubedel	PlAd
öökuub	öökuubedele	PlAll
öökuub	öökuubedelt	PlAbl
öökuub	öökuubedena	PlEs
öökuub	öökuubedeni	PlTer
öökuub	öökuubedes	PlIn
öökuub	öökuubedesse	PlIll
öökuub	öökuubedest	PlEl
öökuub	öökuubedeta	PlAb
öökuub	öökuubesid	PlP
öökuub	öökuubi	PlP
öökuub	öökuue	SgG
öökuub	öökuued	PlN
öökuub	öökuuega	SgKom
öökuub	öökuueks	SgTr
öökuub	öökuuel	SgAd
öökuub	öökuuele	SgAll
öökuub	öökuuelt	SgAbl
öökuub	öökuuena	SgEs
öökuub	öökuueni	SgTer
öökuub	öökuues	SgIn
öökuub	öökuuesse	SgIll
öökuub	öökuuest	SgEl
öökuub	öökuueta	SgAb
ööbikulaul	ööbikulaul	SgN
ööbikulaul	ööbikulaule	PlP
ööbikulaul	ööbikulauleks	PlTr
ööbikulaul	ööbikulaulel	PlAd
ööbikulaul	ööbikulaulele	PlAll
ööbikulaul	ööbikulaulelt	PlAbl
ööbikulaul	ööbikulaules	PlIn
ööbikulaul	ööbikulaulesse	PlIll
ööbikulaul	ööbikulaulest	PlEl
ööbikulaul	ööbikulaulu	SgAdt
ööbikulaul	ööbikulaulu	SgG
ööbikulaul	ööbikulaulu	SgP
ööbikulaul	ööbikulaulud	PlN
ööbikulaul	ööbikulaulude	PlG
ööbikulaul	ööbikulauludega	PlKom
ööbikulaul	ööbikulauludeks	PlTr
ööbikulaul	ööbikulauludel	PlAd
ööbikulaul	ööbikulauludele	PlAll
ööbikulaul	ööbikulauludelt	PlAbl
ööbikulaul	ööbikulauludena	PlEs
ööbikulaul	ööbikulauludeni	PlTer
ööbikulaul	ööbikulauludes	PlIn
ööbikulaul	ööbikulauludesse	PlIll
ööbikulaul	ööbikulauludest	PlEl
ööbikulaul	ööbikulauludeta	PlAb
ööbikulaul	ööbikulauluga	SgKom
ööbikulaul	ööbikulauluks	SgTr
ööbikulaul	ööbikulaulul	SgAd
ööbikulaul	ööbikulaulule	SgAll
ööbikulaul	ööbikulaulult	SgAbl
ööbikulaul	ööbikulauluna	SgEs
ööbikulaul	ööbikulauluni	SgTer
ööbikulaul	ööbikulaulus	SgIn
ööbikulaul	ööbikulaulusid	PlP
ööbikulaul	ööbikulaulusse	SgIll
ööbikulaul	ööbikulaulust	SgEl
ööbikulaul	ööbikulauluta	SgAb
öeldistäidelause	-	SgAdt
öeldistäidelause	öeldistäidelause	SgG
öeldistäidelause	öeldistäidelause	SgN
öeldistäidelause	öeldistäidelaused	PlN
öeldistäidelause	öeldistäidelausega	SgKom
öeldistäidelause	öeldistäidelauseid	PlP
öeldistäidelause	öeldistäidelauseiks	PlTr
öeldistäidelause	öeldistäidelauseil	PlAd
öeldistäidelause	öeldistäidelauseile	PlAll
öeldistäidelause	öeldistäidelauseilt	PlAbl
öeldistäidelause	öeldistäidelauseis	PlIn
öeldistäidelause	öeldistäidelauseisse	PlIll
öeldistäidelause	öeldistäidelauseist	PlEl
öeldistäidelause	öeldistäidelauseks	SgTr
öeldistäidelause	öeldistäidelausel	SgAd
öeldistäidelause	öeldistäidelausele	SgAll
öeldistäidelause	öeldistäidelauselt	SgAbl
öeldistäidelause	öeldistäidelausena	SgEs
öeldistäidelause	öeldistäidelauseni	SgTer
öeldistäidelause	öeldistäidelauses	SgIn
öeldistäidelause	öeldistäidelausesse	SgIll
öeldistäidelause	öeldistäidelausest	SgEl
öeldistäidelause	öeldistäidelauset	SgP
öeldistäidelause	öeldistäidelauseta	SgAb
öeldistäidelause	öeldistäidelausete	PlG
öeldistäidelause	öeldistäidelausetega	PlKom
öeldistäidelause	öeldistäidelauseteks	PlTr
öeldistäidelause	öeldistäidelausetel	PlAd
öeldistäidelause	öeldistäidelausetele	PlAll
öeldistäidelause	öeldistäidelausetelt	PlAbl
öeldistäidelause	öeldistäidelausetena	PlEs
öeldistäidelause	öeldistäidelauseteni	PlTer
öeldistäidelause	öeldistäidelausetes	PlIn
öeldistäidelause	öeldistäidelausetesse	PlIll
öeldistäidelause	öeldistäidelausetest	PlEl
öeldistäidelause	öeldistäidelauseteta	PlAb
ööorienteerumine	ööorienteerumine	SgN
ööorienteerumine	ööorienteerumise	SgG
ööorienteerumine	ööorienteerumised	PlN
ööorienteerumine	ööorienteerumisega	SgKom
ööorienteerumine	ööorienteerumiseks	SgTr
ööorienteerumine	ööorienteerumisel	SgAd
ööorienteerumine	ööorienteerumisele	SgAll
ööorienteerumine	ööorienteerumiselt	SgAbl
ööorienteerumine	ööorienteerumisena	SgEs
ööorienteerumine	ööorienteerumiseni	SgTer
ööorienteerumine	ööorienteerumises	SgIn
ööorienteerumine	ööorienteerumisesse	SgIll
ööorienteerumine	ööorienteerumisest	SgEl
ööorienteerumine	ööorienteerumiseta	SgAb
ööorienteerumine	ööorienteerumisi	PlP
ööorienteerumine	ööorienteerumisiks	PlTr
ööorienteerumine	ööorienteerumisil	PlAd
ööorienteerumine	ööorienteerumisile	PlAll
ööorienteerumine	ööorienteerumisilt	PlAbl
ööorienteerumine	ööorienteerumisis	PlIn
ööorienteerumine	ööorienteerumisisse	PlIll
ööorienteerumine	ööorienteerumisist	PlEl
ööorienteerumine	ööorienteerumisse	SgAdt
ööorienteerumine	ööorienteerumist	SgP
ööorienteerumine	ööorienteerumiste	PlG
ööorienteerumine	ööorienteerumistega	PlKom
ööorienteerumine	ööorienteerumisteks	PlTr
ööorienteerumine	ööorienteerumistel	PlAd
ööorienteerumine	ööorienteerumistele	PlAll
ööorienteerumine	ööorienteerumistelt	PlAbl
ööorienteerumine	ööorienteerumistena	PlEs
ööorienteerumine	ööorienteerumisteni	PlTer
ööorienteerumine	ööorienteerumistes	PlIn
ööorienteerumine	ööorienteerumistesse	PlIll
ööorienteerumine	ööorienteerumistest	PlEl
ööorienteerumine	ööorienteerumisteta	PlAb
ööbimispaik	ööbimispaiga	SgG
ööbimispaik	ööbimispaigad	PlN
ööbimispaik	ööbimispaigaga	SgKom
ööbimispaik	ööbimispaigaks	SgTr
ööbimispaik	ööbimispaigal	SgAd
ööbimispaik	ööbimispaigale	SgAll
ööbimispaik	ööbimispaigalt	SgAbl
ööbimispaik	ööbimispaigana	SgEs
ööbimispaik	ööbimispaigani	SgTer
ööbimispaik	ööbimispaigas	SgIn
ööbimispaik	ööbimispaigasse	SgIll
ööbimispaik	ööbimispaigast	SgEl
ööbimispaik	ööbimispaigata	SgAb
ööbimispaik	ööbimispaiguks	PlTr
ööbimispaik	ööbimispaigul	PlAd
ööbimispaik	ööbimispaigule	PlAll
ööbimispaik	ööbimispaigult	PlAbl
ööbimispaik	ööbimispaigus	PlIn
ööbimispaik	ööbimispaigusse	PlIll
ööbimispaik	ööbimispaigust	PlEl
ööbimispaik	ööbimispaik	SgN
ööbimispaik	ööbimispaika	SgAdt
ööbimispaik	ööbimispaika	SgP
ööbimispaik	ööbimispaikade	PlG
ööbimispaik	ööbimispaikadega	PlKom
ööbimispaik	ööbimispaikadeks	PlTr
ööbimispaik	ööbimispaikadel	PlAd
ööbimispaik	ööbimispaikadele	PlAll
ööbimispaik	ööbimispaikadelt	PlAbl
ööbimispaik	ööbimispaikadena	PlEs
ööbimispaik	ööbimispaikadeni	PlTer
ööbimispaik	ööbimispaikades	PlIn
ööbimispaik	ööbimispaikadesse	PlIll
ööbimispaik	ööbimispaikadest	PlEl
ööbimispaik	ööbimispaikadeta	PlAb
ööbimispaik	ööbimispaikasid	PlP
ööbimispaik	ööbimispaiku	PlP
ööpäevaparallaks	ööpäevaparallaks	SgN
ööpäevaparallaks	ööpäevaparallakse	PlP
ööpäevaparallaks	ööpäevaparallakseks	PlTr
ööpäevaparallaks	ööpäevaparallaksel	PlAd
ööpäevaparallaks	ööpäevaparallaksele	PlAll
ööpäevaparallaks	ööpäevaparallakselt	PlAbl
ööpäevaparallaks	ööpäevaparallakses	PlIn
ööpäevaparallaks	ööpäevaparallaksesse	PlIll
ööpäevaparallaks	ööpäevaparallaksest	PlEl
ööpäevaparallaks	ööpäevaparallaksi	SgAdt
ööpäevaparallaks	ööpäevaparallaksi	SgG
ööpäevaparallaks	ööpäevaparallaksi	SgP
ööpäevaparallaks	ööpäevaparallaksid	PlN
ööpäevaparallaks	ööpäevaparallakside	PlG
ööpäevaparallaks	ööpäevaparallaksidega	PlKom
ööpäevaparallaks	ööpäevaparallaksideks	PlTr
ööpäevaparallaks	ööpäevaparallaksidel	PlAd
ööpäevaparallaks	ööpäevaparallaksidele	PlAll
ööpäevaparallaks	ööpäevaparallaksidelt	PlAbl
ööpäevaparallaks	ööpäevaparallaksidena	PlEs
ööpäevaparallaks	ööpäevaparallaksideni	PlTer
ööpäevaparallaks	ööpäevaparallaksides	PlIn
ööpäevaparallaks	ööpäevaparallaksidesse	PlIll
ööpäevaparallaks	ööpäevaparallaksidest	PlEl
ööpäevaparallaks	ööpäevaparallaksideta	PlAb
ööpäevaparallaks	ööpäevaparallaksiga	SgKom
ööpäevaparallaks	ööpäevaparallaksiks	SgTr
ööpäevaparallaks	ööpäevaparallaksil	SgAd
ööpäevaparallaks	ööpäevaparallaksile	SgAll
ööpäevaparallaks	ööpäevaparallaksilt	SgAbl
ööpäevaparallaks	ööpäevaparallaksina	SgEs
ööpäevaparallaks	ööpäevaparallaksini	SgTer
ööpäevaparallaks	ööpäevaparallaksis	SgIn
ööpäevaparallaks	ööpäevaparallaksisid	PlP
ööpäevaparallaks	ööpäevaparallaksisse	SgIll
ööpäevaparallaks	ööpäevaparallaksist	SgEl
ööpäevaparallaks	ööpäevaparallaksita	SgAb
ööbimispeatus	-	SgAdt
ööbimispeatus	ööbimispeatus	SgN
ööbimispeatus	ööbimispeatuse	SgG
ööbimispeatus	ööbimispeatused	PlN
ööbimispeatus	ööbimispeatusega	SgKom
ööbimispeatus	ööbimispeatuseid	PlP
ööbimispeatus	ööbimispeatuseiks	PlTr
ööbimispeatus	ööbimispeatuseil	PlAd
ööbimispeatus	ööbimispeatuseile	PlAll
ööbimispeatus	ööbimispeatuseilt	PlAbl
ööbimispeatus	ööbimispeatuseis	PlIn
ööbimispeatus	ööbimispeatuseisse	PlIll
ööbimispeatus	ööbimispeatuseist	PlEl
ööbimispeatus	ööbimispeatuseks	SgTr
ööbimispeatus	ööbimispeatusel	SgAd
ööbimispeatus	ööbimispeatusele	SgAll
ööbimispeatus	ööbimispeatuselt	SgAbl
ööbimispeatus	ööbimispeatusena	SgEs
ööbimispeatus	ööbimispeatuseni	SgTer
ööbimispeatus	ööbimispeatuses	SgIn
ööbimispeatus	ööbimispeatusesse	SgIll
ööbimispeatus	ööbimispeatusest	SgEl
ööbimispeatus	ööbimispeatuseta	SgAb
ööbimispeatus	ööbimispeatusi	PlP
ööbimispeatus	ööbimispeatusiks	PlTr
ööbimispeatus	ööbimispeatusil	PlAd
ööbimispeatus	ööbimispeatusile	PlAll
ööbimispeatus	ööbimispeatusilt	PlAbl
ööbimispeatus	ööbimispeatusis	PlIn
ööbimispeatus	ööbimispeatusisse	PlIll
ööbimispeatus	ööbimispeatusist	PlEl
ööbimispeatus	ööbimispeatusse	SgAdt
ööbimispeatus	ööbimispeatust	SgP
ööbimispeatus	ööbimispeatuste	PlG
ööbimispeatus	ööbimispeatustega	PlKom
ööbimispeatus	ööbimispeatusteks	PlTr
ööbimispeatus	ööbimispeatustel	PlAd
ööbimispeatus	ööbimispeatustele	PlAll
ööbimispeatus	ööbimispeatustelt	PlAbl
ööbimispeatus	ööbimispeatustena	PlEs
ööbimispeatus	ööbimispeatusteni	PlTer
ööbimispeatus	ööbimispeatustes	PlIn
ööbimispeatus	ööbimispeatustesse	PlIll
ööbimispeatus	ööbimispeatustest	PlEl
ööbimispeatus	ööbimispeatusteta	PlAb
öötanu	-	SgAdt
öötanu	öötanu	SgG
öötanu	öötanu	SgN
öötanu	öötanu	SgP
öötanu	öötanud	PlN
öötanu	öötanude	PlG
öötanu	öötanudega	PlKom
öötanu	öötanudeks	PlTr
öötanu	öötanudel	PlAd
öötanu	öötanudele	PlAll
öötanu	öötanudelt	PlAbl
öötanu	öötanudena	PlEs
öötanu	öötanudeni	PlTer
öötanu	öötanudes	PlIn
öötanu	öötanudesse	PlIll
öötanu	öötanudest	PlEl
öötanu	öötanudeta	PlAb
öötanu	öötanuga	SgKom
öötanu	öötanuks	SgTr
öötanu	öötanul	SgAd
öötanu	öötanule	SgAll
öötanu	öötanult	SgAbl
öötanu	öötanuna	SgEs
öötanu	öötanuni	SgTer
öötanu	öötanus	SgIn
öötanu	öötanusid	PlP
öötanu	öötanusse	SgIll
öötanu	öötanust	SgEl
öötanu	öötanuta	SgAb
ööudu	ööudu	SgG
ööudu	ööudu	SgN
ööudu	ööudu	SgP
ööudu	ööudud	PlN
ööudu	ööudude	PlG
ööudu	ööududega	PlKom
ööudu	ööududeks	PlTr
ööudu	ööududel	PlAd
ööudu	ööududele	PlAll
ööudu	ööududelt	PlAbl
ööudu	ööududena	PlEs
ööudu	ööududeni	PlTer
ööudu	ööududes	PlIn
ööudu	ööududesse	PlIll
ööudu	ööududest	PlEl
ööudu	ööududeta	PlAb
ööudu	ööuduga	SgKom
ööudu	ööuduks	SgTr
ööudu	ööudul	SgAd
ööudu	ööudule	SgAll
ööudu	ööudult	SgAbl
ööudu	ööuduna	SgEs
ööudu	ööuduni	SgTer
ööudu	ööudus	SgIn
ööudu	ööudusid	PlP
ööudu	ööudusse	SgIll
ööudu	ööudust	SgEl
ööudu	ööuduta	SgAb
ööudu	ööuttu	SgAdt
öeldamatult	öeldamatult	ID
ökoauto	-	SgAdt
ökoauto	ökoauto	SgG
ökoauto	ökoauto	SgN
ökoauto	ökoautod	PlN
ökoauto	ökoautode	PlG
ökoauto	ökoautodega	PlKom
ökoauto	ökoautodeks	PlTr
ökoauto	ökoautodel	PlAd
ökoauto	ökoautodele	PlAll
ökoauto	ökoautodelt	PlAbl
ökoauto	ökoautodena	PlEs
ökoauto	ökoautodeni	PlTer
ökoauto	ökoautodes	PlIn
ökoauto	ökoautodesse	PlIll
ökoauto	ökoautodest	PlEl
ökoauto	ökoautodeta	PlAb
ökoauto	ökoautoga	SgKom
ökoauto	ökoautoks	SgTr
ökoauto	ökoautol	SgAd
ökoauto	ökoautole	SgAll
ökoauto	ökoautolt	SgAbl
ökoauto	ökoautona	SgEs
ökoauto	ökoautoni	SgTer
ökoauto	ökoautos	SgIn
ökoauto	ökoautosid	PlP
ökoauto	ökoautosse	SgIll
ökoauto	ökoautost	SgEl
ökoauto	ökoautot	SgP
ökoauto	ökoautota	SgAb
ökosuhted	-	SgAdt
ökosuhted	ökosuhe	SgN
ökosuhted	ökosuhet	SgP
ökosuhted	ökosuhete	PlG
ökosuhted	ökosuhetega	PlKom
ökosuhted	ökosuheteks	PlTr
ökosuhted	ökosuhetel	PlAd
ökosuhted	ökosuhetele	PlAll
ökosuhted	ökosuhetelt	PlAbl
ökosuhted	ökosuhetena	PlEs
ökosuhted	ökosuheteni	PlTer
ökosuhted	ökosuhetes	PlIn
ökosuhted	ökosuhetesse	PlIll
ökosuhted	ökosuhetest	PlEl
ökosuhted	ökosuheteta	PlAb
ökosuhted	ökosuhte	SgG
ökosuhted	ökosuhted	PlN
ökosuhted	ökosuhtega	SgKom
ökosuhted	ökosuhteid	PlP
ökosuhted	ökosuhteiks	PlTr
ökosuhted	ökosuhteil	PlAd
ökosuhted	ökosuhteile	PlAll
ökosuhted	ökosuhteilt	PlAbl
ökosuhted	ökosuhteis	PlIn
ökosuhted	ökosuhteisse	PlIll
ökosuhted	ökosuhteist	PlEl
ökosuhted	ökosuhteks	SgTr
ökosuhted	ökosuhtel	SgAd
ökosuhted	ökosuhtele	SgAll
ökosuhted	ökosuhtelt	SgAbl
ökosuhted	ökosuhtena	SgEs
ökosuhted	ökosuhteni	SgTer
ökosuhted	ökosuhtes	SgIn
ökosuhted	ökosuhtesse	SgIll
ökosuhted	ökosuhtest	SgEl
ökosuhted	ökosuhteta	SgAb
ösofagoskoop	ösofagoskoobeks	PlTr
ösofagoskoop	ösofagoskoobel	PlAd
ösofagoskoop	ösofagoskoobele	PlAll
ösofagoskoop	ösofagoskoobelt	PlAbl
ösofagoskoop	ösofagoskoobes	PlIn
ösofagoskoop	ösofagoskoobesse	PlIll
ösofagoskoop	ösofagoskoobest	PlEl
ösofagoskoop	ösofagoskoobi	SgG
ösofagoskoop	ösofagoskoobid	PlN
ösofagoskoop	ösofagoskoobiga	SgKom
ösofagoskoop	ösofagoskoobiks	SgTr
ösofagoskoop	ösofagoskoobil	SgAd
ösofagoskoop	ösofagoskoobile	SgAll
ösofagoskoop	ösofagoskoobilt	SgAbl
ösofagoskoop	ösofagoskoobina	SgEs
ösofagoskoop	ösofagoskoobini	SgTer
ösofagoskoop	ösofagoskoobis	SgIn
ösofagoskoop	ösofagoskoobisse	SgIll
ösofagoskoop	ösofagoskoobist	SgEl
ösofagoskoop	ösofagoskoobita	SgAb
ösofagoskoop	ösofagoskoop	SgN
ösofagoskoop	ösofagoskoope	PlP
ösofagoskoop	ösofagoskoopi	SgAdt
ösofagoskoop	ösofagoskoopi	SgP
ösofagoskoop	ösofagoskoopide	PlG
ösofagoskoop	ösofagoskoopidega	PlKom
ösofagoskoop	ösofagoskoopideks	PlTr
ösofagoskoop	ösofagoskoopidel	PlAd
ösofagoskoop	ösofagoskoopidele	PlAll
ösofagoskoop	ösofagoskoopidelt	PlAbl
ösofagoskoop	ösofagoskoopidena	PlEs
ösofagoskoop	ösofagoskoopideni	PlTer
ösofagoskoop	ösofagoskoopides	PlIn
ösofagoskoop	ösofagoskoopidesse	PlIll
ösofagoskoop	ösofagoskoopidest	PlEl
ösofagoskoop	ösofagoskoopideta	PlAb
ösofagoskoop	ösofagoskoopisid	PlP
östroon	östroon	SgN
östroon	östroone	PlP
östroon	östrooneks	PlTr
östroon	östroonel	PlAd
östroon	östroonele	PlAll
östroon	östroonelt	PlAbl
östroon	östroones	PlIn
östroon	östroonesse	PlIll
östroon	östroonest	PlEl
östroon	östrooni	SgAdt
östroon	östrooni	SgG
östroon	östrooni	SgP
östroon	östroonid	PlN
östroon	östroonide	PlG
östroon	östroonidega	PlKom
östroon	östroonideks	PlTr
östroon	östroonidel	PlAd
östroon	östroonidele	PlAll
östroon	östroonidelt	PlAbl
östroon	östroonidena	PlEs
östroon	östroonideni	PlTer
östroon	östroonides	PlIn
östroon	östroonidesse	PlIll
östroon	östroonidest	PlEl
östroon	östroonideta	PlAb
östroon	östrooniga	SgKom
östroon	östrooniks	SgTr
östroon	östroonil	SgAd
östroon	östroonile	SgAll
östroon	östroonilt	SgAbl
östroon	östroonina	SgEs
östroon	östroonini	SgTer
östroon	östroonis	SgIn
östroon	östroonisid	PlP
östroon	östroonisse	SgIll
östroon	östroonist	SgEl
östroon	östroonita	SgAb
ööhakk	ööhakeks	PlTr
ööhakk	ööhakel	PlAd
ööhakk	ööhakele	PlAll
ööhakk	ööhakelt	PlAbl
ööhakk	ööhakes	PlIn
ööhakk	ööhakesse	PlIll
ööhakk	ööhakest	PlEl
ööhakk	ööhakk	SgN
ööhakk	ööhakke	PlP
ööhakk	ööhakku	SgAdt
ööhakk	ööhakku	SgP
ööhakk	ööhakkude	PlG
ööhakk	ööhakkudega	PlKom
ööhakk	ööhakkudeks	PlTr
ööhakk	ööhakkudel	PlAd
ööhakk	ööhakkudele	PlAll
ööhakk	ööhakkudelt	PlAbl
ööhakk	ööhakkudena	PlEs
ööhakk	ööhakkudeni	PlTer
ööhakk	ööhakkudes	PlIn
ööhakk	ööhakkudesse	PlIll
ööhakk	ööhakkudest	PlEl
ööhakk	ööhakkudeta	PlAb
ööhakk	ööhakkusid	PlP
ööhakk	ööhaku	SgG
ööhakk	ööhakud	PlN
ööhakk	ööhakuga	SgKom
ööhakk	ööhakuks	SgTr
ööhakk	ööhakul	SgAd
ööhakk	ööhakule	SgAll
ööhakk	ööhakult	SgAbl
ööhakk	ööhakuna	SgEs
ööhakk	ööhakuni	SgTer
ööhakk	ööhakus	SgIn
ööhakk	ööhakusse	SgIll
ööhakk	ööhakust	SgEl
ööhakk	ööhakuta	SgAb
ööjahe	-	SgAdt
ööjahe	ööjahe	SgN
ööjahe	ööjaheda	SgG
ööjahe	ööjahedad	PlN
ööjahe	ööjahedaga	SgKom
ööjahe	ööjahedaid	PlP
ööjahe	ööjahedaiks	PlTr
ööjahe	ööjahedail	PlAd
ööjahe	ööjahedaile	PlAll
ööjahe	ööjahedailt	PlAbl
ööjahe	ööjahedais	PlIn
ööjahe	ööjahedaisse	PlIll
ööjahe	ööjahedaist	PlEl
ööjahe	ööjahedaks	SgTr
ööjahe	ööjahedal	SgAd
ööjahe	ööjahedale	SgAll
ööjahe	ööjahedalt	SgAbl
ööjahe	ööjahedana	SgEs
ööjahe	ööjahedani	SgTer
ööjahe	ööjahedas	SgIn
ööjahe	ööjahedasse	SgIll
ööjahe	ööjahedast	SgEl
ööjahe	ööjahedat	SgP
ööjahe	ööjahedata	SgAb
ööjahe	ööjahedate	PlG
ööjahe	ööjahedatega	PlKom
ööjahe	ööjahedateks	PlTr
ööjahe	ööjahedatel	PlAd
ööjahe	ööjahedatele	PlAll
ööjahe	ööjahedatelt	PlAbl
ööjahe	ööjahedatena	PlEs
ööjahe	ööjahedateni	PlTer
ööjahe	ööjahedates	PlIn
ööjahe	ööjahedatesse	PlIll
ööjahe	ööjahedatest	PlEl
ööjahe	ööjahedateta	PlAb
ööjahedus	ööjahedus	SgN
ööjahedus	ööjaheduse	SgG
ööjahedus	ööjahedused	PlN
ööjahedus	ööjahedusega	SgKom
ööjahedus	ööjaheduseks	SgTr
ööjahedus	ööjahedusel	SgAd
ööjahedus	ööjahedusele	SgAll
ööjahedus	ööjaheduselt	SgAbl
ööjahedus	ööjahedusena	SgEs
ööjahedus	ööjaheduseni	SgTer
ööjahedus	ööjaheduses	SgIn
ööjahedus	ööjahedusesse	SgIll
ööjahedus	ööjahedusest	SgEl
ööjahedus	ööjaheduseta	SgAb
ööjahedus	ööjahedusi	PlP
ööjahedus	ööjahedusiks	PlTr
ööjahedus	ööjahedusil	PlAd
ööjahedus	ööjahedusile	PlAll
ööjahedus	ööjahedusilt	PlAbl
ööjahedus	ööjahedusis	PlIn
ööjahedus	ööjahedusisse	PlIll
ööjahedus	ööjahedusist	PlEl
ööjahedus	ööjahedusse	SgAdt
ööjahedus	ööjahedust	SgP
ööjahedus	ööjaheduste	PlG
ööjahedus	ööjahedustega	PlKom
ööjahedus	ööjahedusteks	PlTr
ööjahedus	ööjahedustel	PlAd
ööjahedus	ööjahedustele	PlAll
ööjahedus	ööjahedustelt	PlAbl
ööjahedus	ööjahedustena	PlEs
ööjahedus	ööjahedusteni	PlTer
ööjahedus	ööjahedustes	PlIn
ööjahedus	ööjahedustesse	PlIll
ööjahedus	ööjahedustest	PlEl
ööjahedus	ööjahedusteta	PlAb
ööpimedik	ööpimedik	SgN
ööpimedik	ööpimedike	PlG
ööpimedik	ööpimedikega	PlKom
ööpimedik	ööpimedikeks	PlTr
ööpimedik	ööpimedikel	PlAd
ööpimedik	ööpimedikele	PlAll
ööpimedik	ööpimedikelt	PlAbl
ööpimedik	ööpimedikena	PlEs
ööpimedik	ööpimedikeni	PlTer
ööpimedik	ööpimedikes	PlIn
ööpimedik	ööpimedikesse	PlIll
ööpimedik	ööpimedikest	PlEl
ööpimedik	ööpimediketa	PlAb
ööpimedik	ööpimedikke	PlP
ööpimedik	ööpimedikku	SgAdt
ööpimedik	ööpimedikku	SgP
ööpimedik	ööpimedikkude	PlG
ööpimedik	ööpimedikkudega	PlKom
ööpimedik	ööpimedikkudeks	PlTr
ööpimedik	ööpimedikkudel	PlAd
ööpimedik	ööpimedikkudele	PlAll
ööpimedik	ööpimedikkudelt	PlAbl
ööpimedik	ööpimedikkudena	PlEs
ööpimedik	ööpimedikkudeni	PlTer
ööpimedik	ööpimedikkudes	PlIn
ööpimedik	ööpimedikkudesse	PlIll
ööpimedik	ööpimedikkudest	PlEl
ööpimedik	ööpimedikkudeta	PlAb
ööpimedik	ööpimedikkusid	PlP
ööpimedik	ööpimediku	SgG
ööpimedik	ööpimedikud	PlN
ööpimedik	ööpimedikuga	SgKom
ööpimedik	ööpimedikuks	SgTr
ööpimedik	ööpimedikul	SgAd
ööpimedik	ööpimedikule	SgAll
ööpimedik	ööpimedikult	SgAbl
ööpimedik	ööpimedikuna	SgEs
ööpimedik	ööpimedikuni	SgTer
ööpimedik	ööpimedikus	SgIn
ööpimedik	ööpimedikusse	SgIll
ööpimedik	ööpimedikust	SgEl
ööpimedik	ööpimedikuta	SgAb
öövalgustus	öövalgustus	SgN
öövalgustus	öövalgustuse	SgG
öövalgustus	öövalgustused	PlN
öövalgustus	öövalgustusega	SgKom
öövalgustus	öövalgustuseks	SgTr
öövalgustus	öövalgustusel	SgAd
öövalgustus	öövalgustusele	SgAll
öövalgustus	öövalgustuselt	SgAbl
öövalgustus	öövalgustusena	SgEs
öövalgustus	öövalgustuseni	SgTer
öövalgustus	öövalgustuses	SgIn
öövalgustus	öövalgustusesse	SgIll
öövalgustus	öövalgustusest	SgEl
öövalgustus	öövalgustuseta	SgAb
öövalgustus	öövalgustusi	PlP
öövalgustus	öövalgustusiks	PlTr
öövalgustus	öövalgustusil	PlAd
öövalgustus	öövalgustusile	PlAll
öövalgustus	öövalgustusilt	PlAbl
öövalgustus	öövalgustusis	PlIn
öövalgustus	öövalgustusisse	PlIll
öövalgustus	öövalgustusist	PlEl
öövalgustus	öövalgustusse	SgAdt
öövalgustus	öövalgustust	SgP
öövalgustus	öövalgustuste	PlG
öövalgustus	öövalgustustega	PlKom
öövalgustus	öövalgustusteks	PlTr
öövalgustus	öövalgustustel	PlAd
öövalgustus	öövalgustustele	PlAll
öövalgustus	öövalgustustelt	PlAbl
öövalgustus	öövalgustustena	PlEs
öövalgustus	öövalgustusteni	PlTer
öövalgustus	öövalgustustes	PlIn
öövalgustus	öövalgustustesse	PlIll
öövalgustus	öövalgustustest	PlEl
öövalgustus	öövalgustusteta	PlAb
öövõte	-	SgAdt
öövõte	öövõte	SgN
öövõte	öövõtet	SgP
öövõte	öövõtete	PlG
öövõte	öövõtetega	PlKom
öövõte	öövõteteks	PlTr
öövõte	öövõtetel	PlAd
öövõte	öövõtetele	PlAll
öövõte	öövõtetelt	PlAbl
öövõte	öövõtetena	PlEs
öövõte	öövõteteni	PlTer
öövõte	öövõtetes	PlIn
öövõte	öövõtetesse	PlIll
öövõte	öövõtetest	PlEl
öövõte	öövõteteta	PlAb
öövõte	öövõtte	SgG
öövõte	öövõtted	PlN
öövõte	öövõttega	SgKom
öövõte	öövõtteid	PlP
öövõte	öövõtteiks	PlTr
öövõte	öövõtteil	PlAd
öövõte	öövõtteile	PlAll
öövõte	öövõtteilt	PlAbl
öövõte	öövõtteis	PlIn
öövõte	öövõtteisse	PlIll
öövõte	öövõtteist	PlEl
öövõte	öövõtteks	SgTr
öövõte	öövõttel	SgAd
öövõte	öövõttele	SgAll
öövõte	öövõttelt	SgAbl
öövõte	öövõttena	SgEs
öövõte	öövõtteni	SgTer
öövõte	öövõttes	SgIn
öövõte	öövõttesse	SgIll
öövõte	öövõttest	SgEl
öövõte	öövõtteta	SgAb
ööbikusulane	-	SgAdt
ööbikusulane	ööbikusulane	SgN
ööbikusulane	ööbikusulase	SgG
ööbikusulane	ööbikusulased	PlN
ööbikusulane	ööbikusulasega	SgKom
ööbikusulane	ööbikusulaseid	PlP
ööbikusulane	ööbikusulaseiks	PlTr
ööbikusulane	ööbikusulaseil	PlAd
ööbikusulane	ööbikusulaseile	PlAll
ööbikusulane	ööbikusulaseilt	PlAbl
ööbikusulane	ööbikusulaseis	PlIn
ööbikusulane	ööbikusulaseisse	PlIll
ööbikusulane	ööbikusulaseist	PlEl
ööbikusulane	ööbikusulaseks	SgTr
ööbikusulane	ööbikusulasel	SgAd
ööbikusulane	ööbikusulasele	SgAll
ööbikusulane	ööbikusulaselt	SgAbl
ööbikusulane	ööbikusulasena	SgEs
ööbikusulane	ööbikusulaseni	SgTer
ööbikusulane	ööbikusulases	SgIn
ööbikusulane	ööbikusulasesse	SgIll
ööbikusulane	ööbikusulasest	SgEl
ööbikusulane	ööbikusulaseta	SgAb
ööbikusulane	ööbikusulast	SgP
ööbikusulane	ööbikusulaste	PlG
ööbikusulane	ööbikusulastega	PlKom
ööbikusulane	ööbikusulasteks	PlTr
ööbikusulane	ööbikusulastel	PlAd
ööbikusulane	ööbikusulastele	PlAll
ööbikusulane	ööbikusulastelt	PlAbl
ööbikusulane	ööbikusulastena	PlEs
ööbikusulane	ööbikusulasteni	PlTer
ööbikusulane	ööbikusulastes	PlIn
ööbikusulane	ööbikusulastesse	PlIll
ööbikusulane	ööbikusulastest	PlEl
ööbikusulane	ööbikusulasteta	PlAb
öögatama	öögata	ImpPrSg2
öögatama	öögata	IndPrPs_
öögatama	öögatab	IndPrSg3
öögatama	öögatad	IndPrSg2
öögatama	öögatada	Inf
öögatama	öögatades	Ger
öögatama	öögatage	ImpPrPl2
öögatama	öögatagem	ImpPrPl1
öögatama	öögatagu	ImpPrPs
öögatama	öögataks	KndPrPs
öögatama	öögataksid	KndPrPl3
öögatama	öögataksid	KndPrSg2
öögatama	öögataksime	KndPrPl1
öögatama	öögataksin	KndPrSg1
öögatama	öögataksite	KndPrPl2
öögatama	öögatama	Sup
öögatama	öögatamaks	SupTr
öögatama	öögatamas	SupIn
öögatama	öögatamast	SupEl
öögatama	öögatamata	SupAb
öögatama	öögatame	IndPrPl1
öögatama	öögatan	IndPrSg1
öögatama	öögatanud	PtsPtPs
öögatama	öögatanud	PtsPtPsNeg
öögatama	öögatanuks	KndPtPs
öögatama	öögatanuksid	KndPtPl3
öögatama	öögatanuksid	KndPtSg2
öögatama	öögatanuksime	KndPtPl1
öögatama	öögatanuksin	KndPtSg1
öögatama	öögatanuksite	KndPtPl2
öögatama	öögatanuvat	KvtPtPs
öögatama	öögatas	IndIpfSg3
öögatama	öögatasid	IndIpfPl3
öögatama	öögatasid	IndIpfSg2
öögatama	öögatasime	IndIpfPl1
öögatama	öögatasin	IndIpfSg1
öögatama	öögatasite	IndIpfPl2
öögatama	öögatata	IndPrIps_
öögatama	öögatatagu	ImpPrIps
öögatama	öögatataks	KndPrIps
öögatama	öögatatakse	IndPrIps
öögatama	öögatatama	SupIps
öögatama	öögatatav	PtsPrIps
öögatama	öögatatavat	KvtPrIps
öögatama	öögatate	IndPrPl2
öögatama	öögatati	IndIpfIps
öögatama	öögatatud	PtsPtIps
öögatama	öögatatud	PtsPtIpsNeg
öögatama	öögatatuks	KndPtIps
öögatama	öögatatuvat	KvtPtIps
öögatama	öögatav	PtsPrPs
öögatama	öögatavad	IndPrPl3
öögatama	öögatavat	KvtPrPs
ööge	-	SgAdt
ööge	ööge	SgN
ööge	ööget	SgP
ööge	öögete	PlG
ööge	öögetega	PlKom
ööge	öögeteks	PlTr
ööge	öögetel	PlAd
ööge	öögetele	PlAll
ööge	öögetelt	PlAbl
ööge	öögetena	PlEs
ööge	öögeteni	PlTer
ööge	öögetes	PlIn
ööge	öögetesse	PlIll
ööge	öögetest	PlEl
ööge	öögeteta	PlAb
ööge	ööke	SgG
ööge	ööked	PlN
ööge	öökega	SgKom
ööge	öökeid	PlP
ööge	öökeiks	PlTr
ööge	öökeil	PlAd
ööge	öökeile	PlAll
ööge	öökeilt	PlAbl
ööge	öökeis	PlIn
ööge	öökeisse	PlIll
ööge	öökeist	PlEl
ööge	öökeks	SgTr
ööge	öökel	SgAd
ööge	öökele	SgAll
ööge	öökelt	SgAbl
ööge	öökena	SgEs
ööge	öökeni	SgTer
ööge	öökes	SgIn
ööge	öökesse	SgIll
ööge	öökest	SgEl
ööge	ööketa	SgAb
ööhiilgur	-	SgAdt
ööhiilgur	ööhiilgur	SgN
ööhiilgur	ööhiilgureid	PlP
ööhiilgur	ööhiilgureiks	PlTr
ööhiilgur	ööhiilgureil	PlAd
ööhiilgur	ööhiilgureile	PlAll
ööhiilgur	ööhiilgureilt	PlAbl
ööhiilgur	ööhiilgureis	PlIn
ööhiilgur	ööhiilgureisse	PlIll
ööhiilgur	ööhiilgureist	PlEl
ööhiilgur	ööhiilguri	SgG
ööhiilgur	ööhiilgurid	PlN
ööhiilgur	ööhiilguriga	SgKom
ööhiilgur	ööhiilguriks	SgTr
ööhiilgur	ööhiilguril	SgAd
ööhiilgur	ööhiilgurile	SgAll
ööhiilgur	ööhiilgurilt	SgAbl
ööhiilgur	ööhiilgurina	SgEs
ööhiilgur	ööhiilgurini	SgTer
ööhiilgur	ööhiilguris	SgIn
ööhiilgur	ööhiilgurisse	SgIll
ööhiilgur	ööhiilgurist	SgEl
ööhiilgur	ööhiilgurit	SgP
ööhiilgur	ööhiilgurita	SgAb
ööhiilgur	ööhiilgurite	PlG
ööhiilgur	ööhiilguritega	PlKom
ööhiilgur	ööhiilguriteks	PlTr
ööhiilgur	ööhiilguritel	PlAd
ööhiilgur	ööhiilguritele	PlAll
ööhiilgur	ööhiilguritelt	PlAbl
ööhiilgur	ööhiilguritena	PlEs
ööhiilgur	ööhiilguriteni	PlTer
ööhiilgur	ööhiilgurites	PlIn
ööhiilgur	ööhiilguritesse	PlIll
ööhiilgur	ööhiilguritest	PlEl
ööhiilgur	ööhiilguriteta	PlAb
ööküünal	-	SgAdt
ööküünal	ööküünal	SgN
ööküünal	ööküünalde	PlG
ööküünal	ööküünaldega	PlKom
ööküünal	ööküünaldeks	PlTr
ööküünal	ööküünaldel	PlAd
ööküünal	ööküünaldele	PlAll
ööküünal	ööküünaldelt	PlAbl
ööküünal	ööküünaldena	PlEs
ööküünal	ööküünaldeni	PlTer
ööküünal	ööküünaldes	PlIn
ööküünal	ööküünaldesse	PlIll
ööküünal	ööküünaldest	PlEl
ööküünal	ööküünaldeta	PlAb
ööküünal	ööküünalt	SgP
ööküünal	ööküünla	SgG
ööküünal	ööküünlad	PlN
ööküünal	ööküünlaga	SgKom
ööküünal	ööküünlaid	PlP
ööküünal	ööküünlaiks	PlTr
ööküünal	ööküünlail	PlAd
ööküünal	ööküünlaile	PlAll
ööküünal	ööküünlailt	PlAbl
ööküünal	ööküünlais	PlIn
ööküünal	ööküünlaisse	PlIll
ööküünal	ööküünlaist	PlEl
ööküünal	ööküünlaks	SgTr
ööküünal	ööküünlal	SgAd
ööküünal	ööküünlale	SgAll
ööküünal	ööküünlalt	SgAbl
ööküünal	ööküünlana	SgEs
ööküünal	ööküünlani	SgTer
ööküünal	ööküünlas	SgIn
ööküünal	ööküünlasse	SgIll
ööküünal	ööküünlast	SgEl
ööküünal	ööküünlata	SgAb
öölaager	-	SgAdt
öölaager	öölaager	SgN
öölaager	öölaagreid	PlP
öölaager	öölaagreiks	PlTr
öölaager	öölaagreil	PlAd
öölaager	öölaagreile	PlAll
öölaager	öölaagreilt	PlAbl
öölaager	öölaagreis	PlIn
öölaager	öölaagreisse	PlIll
öölaager	öölaagreist	PlEl
öölaager	öölaagri	SgG
öölaager	öölaagrid	PlN
öölaager	öölaagriga	SgKom
öölaager	öölaagriks	SgTr
öölaager	öölaagril	SgAd
öölaager	öölaagrile	SgAll
öölaager	öölaagrilt	SgAbl
öölaager	öölaagrina	SgEs
öölaager	öölaagrini	SgTer
öölaager	öölaagris	SgIn
öölaager	öölaagrisse	SgIll
öölaager	öölaagrist	SgEl
öölaager	öölaagrit	SgP
öölaager	öölaagrita	SgAb
öölaager	öölaagrite	PlG
öölaager	öölaagritega	PlKom
öölaager	öölaagriteks	PlTr
öölaager	öölaagritel	PlAd
öölaager	öölaagritele	PlAll
öölaager	öölaagritelt	PlAbl
öölaager	öölaagritena	PlEs
öölaager	öölaagriteni	PlTer
öölaager	öölaagrites	PlIn
öölaager	öölaagritesse	PlIll
öölaager	öölaagritest	PlEl
öölaager	öölaagriteta	PlAb
ööpäevarühm	ööpäevarühm	SgN
ööpäevarühm	ööpäevarühma	SgAdt
ööpäevarühm	ööpäevarühma	SgG
ööpäevarühm	ööpäevarühma	SgP
ööpäevarühm	ööpäevarühmad	PlN
ööpäevarühm	ööpäevarühmade	PlG
ööpäevarühm	ööpäevarühmadega	PlKom
ööpäevarühm	ööpäevarühmadeks	PlTr
ööpäevarühm	ööpäevarühmadel	PlAd
ööpäevarühm	ööpäevarühmadele	PlAll
ööpäevarühm	ööpäevarühmadelt	PlAbl
ööpäevarühm	ööpäevarühmadena	PlEs
ööpäevarühm	ööpäevarühmadeni	PlTer
ööpäevarühm	ööpäevarühmades	PlIn
ööpäevarühm	ööpäevarühmadesse	PlIll
ööpäevarühm	ööpäevarühmadest	PlEl
ööpäevarühm	ööpäevarühmadeta	PlAb
ööpäevarühm	ööpäevarühmaga	SgKom
ööpäevarühm	ööpäevarühmaks	SgTr
ööpäevarühm	ööpäevarühmal	SgAd
ööpäevarühm	ööpäevarühmale	SgAll
ööpäevarühm	ööpäevarühmalt	SgAbl
ööpäevarühm	ööpäevarühmana	SgEs
ööpäevarühm	ööpäevarühmani	SgTer
ööpäevarühm	ööpäevarühmas	SgIn
ööpäevarühm	ööpäevarühmasid	PlP
ööpäevarühm	ööpäevarühmasse	SgIll
ööpäevarühm	ööpäevarühmast	SgEl
ööpäevarühm	ööpäevarühmata	SgAb
ööpäevarühm	ööpäevarühmi	PlP
ööpäevarühm	ööpäevarühmiks	PlTr
ööpäevarühm	ööpäevarühmil	PlAd
ööpäevarühm	ööpäevarühmile	PlAll
ööpäevarühm	ööpäevarühmilt	PlAbl
ööpäevarühm	ööpäevarühmis	PlIn
ööpäevarühm	ööpäevarühmisse	PlIll
ööpäevarühm	ööpäevarühmist	PlEl
ööritama	öörita	ImpPrSg2
ööritama	öörita	IndPrPs_
ööritama	ööritab	IndPrSg3
ööritama	ööritad	IndPrSg2
ööritama	ööritada	Inf
ööritama	ööritades	Ger
ööritama	ööritage	ImpPrPl2
ööritama	ööritagem	ImpPrPl1
ööritama	ööritagu	ImpPrPs
ööritama	ööritaks	KndPrPs
ööritama	ööritaksid	KndPrPl3
ööritama	ööritaksid	KndPrSg2
ööritama	ööritaksime	KndPrPl1
ööritama	ööritaksin	KndPrSg1
ööritama	ööritaksite	KndPrPl2
ööritama	ööritama	Sup
ööritama	ööritamaks	SupTr
ööritama	ööritamas	SupIn
ööritama	ööritamast	SupEl
ööritama	ööritamata	SupAb
ööritama	ööritame	IndPrPl1
ööritama	ööritan	IndPrSg1
ööritama	ööritanud	PtsPtPs
ööritama	ööritanud	PtsPtPsNeg
ööritama	ööritanuks	KndPtPs
ööritama	ööritanuksid	KndPtPl3
ööritama	ööritanuksid	KndPtSg2
ööritama	ööritanuksime	KndPtPl1
ööritama	ööritanuksin	KndPtSg1
ööritama	ööritanuksite	KndPtPl2
ööritama	ööritanuvat	KvtPtPs
ööritama	ööritas	IndIpfSg3
ööritama	ööritasid	IndIpfPl3
ööritama	ööritasid	IndIpfSg2
ööritama	ööritasime	IndIpfPl1
ööritama	ööritasin	IndIpfSg1
ööritama	ööritasite	IndIpfPl2
ööritama	ööritata	IndPrIps_
ööritama	ööritatagu	ImpPrIps
ööritama	ööritataks	KndPrIps
ööritama	ööritatakse	IndPrIps
ööritama	ööritatama	SupIps
ööritama	ööritatav	PtsPrIps
ööritama	ööritatavat	KvtPrIps
ööritama	ööritate	IndPrPl2
ööritama	ööritati	IndIpfIps
ööritama	ööritatud	PtsPtIps
ööritama	ööritatud	PtsPtIpsNeg
ööritama	ööritatuks	KndPtIps
ööritama	ööritatuvat	KvtPtIps
ööritama	ööritav	PtsPrPs
ööritama	ööritavad	IndPrPl3
ööritama	ööritavat	KvtPrPs
ökotoksikoloogia	-	SgAdt
ökotoksikoloogia	ökotoksikoloogia	SgG
ökotoksikoloogia	ökotoksikoloogia	SgN
ökotoksikoloogia	ökotoksikoloogiad	PlN
ökotoksikoloogia	ökotoksikoloogiaga	SgKom
ökotoksikoloogia	ökotoksikoloogiaid	PlP
ökotoksikoloogia	ökotoksikoloogiaiks	PlTr
ökotoksikoloogia	ökotoksikoloogiail	PlAd
ökotoksikoloogia	ökotoksikoloogiaile	PlAll
ökotoksikoloogia	ökotoksikoloogiailt	PlAbl
ökotoksikoloogia	ökotoksikoloogiais	PlIn
ökotoksikoloogia	ökotoksikoloogiaisse	PlIll
ökotoksikoloogia	ökotoksikoloogiaist	PlEl
ökotoksikoloogia	ökotoksikoloogiaks	SgTr
ökotoksikoloogia	ökotoksikoloogial	SgAd
ökotoksikoloogia	ökotoksikoloogiale	SgAll
ökotoksikoloogia	ökotoksikoloogialt	SgAbl
ökotoksikoloogia	ökotoksikoloogiana	SgEs
ökotoksikoloogia	ökotoksikoloogiani	SgTer
ökotoksikoloogia	ökotoksikoloogias	SgIn
ökotoksikoloogia	ökotoksikoloogiasse	SgIll
ökotoksikoloogia	ökotoksikoloogiast	SgEl
ökotoksikoloogia	ökotoksikoloogiat	SgP
ökotoksikoloogia	ökotoksikoloogiata	SgAb
ökotoksikoloogia	ökotoksikoloogiate	PlG
ökotoksikoloogia	ökotoksikoloogiatega	PlKom
ökotoksikoloogia	ökotoksikoloogiateks	PlTr
ökotoksikoloogia	ökotoksikoloogiatel	PlAd
ökotoksikoloogia	ökotoksikoloogiatele	PlAll
ökotoksikoloogia	ökotoksikoloogiatelt	PlAbl
ökotoksikoloogia	ökotoksikoloogiatena	PlEs
ökotoksikoloogia	ökotoksikoloogiateni	PlTer
ökotoksikoloogia	ökotoksikoloogiates	PlIn
ökotoksikoloogia	ökotoksikoloogiatesse	PlIll
ökotoksikoloogia	ökotoksikoloogiatest	PlEl
ökotoksikoloogia	ökotoksikoloogiateta	PlAb
ökoloogiline tegur	ökoloogiline tegur	SgN
ökoloogiline tegur	ökoloogilise teguri	SgG
ökoloogiline tegur	ökoloogilise teguriga	SgKom
ökoloogiline tegur	ökoloogilise tegurina	SgEs
ökoloogiline tegur	ökoloogilise tegurini	SgTer
ökoloogiline tegur	ökoloogilise tegurita	SgAb
ökoloogiline tegur	ökoloogilised tegurid	PlN
ökoloogiline tegur	ökoloogiliseks teguriks	SgTr
ökoloogiline tegur	ökoloogilisel teguril	SgAd
ökoloogiline tegur	ökoloogilisele tegurile	SgAll
ökoloogiline tegur	ökoloogiliselt tegurilt	SgAbl
ökoloogiline tegur	ökoloogilises teguris	SgIn
ökoloogiline tegur	ökoloogilisesse tegurisse	SgIll
ökoloogiline tegur	ökoloogilisest tegurist	SgEl
ökoloogiline tegur	ökoloogilisi tegureid	PlP
ökoloogiline tegur	ökoloogilist tegurit	SgP
ökoloogiline tegur	ökoloogiliste tegurite	PlG
ökoloogiline tegur	ökoloogiliste teguritega	PlKom
ökoloogiline tegur	ökoloogiliste teguritena	PlEs
ökoloogiline tegur	ökoloogiliste teguriteni	PlTer
ökoloogiline tegur	ökoloogiliste teguriteta	PlAb
ökoloogiline tegur	ökoloogilisteks teguriteks	PlTr
ökoloogiline tegur	ökoloogilistel teguritel	PlAd
ökoloogiline tegur	ökoloogilistele teguritele	PlAll
ökoloogiline tegur	ökoloogilistelt teguritelt	PlAbl
ökoloogiline tegur	ökoloogilistes tegurites	PlIn
ökoloogiline tegur	ökoloogilistesse teguritesse	PlIll
ökoloogiline tegur	ökoloogilistest teguritest	PlEl
ökolingvistika	-	SgAdt
ökolingvistika	ökolingvistika	SgG
ökolingvistika	ökolingvistika	SgN
ökolingvistika	ökolingvistikad	PlN
ökolingvistika	ökolingvistikaga	SgKom
ökolingvistika	ökolingvistikaid	PlP
ökolingvistika	ökolingvistikaiks	PlTr
ökolingvistika	ökolingvistikail	PlAd
ökolingvistika	ökolingvistikaile	PlAll
ökolingvistika	ökolingvistikailt	PlAbl
ökolingvistika	ökolingvistikais	PlIn
ökolingvistika	ökolingvistikaisse	PlIll
ökolingvistika	ökolingvistikaist	PlEl
ökolingvistika	ökolingvistikaks	SgTr
ökolingvistika	ökolingvistikal	SgAd
ökolingvistika	ökolingvistikale	SgAll
ökolingvistika	ökolingvistikalt	SgAbl
ökolingvistika	ökolingvistikana	SgEs
ökolingvistika	ökolingvistikani	SgTer
ökolingvistika	ökolingvistikas	SgIn
ökolingvistika	ökolingvistikasse	SgIll
ökolingvistika	ökolingvistikast	SgEl
ökolingvistika	ökolingvistikat	SgP
ökolingvistika	ökolingvistikata	SgAb
ökolingvistika	ökolingvistikate	PlG
ökolingvistika	ökolingvistikatega	PlKom
ökolingvistika	ökolingvistikateks	PlTr
ökolingvistika	ökolingvistikatel	PlAd
ökolingvistika	ökolingvistikatele	PlAll
ökolingvistika	ökolingvistikatelt	PlAbl
ökolingvistika	ökolingvistikatena	PlEs
ökolingvistika	ökolingvistikateni	PlTer
ökolingvistika	ökolingvistikates	PlIn
ökolingvistika	ökolingvistikatesse	PlIll
ökolingvistika	ökolingvistikatest	PlEl
ökolingvistika	ökolingvistikateta	PlAb
ökoemme	-	SgAdt
ökoemme	ökoemme	SgG
ökoemme	ökoemme	SgN
ökoemme	ökoemmed	PlN
ökoemme	ökoemmede	PlG
ökoemme	ökoemmedega	PlKom
ökoemme	ökoemmedeks	PlTr
ökoemme	ökoemmedel	PlAd
ökoemme	ökoemmedele	PlAll
ökoemme	ökoemmedelt	PlAbl
ökoemme	ökoemmedena	PlEs
ökoemme	ökoemmedeni	PlTer
ökoemme	ökoemmedes	PlIn
ökoemme	ökoemmedesse	PlIll
ökoemme	ökoemmedest	PlEl
ökoemme	ökoemmedeta	PlAb
ökoemme	ökoemmega	SgKom
ökoemme	ökoemmeks	SgTr
ökoemme	ökoemmel	SgAd
ökoemme	ökoemmele	SgAll
ökoemme	ökoemmelt	SgAbl
ökoemme	ökoemmena	SgEs
ökoemme	ökoemmeni	SgTer
ökoemme	ökoemmes	SgIn
ökoemme	ökoemmesid	PlP
ökoemme	ökoemmesse	SgIll
ökoemme	ökoemmest	SgEl
ökoemme	ökoemmet	SgP
ökoemme	ökoemmeta	SgAb
ökk	ökk	ID
ökoseksuaal	ökoseksuaal	SgN
ökoseksuaal	ökoseksuaale	PlP
ökoseksuaal	ökoseksuaaleks	PlTr
ökoseksuaal	ökoseksuaalel	PlAd
ökoseksuaal	ökoseksuaalele	PlAll
ökoseksuaal	ökoseksuaalelt	PlAbl
ökoseksuaal	ökoseksuaales	PlIn
ökoseksuaal	ökoseksuaalesse	PlIll
ökoseksuaal	ökoseksuaalest	PlEl
ökoseksuaal	ökoseksuaali	SgAdt
ökoseksuaal	ökoseksuaali	SgG
ökoseksuaal	ökoseksuaali	SgP
ökoseksuaal	ökoseksuaalid	PlN
ökoseksuaal	ökoseksuaalide	PlG
ökoseksuaal	ökoseksuaalidega	PlKom
ökoseksuaal	ökoseksuaalideks	PlTr
ökoseksuaal	ökoseksuaalidel	PlAd
ökoseksuaal	ökoseksuaalidele	PlAll
ökoseksuaal	ökoseksuaalidelt	PlAbl
ökoseksuaal	ökoseksuaalidena	PlEs
ökoseksuaal	ökoseksuaalideni	PlTer
ökoseksuaal	ökoseksuaalides	PlIn
ökoseksuaal	ökoseksuaalidesse	PlIll
ökoseksuaal	ökoseksuaalidest	PlEl
ökoseksuaal	ökoseksuaalideta	PlAb
ökoseksuaal	ökoseksuaaliga	SgKom
ökoseksuaal	ökoseksuaaliks	SgTr
ökoseksuaal	ökoseksuaalil	SgAd
ökoseksuaal	ökoseksuaalile	SgAll
ökoseksuaal	ökoseksuaalilt	SgAbl
ökoseksuaal	ökoseksuaalina	SgEs
ökoseksuaal	ökoseksuaalini	SgTer
ökoseksuaal	ökoseksuaalis	SgIn
ökoseksuaal	ökoseksuaalisid	PlP
ökoseksuaal	ökoseksuaalisse	SgIll
ökoseksuaal	ökoseksuaalist	SgEl
ökoseksuaal	ökoseksuaalita	SgAb
ökonoomsem	-	SgAdt
ökonoomsem	ökonoomsem	SgN
ökonoomsem	ökonoomsema	SgG
ökonoomsem	ökonoomsemad	PlN
ökonoomsem	ökonoomsemaga	SgKom
ökonoomsem	ökonoomsemaid	PlP
ökonoomsem	ökonoomsemaiks	PlTr
ökonoomsem	ökonoomsemail	PlAd
ökonoomsem	ökonoomsemaile	PlAll
ökonoomsem	ökonoomsemailt	PlAbl
ökonoomsem	ökonoomsemais	PlIn
ökonoomsem	ökonoomsemaisse	PlIll
ökonoomsem	ökonoomsemaist	PlEl
ökonoomsem	ökonoomsemaks	SgTr
ökonoomsem	ökonoomsemal	SgAd
ökonoomsem	ökonoomsemale	SgAll
ökonoomsem	ökonoomsemalt	SgAbl
ökonoomsem	ökonoomsemana	SgEs
ökonoomsem	ökonoomsemani	SgTer
ökonoomsem	ökonoomsemas	SgIn
ökonoomsem	ökonoomsemasse	SgIll
ökonoomsem	ökonoomsemast	SgEl
ökonoomsem	ökonoomsemat	SgP
ökonoomsem	ökonoomsemata	SgAb
ökonoomsem	ökonoomsemate	PlG
ökonoomsem	ökonoomsematega	PlKom
ökonoomsem	ökonoomsemateks	PlTr
ökonoomsem	ökonoomsematel	PlAd
ökonoomsem	ökonoomsematele	PlAll
ökonoomsem	ökonoomsematelt	PlAbl
ökonoomsem	ökonoomsematena	PlEs
ökonoomsem	ökonoomsemateni	PlTer
ökonoomsem	ökonoomsemates	PlIn
ökonoomsem	ökonoomsematesse	PlIll
ökonoomsem	ökonoomsematest	PlEl
ökonoomsem	ökonoomsemateta	PlAb
ökonoomseim	-	SgAdt
ökonoomseim	ökonoomseim	SgN
ökonoomseim	ökonoomseima	SgG
ökonoomseim	ökonoomseimad	PlN
ökonoomseim	ökonoomseimaga	SgKom
ökonoomseim	ökonoomseimaid	PlP
ökonoomseim	ökonoomseimaiks	PlTr
ökonoomseim	ökonoomseimail	PlAd
ökonoomseim	ökonoomseimaile	PlAll
ökonoomseim	ökonoomseimailt	PlAbl
ökonoomseim	ökonoomseimais	PlIn
ökonoomseim	ökonoomseimaisse	PlIll
ökonoomseim	ökonoomseimaist	PlEl
ökonoomseim	ökonoomseimaks	SgTr
ökonoomseim	ökonoomseimal	SgAd
ökonoomseim	ökonoomseimale	SgAll
ökonoomseim	ökonoomseimalt	SgAbl
ökonoomseim	ökonoomseimana	SgEs
ökonoomseim	ökonoomseimani	SgTer
ökonoomseim	ökonoomseimas	SgIn
ökonoomseim	ökonoomseimasse	SgIll
ökonoomseim	ökonoomseimast	SgEl
ökonoomseim	ökonoomseimat	SgP
ökonoomseim	ökonoomseimata	SgAb
ökonoomseim	ökonoomseimate	PlG
ökonoomseim	ökonoomseimatega	PlKom
ökonoomseim	ökonoomseimateks	PlTr
ökonoomseim	ökonoomseimatel	PlAd
ökonoomseim	ökonoomseimatele	PlAll
ökonoomseim	ökonoomseimatelt	PlAbl
ökonoomseim	ökonoomseimatena	PlEs
ökonoomseim	ökonoomseimateni	PlTer
ökonoomseim	ökonoomseimates	PlIn
ökonoomseim	ökonoomseimatesse	PlIll
ökonoomseim	ökonoomseimatest	PlEl
ökonoomseim	ökonoomseimateta	PlAb
Öfö	Öfö	SgAdt
Öfö	Öfö	SgG
Öfö	Öfö	SgN
Öfö	Öföd	PlN
Öfö	Öföd	SgP
Öfö	Öföde	PlG
Öfö	Öfödega	PlKom
Öfö	Öfödeks	PlTr
Öfö	Öfödel	PlAd
Öfö	Öfödele	PlAll
Öfö	Öfödelt	PlAbl
Öfö	Öfödena	PlEs
Öfö	Öfödeni	PlTer
Öfö	Öfödes	PlIn
Öfö	Öfödesse	PlIll
Öfö	Öfödest	PlEl
Öfö	Öfödeta	PlAb
Öfö	Öföga	SgKom
Öfö	Öföks	SgTr
Öfö	Öföl	SgAd
Öfö	Öföle	SgAll
Öfö	Öfölt	SgAbl
Öfö	Öföna	SgEs
Öfö	Öföni	SgTer
Öfö	Öfös	SgIn
Öfö	Öfösid	PlP
Öfö	Öfösse	SgIll
Öfö	Öföst	SgEl
Öfö	Öföta	SgAb
öökülmaoht	öökülmaoheks	PlTr
öökülmaoht	öökülmaohel	PlAd
öökülmaoht	öökülmaohele	PlAll
öökülmaoht	öökülmaohelt	PlAbl
öökülmaoht	öökülmaohes	PlIn
öökülmaoht	öökülmaohesse	PlIll
öökülmaoht	öökülmaohest	PlEl
öökülmaoht	öökülmaoht	SgN
öökülmaoht	öökülmaohte	PlP
öökülmaoht	öökülmaohtu	SgAdt
öökülmaoht	öökülmaohtu	SgP
öökülmaoht	öökülmaohtude	PlG
öökülmaoht	öökülmaohtudega	PlKom
öökülmaoht	öökülmaohtudeks	PlTr
öökülmaoht	öökülmaohtudel	PlAd
öökülmaoht	öökülmaohtudele	PlAll
öökülmaoht	öökülmaohtudelt	PlAbl
öökülmaoht	öökülmaohtudena	PlEs
öökülmaoht	öökülmaohtudeni	PlTer
öökülmaoht	öökülmaohtudes	PlIn
öökülmaoht	öökülmaohtudesse	PlIll
öökülmaoht	öökülmaohtudest	PlEl
öökülmaoht	öökülmaohtudeta	PlAb
öökülmaoht	öökülmaohtusid	PlP
öökülmaoht	öökülmaohu	SgG
öökülmaoht	öökülmaohud	PlN
öökülmaoht	öökülmaohuga	SgKom
öökülmaoht	öökülmaohuks	SgTr
öökülmaoht	öökülmaohul	SgAd
öökülmaoht	öökülmaohule	SgAll
öökülmaoht	öökülmaohult	SgAbl
öökülmaoht	öökülmaohuna	SgEs
öökülmaoht	öökülmaohuni	SgTer
öökülmaoht	öökülmaohus	SgIn
öökülmaoht	öökülmaohusse	SgIll
öökülmaoht	öökülmaohust	SgEl
öökülmaoht	öökülmaohuta	SgAb
ööpäev läbi	ööpäev läbi	ID
ööpäev ringi	ööpäev ringi	ID
öövalgusti	-	SgAdt
öövalgusti	öövalgusteid	PlP
öövalgusti	öövalgusteiks	PlTr
öövalgusti	öövalgusteil	PlAd
öövalgusti	öövalgusteile	PlAll
öövalgusti	öövalgusteilt	PlAbl
öövalgusti	öövalgusteis	PlIn
öövalgusti	öövalgusteisse	PlIll
öövalgusti	öövalgusteist	PlEl
öövalgusti	öövalgusti	SgG
öövalgusti	öövalgusti	SgN
öövalgusti	öövalgustid	PlN
öövalgusti	öövalgustiga	SgKom
öövalgusti	öövalgustiks	SgTr
öövalgusti	öövalgustil	SgAd
öövalgusti	öövalgustile	SgAll
öövalgusti	öövalgustilt	SgAbl
öövalgusti	öövalgustina	SgEs
öövalgusti	öövalgustini	SgTer
öövalgusti	öövalgustis	SgIn
öövalgusti	öövalgustisse	SgIll
öövalgusti	öövalgustist	SgEl
öövalgusti	öövalgustit	SgP
öövalgusti	öövalgustita	SgAb
öövalgusti	öövalgustite	PlG
öövalgusti	öövalgustitega	PlKom
öövalgusti	öövalgustiteks	PlTr
öövalgusti	öövalgustitel	PlAd
öövalgusti	öövalgustitele	PlAll
öövalgusti	öövalgustitelt	PlAbl
öövalgusti	öövalgustitena	PlEs
öövalgusti	öövalgustiteni	PlTer
öövalgusti	öövalgustites	PlIn
öövalgusti	öövalgustitesse	PlIll
öövalgusti	öövalgustitest	PlEl
öövalgusti	öövalgustiteta	PlAb
ökoärevus	ökoärevus	SgN
ökoärevus	ökoärevuse	SgG
ökoärevus	ökoärevused	PlN
ökoärevus	ökoärevusega	SgKom
ökoärevus	ökoärevuseks	SgTr
ökoärevus	ökoärevusel	SgAd
ökoärevus	ökoärevusele	SgAll
ökoärevus	ökoärevuselt	SgAbl
ökoärevus	ökoärevusena	SgEs
ökoärevus	ökoärevuseni	SgTer
ökoärevus	ökoärevuses	SgIn
ökoärevus	ökoärevusesse	SgIll
ökoärevus	ökoärevusest	SgEl
ökoärevus	ökoärevuseta	SgAb
ökoärevus	ökoärevusi	PlP
ökoärevus	ökoärevusiks	PlTr
ökoärevus	ökoärevusil	PlAd
ökoärevus	ökoärevusile	PlAll
ökoärevus	ökoärevusilt	PlAbl
ökoärevus	ökoärevusis	PlIn
ökoärevus	ökoärevusisse	PlIll
ökoärevus	ökoärevusist	PlEl
ökoärevus	ökoärevusse	SgAdt
ökoärevus	ökoärevust	SgP
ökoärevus	ökoärevuste	PlG
ökoärevus	ökoärevustega	PlKom
ökoärevus	ökoärevusteks	PlTr
ökoärevus	ökoärevustel	PlAd
ökoärevus	ökoärevustele	PlAll
ökoärevus	ökoärevustelt	PlAbl
ökoärevus	ökoärevustena	PlEs
ökoärevus	ökoärevusteni	PlTer
ökoärevus	ökoärevustes	PlIn
ökoärevus	ökoärevustesse	PlIll
ökoärevus	ökoärevustest	PlEl
ökoärevus	ökoärevusteta	PlAb
Ölöön	Ölöön	SgN
Ölöön	Ölööne	PlP
Ölöön	Ölööneks	PlTr
Ölöön	Ölöönel	PlAd
Ölöön	Ölöönele	PlAll
Ölöön	Ölöönelt	PlAbl
Ölöön	Ölöönes	PlIn
Ölöön	Ölöönesse	PlIll
Ölöön	Ölöönest	PlEl
Ölöön	Ölööni	SgAdt
Ölöön	Ölööni	SgG
Ölöön	Ölööni	SgP
Ölöön	Ölöönid	PlN
Ölöön	Ölöönide	PlG
Ölöön	Ölöönidega	PlKom
Ölöön	Ölöönideks	PlTr
Ölöön	Ölöönidel	PlAd
Ölöön	Ölöönidele	PlAll
Ölöön	Ölöönidelt	PlAbl
Ölöön	Ölöönidena	PlEs
Ölöön	Ölöönideni	PlTer
Ölöön	Ölöönides	PlIn
Ölöön	Ölöönidesse	PlIll
Ölöön	Ölöönidest	PlEl
Ölöön	Ölöönideta	PlAb
Ölöön	Ölööniga	SgKom
Ölöön	Ölööniks	SgTr
Ölöön	Ölöönil	SgAd
Ölöön	Ölöönile	SgAll
Ölöön	Ölöönilt	SgAbl
Ölöön	Ölöönina	SgEs
Ölöön	Ölöönini	SgTer
Ölöön	Ölöönis	SgIn
Ölöön	Ölöönisid	PlP
Ölöön	Ölöönisse	SgIll
Ölöön	Ölöönist	SgEl
Ölöön	Ölöönita	SgAb
Ördi raba	Ördi raba	SgG
Ördi raba	Ördi raba	SgN
Ördi raba	Ördi raba	SgP
Ördi raba	Ördi rabaga	SgKom
Ördi raba	Ördi rabaks	SgTr
Ördi raba	Ördi rabal	SgAd
Ördi raba	Ördi rabale	SgAll
Ördi raba	Ördi rabalt	SgAbl
Ördi raba	Ördi rabana	SgEs
Ördi raba	Ördi rabani	SgTer
Ördi raba	Ördi rabas	SgIn
Ördi raba	Ördi rabasse	SgIll
Ördi raba	Ördi rabast	SgEl
Ördi raba	Ördi rabata	SgAb
Ördi raba	Ördi rappa	SgAdt
Örebro	Örebro	SgAdt
Örebro	Örebro	SgG
Örebro	Örebro	SgN
Örebro	Örebrod	PlN
Örebro	Örebrod	SgP
Örebro	Örebrode	PlG
Örebro	Örebrodega	PlKom
Örebro	Örebrodeks	PlTr
Örebro	Örebrodel	PlAd
Örebro	Örebrodele	PlAll
Örebro	Örebrodelt	PlAbl
Örebro	Örebrodena	PlEs
Örebro	Örebrodeni	PlTer
Örebro	Örebrodes	PlIn
Örebro	Örebrodesse	PlIll
Örebro	Örebrodest	PlEl
Örebro	Örebrodeta	PlAb
Örebro	Örebroga	SgKom
Örebro	Örebroks	SgTr
Örebro	Örebrol	SgAd
Örebro	Örebrole	SgAll
Örebro	Örebrolt	SgAbl
Örebro	Örebrona	SgEs
Örebro	Örebroni	SgTer
Örebro	Örebros	SgIn
Örebro	Örebrosid	PlP
Örebro	Örebrosse	SgIll
Örebro	Örebrost	SgEl
Örebro	Örebrota	SgAb
Öskemen	Öskemen	SgN
Öskemen	Öskemene	PlP
Öskemen	Öskemeneks	PlTr
Öskemen	Öskemenel	PlAd
Öskemen	Öskemenele	PlAll
Öskemen	Öskemenelt	PlAbl
Öskemen	Öskemenes	PlIn
Öskemen	Öskemenesse	PlIll
Öskemen	Öskemenest	PlEl
Öskemen	Öskemeni	SgAdt
Öskemen	Öskemeni	SgG
Öskemen	Öskemeni	SgP
Öskemen	Öskemenid	PlN
Öskemen	Öskemenide	PlG
Öskemen	Öskemenidega	PlKom
Öskemen	Öskemenideks	PlTr
Öskemen	Öskemenidel	PlAd
Öskemen	Öskemenidele	PlAll
Öskemen	Öskemenidelt	PlAbl
Öskemen	Öskemenidena	PlEs
Öskemen	Öskemenideni	PlTer
Öskemen	Öskemenides	PlIn
Öskemen	Öskemenidesse	PlIll
Öskemen	Öskemenidest	PlEl
Öskemen	Öskemenideta	PlAb
Öskemen	Öskemeniga	SgKom
Öskemen	Öskemeniks	SgTr
Öskemen	Öskemenil	SgAd
Öskemen	Öskemenile	SgAll
Öskemen	Öskemenilt	SgAbl
Öskemen	Öskemenina	SgEs
Öskemen	Öskemenini	SgTer
Öskemen	Öskemenis	SgIn
Öskemen	Öskemenisid	PlP
Öskemen	Öskemenisse	SgIll
Öskemen	Öskemenist	SgEl
Öskemen	Öskemenita	SgAb
Östergötland	Östergötland	SgN
Östergötland	Östergötlande	PlP
Östergötland	Östergötlandeks	PlTr
Östergötland	Östergötlandel	PlAd
Östergötland	Östergötlandele	PlAll
Östergötland	Östergötlandelt	PlAbl
Östergötland	Östergötlandes	PlIn
Östergötland	Östergötlandesse	PlIll
Östergötland	Östergötlandest	PlEl
Östergötland	Östergötlandi	SgAdt
Östergötland	Östergötlandi	SgG
Östergötland	Östergötlandi	SgP
Östergötland	Östergötlandid	PlN
Östergötland	Östergötlandide	PlG
Östergötland	Östergötlandidega	PlKom
Östergötland	Östergötlandideks	PlTr
Östergötland	Östergötlandidel	PlAd
Östergötland	Östergötlandidele	PlAll
Östergötland	Östergötlandidelt	PlAbl
Östergötland	Östergötlandidena	PlEs
Östergötland	Östergötlandideni	PlTer
Östergötland	Östergötlandides	PlIn
Östergötland	Östergötlandidesse	PlIll
Östergötland	Östergötlandidest	PlEl
Östergötland	Östergötlandideta	PlAb
Östergötland	Östergötlandiga	SgKom
Östergötland	Östergötlandiks	SgTr
Östergötland	Östergötlandil	SgAd
Östergötland	Östergötlandile	SgAll
Östergötland	Östergötlandilt	SgAbl
Östergötland	Östergötlandina	SgEs
Östergötland	Östergötlandini	SgTer
Östergötland	Östergötlandis	SgIn
Östergötland	Östergötlandisid	PlP
Östergötland	Östergötlandisse	SgIll
Östergötland	Östergötlandist	SgEl
Östergötland	Östergötlandita	SgAb
Öötla	Öötla	SgAdt
Öötla	Öötla	SgG
Öötla	Öötla	SgN
Öötla	Öötlad	PlN
Öötla	Öötlaga	SgKom
Öötla	Öötlaid	PlP
Öötla	Öötlaiks	PlTr
Öötla	Öötlail	PlAd
Öötla	Öötlaile	PlAll
Öötla	Öötlailt	PlAbl
Öötla	Öötlais	PlIn
Öötla	Öötlaisse	PlIll
Öötla	Öötlaist	PlEl
Öötla	Öötlaks	SgTr
Öötla	Öötlal	SgAd
Öötla	Öötlale	SgAll
Öötla	Öötlalt	SgAbl
Öötla	Öötlana	SgEs
Öötla	Öötlani	SgTer
Öötla	Öötlas	SgIn
Öötla	Öötlasse	SgIll
Öötla	Öötlast	SgEl
Öötla	Öötlat	SgP
Öötla	Öötlata	SgAb
Öötla	Öötlate	PlG
Öötla	Öötlatega	PlKom
Öötla	Öötlateks	PlTr
Öötla	Öötlatel	PlAd
Öötla	Öötlatele	PlAll
Öötla	Öötlatelt	PlAbl
Öötla	Öötlatena	PlEs
Öötla	Öötlateni	PlTer
Öötla	Öötlates	PlIn
Öötla	Öötlatesse	PlIll
Öötla	Öötlatest	PlEl
Öötla	Öötlateta	PlAb
ööp	ööba	SgG
ööp	ööbad	PlN
ööp	ööbaga	SgKom
ööp	ööbaks	SgTr
ööp	ööbal	SgAd
ööp	ööbale	SgAll
ööp	ööbalt	SgAbl
ööp	ööbana	SgEs
ööp	ööbani	SgTer
ööp	ööbas	SgIn
ööp	ööbasse	SgIll
ööp	ööbast	SgEl
ööp	ööbata	SgAb
ööp	ööbiks	PlTr
ööp	ööbil	PlAd
ööp	ööbile	PlAll
ööp	ööbilt	PlAbl
ööp	ööbis	PlIn
ööp	ööbisse	PlIll
ööp	ööbist	PlEl
ööp	ööp	SgN
ööp	ööpa	SgAdt
ööp	ööpa	SgP
ööp	ööpade	PlG
ööp	ööpadega	PlKom
ööp	ööpadeks	PlTr
ööp	ööpadel	PlAd
ööp	ööpadele	PlAll
ööp	ööpadelt	PlAbl
ööp	ööpadena	PlEs
ööp	ööpadeni	PlTer
ööp	ööpades	PlIn
ööp	ööpadesse	PlIll
ööp	ööpadest	PlEl
ööp	ööpadeta	PlAb
ööp	ööpasid	PlP
ööp	ööpi	PlP
Ölbäck	Ölbäck	SgN
Ölbäck	Ölbäcke	PlP
Ölbäck	Ölbäckeks	PlTr
Ölbäck	Ölbäckel	PlAd
Ölbäck	Ölbäckele	PlAll
Ölbäck	Ölbäckelt	PlAbl
Ölbäck	Ölbäckes	PlIn
Ölbäck	Ölbäckesse	PlIll
Ölbäck	Ölbäckest	PlEl
Ölbäck	Ölbäcki	SgAdt
Ölbäck	Ölbäcki	SgG
Ölbäck	Ölbäcki	SgP
Ölbäck	Ölbäckid	PlN
Ölbäck	Ölbäckide	PlG
Ölbäck	Ölbäckidega	PlKom
Ölbäck	Ölbäckideks	PlTr
Ölbäck	Ölbäckidel	PlAd
Ölbäck	Ölbäckidele	PlAll
Ölbäck	Ölbäckidelt	PlAbl
Ölbäck	Ölbäckidena	PlEs
Ölbäck	Ölbäckideni	PlTer
Ölbäck	Ölbäckides	PlIn
Ölbäck	Ölbäckidesse	PlIll
Ölbäck	Ölbäckidest	PlEl
Ölbäck	Ölbäckideta	PlAb
Ölbäck	Ölbäckiga	SgKom
Ölbäck	Ölbäckiks	SgTr
Ölbäck	Ölbäckil	SgAd
Ölbäck	Ölbäckile	SgAll
Ölbäck	Ölbäckilt	SgAbl
Ölbäck	Ölbäckina	SgEs
Ölbäck	Ölbäckini	SgTer
Ölbäck	Ölbäckis	SgIn
Ölbäck	Ölbäckisid	PlP
Ölbäck	Ölbäckisse	SgIll
Ölbäck	Ölbäckist	SgEl
Ölbäck	Ölbäckita	SgAb
Österby	Österby	SgAdt
Österby	Österby	SgG
Österby	Österby	SgN
Österby	Österbyd	PlN
Österby	Österbyd	SgP
Österby	Österbyde	PlG
Österby	Österbydega	PlKom
Österby	Österbydeks	PlTr
Österby	Österbydel	PlAd
Österby	Österbydele	PlAll
Österby	Österbydelt	PlAbl
Österby	Österbydena	PlEs
Österby	Österbydeni	PlTer
Österby	Österbydes	PlIn
Österby	Österbydesse	PlIll
Österby	Österbydest	PlEl
Österby	Österbydeta	PlAb
Österby	Österbyga	SgKom
Österby	Österbyid	PlP
Österby	Österbyiks	PlTr
Österby	Österbyil	PlAd
Österby	Österbyile	PlAll
Österby	Österbyilt	PlAbl
Österby	Österbyis	PlIn
Österby	Österbyisse	PlIll
Österby	Österbyist	PlEl
Österby	Österbyks	SgTr
Österby	Österbyl	SgAd
Österby	Österbyle	SgAll
Österby	Österbylt	SgAbl
Österby	Österbyna	SgEs
Österby	Österbyni	SgTer
Österby	Österbys	SgIn
Österby	Österbysid	PlP
Österby	Österbysse	SgIll
Österby	Österbyst	SgEl
Österby	Österbyt	SgP
Österby	Österbyta	SgAb
Österby	Österbyte	PlG
Österby	Österbytega	PlKom
Österby	Österbyteks	PlTr
Österby	Österbytel	PlAd
Österby	Österbytele	PlAll
Österby	Österbytelt	PlAbl
Österby	Österbytena	PlEs
Österby	Österbyteni	PlTer
Österby	Österbytes	PlIn
Österby	Österbytesse	PlIll
Österby	Österbytest	PlEl
Österby	Österbyteta	PlAb
Österbi	Österbeid	PlP
Österbi	Österbeiks	PlTr
Österbi	Österbeil	PlAd
Österbi	Österbeile	PlAll
Österbi	Österbeilt	PlAbl
Österbi	Österbeis	PlIn
Österbi	Österbeisse	PlIll
Österbi	Österbeist	PlEl
Österbi	Österbi	SgAdt
Österbi	Österbi	SgG
Österbi	Österbi	SgN
Österbi	Österbid	PlN
Österbi	Österbiga	SgKom
Österbi	Österbiks	SgTr
Österbi	Österbil	SgAd
Österbi	Österbile	SgAll
Österbi	Österbilt	SgAbl
Österbi	Österbina	SgEs
Österbi	Österbini	SgTer
Österbi	Österbis	SgIn
Österbi	Österbisse	SgIll
Österbi	Österbist	SgEl
Österbi	Österbit	SgP
Österbi	Österbita	SgAb
Österbi	Österbite	PlG
Österbi	Österbitega	PlKom
Österbi	Österbiteks	PlTr
Österbi	Österbitel	PlAd
Österbi	Österbitele	PlAll
Österbi	Österbitelt	PlAbl
Österbi	Österbitena	PlEs
Österbi	Österbiteni	PlTer
Österbi	Österbites	PlIn
Österbi	Österbitesse	PlIll
Österbi	Österbitest	PlEl
Österbi	Österbiteta	PlAb
ööoode	-	SgAdt
ööoode	ööoode	SgN
ööoode	ööoodet	SgP
ööoode	ööoodete	PlG
ööoode	ööoodetega	PlKom
ööoode	ööoodeteks	PlTr
ööoode	ööoodetel	PlAd
ööoode	ööoodetele	PlAll
ööoode	ööoodetelt	PlAbl
ööoode	ööoodetena	PlEs
ööoode	ööoodeteni	PlTer
ööoode	ööoodetes	PlIn
ööoode	ööoodetesse	PlIll
ööoode	ööoodetest	PlEl
ööoode	ööoodeteta	PlAb
ööoode	ööoote	SgG
ööoode	ööooted	PlN
ööoode	ööootega	SgKom
ööoode	ööooteid	PlP
ööoode	ööooteiks	PlTr
ööoode	ööooteil	PlAd
ööoode	ööooteile	PlAll
ööoode	ööooteilt	PlAbl
ööoode	ööooteis	PlIn
ööoode	ööooteisse	PlIll
ööoode	ööooteist	PlEl
ööoode	ööooteks	SgTr
ööoode	ööootel	SgAd
ööoode	ööootele	SgAll
ööoode	ööootelt	SgAbl
ööoode	ööootena	SgEs
ööoode	ööooteni	SgTer
ööoode	ööootes	SgIn
ööoode	ööootesse	SgIll
ööoode	ööootest	SgEl
ööoode	ööooteta	SgAb
ökoseisund	-	SgAdt
ökoseisund	ökoseisund	SgN
ökoseisund	ökoseisundeid	PlP
ökoseisund	ökoseisundeiks	PlTr
ökoseisund	ökoseisundeil	PlAd
ökoseisund	ökoseisundeile	PlAll
ökoseisund	ökoseisundeilt	PlAbl
ökoseisund	ökoseisundeis	PlIn
ökoseisund	ökoseisundeisse	PlIll
ökoseisund	ökoseisundeist	PlEl
ökoseisund	ökoseisundi	SgG
ökoseisund	ökoseisundid	PlN
ökoseisund	ökoseisundiga	SgKom
ökoseisund	ökoseisundiks	SgTr
ökoseisund	ökoseisundil	SgAd
ökoseisund	ökoseisundile	SgAll
ökoseisund	ökoseisundilt	SgAbl
ökoseisund	ökoseisundina	SgEs
ökoseisund	ökoseisundini	SgTer
ökoseisund	ökoseisundis	SgIn
ökoseisund	ökoseisundisse	SgIll
ökoseisund	ökoseisundist	SgEl
ökoseisund	ökoseisundit	SgP
ökoseisund	ökoseisundita	SgAb
ökoseisund	ökoseisundite	PlG
ökoseisund	ökoseisunditega	PlKom
ökoseisund	ökoseisunditeks	PlTr
ökoseisund	ökoseisunditel	PlAd
ökoseisund	ökoseisunditele	PlAll
ökoseisund	ökoseisunditelt	PlAbl
ökoseisund	ökoseisunditena	PlEs
ökoseisund	ökoseisunditeni	PlTer
ökoseisund	ökoseisundites	PlIn
ökoseisund	ökoseisunditesse	PlIll
ökoseisund	ökoseisunditest	PlEl
ökoseisund	ökoseisunditeta	PlAb
ökoteadlik	ökoteadlik	SgN
ökoteadlik	ökoteadlike	PlG
ökoteadlik	ökoteadlikega	PlKom
ökoteadlik	ökoteadlikeks	PlTr
ökoteadlik	ökoteadlikel	PlAd
ökoteadlik	ökoteadlikele	PlAll
ökoteadlik	ökoteadlikelt	PlAbl
ökoteadlik	ökoteadlikena	PlEs
ökoteadlik	ökoteadlikeni	PlTer
ökoteadlik	ökoteadlikes	PlIn
ökoteadlik	ökoteadlikesse	PlIll
ökoteadlik	ökoteadlikest	PlEl
ökoteadlik	ökoteadliketa	PlAb
ökoteadlik	ökoteadlikke	PlP
ökoteadlik	ökoteadlikku	SgAdt
ökoteadlik	ökoteadlikku	SgP
ökoteadlik	ökoteadlikkude	PlG
ökoteadlik	ökoteadlikkudega	PlKom
ökoteadlik	ökoteadlikkudeks	PlTr
ökoteadlik	ökoteadlikkudel	PlAd
ökoteadlik	ökoteadlikkudele	PlAll
ökoteadlik	ökoteadlikkudelt	PlAbl
ökoteadlik	ökoteadlikkudena	PlEs
ökoteadlik	ökoteadlikkudeni	PlTer
ökoteadlik	ökoteadlikkudes	PlIn
ökoteadlik	ökoteadlikkudesse	PlIll
ökoteadlik	ökoteadlikkudest	PlEl
ökoteadlik	ökoteadlikkudeta	PlAb
ökoteadlik	ökoteadlikkusid	PlP
ökoteadlik	ökoteadliku	SgG
ökoteadlik	ökoteadlikud	PlN
ökoteadlik	ökoteadlikuga	SgKom
ökoteadlik	ökoteadlikuks	SgTr
ökoteadlik	ökoteadlikul	SgAd
ökoteadlik	ökoteadlikule	SgAll
ökoteadlik	ökoteadlikult	SgAbl
ökoteadlik	ökoteadlikuna	SgEs
ökoteadlik	ökoteadlikuni	SgTer
ökoteadlik	ökoteadlikus	SgIn
ökoteadlik	ökoteadlikusse	SgIll
ökoteadlik	ökoteadlikust	SgEl
ökoteadlik	ökoteadlikuta	SgAb
Ööri lõpp	Ööri lõpp	SgN
Ööri lõpp	Ööri lõppu	SgAdt
Ööri lõpp	Ööri lõppu	SgP
Ööri lõpp	Ööri lõpu	SgG
Ööri lõpp	Ööri lõpuga	SgKom
Ööri lõpp	Ööri lõpuks	SgTr
Ööri lõpp	Ööri lõpul	SgAd
Ööri lõpp	Ööri lõpule	SgAll
Ööri lõpp	Ööri lõpult	SgAbl
Ööri lõpp	Ööri lõpuna	SgEs
Ööri lõpp	Ööri lõpuni	SgTer
Ööri lõpp	Ööri lõpus	SgIn
Ööri lõpp	Ööri lõpusse	SgIll
Ööri lõpp	Ööri lõpust	SgEl
Ööri lõpp	Ööri lõputa	SgAb
ööbla	-	SgAdt
ööbla	ööbla	SgG
ööbla	ööbla	SgN
ööbla	ööblad	PlN
ööbla	ööblaga	SgKom
ööbla	ööblaid	PlP
ööbla	ööblaiks	PlTr
ööbla	ööblail	PlAd
ööbla	ööblaile	PlAll
ööbla	ööblailt	PlAbl
ööbla	ööblais	PlIn
ööbla	ööblaisse	PlIll
ööbla	ööblaist	PlEl
ööbla	ööblaks	SgTr
ööbla	ööblal	SgAd
ööbla	ööblale	SgAll
ööbla	ööblalt	SgAbl
ööbla	ööblana	SgEs
ööbla	ööblani	SgTer
ööbla	ööblas	SgIn
ööbla	ööblasse	SgIll
ööbla	ööblast	SgEl
ööbla	ööblat	SgP
ööbla	ööblata	SgAb
ööbla	ööblate	PlG
ööbla	ööblatega	PlKom
ööbla	ööblateks	PlTr
ööbla	ööblatel	PlAd
ööbla	ööblatele	PlAll
ööbla	ööblatelt	PlAbl
ööbla	ööblatena	PlEs
ööbla	ööblateni	PlTer
ööbla	ööblates	PlIn
ööbla	ööblatesse	PlIll
ööbla	ööblatest	PlEl
ööbla	ööblateta	PlAb
öölinnapea	-	SgAdt
öölinnapea	öölinnapea	SgG
öölinnapea	öölinnapea	SgN
öölinnapea	öölinnapead	PlN
öölinnapea	öölinnapead	SgP
öölinnapea	öölinnapeade	PlG
öölinnapea	öölinnapeadega	PlKom
öölinnapea	öölinnapeadeks	PlTr
öölinnapea	öölinnapeadel	PlAd
öölinnapea	öölinnapeadele	PlAll
öölinnapea	öölinnapeadelt	PlAbl
öölinnapea	öölinnapeadena	PlEs
öölinnapea	öölinnapeadeni	PlTer
öölinnapea	öölinnapeades	PlIn
öölinnapea	öölinnapeadesse	PlIll
öölinnapea	öölinnapeadest	PlEl
öölinnapea	öölinnapeadeta	PlAb
öölinnapea	öölinnapeaga	SgKom
öölinnapea	öölinnapeaks	SgTr
öölinnapea	öölinnapeal	SgAd
öölinnapea	öölinnapeale	SgAll
öölinnapea	öölinnapealt	SgAbl
öölinnapea	öölinnapeana	SgEs
öölinnapea	öölinnapeani	SgTer
öölinnapea	öölinnapeas	SgIn
öölinnapea	öölinnapeasid	PlP
öölinnapea	öölinnapeasse	SgIll
öölinnapea	öölinnapeast	SgEl
öölinnapea	öölinnapeata	SgAb
öölinnapea	öölinnapäid	PlP
öölinnapea	öölinnapäiks	PlTr
öölinnapea	öölinnapäil	PlAd
öölinnapea	öölinnapäile	PlAll
öölinnapea	öölinnapäilt	PlAbl
öölinnapea	öölinnapäis	PlIn
öölinnapea	öölinnapäisse	PlIll
öölinnapea	öölinnapäist	PlEl
öömajale jääma	jäi öömajale	IndIpfSg3
öömajale jääma	jäid öömajale	IndIpfPl3
öömajale jääma	jäid öömajale	IndIpfSg2
öömajale jääma	jäime öömajale	IndIpfPl1
öömajale jääma	jäin öömajale	IndIpfSg1
öömajale jääma	jäite öömajale	IndIpfPl2
öömajale jääma	jää öömajale	ImpPrSg2
öömajale jääma	jää öömajale	IndPrPs_
öömajale jääma	jääb öömajale	IndPrSg3
öömajale jääma	jääd öömajale	IndPrSg2
öömajale jääma	jääda öömajale	IndPrIps_
öömajale jääma	jäädagu öömajale	ImpPrIps
öömajale jääma	jäädaks öömajale	KndPrIps
öömajale jääma	jäädakse öömajale	IndPrIps
öömajale jääma	jäädavat öömajale	KvtPrIps
öömajale jääma	jäädi öömajale	IndIpfIps
öömajale jääma	jäädud öömajale	PtsPtIpsNeg
öömajale jääma	jääduks öömajale	KndPtIps
öömajale jääma	jääduvat öömajale	KvtPtIps
öömajale jääma	jääge öömajale	ImpPrPl2
öömajale jääma	jäägem öömajale	ImpPrPl1
öömajale jääma	jäägu öömajale	ImpPrPs
öömajale jääma	jääks öömajale	KndPrPs
öömajale jääma	jääksid öömajale	KndPrPl3
öömajale jääma	jääksid öömajale	KndPrSg2
öömajale jääma	jääksime öömajale	KndPrPl1
öömajale jääma	jääksin öömajale	KndPrSg1
öömajale jääma	jääksite öömajale	KndPrPl2
öömajale jääma	jääme öömajale	IndPrPl1
öömajale jääma	jään öömajale	IndPrSg1
öömajale jääma	jäänud öömajale	PtsPtPsNeg
öömajale jääma	jäänuks öömajale	KndPtPs
öömajale jääma	jäänuksid öömajale	KndPtPl3
öömajale jääma	jäänuksid öömajale	KndPtSg2
öömajale jääma	jäänuksime öömajale	KndPtPl1
öömajale jääma	jäänuksin öömajale	KndPtSg1
öömajale jääma	jäänuksite öömajale	KndPtPl2
öömajale jääma	jäänuvat öömajale	KvtPtPs
öömajale jääma	jääte öömajale	IndPrPl2
öömajale jääma	jäävad öömajale	IndPrPl3
öömajale jääma	jäävat öömajale	KvtPrPs
öömajale jääma	öömajale jääda	Inf
öömajale jääma	öömajale jäädama	SupIps
öömajale jääma	öömajale jäädav	PtsPrIps
öömajale jääma	öömajale jäädes	Ger
öömajale jääma	öömajale jäädud	PtsPtIps
öömajale jääma	öömajale jääma	Sup
öömajale jääma	öömajale jäämaks	SupTr
öömajale jääma	öömajale jäämas	SupIn
öömajale jääma	öömajale jäämast	SupEl
öömajale jääma	öömajale jäämata	SupAb
öömajale jääma	öömajale jäänud	PtsPtPs
öömajale jääma	öömajale jääv	PtsPrPs
öökorterisse jääma	jäi öökorterisse	IndIpfSg3
öökorterisse jääma	jäid öökorterisse	IndIpfPl3
öökorterisse jääma	jäid öökorterisse	IndIpfSg2
öökorterisse jääma	jäime öökorterisse	IndIpfPl1
öökorterisse jääma	jäin öökorterisse	IndIpfSg1
öökorterisse jääma	jäite öökorterisse	IndIpfPl2
öökorterisse jääma	jää öökorterisse	ImpPrSg2
öökorterisse jääma	jää öökorterisse	IndPrPs_
öökorterisse jääma	jääb öökorterisse	IndPrSg3
öökorterisse jääma	jääd öökorterisse	IndPrSg2
öökorterisse jääma	jääda öökorterisse	IndPrIps_
öökorterisse jääma	jäädagu öökorterisse	ImpPrIps
öökorterisse jääma	jäädaks öökorterisse	KndPrIps
öökorterisse jääma	jäädakse öökorterisse	IndPrIps
öökorterisse jääma	jäädavat öökorterisse	KvtPrIps
öökorterisse jääma	jäädi öökorterisse	IndIpfIps
öökorterisse jääma	jäädud öökorterisse	PtsPtIpsNeg
öökorterisse jääma	jääduks öökorterisse	KndPtIps
öökorterisse jääma	jääduvat öökorterisse	KvtPtIps
öökorterisse jääma	jääge öökorterisse	ImpPrPl2
öökorterisse jääma	jäägem öökorterisse	ImpPrPl1
öökorterisse jääma	jäägu öökorterisse	ImpPrPs
öökorterisse jääma	jääks öökorterisse	KndPrPs
öökorterisse jääma	jääksid öökorterisse	KndPrPl3
öökorterisse jääma	jääksid öökorterisse	KndPrSg2
öökorterisse jääma	jääksime öökorterisse	KndPrPl1
öökorterisse jääma	jääksin öökorterisse	KndPrSg1
öökorterisse jääma	jääksite öökorterisse	KndPrPl2
öökorterisse jääma	jääme öökorterisse	IndPrPl1
öökorterisse jääma	jään öökorterisse	IndPrSg1
öökorterisse jääma	jäänud öökorterisse	PtsPtPsNeg
öökorterisse jääma	jäänuks öökorterisse	KndPtPs
öökorterisse jääma	jäänuksid öökorterisse	KndPtPl3
öökorterisse jääma	jäänuksid öökorterisse	KndPtSg2
öökorterisse jääma	jäänuksime öökorterisse	KndPtPl1
öökorterisse jääma	jäänuksin öökorterisse	KndPtSg1
öökorterisse jääma	jäänuksite öökorterisse	KndPtPl2
öökorterisse jääma	jäänuvat öökorterisse	KvtPtPs
öökorterisse jääma	jääte öökorterisse	IndPrPl2
öökorterisse jääma	jäävad öökorterisse	IndPrPl3
öökorterisse jääma	jäävat öökorterisse	KvtPrPs
öökorterisse jääma	öökorterisse jääda	Inf
öökorterisse jääma	öökorterisse jäädama	SupIps
öökorterisse jääma	öökorterisse jäädav	PtsPrIps
öökorterisse jääma	öökorterisse jäädes	Ger
öökorterisse jääma	öökorterisse jäädud	PtsPtIps
öökorterisse jääma	öökorterisse jääma	Sup
öökorterisse jääma	öökorterisse jäämaks	SupTr
öökorterisse jääma	öökorterisse jäämas	SupIn
öökorterisse jääma	öökorterisse jäämast	SupEl
öökorterisse jääma	öökorterisse jäämata	SupAb
öökorterisse jääma	öökorterisse jäänud	PtsPtPs
öökorterisse jääma	öökorterisse jääv	PtsPrPs
ökomuna	-	SgAdt
ökomuna	ökomuna	SgG
ökomuna	ökomuna	SgN
ökomuna	ökomuna	SgP
ökomuna	ökomunad	PlN
ökomuna	ökomunade	PlG
ökomuna	ökomunadega	PlKom
ökomuna	ökomunadeks	PlTr
ökomuna	ökomunadel	PlAd
ökomuna	ökomunadele	PlAll
ökomuna	ökomunadelt	PlAbl
ökomuna	ökomunadena	PlEs
ökomuna	ökomunadeni	PlTer
ökomuna	ökomunades	PlIn
ökomuna	ökomunadesse	PlIll
ökomuna	ökomunadest	PlEl
ökomuna	ökomunadeta	PlAb
ökomuna	ökomunaga	SgKom
ökomuna	ökomunaks	SgTr
ökomuna	ökomunal	SgAd
ökomuna	ökomunale	SgAll
ökomuna	ökomunalt	SgAbl
ökomuna	ökomunana	SgEs
ökomuna	ökomunani	SgTer
ökomuna	ökomunas	SgIn
ökomuna	ökomunasid	PlP
ökomuna	ökomunasse	SgIll
ökomuna	ökomunast	SgEl
ökomuna	ökomunata	SgAb
ökomuna	ökomune	PlP
ökomuna	ökomuneks	PlTr
ökomuna	ökomunel	PlAd
ökomuna	ökomunele	PlAll
ökomuna	ökomunelt	PlAbl
ökomuna	ökomunes	PlIn
ökomuna	ökomunesse	PlIll
ökomuna	ökomunest	PlEl
öögatus	öögatus	SgN
öögatus	öögatuse	SgG
öögatus	öögatused	PlN
öögatus	öögatusega	SgKom
öögatus	öögatuseks	SgTr
öögatus	öögatusel	SgAd
öögatus	öögatusele	SgAll
öögatus	öögatuselt	SgAbl
öögatus	öögatusena	SgEs
öögatus	öögatuseni	SgTer
öögatus	öögatuses	SgIn
öögatus	öögatusesse	SgIll
öögatus	öögatusest	SgEl
öögatus	öögatuseta	SgAb
öögatus	öögatusi	PlP
öögatus	öögatusiks	PlTr
öögatus	öögatusil	PlAd
öögatus	öögatusile	PlAll
öögatus	öögatusilt	PlAbl
öögatus	öögatusis	PlIn
öögatus	öögatusisse	PlIll
öögatus	öögatusist	PlEl
öögatus	öögatusse	SgAdt
öögatus	öögatust	SgP
öögatus	öögatuste	PlG
öögatus	öögatustega	PlKom
öögatus	öögatusteks	PlTr
öögatus	öögatustel	PlAd
öögatus	öögatustele	PlAll
öögatus	öögatustelt	PlAbl
öögatus	öögatustena	PlEs
öögatus	öögatusteni	PlTer
öögatus	öögatustes	PlIn
öögatus	öögatustesse	PlIll
öögatus	öögatustest	PlEl
öögatus	öögatusteta	PlAb
örisema	örise	ImpPrSg2
örisema	örise	IndPrPs_
örisema	öriseb	IndPrSg3
örisema	örised	IndPrSg2
örisema	öriseda	Inf
örisema	örisedes	Ger
örisema	örisege	ImpPrPl2
örisema	örisegem	ImpPrPl1
örisema	örisegu	ImpPrPs
örisema	öriseks	KndPrPs
örisema	öriseksid	KndPrPl3
örisema	öriseksid	KndPrSg2
örisema	öriseksime	KndPrPl1
örisema	öriseksin	KndPrSg1
örisema	öriseksite	KndPrPl2
örisema	örisema	Sup
örisema	örisemaks	SupTr
örisema	örisemas	SupIn
örisema	örisemast	SupEl
örisema	örisemata	SupAb
örisema	öriseme	IndPrPl1
örisema	örisen	IndPrSg1
örisema	örisenud	PtsPtPs
örisema	örisenud	PtsPtPsNeg
örisema	örisenuks	KndPtPs
örisema	örisenuksid	KndPtPl3
örisema	örisenuksid	KndPtSg2
örisema	örisenuksime	KndPtPl1
örisema	örisenuksin	KndPtSg1
örisema	örisenuksite	KndPtPl2
örisema	örisenuvat	KvtPtPs
örisema	örises	IndIpfSg3
örisema	örisesid	IndIpfPl3
örisema	örisesid	IndIpfSg2
örisema	örisesime	IndIpfPl1
örisema	örisesin	IndIpfSg1
örisema	örisesite	IndIpfPl2
örisema	öriseta	IndPrIps_
örisema	örisetagu	ImpPrIps
örisema	örisetaks	KndPrIps
örisema	örisetakse	IndPrIps
örisema	örisetama	SupIps
örisema	örisetav	PtsPrIps
örisema	örisetavat	KvtPrIps
örisema	örisete	IndPrPl2
örisema	öriseti	IndIpfIps
örisema	örisetud	PtsPtIps
örisema	örisetud	PtsPtIpsNeg
örisema	örisetuks	KndPtIps
örisema	örisetuvat	KvtPtIps
örisema	örisev	PtsPrPs
örisema	örisevad	IndPrPl3
örisema	örisevat	KvtPrPs
ökumeeniline	ökumeeniline	SgN
ökumeeniline	ökumeenilise	SgG
ökumeeniline	ökumeenilised	PlN
ökumeeniline	ökumeenilisega	SgKom
ökumeeniline	ökumeeniliseks	SgTr
ökumeeniline	ökumeenilisel	SgAd
ökumeeniline	ökumeenilisele	SgAll
ökumeeniline	ökumeeniliselt	SgAbl
ökumeeniline	ökumeenilisena	SgEs
ökumeeniline	ökumeeniliseni	SgTer
ökumeeniline	ökumeenilises	SgIn
ökumeeniline	ökumeenilisesse	SgIll
ökumeeniline	ökumeenilisest	SgEl
ökumeeniline	ökumeeniliseta	SgAb
ökumeeniline	ökumeenilisi	PlP
ökumeeniline	ökumeenilisiks	PlTr
ökumeeniline	ökumeenilisil	PlAd
ökumeeniline	ökumeenilisile	PlAll
ökumeeniline	ökumeenilisilt	PlAbl
ökumeeniline	ökumeenilisis	PlIn
ökumeeniline	ökumeenilisisse	PlIll
ökumeeniline	ökumeenilisist	PlEl
ökumeeniline	ökumeenilisse	SgAdt
ökumeeniline	ökumeenilist	SgP
ökumeeniline	ökumeeniliste	PlG
ökumeeniline	ökumeenilistega	PlKom
ökumeeniline	ökumeenilisteks	PlTr
ökumeeniline	ökumeenilistel	PlAd
ökumeeniline	ökumeenilistele	PlAll
ökumeeniline	ökumeenilistelt	PlAbl
ökumeeniline	ökumeenilistena	PlEs
ökumeeniline	ökumeenilisteni	PlTer
ökumeeniline	ökumeenilistes	PlIn
ökumeeniline	ökumeenilistesse	PlIll
ökumeeniline	ökumeenilistest	PlEl
ökumeeniline	ökumeenilisteta	PlAb
ökonoomitama	ökonoomita	ImpPrSg2
ökonoomitama	ökonoomita	IndPrPs_
ökonoomitama	ökonoomitab	IndPrSg3
ökonoomitama	ökonoomitad	IndPrSg2
ökonoomitama	ökonoomitada	Inf
ökonoomitama	ökonoomitades	Ger
ökonoomitama	ökonoomitage	ImpPrPl2
ökonoomitama	ökonoomitagem	ImpPrPl1
ökonoomitama	ökonoomitagu	ImpPrPs
ökonoomitama	ökonoomitaks	KndPrPs
ökonoomitama	ökonoomitaksid	KndPrPl3
ökonoomitama	ökonoomitaksid	KndPrSg2
ökonoomitama	ökonoomitaksime	KndPrPl1
ökonoomitama	ökonoomitaksin	KndPrSg1
ökonoomitama	ökonoomitaksite	KndPrPl2
ökonoomitama	ökonoomitama	Sup
ökonoomitama	ökonoomitamaks	SupTr
ökonoomitama	ökonoomitamas	SupIn
ökonoomitama	ökonoomitamast	SupEl
ökonoomitama	ökonoomitamata	SupAb
ökonoomitama	ökonoomitame	IndPrPl1
ökonoomitama	ökonoomitan	IndPrSg1
ökonoomitama	ökonoomitanud	PtsPtPs
ökonoomitama	ökonoomitanud	PtsPtPsNeg
ökonoomitama	ökonoomitanuks	KndPtPs
ökonoomitama	ökonoomitanuksid	KndPtPl3
ökonoomitama	ökonoomitanuksid	KndPtSg2
ökonoomitama	ökonoomitanuksime	KndPtPl1
ökonoomitama	ökonoomitanuksin	KndPtSg1
ökonoomitama	ökonoomitanuksite	KndPtPl2
ökonoomitama	ökonoomitanuvat	KvtPtPs
ökonoomitama	ökonoomitas	IndIpfSg3
ökonoomitama	ökonoomitasid	IndIpfPl3
ökonoomitama	ökonoomitasid	IndIpfSg2
ökonoomitama	ökonoomitasime	IndIpfPl1
ökonoomitama	ökonoomitasin	IndIpfSg1
ökonoomitama	ökonoomitasite	IndIpfPl2
ökonoomitama	ökonoomitata	IndPrIps_
ökonoomitama	ökonoomitatagu	ImpPrIps
ökonoomitama	ökonoomitataks	KndPrIps
ökonoomitama	ökonoomitatakse	IndPrIps
ökonoomitama	ökonoomitatama	SupIps
ökonoomitama	ökonoomitatav	PtsPrIps
ökonoomitama	ökonoomitatavat	KvtPrIps
ökonoomitama	ökonoomitate	IndPrPl2
ökonoomitama	ökonoomitati	IndIpfIps
ökonoomitama	ökonoomitatud	PtsPtIps
ökonoomitama	ökonoomitatud	PtsPtIpsNeg
ökonoomitama	ökonoomitatuks	KndPtIps
ökonoomitama	ökonoomitatuvat	KvtPtIps
ökonoomitama	ökonoomitav	PtsPrPs
ökonoomitama	ökonoomitavad	IndPrPl3
ökonoomitama	ökonoomitavat	KvtPrPs
ökoeksitamine	ökoeksitamine	SgN
ökoeksitamine	ökoeksitamise	SgG
ökoeksitamine	ökoeksitamised	PlN
ökoeksitamine	ökoeksitamisega	SgKom
ökoeksitamine	ökoeksitamiseks	SgTr
ökoeksitamine	ökoeksitamisel	SgAd
ökoeksitamine	ökoeksitamisele	SgAll
ökoeksitamine	ökoeksitamiselt	SgAbl
ökoeksitamine	ökoeksitamisena	SgEs
ökoeksitamine	ökoeksitamiseni	SgTer
ökoeksitamine	ökoeksitamises	SgIn
ökoeksitamine	ökoeksitamisesse	SgIll
ökoeksitamine	ökoeksitamisest	SgEl
ökoeksitamine	ökoeksitamiseta	SgAb
ökoeksitamine	ökoeksitamisi	PlP
ökoeksitamine	ökoeksitamisiks	PlTr
ökoeksitamine	ökoeksitamisil	PlAd
ökoeksitamine	ökoeksitamisile	PlAll
ökoeksitamine	ökoeksitamisilt	PlAbl
ökoeksitamine	ökoeksitamisis	PlIn
ökoeksitamine	ökoeksitamisisse	PlIll
ökoeksitamine	ökoeksitamisist	PlEl
ökoeksitamine	ökoeksitamisse	SgAdt
ökoeksitamine	ökoeksitamist	SgP
ökoeksitamine	ökoeksitamiste	PlG
ökoeksitamine	ökoeksitamistega	PlKom
ökoeksitamine	ökoeksitamisteks	PlTr
ökoeksitamine	ökoeksitamistel	PlAd
ökoeksitamine	ökoeksitamistele	PlAll
ökoeksitamine	ökoeksitamistelt	PlAbl
ökoeksitamine	ökoeksitamistena	PlEs
ökoeksitamine	ökoeksitamisteni	PlTer
ökoeksitamine	ökoeksitamistes	PlIn
ökoeksitamine	ökoeksitamistesse	PlIll
ökoeksitamine	ökoeksitamistest	PlEl
ökoeksitamine	ökoeksitamisteta	PlAb
ökolõks	ökolõks	SgN
ökolõks	ökolõkse	PlP
ökolõks	ökolõkseks	PlTr
ökolõks	ökolõksel	PlAd
ökolõks	ökolõksele	PlAll
ökolõks	ökolõkselt	PlAbl
ökolõks	ökolõkses	PlIn
ökolõks	ökolõksesse	PlIll
ökolõks	ökolõksest	PlEl
ökolõks	ökolõksu	SgAdt
ökolõks	ökolõksu	SgG
ökolõks	ökolõksu	SgP
ökolõks	ökolõksud	PlN
ökolõks	ökolõksude	PlG
ökolõks	ökolõksudega	PlKom
ökolõks	ökolõksudeks	PlTr
ökolõks	ökolõksudel	PlAd
ökolõks	ökolõksudele	PlAll
ökolõks	ökolõksudelt	PlAbl
ökolõks	ökolõksudena	PlEs
ökolõks	ökolõksudeni	PlTer
ökolõks	ökolõksudes	PlIn
ökolõks	ökolõksudesse	PlIll
ökolõks	ökolõksudest	PlEl
ökolõks	ökolõksudeta	PlAb
ökolõks	ökolõksuga	SgKom
ökolõks	ökolõksuks	SgTr
ökolõks	ökolõksul	SgAd
ökolõks	ökolõksule	SgAll
ökolõks	ökolõksult	SgAbl
ökolõks	ökolõksuna	SgEs
ökolõks	ökolõksuni	SgTer
ökolõks	ökolõksus	SgIn
ökolõks	ökolõksusid	PlP
ökolõks	ökolõksusse	SgIll
ökolõks	ökolõksust	SgEl
ökolõks	ökolõksuta	SgAb
ökoloogiline lõks	ökoloogiline lõks	SgN
ökoloogiline lõks	ökoloogilise lõksu	SgG
ökoloogiline lõks	ökoloogilise lõksuga	SgKom
ökoloogiline lõks	ökoloogilise lõksuna	SgEs
ökoloogiline lõks	ökoloogilise lõksuni	SgTer
ökoloogiline lõks	ökoloogilise lõksuta	SgAb
ökoloogiline lõks	ökoloogilised lõksud	PlN
ökoloogiline lõks	ökoloogiliseks lõksuks	SgTr
ökoloogiline lõks	ökoloogilisel lõksul	SgAd
ökoloogiline lõks	ökoloogilisele lõksule	SgAll
ökoloogiline lõks	ökoloogiliselt lõksult	SgAbl
ökoloogiline lõks	ökoloogilises lõksus	SgIn
ökoloogiline lõks	ökoloogilisesse lõksusse	SgIll
ökoloogiline lõks	ökoloogilisest lõksust	SgEl
ökoloogiline lõks	ökoloogilisi lõkse	PlP
ökoloogiline lõks	ökoloogilisi lõksusid	PlP
ökoloogiline lõks	ökoloogilisse lõksu	SgAdt
ökoloogiline lõks	ökoloogilist lõksu	SgP
ökoloogiline lõks	ökoloogiliste lõksude	PlG
ökoloogiline lõks	ökoloogiliste lõksudega	PlKom
ökoloogiline lõks	ökoloogiliste lõksudena	PlEs
ökoloogiline lõks	ökoloogiliste lõksudeni	PlTer
ökoloogiline lõks	ökoloogiliste lõksudeta	PlAb
ökoloogiline lõks	ökoloogilisteks lõksudeks	PlTr
ökoloogiline lõks	ökoloogilistel lõksudel	PlAd
ökoloogiline lõks	ökoloogilistele lõksudele	PlAll
ökoloogiline lõks	ökoloogilistelt lõksudelt	PlAbl
ökoloogiline lõks	ökoloogilistes lõksudes	PlIn
ökoloogiline lõks	ökoloogilistesse lõksudesse	PlIll
ökoloogiline lõks	ökoloogilistest lõksudest	PlEl
Ööriku	Ööriku	SgAdt
Ööriku	Ööriku	SgG
Ööriku	Ööriku	SgN
Ööriku	Öörikud	PlN
Ööriku	Öörikuga	SgKom
Ööriku	Öörikuid	PlP
Ööriku	Öörikuiks	PlTr
Ööriku	Öörikuil	PlAd
Ööriku	Öörikuile	PlAll
Ööriku	Öörikuilt	PlAbl
Ööriku	Öörikuis	PlIn
Ööriku	Öörikuisse	PlIll
Ööriku	Öörikuist	PlEl
Ööriku	Öörikuks	SgTr
Ööriku	Öörikul	SgAd
Ööriku	Öörikule	SgAll
Ööriku	Öörikult	SgAbl
Ööriku	Öörikuna	SgEs
Ööriku	Öörikuni	SgTer
Ööriku	Öörikus	SgIn
Ööriku	Öörikusse	SgIll
Ööriku	Öörikust	SgEl
Ööriku	Öörikut	SgP
Ööriku	Öörikuta	SgAb
Ööriku	Öörikute	PlG
Ööriku	Öörikutega	PlKom
Ööriku	Öörikuteks	PlTr
Ööriku	Öörikutel	PlAd
Ööriku	Öörikutele	PlAll
Ööriku	Öörikutelt	PlAbl
Ööriku	Öörikutena	PlEs
Ööriku	Öörikuteni	PlTer
Ööriku	Öörikutes	PlIn
Ööriku	Öörikutesse	PlIll
Ööriku	Öörikutest	PlEl
Ööriku	Öörikuteta	PlAb
öösoe	öösoe	SgN
öösoe	öösooja	SgAdt
öösoe	öösooja	SgG
öösoe	öösooja	SgP
öösoe	öösoojad	PlN
öösoe	öösoojade	PlG
öösoe	öösoojadega	PlKom
öösoe	öösoojadeks	PlTr
öösoe	öösoojadel	PlAd
öösoe	öösoojadele	PlAll
öösoe	öösoojadelt	PlAbl
öösoe	öösoojadena	PlEs
öösoe	öösoojadeni	PlTer
öösoe	öösoojades	PlIn
öösoe	öösoojadesse	PlIll
öösoe	öösoojadest	PlEl
öösoe	öösoojadeta	PlAb
öösoe	öösoojaga	SgKom
öösoe	öösoojaks	SgTr
öösoe	öösoojal	SgAd
öösoe	öösoojale	SgAll
öösoe	öösoojalt	SgAbl
öösoe	öösoojana	SgEs
öösoe	öösoojani	SgTer
öösoe	öösoojas	SgIn
öösoe	öösoojasid	PlP
öösoe	öösoojasse	SgIll
öösoe	öösoojast	SgEl
öösoe	öösoojata	SgAb
öösoe	öösooje	PlP
öösoe	öösoojeks	PlTr
öösoe	öösoojel	PlAd
öösoe	öösoojele	PlAll
öösoe	öösoojelt	PlAbl
öösoe	öösoojes	PlIn
öösoe	öösoojesse	PlIll
öösoe	öösoojest	PlEl
Ö	Ö	SgAdt
Ö	Ö	SgG
Ö	Ö	SgN
Ö	Ö-d	PlN
Ö	Ö-d	SgP
Ö	Ö-de	PlG
Ö	Ö-dega	PlKom
Ö	Ö-deks	PlTr
Ö	Ö-del	PlAd
Ö	Ö-dele	PlAll
Ö	Ö-delt	PlAbl
Ö	Ö-dena	PlEs
Ö	Ö-deni	PlTer
Ö	Ö-des	PlIn
Ö	Ö-desse	PlIll
Ö	Ö-dest	PlEl
Ö	Ö-deta	PlAb
Ö	Ö-ga	SgKom
Ö	Ö-ks	SgTr
Ö	Ö-l	SgAd
Ö	Ö-le	SgAll
Ö	Ö-lt	SgAbl
Ö	Ö-na	SgEs
Ö	Ö-ni	SgTer
Ö	Ö-s	SgIn
Ö	Ö-sid	PlP
Ö	Ö-sse	SgIll
Ö	Ö-st	SgEl
Ö	Ö-ta	SgAb
öö	-	SgAdt
öö	öö	SgG
öö	öö	SgN
öö	ööd	PlN
öö	ööd	SgP
öö	ööde	PlG
öö	öödega	PlKom
öö	öödeks	PlTr
öö	öödel	PlAd
öö	öödele	PlAll
öö	öödelt	PlAbl
öö	öödena	PlEs
öö	öödeni	PlTer
öö	öödes	PlIn
öö	öödesse	PlIll
öö	öödest	PlEl
öö	öödeta	PlAb
öö	ööga	SgKom
öö	ööks	SgTr
öö	ööl	SgAd
öö	ööle	SgAll
öö	öölt	SgAbl
öö	ööna	SgEs
öö	ööni	SgTer
öö	öös	SgIn
öö	öösid	PlP
öö	öösse	SgIll
öö	ööst	SgEl
öö	ööta	SgAb
öökullid	öökull	SgN
öökullid	öökulle	PlP
öökullid	öökulleks	PlTr
öökullid	öökullel	PlAd
öökullid	öökullele	PlAll
öökullid	öökullelt	PlAbl
öökullid	öökulles	PlIn
öökullid	öökullesse	PlIll
öökullid	öökullest	PlEl
öökullid	öökulli	SgAdt
öökullid	öökulli	SgG
öökullid	öökulli	SgP
öökullid	öökullid	PlN
öökullid	öökullide	PlG
öökullid	öökullidega	PlKom
öökullid	öökullideks	PlTr
öökullid	öökullidel	PlAd
öökullid	öökullidele	PlAll
öökullid	öökullidelt	PlAbl
öökullid	öökullidena	PlEs
öökullid	öökullideni	PlTer
öökullid	öökullides	PlIn
öökullid	öökullidesse	PlIll
öökullid	öökullidest	PlEl
öökullid	öökullideta	PlAb
öökullid	öökulliga	SgKom
öökullid	öökulliks	SgTr
öökullid	öökullil	SgAd
öökullid	öökullile	SgAll
öökullid	öökullilt	SgAbl
öökullid	öökullina	SgEs
öökullid	öökullini	SgTer
öökullid	öökullis	SgIn
öökullid	öökullisid	PlP
öökullid	öökullisse	SgIll
öökullid	öökullist	SgEl
öökullid	öökullita	SgAb
ökoinimene	ökoinimene	SgN
ökoinimene	ökoinimese	SgG
ökoinimene	ökoinimesed	PlN
ökoinimene	ökoinimesega	SgKom
ökoinimene	ökoinimeseks	SgTr
ökoinimene	ökoinimesel	SgAd
ökoinimene	ökoinimesele	SgAll
ökoinimene	ökoinimeselt	SgAbl
ökoinimene	ökoinimesena	SgEs
ökoinimene	ökoinimeseni	SgTer
ökoinimene	ökoinimeses	SgIn
ökoinimene	ökoinimesesse	SgIll
ökoinimene	ökoinimesest	SgEl
ökoinimene	ökoinimeseta	SgAb
ökoinimene	ökoinimesi	PlP
ökoinimene	ökoinimesiks	PlTr
ökoinimene	ökoinimesil	PlAd
ökoinimene	ökoinimesile	PlAll
ökoinimene	ökoinimesilt	PlAbl
ökoinimene	ökoinimesis	PlIn
ökoinimene	ökoinimesisse	PlIll
ökoinimene	ökoinimesist	PlEl
ökoinimene	ökoinimesse	SgAdt
ökoinimene	ökoinimest	SgP
ökoinimene	ökoinimeste	PlG
ökoinimene	ökoinimestega	PlKom
ökoinimene	ökoinimesteks	PlTr
ökoinimene	ökoinimestel	PlAd
ökoinimene	ökoinimestele	PlAll
ökoinimene	ökoinimestelt	PlAbl
ökoinimene	ökoinimestena	PlEs
ökoinimene	ökoinimesteni	PlTer
ökoinimene	ökoinimestes	PlIn
ökoinimene	ökoinimestesse	PlIll
ökoinimene	ökoinimestest	PlEl
ökoinimene	ökoinimesteta	PlAb
Östersund	Östersund	SgN
Östersund	Östersunde	PlP
Östersund	Östersundeks	PlTr
Östersund	Östersundel	PlAd
Östersund	Östersundele	PlAll
Östersund	Östersundelt	PlAbl
Östersund	Östersundes	PlIn
Östersund	Östersundesse	PlIll
Östersund	Östersundest	PlEl
Östersund	Östersundi	SgAdt
Östersund	Östersundi	SgG
Östersund	Östersundi	SgP
Östersund	Östersundid	PlN
Östersund	Östersundide	PlG
Östersund	Östersundidega	PlKom
Östersund	Östersundideks	PlTr
Östersund	Östersundidel	PlAd
Östersund	Östersundidele	PlAll
Östersund	Östersundidelt	PlAbl
Östersund	Östersundidena	PlEs
Östersund	Östersundideni	PlTer
Östersund	Östersundides	PlIn
Östersund	Östersundidesse	PlIll
Östersund	Östersundidest	PlEl
Östersund	Östersundideta	PlAb
Östersund	Östersundiga	SgKom
Östersund	Östersundiks	SgTr
Östersund	Östersundil	SgAd
Östersund	Östersundile	SgAll
Östersund	Östersundilt	SgAbl
Östersund	Östersundina	SgEs
Östersund	Östersundini	SgTer
Östersund	Östersundis	SgIn
Östersund	Östersundisid	PlP
Östersund	Östersundisse	SgIll
Östersund	Östersundist	SgEl
Östersund	Östersundita	SgAb
ökopuhas	-	SgAdt
ökopuhas	ökopuhas	SgN
ökopuhas	ökopuhast	SgP
ökopuhas	ökopuhaste	PlG
ökopuhas	ökopuhastega	PlKom
ökopuhas	ökopuhasteks	PlTr
ökopuhas	ökopuhastel	PlAd
ökopuhas	ökopuhastele	PlAll
ökopuhas	ökopuhastelt	PlAbl
ökopuhas	ökopuhastena	PlEs
ökopuhas	ökopuhasteni	PlTer
ökopuhas	ökopuhastes	PlIn
ökopuhas	ökopuhastesse	PlIll
ökopuhas	ökopuhastest	PlEl
ökopuhas	ökopuhasteta	PlAb
ökopuhas	ökopuhta	SgG
ökopuhas	ökopuhtad	PlN
ökopuhas	ökopuhtaga	SgKom
ökopuhas	ökopuhtaid	PlP
ökopuhas	ökopuhtaiks	PlTr
ökopuhas	ökopuhtail	PlAd
ökopuhas	ökopuhtaile	PlAll
ökopuhas	ökopuhtailt	PlAbl
ökopuhas	ökopuhtais	PlIn
ökopuhas	ökopuhtaisse	PlIll
ökopuhas	ökopuhtaist	PlEl
ökopuhas	ökopuhtaks	SgTr
ökopuhas	ökopuhtal	SgAd
ökopuhas	ökopuhtale	SgAll
ökopuhas	ökopuhtalt	SgAbl
ökopuhas	ökopuhtana	SgEs
ökopuhas	ökopuhtani	SgTer
ökopuhas	ökopuhtas	SgIn
ökopuhas	ökopuhtasse	SgIll
ökopuhas	ökopuhtast	SgEl
ökopuhas	ökopuhtat	SgP
ökopuhas	ökopuhtata	SgAb
ökopuhas	ökopuhtate	PlG
ökopuhas	ökopuhtatega	PlKom
ökopuhas	ökopuhtateks	PlTr
ökopuhas	ökopuhtatel	PlAd
ökopuhas	ökopuhtatele	PlAll
ökopuhas	ökopuhtatelt	PlAbl
ökopuhas	ökopuhtatena	PlEs
ökopuhas	ökopuhtateni	PlTer
ökopuhas	ökopuhtates	PlIn
ökopuhas	ökopuhtatesse	PlIll
ökopuhas	ökopuhtatest	PlEl
ökopuhas	ökopuhtateta	PlAb
ökokogukond	ökokogukond	SgN
ökokogukond	ökokogukonda	SgAdt
ökokogukond	ökokogukonda	SgP
ökokogukond	ökokogukondade	PlG
ökokogukond	ökokogukondadega	PlKom
ökokogukond	ökokogukondadeks	PlTr
ökokogukond	ökokogukondadel	PlAd
ökokogukond	ökokogukondadele	PlAll
ökokogukond	ökokogukondadelt	PlAbl
ökokogukond	ökokogukondadena	PlEs
ökokogukond	ökokogukondadeni	PlTer
ökokogukond	ökokogukondades	PlIn
ökokogukond	ökokogukondadesse	PlIll
ökokogukond	ökokogukondadest	PlEl
ökokogukond	ökokogukondadeta	PlAb
ökokogukond	ökokogukondasid	PlP
ökokogukond	ökokogukondi	PlP
ökokogukond	ökokogukonna	SgG
ökokogukond	ökokogukonnad	PlN
ökokogukond	ökokogukonnaga	SgKom
ökokogukond	ökokogukonnaks	SgTr
ökokogukond	ökokogukonnal	SgAd
ökokogukond	ökokogukonnale	SgAll
ökokogukond	ökokogukonnalt	SgAbl
ökokogukond	ökokogukonnana	SgEs
ökokogukond	ökokogukonnani	SgTer
ökokogukond	ökokogukonnas	SgIn
ökokogukond	ökokogukonnasse	SgIll
ökokogukond	ökokogukonnast	SgEl
ökokogukond	ökokogukonnata	SgAb
ökokogukond	ökokogukonniks	PlTr
ökokogukond	ökokogukonnil	PlAd
ökokogukond	ökokogukonnile	PlAll
ökokogukond	ökokogukonnilt	PlAbl
ökokogukond	ökokogukonnis	PlIn
ökokogukond	ökokogukonnisse	PlIll
ökokogukond	ökokogukonnist	PlEl
