lemma	form	morph_code
š	š	SgAdt
š	š	SgG
š	š	SgN
š	šd	PlN
š	šd	SgP
š	šde	PlG
š	šdega	PlKom
š	šdeks	PlTr
š	šdel	PlAd
š	šdele	PlAll
š	šdelt	PlAbl
š	šdena	PlEs
š	šdeni	PlTer
š	šdes	PlIn
š	šdesse	PlIll
š	šdest	PlEl
š	šdeta	PlAb
š	šga	SgKom
š	šks	SgTr
š	šl	SgAd
š	šle	SgAll
š	šlt	SgAbl
š	šna	SgEs
š	šni	SgTer
š	šs	SgIn
š	šsid	PlP
š	šsse	SgIll
š	šst	SgEl
š	šta	SgAb
šaaber	-	SgAdt
šaaber	šaaber	SgN
šaaber	šaabreid	PlP
šaaber	šaabreiks	PlTr
šaaber	šaabreil	PlAd
šaaber	šaabreile	PlAll
šaaber	šaabreilt	PlAbl
šaaber	šaabreis	PlIn
šaaber	šaabreisse	PlIll
šaaber	šaabreist	PlEl
šaaber	šaabri	SgG
šaaber	šaabrid	PlN
šaaber	šaabriga	SgKom
šaaber	šaabriks	SgTr
šaaber	šaabril	SgAd
šaaber	šaabrile	SgAll
šaaber	šaabrilt	SgAbl
šaaber	šaabrina	SgEs
šaaber	šaabrini	SgTer
šaaber	šaabris	SgIn
šaaber	šaabrisse	SgIll
šaaber	šaabrist	SgEl
šaaber	šaabrit	SgP
šaaber	šaabrita	SgAb
šaaber	šaabrite	PlG
šaaber	šaabritega	PlKom
šaaber	šaabriteks	PlTr
šaaber	šaabritel	PlAd
šaaber	šaabritele	PlAll
šaaber	šaabritelt	PlAbl
šaaber	šaabritena	PlEs
šaaber	šaabriteni	PlTer
šaaber	šaabrites	PlIn
šaaber	šaabritesse	PlIll
šaaber	šaabritest	PlEl
šaaber	šaabriteta	PlAb
šaakal	-	SgAdt
šaakal	šaakal	SgN
šaakal	šaakaleid	PlP
šaakal	šaakaleiks	PlTr
šaakal	šaakaleil	PlAd
šaakal	šaakaleile	PlAll
šaakal	šaakaleilt	PlAbl
šaakal	šaakaleis	PlIn
šaakal	šaakaleisse	PlIll
šaakal	šaakaleist	PlEl
šaakal	šaakali	SgG
šaakal	šaakalid	PlN
šaakal	šaakaliga	SgKom
šaakal	šaakaliks	SgTr
šaakal	šaakalil	SgAd
šaakal	šaakalile	SgAll
šaakal	šaakalilt	SgAbl
šaakal	šaakalina	SgEs
šaakal	šaakalini	SgTer
šaakal	šaakalis	SgIn
šaakal	šaakalisse	SgIll
šaakal	šaakalist	SgEl
šaakal	šaakalit	SgP
šaakal	šaakalita	SgAb
šaakal	šaakalite	PlG
šaakal	šaakalitega	PlKom
šaakal	šaakaliteks	PlTr
šaakal	šaakalitel	PlAd
šaakal	šaakalitele	PlAll
šaakal	šaakalitelt	PlAbl
šaakal	šaakalitena	PlEs
šaakal	šaakaliteni	PlTer
šaakal	šaakalites	PlIn
šaakal	šaakalitesse	PlIll
šaakal	šaakalitest	PlEl
šaakal	šaakaliteta	PlAb
šaakallik	šaakallik	SgN
šaakallik	šaakallike	PlG
šaakallik	šaakallikega	PlKom
šaakallik	šaakallikeks	PlTr
šaakallik	šaakallikel	PlAd
šaakallik	šaakallikele	PlAll
šaakallik	šaakallikelt	PlAbl
šaakallik	šaakallikena	PlEs
šaakallik	šaakallikeni	PlTer
šaakallik	šaakallikes	PlIn
šaakallik	šaakallikesse	PlIll
šaakallik	šaakallikest	PlEl
šaakallik	šaakalliketa	PlAb
šaakallik	šaakallikke	PlP
šaakallik	šaakallikku	SgAdt
šaakallik	šaakallikku	SgP
šaakallik	šaakallikkude	PlG
šaakallik	šaakallikkudega	PlKom
šaakallik	šaakallikkudeks	PlTr
šaakallik	šaakallikkudel	PlAd
šaakallik	šaakallikkudele	PlAll
šaakallik	šaakallikkudelt	PlAbl
šaakallik	šaakallikkudena	PlEs
šaakallik	šaakallikkudeni	PlTer
šaakallik	šaakallikkudes	PlIn
šaakallik	šaakallikkudesse	PlIll
šaakallik	šaakallikkudest	PlEl
šaakallik	šaakallikkudeta	PlAb
šaakallik	šaakallikkusid	PlP
šaakallik	šaakalliku	SgG
šaakallik	šaakallikud	PlN
šaakallik	šaakallikuga	SgKom
šaakallik	šaakallikuks	SgTr
šaakallik	šaakallikul	SgAd
šaakallik	šaakallikule	SgAll
šaakallik	šaakallikult	SgAbl
šaakallik	šaakallikuna	SgEs
šaakallik	šaakallikuni	SgTer
šaakallik	šaakallikus	SgIn
šaakallik	šaakallikusse	SgIll
šaakallik	šaakallikust	SgEl
šaakallik	šaakallikuta	SgAb
šabloon	šabloon	SgN
šabloon	šabloone	PlP
šabloon	šablooneks	PlTr
šabloon	šabloonel	PlAd
šabloon	šabloonele	PlAll
šabloon	šabloonelt	PlAbl
šabloon	šabloones	PlIn
šabloon	šabloonesse	PlIll
šabloon	šabloonest	PlEl
šabloon	šablooni	SgAdt
šabloon	šablooni	SgG
šabloon	šablooni	SgP
šabloon	šabloonid	PlN
šabloon	šabloonide	PlG
šabloon	šabloonidega	PlKom
šabloon	šabloonideks	PlTr
šabloon	šabloonidel	PlAd
šabloon	šabloonidele	PlAll
šabloon	šabloonidelt	PlAbl
šabloon	šabloonidena	PlEs
šabloon	šabloonideni	PlTer
šabloon	šabloonides	PlIn
šabloon	šabloonidesse	PlIll
šabloon	šabloonidest	PlEl
šabloon	šabloonideta	PlAb
šabloon	šablooniga	SgKom
šabloon	šablooniks	SgTr
šabloon	šabloonil	SgAd
šabloon	šabloonile	SgAll
šabloon	šabloonilt	SgAbl
šabloon	šabloonina	SgEs
šabloon	šabloonini	SgTer
šabloon	šabloonis	SgIn
šabloon	šabloonisid	PlP
šabloon	šabloonisse	SgIll
šabloon	šabloonist	SgEl
šabloon	šabloonita	SgAb
šablooniline	šablooniline	SgN
šablooniline	šabloonilise	SgG
šablooniline	šabloonilised	PlN
šablooniline	šabloonilisega	SgKom
šablooniline	šablooniliseks	SgTr
šablooniline	šabloonilisel	SgAd
šablooniline	šabloonilisele	SgAll
šablooniline	šablooniliselt	SgAbl
šablooniline	šabloonilisena	SgEs
šablooniline	šablooniliseni	SgTer
šablooniline	šabloonilises	SgIn
šablooniline	šabloonilisesse	SgIll
šablooniline	šabloonilisest	SgEl
šablooniline	šablooniliseta	SgAb
šablooniline	šabloonilisi	PlP
šablooniline	šabloonilisiks	PlTr
šablooniline	šabloonilisil	PlAd
šablooniline	šabloonilisile	PlAll
šablooniline	šabloonilisilt	PlAbl
šablooniline	šabloonilisis	PlIn
šablooniline	šabloonilisisse	PlIll
šablooniline	šabloonilisist	PlEl
šablooniline	šabloonilisse	SgAdt
šablooniline	šabloonilist	SgP
šablooniline	šablooniliste	PlG
šablooniline	šabloonilistega	PlKom
šablooniline	šabloonilisteks	PlTr
šablooniline	šabloonilistel	PlAd
šablooniline	šabloonilistele	PlAll
šablooniline	šabloonilistelt	PlAbl
šablooniline	šabloonilistena	PlEs
šablooniline	šabloonilisteni	PlTer
šablooniline	šabloonilistes	PlIn
šablooniline	šabloonilistesse	PlIll
šablooniline	šabloonilistest	PlEl
šablooniline	šabloonilisteta	PlAb
šabloonne	-	SgAdt
šabloonne	šabloonne	SgN
šabloonne	šabloonse	SgG
šabloonne	šabloonsed	PlN
šabloonne	šabloonsega	SgKom
šabloonne	šabloonseid	PlP
šabloonne	šabloonseiks	PlTr
šabloonne	šabloonseil	PlAd
šabloonne	šabloonseile	PlAll
šabloonne	šabloonseilt	PlAbl
šabloonne	šabloonseis	PlIn
šabloonne	šabloonseisse	PlIll
šabloonne	šabloonseist	PlEl
šabloonne	šabloonseks	SgTr
šabloonne	šabloonsel	SgAd
šabloonne	šabloonsele	SgAll
šabloonne	šabloonselt	SgAbl
šabloonne	šabloonsena	SgEs
šabloonne	šabloonseni	SgTer
šabloonne	šabloonses	SgIn
šabloonne	šabloonsesse	SgIll
šabloonne	šabloonsest	SgEl
šabloonne	šabloonset	SgP
šabloonne	šabloonseta	SgAb
šabloonne	šabloonsete	PlG
šabloonne	šabloonsetega	PlKom
šabloonne	šabloonseteks	PlTr
šabloonne	šabloonsetel	PlAd
šabloonne	šabloonsetele	PlAll
šabloonne	šabloonsetelt	PlAbl
šabloonne	šabloonsetena	PlEs
šabloonne	šabloonseteni	PlTer
šabloonne	šabloonsetes	PlIn
šabloonne	šabloonsetesse	PlIll
šabloonne	šabloonsetest	PlEl
šabloonne	šabloonseteta	PlAb
šafott	šafoteks	PlTr
šafott	šafotel	PlAd
šafott	šafotele	PlAll
šafott	šafotelt	PlAbl
šafott	šafotes	PlIn
šafott	šafotesse	PlIll
šafott	šafotest	PlEl
šafott	šafoti	SgG
šafott	šafotid	PlN
šafott	šafotiga	SgKom
šafott	šafotiks	SgTr
šafott	šafotil	SgAd
šafott	šafotile	SgAll
šafott	šafotilt	SgAbl
šafott	šafotina	SgEs
šafott	šafotini	SgTer
šafott	šafotis	SgIn
šafott	šafotisse	SgIll
šafott	šafotist	SgEl
šafott	šafotita	SgAb
šafott	šafott	SgN
šafott	šafotte	PlP
šafott	šafotti	SgAdt
šafott	šafotti	SgP
šafott	šafottide	PlG
šafott	šafottidega	PlKom
šafott	šafottideks	PlTr
šafott	šafottidel	PlAd
šafott	šafottidele	PlAll
šafott	šafottidelt	PlAbl
šafott	šafottidena	PlEs
šafott	šafottideni	PlTer
šafott	šafottides	PlIn
šafott	šafottidesse	PlIll
šafott	šafottidest	PlEl
šafott	šafottideta	PlAb
šafott	šafottisid	PlP
šagrään	šagrään	SgN
šagrään	šagrääne	PlP
šagrään	šagrääneks	PlTr
šagrään	šagräänel	PlAd
šagrään	šagräänele	PlAll
šagrään	šagräänelt	PlAbl
šagrään	šagräänes	PlIn
šagrään	šagräänesse	PlIll
šagrään	šagräänest	PlEl
šagrään	šagrääni	SgAdt
šagrään	šagrääni	SgG
šagrään	šagrääni	SgP
šagrään	šagräänid	PlN
šagrään	šagräänide	PlG
šagrään	šagräänidega	PlKom
šagrään	šagräänideks	PlTr
šagrään	šagräänidel	PlAd
šagrään	šagräänidele	PlAll
šagrään	šagräänidelt	PlAbl
šagrään	šagräänidena	PlEs
šagrään	šagräänideni	PlTer
šagrään	šagräänides	PlIn
šagrään	šagräänidesse	PlIll
šagrään	šagräänidest	PlEl
šagrään	šagräänideta	PlAb
šagrään	šagrääniga	SgKom
šagrään	šagrääniks	SgTr
šagrään	šagräänil	SgAd
šagrään	šagräänile	SgAll
šagrään	šagräänilt	SgAbl
šagrään	šagräänina	SgEs
šagrään	šagräänini	SgTer
šagrään	šagräänis	SgIn
šagrään	šagräänisid	PlP
šagrään	šagräänisse	SgIll
šagrään	šagräänist	SgEl
šagrään	šagräänita	SgAb
šagräännahk	šagräännaha	SgG
šagräännahk	šagräännahad	PlN
šagräännahk	šagräännahaga	SgKom
šagräännahk	šagräännahaks	SgTr
šagräännahk	šagräännahal	SgAd
šagräännahk	šagräännahale	SgAll
šagräännahk	šagräännahalt	SgAbl
šagräännahk	šagräännahana	SgEs
šagräännahk	šagräännahani	SgTer
šagräännahk	šagräännahas	SgIn
šagräännahk	šagräännahasse	SgIll
šagräännahk	šagräännahast	SgEl
šagräännahk	šagräännahata	SgAb
šagräännahk	šagräännahk	SgN
šagräännahk	šagräännahka	SgAdt
šagräännahk	šagräännahka	SgP
šagräännahk	šagräännahkade	PlG
šagräännahk	šagräännahkadega	PlKom
šagräännahk	šagräännahkadeks	PlTr
šagräännahk	šagräännahkadel	PlAd
šagräännahk	šagräännahkadele	PlAll
šagräännahk	šagräännahkadelt	PlAbl
šagräännahk	šagräännahkadena	PlEs
šagräännahk	šagräännahkadeni	PlTer
šagräännahk	šagräännahkades	PlIn
šagräännahk	šagräännahkadesse	PlIll
šagräännahk	šagräännahkadest	PlEl
šagräännahk	šagräännahkadeta	PlAb
šagräännahk	šagräännahkasid	PlP
šagräännahk	šagräännahku	PlP
šagräännahk	šagräännahuks	PlTr
šagräännahk	šagräännahul	PlAd
šagräännahk	šagräännahule	PlAll
šagräännahk	šagräännahult	PlAbl
šagräännahk	šagräännahus	PlIn
šagräännahk	šagräännahusse	PlIll
šagräännahk	šagräännahust	PlEl
šagräänpaber	-	SgAdt
šagräänpaber	šagräänpaber	SgN
šagräänpaber	šagräänpabereid	PlP
šagräänpaber	šagräänpabereiks	PlTr
šagräänpaber	šagräänpabereil	PlAd
šagräänpaber	šagräänpabereile	PlAll
šagräänpaber	šagräänpabereilt	PlAbl
šagräänpaber	šagräänpabereis	PlIn
šagräänpaber	šagräänpabereisse	PlIll
šagräänpaber	šagräänpabereist	PlEl
šagräänpaber	šagräänpaberi	SgG
šagräänpaber	šagräänpaberid	PlN
šagräänpaber	šagräänpaberiga	SgKom
šagräänpaber	šagräänpaberiks	SgTr
šagräänpaber	šagräänpaberil	SgAd
šagräänpaber	šagräänpaberile	SgAll
šagräänpaber	šagräänpaberilt	SgAbl
šagräänpaber	šagräänpaberina	SgEs
šagräänpaber	šagräänpaberini	SgTer
šagräänpaber	šagräänpaberis	SgIn
šagräänpaber	šagräänpaberisse	SgIll
šagräänpaber	šagräänpaberist	SgEl
šagräänpaber	šagräänpaberit	SgP
šagräänpaber	šagräänpaberita	SgAb
šagräänpaber	šagräänpaberite	PlG
šagräänpaber	šagräänpaberitega	PlKom
šagräänpaber	šagräänpaberiteks	PlTr
šagräänpaber	šagräänpaberitel	PlAd
šagräänpaber	šagräänpaberitele	PlAll
šagräänpaber	šagräänpaberitelt	PlAbl
šagräänpaber	šagräänpaberitena	PlEs
šagräänpaber	šagräänpaberiteni	PlTer
šagräänpaber	šagräänpaberites	PlIn
šagräänpaber	šagräänpaberitesse	PlIll
šagräänpaber	šagräänpaberitest	PlEl
šagräänpaber	šagräänpaberiteta	PlAb
šahh	šahh	SgN
šahh	šahhe	PlP
šahh	šahheks	PlTr
šahh	šahhel	PlAd
šahh	šahhele	PlAll
šahh	šahhelt	PlAbl
šahh	šahhes	PlIn
šahh	šahhesse	PlIll
šahh	šahhest	PlEl
šahh	šahhi	SgAdt
šahh	šahhi	SgG
šahh	šahhi	SgP
šahh	šahhid	PlN
šahh	šahhide	PlG
šahh	šahhidega	PlKom
šahh	šahhideks	PlTr
šahh	šahhidel	PlAd
šahh	šahhidele	PlAll
šahh	šahhidelt	PlAbl
šahh	šahhidena	PlEs
šahh	šahhideni	PlTer
šahh	šahhides	PlIn
šahh	šahhidesse	PlIll
šahh	šahhidest	PlEl
šahh	šahhideta	PlAb
šahh	šahhiga	SgKom
šahh	šahhiks	SgTr
šahh	šahhil	SgAd
šahh	šahhile	SgAll
šahh	šahhilt	SgAbl
šahh	šahhina	SgEs
šahh	šahhini	SgTer
šahh	šahhis	SgIn
šahh	šahhisid	PlP
šahh	šahhisse	SgIll
šahh	šahhist	SgEl
šahh	šahhita	SgAb
šahh	šahh	SgN
šahh	šahhe	PlP
šahh	šahheks	PlTr
šahh	šahhel	PlAd
šahh	šahhele	PlAll
šahh	šahhelt	PlAbl
šahh	šahhes	PlIn
šahh	šahhesse	PlIll
šahh	šahhest	PlEl
šahh	šahhi	SgAdt
šahh	šahhi	SgG
šahh	šahhi	SgP
šahh	šahhid	PlN
šahh	šahhide	PlG
šahh	šahhidega	PlKom
šahh	šahhideks	PlTr
šahh	šahhidel	PlAd
šahh	šahhidele	PlAll
šahh	šahhidelt	PlAbl
šahh	šahhidena	PlEs
šahh	šahhideni	PlTer
šahh	šahhides	PlIn
šahh	šahhidesse	PlIll
šahh	šahhidest	PlEl
šahh	šahhideta	PlAb
šahh	šahhiga	SgKom
šahh	šahhiks	SgTr
šahh	šahhil	SgAd
šahh	šahhile	SgAll
šahh	šahhilt	SgAbl
šahh	šahhina	SgEs
šahh	šahhini	SgTer
šahh	šahhis	SgIn
šahh	šahhisid	PlP
šahh	šahhisse	SgIll
šahh	šahhist	SgEl
šahh	šahhita	SgAb
šahhinna	-	SgAdt
šahhinna	šahhinna	SgG
šahhinna	šahhinna	SgN
šahhinna	šahhinnad	PlN
šahhinna	šahhinnade	PlG
šahhinna	šahhinnadega	PlKom
šahhinna	šahhinnadeks	PlTr
šahhinna	šahhinnadel	PlAd
šahhinna	šahhinnadele	PlAll
šahhinna	šahhinnadelt	PlAbl
šahhinna	šahhinnadena	PlEs
šahhinna	šahhinnadeni	PlTer
šahhinna	šahhinnades	PlIn
šahhinna	šahhinnadesse	PlIll
šahhinna	šahhinnadest	PlEl
šahhinna	šahhinnadeta	PlAb
šahhinna	šahhinnaga	SgKom
šahhinna	šahhinnaks	SgTr
šahhinna	šahhinnal	SgAd
šahhinna	šahhinnale	SgAll
šahhinna	šahhinnalt	SgAbl
šahhinna	šahhinnana	SgEs
šahhinna	šahhinnani	SgTer
šahhinna	šahhinnas	SgIn
šahhinna	šahhinnasid	PlP
šahhinna	šahhinnasse	SgIll
šahhinna	šahhinnast	SgEl
šahhinna	šahhinnat	SgP
šahhinna	šahhinnata	SgAb
šahh ja valmis	šahh ja valmis	ID
šaht	šaht	SgN
šaht	šahte	PlP
šaht	šahteks	PlTr
šaht	šahtel	PlAd
šaht	šahtele	PlAll
šaht	šahtelt	PlAbl
šaht	šahtes	PlIn
šaht	šahtesse	PlIll
šaht	šahtest	PlEl
šaht	šahti	SgAdt
šaht	šahti	SgG
šaht	šahti	SgP
šaht	šahtid	PlN
šaht	šahtide	PlG
šaht	šahtidega	PlKom
šaht	šahtideks	PlTr
šaht	šahtidel	PlAd
šaht	šahtidele	PlAll
šaht	šahtidelt	PlAbl
šaht	šahtidena	PlEs
šaht	šahtideni	PlTer
šaht	šahtides	PlIn
šaht	šahtidesse	PlIll
šaht	šahtidest	PlEl
šaht	šahtideta	PlAb
šaht	šahtiga	SgKom
šaht	šahtiks	SgTr
šaht	šahtil	SgAd
šaht	šahtile	SgAll
šaht	šahtilt	SgAbl
šaht	šahtina	SgEs
šaht	šahtini	SgTer
šaht	šahtis	SgIn
šaht	šahtisid	PlP
šaht	šahtisse	SgIll
šaht	šahtist	SgEl
šaht	šahtita	SgAb
šahtahi	šahtahi	SgN
šahtahi	šahtahje	PlP
šahtahi	šahtahjeks	PlTr
šahtahi	šahtahjel	PlAd
šahtahi	šahtahjele	PlAll
šahtahi	šahtahjelt	PlAbl
šahtahi	šahtahjes	PlIn
šahtahi	šahtahjesse	PlIll
šahtahi	šahtahjest	PlEl
šahtahi	šahtahju	SgAdt
šahtahi	šahtahju	SgG
šahtahi	šahtahju	SgP
šahtahi	šahtahjud	PlN
šahtahi	šahtahjude	PlG
šahtahi	šahtahjudega	PlKom
šahtahi	šahtahjudeks	PlTr
šahtahi	šahtahjudel	PlAd
šahtahi	šahtahjudele	PlAll
šahtahi	šahtahjudelt	PlAbl
šahtahi	šahtahjudena	PlEs
šahtahi	šahtahjudeni	PlTer
šahtahi	šahtahjudes	PlIn
šahtahi	šahtahjudesse	PlIll
šahtahi	šahtahjudest	PlEl
šahtahi	šahtahjudeta	PlAb
šahtahi	šahtahjuga	SgKom
šahtahi	šahtahjuks	SgTr
šahtahi	šahtahjul	SgAd
šahtahi	šahtahjule	SgAll
šahtahi	šahtahjult	SgAbl
šahtahi	šahtahjuna	SgEs
šahtahi	šahtahjuni	SgTer
šahtahi	šahtahjus	SgIn
šahtahi	šahtahjusid	PlP
šahtahi	šahtahjusse	SgIll
šahtahi	šahtahjust	SgEl
šahtahi	šahtahjuta	SgAb
šahtkaev	šahtkaev	SgN
šahtkaev	šahtkaeve	PlP
šahtkaev	šahtkaeveks	PlTr
šahtkaev	šahtkaevel	PlAd
šahtkaev	šahtkaevele	PlAll
šahtkaev	šahtkaevelt	PlAbl
šahtkaev	šahtkaeves	PlIn
šahtkaev	šahtkaevesse	PlIll
šahtkaev	šahtkaevest	PlEl
šahtkaev	šahtkaevu	SgAdt
šahtkaev	šahtkaevu	SgG
šahtkaev	šahtkaevu	SgP
šahtkaev	šahtkaevud	PlN
šahtkaev	šahtkaevude	PlG
šahtkaev	šahtkaevudega	PlKom
šahtkaev	šahtkaevudeks	PlTr
šahtkaev	šahtkaevudel	PlAd
šahtkaev	šahtkaevudele	PlAll
šahtkaev	šahtkaevudelt	PlAbl
šahtkaev	šahtkaevudena	PlEs
šahtkaev	šahtkaevudeni	PlTer
šahtkaev	šahtkaevudes	PlIn
šahtkaev	šahtkaevudesse	PlIll
šahtkaev	šahtkaevudest	PlEl
šahtkaev	šahtkaevudeta	PlAb
šahtkaev	šahtkaevuga	SgKom
šahtkaev	šahtkaevuks	SgTr
šahtkaev	šahtkaevul	SgAd
šahtkaev	šahtkaevule	SgAll
šahtkaev	šahtkaevult	SgAbl
šahtkaev	šahtkaevuna	SgEs
šahtkaev	šahtkaevuni	SgTer
šahtkaev	šahtkaevus	SgIn
šahtkaev	šahtkaevusid	PlP
šahtkaev	šahtkaevusse	SgIll
šahtkaev	šahtkaevust	SgEl
šahtkaev	šahtkaevuta	SgAb
šaitaan	šaitaan	SgN
šaitaan	šaitaane	PlP
šaitaan	šaitaaneks	PlTr
šaitaan	šaitaanel	PlAd
šaitaan	šaitaanele	PlAll
šaitaan	šaitaanelt	PlAbl
šaitaan	šaitaanes	PlIn
šaitaan	šaitaanesse	PlIll
šaitaan	šaitaanest	PlEl
šaitaan	šaitaani	SgAdt
šaitaan	šaitaani	SgG
šaitaan	šaitaani	SgP
šaitaan	šaitaanid	PlN
šaitaan	šaitaanide	PlG
šaitaan	šaitaanidega	PlKom
šaitaan	šaitaanideks	PlTr
šaitaan	šaitaanidel	PlAd
šaitaan	šaitaanidele	PlAll
šaitaan	šaitaanidelt	PlAbl
šaitaan	šaitaanidena	PlEs
šaitaan	šaitaanideni	PlTer
šaitaan	šaitaanides	PlIn
šaitaan	šaitaanidesse	PlIll
šaitaan	šaitaanidest	PlEl
šaitaan	šaitaanideta	PlAb
šaitaan	šaitaaniga	SgKom
šaitaan	šaitaaniks	SgTr
šaitaan	šaitaanil	SgAd
šaitaan	šaitaanile	SgAll
šaitaan	šaitaanilt	SgAbl
šaitaan	šaitaanina	SgEs
šaitaan	šaitaanini	SgTer
šaitaan	šaitaanis	SgIn
šaitaan	šaitaanisid	PlP
šaitaan	šaitaanisse	SgIll
šaitaan	šaitaanist	SgEl
šaitaan	šaitaanita	SgAb
Šākjamuni	Šākjamuni	SgAdt
Šākjamuni	Šākjamuni	SgG
Šākjamuni	Šākjamuni	SgN
Šākjamuni	Šākjamunid	PlN
Šākjamuni	Šākjamunide	PlG
Šākjamuni	Šākjamunidega	PlKom
Šākjamuni	Šākjamunideks	PlTr
Šākjamuni	Šākjamunidel	PlAd
Šākjamuni	Šākjamunidele	PlAll
Šākjamuni	Šākjamunidelt	PlAbl
Šākjamuni	Šākjamunidena	PlEs
Šākjamuni	Šākjamunideni	PlTer
Šākjamuni	Šākjamunides	PlIn
Šākjamuni	Šākjamunidesse	PlIll
Šākjamuni	Šākjamunidest	PlEl
Šākjamuni	Šākjamunideta	PlAb
Šākjamuni	Šākjamuniga	SgKom
Šākjamuni	Šākjamuniks	SgTr
Šākjamuni	Šākjamunil	SgAd
Šākjamuni	Šākjamunile	SgAll
Šākjamuni	Šākjamunilt	SgAbl
Šākjamuni	Šākjamunina	SgEs
Šākjamuni	Šākjamunini	SgTer
Šākjamuni	Šākjamunis	SgIn
Šākjamuni	Šākjamunisid	PlP
Šākjamuni	Šākjamunisse	SgIll
Šākjamuni	Šākjamunist	SgEl
Šākjamuni	Šākjamunit	SgP
Šākjamuni	Šākjamunita	SgAb
šakti	-	SgAdt
šakti	šakti	SgG
šakti	šakti	SgN
šakti	šaktid	PlN
šakti	šaktide	PlG
šakti	šaktidega	PlKom
šakti	šaktideks	PlTr
šakti	šaktidel	PlAd
šakti	šaktidele	PlAll
šakti	šaktidelt	PlAbl
šakti	šaktidena	PlEs
šakti	šaktideni	PlTer
šakti	šaktides	PlIn
šakti	šaktidesse	PlIll
šakti	šaktidest	PlEl
šakti	šaktideta	PlAb
šakti	šaktiga	SgKom
šakti	šaktiks	SgTr
šakti	šaktil	SgAd
šakti	šaktile	SgAll
šakti	šaktilt	SgAbl
šakti	šaktina	SgEs
šakti	šaktini	SgTer
šakti	šaktis	SgIn
šakti	šaktisid	PlP
šakti	šaktisse	SgIll
šakti	šaktist	SgEl
šakti	šaktit	SgP
šakti	šaktita	SgAb
šalmei	-	SgAdt
šalmei	šalmei	SgG
šalmei	šalmei	SgN
šalmei	šalmeid	PlN
šalmei	šalmeid	SgP
šalmei	šalmeide	PlG
šalmei	šalmeidega	PlKom
šalmei	šalmeideks	PlTr
šalmei	šalmeidel	PlAd
šalmei	šalmeidele	PlAll
šalmei	šalmeidelt	PlAbl
šalmei	šalmeidena	PlEs
šalmei	šalmeideni	PlTer
šalmei	šalmeides	PlIn
šalmei	šalmeidesse	PlIll
šalmei	šalmeidest	PlEl
šalmei	šalmeideta	PlAb
šalmei	šalmeiga	SgKom
šalmei	šalmeiks	SgTr
šalmei	šalmeil	SgAd
šalmei	šalmeile	SgAll
šalmei	šalmeilt	SgAbl
šalmei	šalmeina	SgEs
šalmei	šalmeini	SgTer
šalmei	šalmeis	SgIn
šalmei	šalmeisid	PlP
šalmei	šalmeisse	SgIll
šalmei	šalmeist	SgEl
šalmei	šalmeita	SgAb
šalottsibul	-	SgAdt
šalottsibul	šalottsibul	SgN
šalottsibul	šalottsibula	SgG
šalottsibul	šalottsibulad	PlN
šalottsibul	šalottsibulaga	SgKom
šalottsibul	šalottsibulaid	PlP
šalottsibul	šalottsibulaiks	PlTr
šalottsibul	šalottsibulail	PlAd
šalottsibul	šalottsibulaile	PlAll
šalottsibul	šalottsibulailt	PlAbl
šalottsibul	šalottsibulais	PlIn
šalottsibul	šalottsibulaisse	PlIll
šalottsibul	šalottsibulaist	PlEl
šalottsibul	šalottsibulaks	SgTr
šalottsibul	šalottsibulal	SgAd
šalottsibul	šalottsibulale	SgAll
šalottsibul	šalottsibulalt	SgAbl
šalottsibul	šalottsibulana	SgEs
šalottsibul	šalottsibulani	SgTer
šalottsibul	šalottsibulas	SgIn
šalottsibul	šalottsibulasse	SgIll
šalottsibul	šalottsibulast	SgEl
šalottsibul	šalottsibulat	SgP
šalottsibul	šalottsibulata	SgAb
šalottsibul	šalottsibulate	PlG
šalottsibul	šalottsibulatega	PlKom
šalottsibul	šalottsibulateks	PlTr
šalottsibul	šalottsibulatel	PlAd
šalottsibul	šalottsibulatele	PlAll
šalottsibul	šalottsibulatelt	PlAbl
šalottsibul	šalottsibulatena	PlEs
šalottsibul	šalottsibulateni	PlTer
šalottsibul	šalottsibulates	PlIn
šalottsibul	šalottsibulatesse	PlIll
šalottsibul	šalottsibulatest	PlEl
šalottsibul	šalottsibulateta	PlAb
šamaan	šamaan	SgN
šamaan	šamaane	PlP
šamaan	šamaaneks	PlTr
šamaan	šamaanel	PlAd
šamaan	šamaanele	PlAll
šamaan	šamaanelt	PlAbl
šamaan	šamaanes	PlIn
šamaan	šamaanesse	PlIll
šamaan	šamaanest	PlEl
šamaan	šamaani	SgAdt
šamaan	šamaani	SgG
šamaan	šamaani	SgP
šamaan	šamaanid	PlN
šamaan	šamaanide	PlG
šamaan	šamaanidega	PlKom
šamaan	šamaanideks	PlTr
šamaan	šamaanidel	PlAd
šamaan	šamaanidele	PlAll
šamaan	šamaanidelt	PlAbl
šamaan	šamaanidena	PlEs
šamaan	šamaanideni	PlTer
šamaan	šamaanides	PlIn
šamaan	šamaanidesse	PlIll
šamaan	šamaanidest	PlEl
šamaan	šamaanideta	PlAb
šamaan	šamaaniga	SgKom
šamaan	šamaaniks	SgTr
šamaan	šamaanil	SgAd
šamaan	šamaanile	SgAll
šamaan	šamaanilt	SgAbl
šamaan	šamaanina	SgEs
šamaan	šamaanini	SgTer
šamaan	šamaanis	SgIn
šamaan	šamaanisid	PlP
šamaan	šamaanisse	SgIll
šamaan	šamaanist	SgEl
šamaan	šamaanita	SgAb
šamaanitrumm	šamaanitrumm	SgN
šamaanitrumm	šamaanitrumme	PlP
šamaanitrumm	šamaanitrummeks	PlTr
šamaanitrumm	šamaanitrummel	PlAd
šamaanitrumm	šamaanitrummele	PlAll
šamaanitrumm	šamaanitrummelt	PlAbl
šamaanitrumm	šamaanitrummes	PlIn
šamaanitrumm	šamaanitrummesse	PlIll
šamaanitrumm	šamaanitrummest	PlEl
šamaanitrumm	šamaanitrummi	SgAdt
šamaanitrumm	šamaanitrummi	SgG
šamaanitrumm	šamaanitrummi	SgP
šamaanitrumm	šamaanitrummid	PlN
šamaanitrumm	šamaanitrummide	PlG
šamaanitrumm	šamaanitrummidega	PlKom
šamaanitrumm	šamaanitrummideks	PlTr
šamaanitrumm	šamaanitrummidel	PlAd
šamaanitrumm	šamaanitrummidele	PlAll
šamaanitrumm	šamaanitrummidelt	PlAbl
šamaanitrumm	šamaanitrummidena	PlEs
šamaanitrumm	šamaanitrummideni	PlTer
šamaanitrumm	šamaanitrummides	PlIn
šamaanitrumm	šamaanitrummidesse	PlIll
šamaanitrumm	šamaanitrummidest	PlEl
šamaanitrumm	šamaanitrummideta	PlAb
šamaanitrumm	šamaanitrummiga	SgKom
šamaanitrumm	šamaanitrummiks	SgTr
šamaanitrumm	šamaanitrummil	SgAd
šamaanitrumm	šamaanitrummile	SgAll
šamaanitrumm	šamaanitrummilt	SgAbl
šamaanitrumm	šamaanitrummina	SgEs
šamaanitrumm	šamaanitrummini	SgTer
šamaanitrumm	šamaanitrummis	SgIn
šamaanitrumm	šamaanitrummisid	PlP
šamaanitrumm	šamaanitrummisse	SgIll
šamaanitrumm	šamaanitrummist	SgEl
šamaanitrumm	šamaanitrummita	SgAb
šamaanlus	-	SgAdt
šamaanlus	šamaanlus	SgN
šamaanlus	šamaanluse	SgG
šamaanlus	šamaanlused	PlN
šamaanlus	šamaanlusega	SgKom
šamaanlus	šamaanluseid	PlP
šamaanlus	šamaanluseiks	PlTr
šamaanlus	šamaanluseil	PlAd
šamaanlus	šamaanluseile	PlAll
šamaanlus	šamaanluseilt	PlAbl
šamaanlus	šamaanluseis	PlIn
šamaanlus	šamaanluseisse	PlIll
šamaanlus	šamaanluseist	PlEl
šamaanlus	šamaanluseks	SgTr
šamaanlus	šamaanlusel	SgAd
šamaanlus	šamaanlusele	SgAll
šamaanlus	šamaanluselt	SgAbl
šamaanlus	šamaanlusena	SgEs
šamaanlus	šamaanluseni	SgTer
šamaanlus	šamaanluses	SgIn
šamaanlus	šamaanlusesse	SgIll
šamaanlus	šamaanlusest	SgEl
šamaanlus	šamaanluseta	SgAb
šamaanlus	šamaanlusi	PlP
šamaanlus	šamaanlusiks	PlTr
šamaanlus	šamaanlusil	PlAd
šamaanlus	šamaanlusile	PlAll
šamaanlus	šamaanlusilt	PlAbl
šamaanlus	šamaanlusis	PlIn
šamaanlus	šamaanlusisse	PlIll
šamaanlus	šamaanlusist	PlEl
šamaanlus	šamaanlusse	SgAdt
šamaanlus	šamaanlust	SgP
šamaanlus	šamaanluste	PlG
šamaanlus	šamaanlustega	PlKom
šamaanlus	šamaanlusteks	PlTr
šamaanlus	šamaanlustel	PlAd
šamaanlus	šamaanlustele	PlAll
šamaanlus	šamaanlustelt	PlAbl
šamaanlus	šamaanlustena	PlEs
šamaanlus	šamaanlusteni	PlTer
šamaanlus	šamaanlustes	PlIn
šamaanlus	šamaanlustesse	PlIll
šamaanlus	šamaanlustest	PlEl
šamaanlus	šamaanlusteta	PlAb
šamanism	šamanism	SgN
šamanism	šamanisme	PlP
šamanism	šamanismeks	PlTr
šamanism	šamanismel	PlAd
šamanism	šamanismele	PlAll
šamanism	šamanismelt	PlAbl
šamanism	šamanismes	PlIn
šamanism	šamanismesse	PlIll
šamanism	šamanismest	PlEl
šamanism	šamanismi	SgAdt
šamanism	šamanismi	SgG
šamanism	šamanismi	SgP
šamanism	šamanismid	PlN
šamanism	šamanismide	PlG
šamanism	šamanismidega	PlKom
šamanism	šamanismideks	PlTr
šamanism	šamanismidel	PlAd
šamanism	šamanismidele	PlAll
šamanism	šamanismidelt	PlAbl
šamanism	šamanismidena	PlEs
šamanism	šamanismideni	PlTer
šamanism	šamanismides	PlIn
šamanism	šamanismidesse	PlIll
šamanism	šamanismidest	PlEl
šamanism	šamanismideta	PlAb
šamanism	šamanismiga	SgKom
šamanism	šamanismiks	SgTr
šamanism	šamanismil	SgAd
šamanism	šamanismile	SgAll
šamanism	šamanismilt	SgAbl
šamanism	šamanismina	SgEs
šamanism	šamanismini	SgTer
šamanism	šamanismis	SgIn
šamanism	šamanismisid	PlP
šamanism	šamanismisse	SgIll
šamanism	šamanismist	SgEl
šamanism	šamanismita	SgAb
šamanistlik	šamanistlik	SgN
šamanistlik	šamanistlike	PlG
šamanistlik	šamanistlikega	PlKom
šamanistlik	šamanistlikeks	PlTr
šamanistlik	šamanistlikel	PlAd
šamanistlik	šamanistlikele	PlAll
šamanistlik	šamanistlikelt	PlAbl
šamanistlik	šamanistlikena	PlEs
šamanistlik	šamanistlikeni	PlTer
šamanistlik	šamanistlikes	PlIn
šamanistlik	šamanistlikesse	PlIll
šamanistlik	šamanistlikest	PlEl
šamanistlik	šamanistliketa	PlAb
šamanistlik	šamanistlikke	PlP
šamanistlik	šamanistlikku	SgAdt
šamanistlik	šamanistlikku	SgP
šamanistlik	šamanistlikkude	PlG
šamanistlik	šamanistlikkudega	PlKom
šamanistlik	šamanistlikkudeks	PlTr
šamanistlik	šamanistlikkudel	PlAd
šamanistlik	šamanistlikkudele	PlAll
šamanistlik	šamanistlikkudelt	PlAbl
šamanistlik	šamanistlikkudena	PlEs
šamanistlik	šamanistlikkudeni	PlTer
šamanistlik	šamanistlikkudes	PlIn
šamanistlik	šamanistlikkudesse	PlIll
šamanistlik	šamanistlikkudest	PlEl
šamanistlik	šamanistlikkudeta	PlAb
šamanistlik	šamanistlikkusid	PlP
šamanistlik	šamanistliku	SgG
šamanistlik	šamanistlikud	PlN
šamanistlik	šamanistlikuga	SgKom
šamanistlik	šamanistlikuks	SgTr
šamanistlik	šamanistlikul	SgAd
šamanistlik	šamanistlikule	SgAll
šamanistlik	šamanistlikult	SgAbl
šamanistlik	šamanistlikuna	SgEs
šamanistlik	šamanistlikuni	SgTer
šamanistlik	šamanistlikus	SgIn
šamanistlik	šamanistlikusse	SgIll
šamanistlik	šamanistlikust	SgEl
šamanistlik	šamanistlikuta	SgAb
šamott	šamoteks	PlTr
šamott	šamotel	PlAd
šamott	šamotele	PlAll
šamott	šamotelt	PlAbl
šamott	šamotes	PlIn
šamott	šamotesse	PlIll
šamott	šamotest	PlEl
šamott	šamoti	SgG
šamott	šamotid	PlN
šamott	šamotiga	SgKom
šamott	šamotiks	SgTr
šamott	šamotil	SgAd
šamott	šamotile	SgAll
šamott	šamotilt	SgAbl
šamott	šamotina	SgEs
šamott	šamotini	SgTer
šamott	šamotis	SgIn
šamott	šamotisse	SgIll
šamott	šamotist	SgEl
šamott	šamotita	SgAb
šamott	šamott	SgN
šamott	šamotte	PlP
šamott	šamotti	SgAdt
šamott	šamotti	SgP
šamott	šamottide	PlG
šamott	šamottidega	PlKom
šamott	šamottideks	PlTr
šamott	šamottidel	PlAd
šamott	šamottidele	PlAll
šamott	šamottidelt	PlAbl
šamott	šamottidena	PlEs
šamott	šamottideni	PlTer
šamott	šamottides	PlIn
šamott	šamottidesse	PlIll
šamott	šamottidest	PlEl
šamott	šamottideta	PlAb
šamott	šamottisid	PlP
šamottkivi	šamottkive	PlP
šamottkivi	šamottkiveks	PlTr
šamottkivi	šamottkivel	PlAd
šamottkivi	šamottkivele	PlAll
šamottkivi	šamottkivelt	PlAbl
šamottkivi	šamottkives	PlIn
šamottkivi	šamottkivesse	PlIll
šamottkivi	šamottkivest	PlEl
šamottkivi	šamottkivi	SgG
šamottkivi	šamottkivi	SgN
šamottkivi	šamottkivi	SgP
šamottkivi	šamottkivid	PlN
šamottkivi	šamottkivide	PlG
šamottkivi	šamottkividega	PlKom
šamottkivi	šamottkivideks	PlTr
šamottkivi	šamottkividel	PlAd
šamottkivi	šamottkividele	PlAll
šamottkivi	šamottkividelt	PlAbl
šamottkivi	šamottkividena	PlEs
šamottkivi	šamottkivideni	PlTer
šamottkivi	šamottkivides	PlIn
šamottkivi	šamottkividesse	PlIll
šamottkivi	šamottkividest	PlEl
šamottkivi	šamottkivideta	PlAb
šamottkivi	šamottkiviga	SgKom
šamottkivi	šamottkiviks	SgTr
šamottkivi	šamottkivil	SgAd
šamottkivi	šamottkivile	SgAll
šamottkivi	šamottkivilt	SgAbl
šamottkivi	šamottkivina	SgEs
šamottkivi	šamottkivini	SgTer
šamottkivi	šamottkivis	SgIn
šamottkivi	šamottkivisid	PlP
šamottkivi	šamottkivisse	SgIll
šamottkivi	šamottkivist	SgEl
šamottkivi	šamottkivita	SgAb
šamottkivi	šamottkivvi	SgAdt
šamott-tellis	-	SgAdt
šamott-tellis	šamott-tellis	SgN
šamott-tellis	šamott-tellise	SgG
šamott-tellis	šamott-tellised	PlN
šamott-tellis	šamott-tellisega	SgKom
šamott-tellis	šamott-telliseid	PlP
šamott-tellis	šamott-telliseiks	PlTr
šamott-tellis	šamott-telliseil	PlAd
šamott-tellis	šamott-telliseile	PlAll
šamott-tellis	šamott-telliseilt	PlAbl
šamott-tellis	šamott-telliseis	PlIn
šamott-tellis	šamott-telliseisse	PlIll
šamott-tellis	šamott-telliseist	PlEl
šamott-tellis	šamott-telliseks	SgTr
šamott-tellis	šamott-tellisel	SgAd
šamott-tellis	šamott-tellisele	SgAll
šamott-tellis	šamott-telliselt	SgAbl
šamott-tellis	šamott-tellisena	SgEs
šamott-tellis	šamott-telliseni	SgTer
šamott-tellis	šamott-tellises	SgIn
šamott-tellis	šamott-tellisesse	SgIll
šamott-tellis	šamott-tellisest	SgEl
šamott-tellis	šamott-telliseta	SgAb
šamott-tellis	šamott-tellist	SgP
šamott-tellis	šamott-telliste	PlG
šamott-tellis	šamott-tellistega	PlKom
šamott-tellis	šamott-tellisteks	PlTr
šamott-tellis	šamott-tellistel	PlAd
šamott-tellis	šamott-tellistele	PlAll
šamott-tellis	šamott-tellistelt	PlAbl
šamott-tellis	šamott-tellistena	PlEs
šamott-tellis	šamott-tellisteni	PlTer
šamott-tellis	šamott-tellistes	PlIn
šamott-tellis	šamott-tellistesse	PlIll
šamott-tellis	šamott-tellistest	PlEl
šamott-tellis	šamott-tellisteta	PlAb
šampa	-	SgAdt
šampa	šampa	SgG
šampa	šampa	SgN
šampa	šampad	PlN
šampa	šampade	PlG
šampa	šampadega	PlKom
šampa	šampadeks	PlTr
šampa	šampadel	PlAd
šampa	šampadele	PlAll
šampa	šampadelt	PlAbl
šampa	šampadena	PlEs
šampa	šampadeni	PlTer
šampa	šampades	PlIn
šampa	šampadesse	PlIll
šampa	šampadest	PlEl
šampa	šampadeta	PlAb
šampa	šampaga	SgKom
šampa	šampaks	SgTr
šampa	šampal	SgAd
šampa	šampale	SgAll
šampa	šampalt	SgAbl
šampa	šampana	SgEs
šampa	šampani	SgTer
šampa	šampas	SgIn
šampa	šampasid	PlP
šampa	šampasse	SgIll
šampa	šampast	SgEl
šampa	šampat	SgP
šampa	šampata	SgAb
šampanja	-	SgAdt
šampanja	šampanja	SgG
šampanja	šampanja	SgN
šampanja	šampanjad	PlN
šampanja	šampanjade	PlG
šampanja	šampanjadega	PlKom
šampanja	šampanjadeks	PlTr
šampanja	šampanjadel	PlAd
šampanja	šampanjadele	PlAll
šampanja	šampanjadelt	PlAbl
šampanja	šampanjadena	PlEs
šampanja	šampanjadeni	PlTer
šampanja	šampanjades	PlIn
šampanja	šampanjadesse	PlIll
šampanja	šampanjadest	PlEl
šampanja	šampanjadeta	PlAb
šampanja	šampanjaga	SgKom
šampanja	šampanjaks	SgTr
šampanja	šampanjal	SgAd
šampanja	šampanjale	SgAll
šampanja	šampanjalt	SgAbl
šampanja	šampanjana	SgEs
šampanja	šampanjani	SgTer
šampanja	šampanjas	SgIn
šampanja	šampanjasid	PlP
šampanja	šampanjasse	SgIll
šampanja	šampanjast	SgEl
šampanja	šampanjat	SgP
šampanja	šampanjata	SgAb
šampanjaklaas	šampanjaklaas	SgN
šampanjaklaas	šampanjaklaase	PlP
šampanjaklaas	šampanjaklaaseks	PlTr
šampanjaklaas	šampanjaklaasel	PlAd
šampanjaklaas	šampanjaklaasele	PlAll
šampanjaklaas	šampanjaklaaselt	PlAbl
šampanjaklaas	šampanjaklaases	PlIn
šampanjaklaas	šampanjaklaasesse	PlIll
šampanjaklaas	šampanjaklaasest	PlEl
šampanjaklaas	šampanjaklaasi	SgAdt
šampanjaklaas	šampanjaklaasi	SgG
šampanjaklaas	šampanjaklaasi	SgP
šampanjaklaas	šampanjaklaasid	PlN
šampanjaklaas	šampanjaklaaside	PlG
šampanjaklaas	šampanjaklaasidega	PlKom
šampanjaklaas	šampanjaklaasideks	PlTr
šampanjaklaas	šampanjaklaasidel	PlAd
šampanjaklaas	šampanjaklaasidele	PlAll
šampanjaklaas	šampanjaklaasidelt	PlAbl
šampanjaklaas	šampanjaklaasidena	PlEs
šampanjaklaas	šampanjaklaasideni	PlTer
šampanjaklaas	šampanjaklaasides	PlIn
šampanjaklaas	šampanjaklaasidesse	PlIll
šampanjaklaas	šampanjaklaasidest	PlEl
šampanjaklaas	šampanjaklaasideta	PlAb
šampanjaklaas	šampanjaklaasiga	SgKom
šampanjaklaas	šampanjaklaasiks	SgTr
šampanjaklaas	šampanjaklaasil	SgAd
šampanjaklaas	šampanjaklaasile	SgAll
šampanjaklaas	šampanjaklaasilt	SgAbl
šampanjaklaas	šampanjaklaasina	SgEs
šampanjaklaas	šampanjaklaasini	SgTer
šampanjaklaas	šampanjaklaasis	SgIn
šampanjaklaas	šampanjaklaasisid	PlP
šampanjaklaas	šampanjaklaasisse	SgIll
šampanjaklaas	šampanjaklaasist	SgEl
šampanjaklaas	šampanjaklaasita	SgAb
šampanjer	-	SgAdt
šampanjer	šampanjer	SgN
šampanjer	šampanjereid	PlP
šampanjer	šampanjereiks	PlTr
šampanjer	šampanjereil	PlAd
šampanjer	šampanjereile	PlAll
šampanjer	šampanjereilt	PlAbl
šampanjer	šampanjereis	PlIn
šampanjer	šampanjereisse	PlIll
šampanjer	šampanjereist	PlEl
šampanjer	šampanjeri	SgG
šampanjer	šampanjerid	PlN
šampanjer	šampanjeriga	SgKom
šampanjer	šampanjeriks	SgTr
šampanjer	šampanjeril	SgAd
šampanjer	šampanjerile	SgAll
šampanjer	šampanjerilt	SgAbl
šampanjer	šampanjerina	SgEs
šampanjer	šampanjerini	SgTer
šampanjer	šampanjeris	SgIn
šampanjer	šampanjerisse	SgIll
šampanjer	šampanjerist	SgEl
šampanjer	šampanjerit	SgP
šampanjer	šampanjerita	SgAb
šampanjer	šampanjerite	PlG
šampanjer	šampanjeritega	PlKom
šampanjer	šampanjeriteks	PlTr
šampanjer	šampanjeritel	PlAd
šampanjer	šampanjeritele	PlAll
šampanjer	šampanjeritelt	PlAbl
šampanjer	šampanjeritena	PlEs
šampanjer	šampanjeriteni	PlTer
šampanjer	šampanjerites	PlIn
šampanjer	šampanjeritesse	PlIll
šampanjer	šampanjeritest	PlEl
šampanjer	šampanjeriteta	PlAb
šampinjon	šampinjon	SgN
šampinjon	šampinjone	PlP
šampinjon	šampinjoneks	PlTr
šampinjon	šampinjonel	PlAd
šampinjon	šampinjonele	PlAll
šampinjon	šampinjonelt	PlAbl
šampinjon	šampinjones	PlIn
šampinjon	šampinjonesse	PlIll
šampinjon	šampinjonest	PlEl
šampinjon	šampinjoni	SgAdt
šampinjon	šampinjoni	SgG
šampinjon	šampinjoni	SgP
šampinjon	šampinjonid	PlN
šampinjon	šampinjonide	PlG
šampinjon	šampinjonidega	PlKom
šampinjon	šampinjonideks	PlTr
šampinjon	šampinjonidel	PlAd
šampinjon	šampinjonidele	PlAll
šampinjon	šampinjonidelt	PlAbl
šampinjon	šampinjonidena	PlEs
šampinjon	šampinjonideni	PlTer
šampinjon	šampinjonides	PlIn
šampinjon	šampinjonidesse	PlIll
šampinjon	šampinjonidest	PlEl
šampinjon	šampinjonideta	PlAb
šampinjon	šampinjoniga	SgKom
šampinjon	šampinjoniks	SgTr
šampinjon	šampinjonil	SgAd
šampinjon	šampinjonile	SgAll
šampinjon	šampinjonilt	SgAbl
šampinjon	šampinjonina	SgEs
šampinjon	šampinjonini	SgTer
šampinjon	šampinjonis	SgIn
šampinjon	šampinjonisse	SgIll
šampinjon	šampinjonist	SgEl
šampinjon	šampinjonita	SgAb
šampoon	šampoon	SgN
šampoon	šampoone	PlP
šampoon	šampooneks	PlTr
šampoon	šampoonel	PlAd
šampoon	šampoonele	PlAll
šampoon	šampoonelt	PlAbl
šampoon	šampoones	PlIn
šampoon	šampoonesse	PlIll
šampoon	šampoonest	PlEl
šampoon	šampooni	SgAdt
šampoon	šampooni	SgG
šampoon	šampooni	SgP
šampoon	šampoonid	PlN
šampoon	šampoonide	PlG
šampoon	šampoonidega	PlKom
šampoon	šampoonideks	PlTr
šampoon	šampoonidel	PlAd
šampoon	šampoonidele	PlAll
šampoon	šampoonidelt	PlAbl
šampoon	šampoonidena	PlEs
šampoon	šampoonideni	PlTer
šampoon	šampoonides	PlIn
šampoon	šampoonidesse	PlIll
šampoon	šampoonidest	PlEl
šampoon	šampoonideta	PlAb
šampoon	šampooniga	SgKom
šampoon	šampooniks	SgTr
šampoon	šampoonil	SgAd
šampoon	šampoonile	SgAll
šampoon	šampoonilt	SgAbl
šampoon	šampoonina	SgEs
šampoon	šampoonini	SgTer
šampoon	šampoonis	SgIn
šampoon	šampoonisid	PlP
šampoon	šampoonisse	SgIll
šampoon	šampoonist	SgEl
šampoon	šampoonita	SgAb
šampoonitama	šampoonita	ImpPrSg2
šampoonitama	šampoonita	IndPrPs_
šampoonitama	šampoonitab	IndPrSg3
šampoonitama	šampoonitad	IndPrSg2
šampoonitama	šampoonitada	Inf
šampoonitama	šampoonitades	Ger
šampoonitama	šampoonitage	ImpPrPl2
šampoonitama	šampoonitagem	ImpPrPl1
šampoonitama	šampoonitagu	ImpPrPs
šampoonitama	šampoonitaks	KndPrPs
šampoonitama	šampoonitaksid	KndPrPl3
šampoonitama	šampoonitaksid	KndPrSg2
šampoonitama	šampoonitaksime	KndPrPl1
šampoonitama	šampoonitaksin	KndPrSg1
šampoonitama	šampoonitaksite	KndPrPl2
šampoonitama	šampoonitama	Sup
šampoonitama	šampoonitamaks	SupTr
šampoonitama	šampoonitamas	SupIn
šampoonitama	šampoonitamast	SupEl
šampoonitama	šampoonitamata	SupAb
šampoonitama	šampoonitame	IndPrPl1
šampoonitama	šampoonitan	IndPrSg1
šampoonitama	šampoonitanud	PtsPtPs
šampoonitama	šampoonitanuks	KndPtPs
šampoonitama	šampoonitanuksid	KndPtPl3
šampoonitama	šampoonitanuksid	KndPtSg2
šampoonitama	šampoonitanuksime	KndPtPl1
šampoonitama	šampoonitanuksin	KndPtSg1
šampoonitama	šampoonitanuksite	KndPtPl2
šampoonitama	šampoonitanuvat	KvtPtPs
šampoonitama	šampoonitas	IndIpfSg3
šampoonitama	šampoonitasid	IndIpfPl3
šampoonitama	šampoonitasid	IndIpfSg2
šampoonitama	šampoonitasime	IndIpfPl1
šampoonitama	šampoonitasin	IndIpfSg1
šampoonitama	šampoonitasite	IndIpfPl2
šampoonitama	šampoonitata	IndPrIps_
šampoonitama	šampoonitatagu	ImpPrIps
šampoonitama	šampoonitataks	KndPrIps
šampoonitama	šampoonitatakse	IndPrIps
šampoonitama	šampoonitatama	SupIps
šampoonitama	šampoonitatav	PtsPrIps
šampoonitama	šampoonitatavat	KvtPrIps
šampoonitama	šampoonitate	IndPrPl2
šampoonitama	šampoonitati	IndIpfIps
šampoonitama	šampoonitatud	PtsPtIps
šampoonitama	šampoonitatuks	KndPtIps
šampoonitama	šampoonitatuvat	KvtPtIps
šampoonitama	šampoonitav	PtsPrPs
šampoonitama	šampoonitavad	IndPrPl3
šampoonitama	šampoonitavat	KvtPrPs
šampus	-	SgAdt
šampus	šampus	SgN
šampus	šampuse	SgG
šampus	šampused	PlN
šampus	šampusega	SgKom
šampus	šampuseid	PlP
šampus	šampuseiks	PlTr
šampus	šampuseil	PlAd
šampus	šampuseile	PlAll
šampus	šampuseilt	PlAbl
šampus	šampuseis	PlIn
šampus	šampuseisse	PlIll
šampus	šampuseist	PlEl
šampus	šampuseks	SgTr
šampus	šampusel	SgAd
šampus	šampusele	SgAll
šampus	šampuselt	SgAbl
šampus	šampusena	SgEs
šampus	šampuseni	SgTer
šampus	šampuses	SgIn
šampus	šampusesse	SgIll
šampus	šampusest	SgEl
šampus	šampuseta	SgAb
šampus	šampusi	PlP
šampus	šampusiks	PlTr
šampus	šampusil	PlAd
šampus	šampusile	PlAll
šampus	šampusilt	PlAbl
šampus	šampusis	PlIn
šampus	šampusisse	PlIll
šampus	šampusist	PlEl
šampus	šampusse	SgAdt
šampus	šampust	SgP
šampus	šampuste	PlG
šampus	šampustega	PlKom
šampus	šampusteks	PlTr
šampus	šampustel	PlAd
šampus	šampustele	PlAll
šampus	šampustelt	PlAbl
šampus	šampustena	PlEs
šampus	šampusteni	PlTer
šampus	šampustes	PlIn
šampus	šampustesse	PlIll
šampus	šampustest	PlEl
šampus	šampusteta	PlAb
šanellkostüüm	šanellkostüüm	SgN
šanellkostüüm	šanellkostüüme	PlP
šanellkostüüm	šanellkostüümeks	PlTr
šanellkostüüm	šanellkostüümel	PlAd
šanellkostüüm	šanellkostüümele	PlAll
šanellkostüüm	šanellkostüümelt	PlAbl
šanellkostüüm	šanellkostüümes	PlIn
šanellkostüüm	šanellkostüümesse	PlIll
šanellkostüüm	šanellkostüümest	PlEl
šanellkostüüm	šanellkostüümi	SgAdt
šanellkostüüm	šanellkostüümi	SgG
šanellkostüüm	šanellkostüümi	SgP
šanellkostüüm	šanellkostüümid	PlN
šanellkostüüm	šanellkostüümide	PlG
šanellkostüüm	šanellkostüümidega	PlKom
šanellkostüüm	šanellkostüümideks	PlTr
šanellkostüüm	šanellkostüümidel	PlAd
šanellkostüüm	šanellkostüümidele	PlAll
šanellkostüüm	šanellkostüümidelt	PlAbl
šanellkostüüm	šanellkostüümidena	PlEs
šanellkostüüm	šanellkostüümideni	PlTer
šanellkostüüm	šanellkostüümides	PlIn
šanellkostüüm	šanellkostüümidesse	PlIll
šanellkostüüm	šanellkostüümidest	PlEl
šanellkostüüm	šanellkostüümideta	PlAb
šanellkostüüm	šanellkostüümiga	SgKom
šanellkostüüm	šanellkostüümiks	SgTr
šanellkostüüm	šanellkostüümil	SgAd
šanellkostüüm	šanellkostüümile	SgAll
šanellkostüüm	šanellkostüümilt	SgAbl
šanellkostüüm	šanellkostüümina	SgEs
šanellkostüüm	šanellkostüümini	SgTer
šanellkostüüm	šanellkostüümis	SgIn
šanellkostüüm	šanellkostüümisid	PlP
šanellkostüüm	šanellkostüümisse	SgIll
šanellkostüüm	šanellkostüümist	SgEl
šanellkostüüm	šanellkostüümita	SgAb
šanker	-	SgAdt
šanker	šanker	SgN
šanker	šankreid	PlP
šanker	šankreiks	PlTr
šanker	šankreil	PlAd
šanker	šankreile	PlAll
šanker	šankreilt	PlAbl
šanker	šankreis	PlIn
šanker	šankreisse	PlIll
šanker	šankreist	PlEl
šanker	šankri	SgG
šanker	šankrid	PlN
šanker	šankriga	SgKom
šanker	šankriks	SgTr
šanker	šankril	SgAd
šanker	šankrile	SgAll
šanker	šankrilt	SgAbl
šanker	šankrina	SgEs
šanker	šankrini	SgTer
šanker	šankris	SgIn
šanker	šankrisse	SgIll
šanker	šankrist	SgEl
šanker	šankrit	SgP
šanker	šankrita	SgAb
šanker	šankrite	PlG
šanker	šankritega	PlKom
šanker	šankriteks	PlTr
šanker	šankritel	PlAd
šanker	šankritele	PlAll
šanker	šankritelt	PlAbl
šanker	šankritena	PlEs
šanker	šankriteni	PlTer
šanker	šankrites	PlIn
šanker	šankritesse	PlIll
šanker	šankritest	PlEl
šanker	šankriteta	PlAb
šansonett	šansoneteks	PlTr
šansonett	šansonetel	PlAd
šansonett	šansonetele	PlAll
šansonett	šansonetelt	PlAbl
šansonett	šansonetes	PlIn
šansonett	šansonetesse	PlIll
šansonett	šansonetest	PlEl
šansonett	šansoneti	SgG
šansonett	šansonetid	PlN
šansonett	šansonetiga	SgKom
šansonett	šansonetiks	SgTr
šansonett	šansonetil	SgAd
šansonett	šansonetile	SgAll
šansonett	šansonetilt	SgAbl
šansonett	šansonetina	SgEs
šansonett	šansonetini	SgTer
šansonett	šansonetis	SgIn
šansonett	šansonetisse	SgIll
šansonett	šansonetist	SgEl
šansonett	šansonetita	SgAb
šansonett	šansonett	SgN
šansonett	šansonette	PlP
šansonett	šansonetti	SgAdt
šansonett	šansonetti	SgP
šansonett	šansonettide	PlG
šansonett	šansonettidega	PlKom
šansonett	šansonettideks	PlTr
šansonett	šansonettidel	PlAd
šansonett	šansonettidele	PlAll
šansonett	šansonettidelt	PlAbl
šansonett	šansonettidena	PlEs
šansonett	šansonettideni	PlTer
šansonett	šansonettides	PlIn
šansonett	šansonettidesse	PlIll
šansonett	šansonettidest	PlEl
šansonett	šansonettideta	PlAb
šansonett	šansonettisid	PlP
šansonjee	-	SgAdt
šansonjee	šansonjee	SgG
šansonjee	šansonjee	SgN
šansonjee	šansonjeed	PlN
šansonjee	šansonjeed	SgP
šansonjee	šansonjeede	PlG
šansonjee	šansonjeedega	PlKom
šansonjee	šansonjeedeks	PlTr
šansonjee	šansonjeedel	PlAd
šansonjee	šansonjeedele	PlAll
šansonjee	šansonjeedelt	PlAbl
šansonjee	šansonjeedena	PlEs
šansonjee	šansonjeedeni	PlTer
šansonjee	šansonjeedes	PlIn
šansonjee	šansonjeedesse	PlIll
šansonjee	šansonjeedest	PlEl
šansonjee	šansonjeedeta	PlAb
šansonjee	šansonjeega	SgKom
šansonjee	šansonjeeks	SgTr
šansonjee	šansonjeel	SgAd
šansonjee	šansonjeele	SgAll
šansonjee	šansonjeelt	SgAbl
šansonjee	šansonjeena	SgEs
šansonjee	šansonjeeni	SgTer
šansonjee	šansonjees	SgIn
šansonjee	šansonjeesid	PlP
šansonjee	šansonjeesse	SgIll
šansonjee	šansonjeest	SgEl
šansonjee	šansonjeeta	SgAb
šansonjee	šansonjeid	PlP
šansonjee	šansonjeiks	PlTr
šansonjee	šansonjeil	PlAd
šansonjee	šansonjeile	PlAll
šansonjee	šansonjeilt	PlAbl
šansonjee	šansonjeis	PlIn
šansonjee	šansonjeisse	PlIll
šansonjee	šansonjeist	PlEl
šansoon	šansoon	SgN
šansoon	šansoone	PlP
šansoon	šansooneks	PlTr
šansoon	šansoonel	PlAd
šansoon	šansoonele	PlAll
šansoon	šansoonelt	PlAbl
šansoon	šansoones	PlIn
šansoon	šansoonesse	PlIll
šansoon	šansoonest	PlEl
šansoon	šansooni	SgAdt
šansoon	šansooni	SgG
šansoon	šansooni	SgP
šansoon	šansoonid	PlN
šansoon	šansoonide	PlG
šansoon	šansoonidega	PlKom
šansoon	šansoonideks	PlTr
šansoon	šansoonidel	PlAd
šansoon	šansoonidele	PlAll
šansoon	šansoonidelt	PlAbl
šansoon	šansoonidena	PlEs
šansoon	šansoonideni	PlTer
šansoon	šansoonides	PlIn
šansoon	šansoonidesse	PlIll
šansoon	šansoonidest	PlEl
šansoon	šansoonideta	PlAb
šansoon	šansooniga	SgKom
šansoon	šansooniks	SgTr
šansoon	šansoonil	SgAd
šansoon	šansoonile	SgAll
šansoon	šansoonilt	SgAbl
šansoon	šansoonina	SgEs
šansoon	šansoonini	SgTer
šansoon	šansoonis	SgIn
šansoon	šansoonisid	PlP
šansoon	šansoonisse	SgIll
šansoon	šansoonist	SgEl
šansoon	šansoonita	SgAb
šanss	šanseks	PlTr
šanss	šansel	PlAd
šanss	šansele	PlAll
šanss	šanselt	PlAbl
šanss	šanses	PlIn
šanss	šansesse	PlIll
šanss	šansest	PlEl
šanss	šansi	SgG
šanss	šansid	PlN
šanss	šansiga	SgKom
šanss	šansiks	SgTr
šanss	šansil	SgAd
šanss	šansile	SgAll
šanss	šansilt	SgAbl
šanss	šansina	SgEs
šanss	šansini	SgTer
šanss	šansis	SgIn
šanss	šansisse	SgIll
šanss	šansist	SgEl
šanss	šansita	SgAb
šanss	šanss	SgN
šanss	šansse	PlP
šanss	šanssi	SgAdt
šanss	šanssi	SgP
šanss	šansside	PlG
šanss	šanssidega	PlKom
šanss	šanssideks	PlTr
šanss	šanssidel	PlAd
šanss	šanssidele	PlAll
šanss	šanssidelt	PlAbl
šanss	šanssidena	PlEs
šanss	šanssideni	PlTer
šanss	šanssides	PlIn
šanss	šanssidesse	PlIll
šanss	šanssidest	PlEl
šanss	šanssideta	PlAb
šanss	šanssisid	PlP
šantaaž	šantaaž	SgN
šantaaž	šantaaže	PlP
šantaaž	šantaažeks	PlTr
šantaaž	šantaažel	PlAd
šantaaž	šantaažele	PlAll
šantaaž	šantaaželt	PlAbl
šantaaž	šantaažes	PlIn
šantaaž	šantaažesse	PlIll
šantaaž	šantaažest	PlEl
šantaaž	šantaaži	SgAdt
šantaaž	šantaaži	SgG
šantaaž	šantaaži	SgP
šantaaž	šantaažid	PlN
šantaaž	šantaažide	PlG
šantaaž	šantaažidega	PlKom
šantaaž	šantaažideks	PlTr
šantaaž	šantaažidel	PlAd
šantaaž	šantaažidele	PlAll
šantaaž	šantaažidelt	PlAbl
šantaaž	šantaažidena	PlEs
šantaaž	šantaažideni	PlTer
šantaaž	šantaažides	PlIn
šantaaž	šantaažidesse	PlIll
šantaaž	šantaažidest	PlEl
šantaaž	šantaažideta	PlAb
šantaaž	šantaažiga	SgKom
šantaaž	šantaažiks	SgTr
šantaaž	šantaažil	SgAd
šantaaž	šantaažile	SgAll
šantaaž	šantaažilt	SgAbl
šantaaž	šantaažina	SgEs
šantaaž	šantaažini	SgTer
šantaaž	šantaažis	SgIn
šantaaž	šantaažisid	PlP
šantaaž	šantaažisse	SgIll
šantaaž	šantaažist	SgEl
šantaaž	šantaažita	SgAb
šantažeerima	šantažeeri	ImpPrSg2
šantažeerima	šantažeeri	IndPrPs_
šantažeerima	šantažeerib	IndPrSg3
šantažeerima	šantažeerid	IndPrSg2
šantažeerima	šantažeerida	Inf
šantažeerima	šantažeerides	Ger
šantažeerima	šantažeerige	ImpPrPl2
šantažeerima	šantažeerigem	ImpPrPl1
šantažeerima	šantažeerigu	ImpPrPs
šantažeerima	šantažeeriks	KndPrPs
šantažeerima	šantažeeriksid	KndPrPl3
šantažeerima	šantažeeriksid	KndPrSg2
šantažeerima	šantažeeriksime	KndPrPl1
šantažeerima	šantažeeriksin	KndPrSg1
šantažeerima	šantažeeriksite	KndPrPl2
šantažeerima	šantažeerima	Sup
šantažeerima	šantažeerimaks	SupTr
šantažeerima	šantažeerimas	SupIn
šantažeerima	šantažeerimast	SupEl
šantažeerima	šantažeerimata	SupAb
šantažeerima	šantažeerime	IndPrPl1
šantažeerima	šantažeerin	IndPrSg1
šantažeerima	šantažeerinud	PtsPtPs
šantažeerima	šantažeerinud	PtsPtPsNeg
šantažeerima	šantažeerinuks	KndPtPs
šantažeerima	šantažeerinuksid	KndPtPl3
šantažeerima	šantažeerinuksid	KndPtSg2
šantažeerima	šantažeerinuksime	KndPtPl1
šantažeerima	šantažeerinuksin	KndPtSg1
šantažeerima	šantažeerinuksite	KndPtPl2
šantažeerima	šantažeerinuvat	KvtPtPs
šantažeerima	šantažeeris	IndIpfSg3
šantažeerima	šantažeerisid	IndIpfPl3
šantažeerima	šantažeerisid	IndIpfSg2
šantažeerima	šantažeerisime	IndIpfPl1
šantažeerima	šantažeerisin	IndIpfSg1
šantažeerima	šantažeerisite	IndIpfPl2
šantažeerima	šantažeerita	IndPrIps_
šantažeerima	šantažeeritagu	ImpPrIps
šantažeerima	šantažeeritaks	KndPrIps
šantažeerima	šantažeeritakse	IndPrIps
šantažeerima	šantažeeritama	SupIps
šantažeerima	šantažeeritav	PtsPrIps
šantažeerima	šantažeeritavat	KvtPrIps
šantažeerima	šantažeerite	IndPrPl2
šantažeerima	šantažeeriti	IndIpfIps
šantažeerima	šantažeeritud	PtsPtIps
šantažeerima	šantažeeritud	PtsPtIpsNeg
šantažeerima	šantažeerituks	KndPtIps
šantažeerima	šantažeerituvat	KvtPtIps
šantažeerima	šantažeeriv	PtsPrPs
šantažeerima	šantažeerivad	IndPrPl3
šantažeerima	šantažeerivat	KvtPrPs
šapirograaf	šapirograaf	SgN
šapirograaf	šapirograafe	PlP
šapirograaf	šapirograafeks	PlTr
šapirograaf	šapirograafel	PlAd
šapirograaf	šapirograafele	PlAll
šapirograaf	šapirograafelt	PlAbl
šapirograaf	šapirograafes	PlIn
šapirograaf	šapirograafesse	PlIll
šapirograaf	šapirograafest	PlEl
šapirograaf	šapirograafi	SgAdt
šapirograaf	šapirograafi	SgG
šapirograaf	šapirograafi	SgP
šapirograaf	šapirograafid	PlN
šapirograaf	šapirograafide	PlG
šapirograaf	šapirograafidega	PlKom
šapirograaf	šapirograafideks	PlTr
šapirograaf	šapirograafidel	PlAd
šapirograaf	šapirograafidele	PlAll
šapirograaf	šapirograafidelt	PlAbl
šapirograaf	šapirograafidena	PlEs
šapirograaf	šapirograafideni	PlTer
šapirograaf	šapirograafides	PlIn
šapirograaf	šapirograafidesse	PlIll
šapirograaf	šapirograafidest	PlEl
šapirograaf	šapirograafideta	PlAb
šapirograaf	šapirograafiga	SgKom
šapirograaf	šapirograafiks	SgTr
šapirograaf	šapirograafil	SgAd
šapirograaf	šapirograafile	SgAll
šapirograaf	šapirograafilt	SgAbl
šapirograaf	šapirograafina	SgEs
šapirograaf	šapirograafini	SgTer
šapirograaf	šapirograafis	SgIn
šapirograaf	šapirograafisid	PlP
šapirograaf	šapirograafisse	SgIll
šapirograaf	šapirograafist	SgEl
šapirograaf	šapirograafita	SgAb
šapirografeerima	šapirografeeri	ImpPrSg2
šapirografeerima	šapirografeeri	IndPrPs_
šapirografeerima	šapirografeerib	IndPrSg3
šapirografeerima	šapirografeerid	IndPrSg2
šapirografeerima	šapirografeerida	Inf
šapirografeerima	šapirografeerides	Ger
šapirografeerima	šapirografeerige	ImpPrPl2
šapirografeerima	šapirografeerigem	ImpPrPl1
šapirografeerima	šapirografeerigu	ImpPrPs
šapirografeerima	šapirografeeriks	KndPrPs
šapirografeerima	šapirografeeriksid	KndPrPl3
šapirografeerima	šapirografeeriksid	KndPrSg2
šapirografeerima	šapirografeeriksime	KndPrPl1
šapirografeerima	šapirografeeriksin	KndPrSg1
šapirografeerima	šapirografeeriksite	KndPrPl2
šapirografeerima	šapirografeerima	Sup
šapirografeerima	šapirografeerimaks	SupTr
šapirografeerima	šapirografeerimas	SupIn
šapirografeerima	šapirografeerimast	SupEl
šapirografeerima	šapirografeerimata	SupAb
šapirografeerima	šapirografeerime	IndPrPl1
šapirografeerima	šapirografeerin	IndPrSg1
šapirografeerima	šapirografeerinud	PtsPtPs
šapirografeerima	šapirografeerinud	PtsPtPsNeg
šapirografeerima	šapirografeerinuks	KndPtPs
šapirografeerima	šapirografeerinuksid	KndPtPl3
šapirografeerima	šapirografeerinuksid	KndPtSg2
šapirografeerima	šapirografeerinuksime	KndPtPl1
šapirografeerima	šapirografeerinuksin	KndPtSg1
šapirografeerima	šapirografeerinuksite	KndPtPl2
šapirografeerima	šapirografeerinuvat	KvtPtPs
šapirografeerima	šapirografeeris	IndIpfSg3
šapirografeerima	šapirografeerisid	IndIpfPl3
šapirografeerima	šapirografeerisid	IndIpfSg2
šapirografeerima	šapirografeerisime	IndIpfPl1
šapirografeerima	šapirografeerisin	IndIpfSg1
šapirografeerima	šapirografeerisite	IndIpfPl2
šapirografeerima	šapirografeerita	IndPrIps_
šapirografeerima	šapirografeeritagu	ImpPrIps
šapirografeerima	šapirografeeritaks	KndPrIps
šapirografeerima	šapirografeeritakse	IndPrIps
šapirografeerima	šapirografeeritama	SupIps
šapirografeerima	šapirografeeritav	PtsPrIps
šapirografeerima	šapirografeeritavat	KvtPrIps
šapirografeerima	šapirografeerite	IndPrPl2
šapirografeerima	šapirografeeriti	IndIpfIps
šapirografeerima	šapirografeeritud	PtsPtIps
šapirografeerima	šapirografeeritud	PtsPtIpsNeg
šapirografeerima	šapirografeerituks	KndPtIps
šapirografeerima	šapirografeerituvat	KvtPtIps
šapirografeerima	šapirografeeriv	PtsPrPs
šapirografeerima	šapirografeerivad	IndPrPl3
šapirografeerima	šapirografeerivat	KvtPrPs
šaraad	šaraad	SgN
šaraad	šaraade	PlP
šaraad	šaraadeks	PlTr
šaraad	šaraadel	PlAd
šaraad	šaraadele	PlAll
šaraad	šaraadelt	PlAbl
šaraad	šaraades	PlIn
šaraad	šaraadesse	PlIll
šaraad	šaraadest	PlEl
šaraad	šaraadi	SgAdt
šaraad	šaraadi	SgG
šaraad	šaraadi	SgP
šaraad	šaraadid	PlN
šaraad	šaraadide	PlG
šaraad	šaraadidega	PlKom
šaraad	šaraadideks	PlTr
šaraad	šaraadidel	PlAd
šaraad	šaraadidele	PlAll
šaraad	šaraadidelt	PlAbl
šaraad	šaraadidena	PlEs
šaraad	šaraadideni	PlTer
šaraad	šaraadides	PlIn
šaraad	šaraadidesse	PlIll
šaraad	šaraadidest	PlEl
šaraad	šaraadideta	PlAb
šaraad	šaraadiga	SgKom
šaraad	šaraadiks	SgTr
šaraad	šaraadil	SgAd
šaraad	šaraadile	SgAll
šaraad	šaraadilt	SgAbl
šaraad	šaraadina	SgEs
šaraad	šaraadini	SgTer
šaraad	šaraadis	SgIn
šaraad	šaraadisid	PlP
šaraad	šaraadisse	SgIll
šaraad	šaraadist	SgEl
šaraad	šaraadita	SgAb
šariaadikohus	-	SgAdt
šariaadikohus	šariaadikohtu	SgG
šariaadikohus	šariaadikohtud	PlN
šariaadikohus	šariaadikohtuga	SgKom
šariaadikohus	šariaadikohtuid	PlP
šariaadikohus	šariaadikohtuiks	PlTr
šariaadikohus	šariaadikohtuil	PlAd
šariaadikohus	šariaadikohtuile	PlAll
šariaadikohus	šariaadikohtuilt	PlAbl
šariaadikohus	šariaadikohtuis	PlIn
šariaadikohus	šariaadikohtuisse	PlIll
šariaadikohus	šariaadikohtuist	PlEl
šariaadikohus	šariaadikohtuks	SgTr
šariaadikohus	šariaadikohtul	SgAd
šariaadikohus	šariaadikohtule	SgAll
šariaadikohus	šariaadikohtult	SgAbl
šariaadikohus	šariaadikohtuna	SgEs
šariaadikohus	šariaadikohtuni	SgTer
šariaadikohus	šariaadikohtus	SgIn
šariaadikohus	šariaadikohtusse	SgIll
šariaadikohus	šariaadikohtust	SgEl
šariaadikohus	šariaadikohtuta	SgAb
šariaadikohus	šariaadikohtute	PlG
šariaadikohus	šariaadikohtutega	PlKom
šariaadikohus	šariaadikohtuteks	PlTr
šariaadikohus	šariaadikohtutel	PlAd
šariaadikohus	šariaadikohtutele	PlAll
šariaadikohus	šariaadikohtutelt	PlAbl
šariaadikohus	šariaadikohtutena	PlEs
šariaadikohus	šariaadikohtuteni	PlTer
šariaadikohus	šariaadikohtutes	PlIn
šariaadikohus	šariaadikohtutesse	PlIll
šariaadikohus	šariaadikohtutest	PlEl
šariaadikohus	šariaadikohtuteta	PlAb
šariaadikohus	šariaadikohus	SgN
šariaadikohus	šariaadikohut	SgP
šariaat	šariaadeks	PlTr
šariaat	šariaadel	PlAd
šariaat	šariaadele	PlAll
šariaat	šariaadelt	PlAbl
šariaat	šariaades	PlIn
šariaat	šariaadesse	PlIll
šariaat	šariaadest	PlEl
šariaat	šariaadi	SgG
šariaat	šariaadid	PlN
šariaat	šariaadiga	SgKom
šariaat	šariaadiks	SgTr
šariaat	šariaadil	SgAd
šariaat	šariaadile	SgAll
šariaat	šariaadilt	SgAbl
šariaat	šariaadina	SgEs
šariaat	šariaadini	SgTer
šariaat	šariaadis	SgIn
šariaat	šariaadisse	SgIll
šariaat	šariaadist	SgEl
šariaat	šariaadita	SgAb
šariaat	šariaat	SgN
šariaat	šariaate	PlP
šariaat	šariaati	SgAdt
šariaat	šariaati	SgP
šariaat	šariaatide	PlG
šariaat	šariaatidega	PlKom
šariaat	šariaatideks	PlTr
šariaat	šariaatidel	PlAd
šariaat	šariaatidele	PlAll
šariaat	šariaatidelt	PlAbl
šariaat	šariaatidena	PlEs
šariaat	šariaatideni	PlTer
šariaat	šariaatides	PlIn
šariaat	šariaatidesse	PlIll
šariaat	šariaatidest	PlEl
šariaat	šariaatideta	PlAb
šariaat	šariaatisid	PlP
šariif	šariif	SgN
šariif	šariife	PlP
šariif	šariifeks	PlTr
šariif	šariifel	PlAd
šariif	šariifele	PlAll
šariif	šariifelt	PlAbl
šariif	šariifes	PlIn
šariif	šariifesse	PlIll
šariif	šariifest	PlEl
šariif	šariifi	SgAdt
šariif	šariifi	SgG
šariif	šariifi	SgP
šariif	šariifid	PlN
šariif	šariifide	PlG
šariif	šariifidega	PlKom
šariif	šariifideks	PlTr
šariif	šariifidel	PlAd
šariif	šariifidele	PlAll
šariif	šariifidelt	PlAbl
šariif	šariifidena	PlEs
šariif	šariifideni	PlTer
šariif	šariifides	PlIn
šariif	šariifidesse	PlIll
šariif	šariifidest	PlEl
šariif	šariifideta	PlAb
šariif	šariifiga	SgKom
šariif	šariifiks	SgTr
šariif	šariifil	SgAd
šariif	šariifile	SgAll
šariif	šariifilt	SgAbl
šariif	šariifina	SgEs
šariif	šariifini	SgTer
šariif	šariifis	SgIn
šariif	šariifisid	PlP
šariif	šariifisse	SgIll
šariif	šariifist	SgEl
šariif	šariifita	SgAb
šarlataanne	-	SgAdt
šarlataanne	šarlataanne	SgN
šarlataanne	šarlataanse	SgG
šarlataanne	šarlataansed	PlN
šarlataanne	šarlataansega	SgKom
šarlataanne	šarlataanseid	PlP
šarlataanne	šarlataanseiks	PlTr
šarlataanne	šarlataanseil	PlAd
šarlataanne	šarlataanseile	PlAll
šarlataanne	šarlataanseilt	PlAbl
šarlataanne	šarlataanseis	PlIn
šarlataanne	šarlataanseisse	PlIll
šarlataanne	šarlataanseist	PlEl
šarlataanne	šarlataanseks	SgTr
šarlataanne	šarlataansel	SgAd
šarlataanne	šarlataansele	SgAll
šarlataanne	šarlataanselt	SgAbl
šarlataanne	šarlataansena	SgEs
šarlataanne	šarlataanseni	SgTer
šarlataanne	šarlataanses	SgIn
šarlataanne	šarlataansesse	SgIll
šarlataanne	šarlataansest	SgEl
šarlataanne	šarlataanset	SgP
šarlataanne	šarlataanseta	SgAb
šarlataanne	šarlataansete	PlG
šarlataanne	šarlataansetega	PlKom
šarlataanne	šarlataanseteks	PlTr
šarlataanne	šarlataansetel	PlAd
šarlataanne	šarlataansetele	PlAll
šarlataanne	šarlataansetelt	PlAbl
šarlataanne	šarlataansetena	PlEs
šarlataanne	šarlataanseteni	PlTer
šarlataanne	šarlataansetes	PlIn
šarlataanne	šarlataansetesse	PlIll
šarlataanne	šarlataansetest	PlEl
šarlataanne	šarlataanseteta	PlAb
šarlatan	šarlatan	SgN
šarlatan	šarlatane	PlP
šarlatan	šarlataneks	PlTr
šarlatan	šarlatanel	PlAd
šarlatan	šarlatanele	PlAll
šarlatan	šarlatanelt	PlAbl
šarlatan	šarlatanes	PlIn
šarlatan	šarlatanesse	PlIll
šarlatan	šarlatanest	PlEl
šarlatan	šarlatani	SgAdt
šarlatan	šarlatani	SgG
šarlatan	šarlatani	SgP
šarlatan	šarlatanid	PlN
šarlatan	šarlatanide	PlG
šarlatan	šarlatanidega	PlKom
šarlatan	šarlatanideks	PlTr
šarlatan	šarlatanidel	PlAd
šarlatan	šarlatanidele	PlAll
šarlatan	šarlatanidelt	PlAbl
šarlatan	šarlatanidena	PlEs
šarlatan	šarlatanideni	PlTer
šarlatan	šarlatanides	PlIn
šarlatan	šarlatanidesse	PlIll
šarlatan	šarlatanidest	PlEl
šarlatan	šarlatanideta	PlAb
šarlatan	šarlataniga	SgKom
šarlatan	šarlataniks	SgTr
šarlatan	šarlatanil	SgAd
šarlatan	šarlatanile	SgAll
šarlatan	šarlatanilt	SgAbl
šarlatan	šarlatanina	SgEs
šarlatan	šarlatanini	SgTer
šarlatan	šarlatanis	SgIn
šarlatan	šarlatanisse	SgIll
šarlatan	šarlatanist	SgEl
šarlatan	šarlatanita	SgAb
šarlatanlik	šarlatanlik	SgN
šarlatanlik	šarlatanlike	PlG
šarlatanlik	šarlatanlikega	PlKom
šarlatanlik	šarlatanlikeks	PlTr
šarlatanlik	šarlatanlikel	PlAd
šarlatanlik	šarlatanlikele	PlAll
šarlatanlik	šarlatanlikelt	PlAbl
šarlatanlik	šarlatanlikena	PlEs
šarlatanlik	šarlatanlikeni	PlTer
šarlatanlik	šarlatanlikes	PlIn
šarlatanlik	šarlatanlikesse	PlIll
šarlatanlik	šarlatanlikest	PlEl
šarlatanlik	šarlatanliketa	PlAb
šarlatanlik	šarlatanlikke	PlP
šarlatanlik	šarlatanlikku	SgAdt
šarlatanlik	šarlatanlikku	SgP
šarlatanlik	šarlatanlikkude	PlG
šarlatanlik	šarlatanlikkudega	PlKom
šarlatanlik	šarlatanlikkudeks	PlTr
šarlatanlik	šarlatanlikkudel	PlAd
šarlatanlik	šarlatanlikkudele	PlAll
šarlatanlik	šarlatanlikkudelt	PlAbl
šarlatanlik	šarlatanlikkudena	PlEs
šarlatanlik	šarlatanlikkudeni	PlTer
šarlatanlik	šarlatanlikkudes	PlIn
šarlatanlik	šarlatanlikkudesse	PlIll
šarlatanlik	šarlatanlikkudest	PlEl
šarlatanlik	šarlatanlikkudeta	PlAb
šarlatanlik	šarlatanlikkusid	PlP
šarlatanlik	šarlatanliku	SgG
šarlatanlik	šarlatanlikud	PlN
šarlatanlik	šarlatanlikuga	SgKom
šarlatanlik	šarlatanlikuks	SgTr
šarlatanlik	šarlatanlikul	SgAd
šarlatanlik	šarlatanlikule	SgAll
šarlatanlik	šarlatanlikult	SgAbl
šarlatanlik	šarlatanlikuna	SgEs
šarlatanlik	šarlatanlikuni	SgTer
šarlatanlik	šarlatanlikus	SgIn
šarlatanlik	šarlatanlikusse	SgIll
šarlatanlik	šarlatanlikust	SgEl
šarlatanlik	šarlatanlikuta	SgAb
šarlott	šarloteks	PlTr
šarlott	šarlotel	PlAd
šarlott	šarlotele	PlAll
šarlott	šarlotelt	PlAbl
šarlott	šarlotes	PlIn
šarlott	šarlotesse	PlIll
šarlott	šarlotest	PlEl
šarlott	šarloti	SgG
šarlott	šarlotid	PlN
šarlott	šarlotiga	SgKom
šarlott	šarlotiks	SgTr
šarlott	šarlotil	SgAd
šarlott	šarlotile	SgAll
šarlott	šarlotilt	SgAbl
šarlott	šarlotina	SgEs
šarlott	šarlotini	SgTer
šarlott	šarlotis	SgIn
šarlott	šarlotisse	SgIll
šarlott	šarlotist	SgEl
šarlott	šarlotita	SgAb
šarlott	šarlott	SgN
šarlott	šarlotte	PlP
šarlott	šarlotti	SgAdt
šarlott	šarlotti	SgP
šarlott	šarlottide	PlG
šarlott	šarlottidega	PlKom
šarlott	šarlottideks	PlTr
šarlott	šarlottidel	PlAd
šarlott	šarlottidele	PlAll
šarlott	šarlottidelt	PlAbl
šarlott	šarlottidena	PlEs
šarlott	šarlottideni	PlTer
šarlott	šarlottides	PlIn
šarlott	šarlottidesse	PlIll
šarlott	šarlottidest	PlEl
šarlott	šarlottideta	PlAb
šarlott	šarlottisid	PlP
šarm	šarm	SgN
šarm	šarme	PlP
šarm	šarmeks	PlTr
šarm	šarmel	PlAd
šarm	šarmele	PlAll
šarm	šarmelt	PlAbl
šarm	šarmes	PlIn
šarm	šarmesse	PlIll
šarm	šarmest	PlEl
šarm	šarmi	SgAdt
šarm	šarmi	SgG
šarm	šarmi	SgP
šarm	šarmid	PlN
šarm	šarmide	PlG
šarm	šarmidega	PlKom
šarm	šarmideks	PlTr
šarm	šarmidel	PlAd
šarm	šarmidele	PlAll
šarm	šarmidelt	PlAbl
šarm	šarmidena	PlEs
šarm	šarmideni	PlTer
šarm	šarmides	PlIn
šarm	šarmidesse	PlIll
šarm	šarmidest	PlEl
šarm	šarmideta	PlAb
šarm	šarmiga	SgKom
šarm	šarmiks	SgTr
šarm	šarmil	SgAd
šarm	šarmile	SgAll
šarm	šarmilt	SgAbl
šarm	šarmina	SgEs
šarm	šarmini	SgTer
šarm	šarmis	SgIn
šarm	šarmisid	PlP
šarm	šarmisse	SgIll
šarm	šarmist	SgEl
šarm	šarmita	SgAb
šarmantne	-	SgAdt
šarmantne	šarmantne	SgN
šarmantne	šarmantse	SgG
šarmantne	šarmantsed	PlN
šarmantne	šarmantsega	SgKom
šarmantne	šarmantseid	PlP
šarmantne	šarmantseiks	PlTr
šarmantne	šarmantseil	PlAd
šarmantne	šarmantseile	PlAll
šarmantne	šarmantseilt	PlAbl
šarmantne	šarmantseis	PlIn
šarmantne	šarmantseisse	PlIll
šarmantne	šarmantseist	PlEl
šarmantne	šarmantseks	SgTr
šarmantne	šarmantsel	SgAd
šarmantne	šarmantsele	SgAll
šarmantne	šarmantselt	SgAbl
šarmantne	šarmantsena	SgEs
šarmantne	šarmantseni	SgTer
šarmantne	šarmantses	SgIn
šarmantne	šarmantsesse	SgIll
šarmantne	šarmantsest	SgEl
šarmantne	šarmantset	SgP
šarmantne	šarmantseta	SgAb
šarmantne	šarmantsete	PlG
šarmantne	šarmantsetega	PlKom
šarmantne	šarmantseteks	PlTr
šarmantne	šarmantsetel	PlAd
šarmantne	šarmantsetele	PlAll
šarmantne	šarmantsetelt	PlAbl
šarmantne	šarmantsetena	PlEs
šarmantne	šarmantseteni	PlTer
šarmantne	šarmantsetes	PlIn
šarmantne	šarmantsetesse	PlIll
šarmantne	šarmantsetest	PlEl
šarmantne	šarmantseteta	PlAb
šarniir	šarniir	SgN
šarniir	šarniire	PlP
šarniir	šarniireks	PlTr
šarniir	šarniirel	PlAd
šarniir	šarniirele	PlAll
šarniir	šarniirelt	PlAbl
šarniir	šarniires	PlIn
šarniir	šarniiresse	PlIll
šarniir	šarniirest	PlEl
šarniir	šarniiri	SgAdt
šarniir	šarniiri	SgG
šarniir	šarniiri	SgP
šarniir	šarniirid	PlN
šarniir	šarniiride	PlG
šarniir	šarniiridega	PlKom
šarniir	šarniirideks	PlTr
šarniir	šarniiridel	PlAd
šarniir	šarniiridele	PlAll
šarniir	šarniiridelt	PlAbl
šarniir	šarniiridena	PlEs
šarniir	šarniirideni	PlTer
šarniir	šarniirides	PlIn
šarniir	šarniiridesse	PlIll
šarniir	šarniiridest	PlEl
šarniir	šarniirideta	PlAb
šarniir	šarniiriga	SgKom
šarniir	šarniiriks	SgTr
šarniir	šarniiril	SgAd
šarniir	šarniirile	SgAll
šarniir	šarniirilt	SgAbl
šarniir	šarniirina	SgEs
šarniir	šarniirini	SgTer
šarniir	šarniiris	SgIn
šarniir	šarniirisid	PlP
šarniir	šarniirisse	SgIll
šarniir	šarniirist	SgEl
šarniir	šarniirita	SgAb
šarolee	-	SgAdt
šarolee	šarolee	SgG
šarolee	šarolee	SgN
šarolee	šaroleed	PlN
šarolee	šaroleed	SgP
šarolee	šaroleede	PlG
šarolee	šaroleedega	PlKom
šarolee	šaroleedeks	PlTr
šarolee	šaroleedel	PlAd
šarolee	šaroleedele	PlAll
šarolee	šaroleedelt	PlAbl
šarolee	šaroleedena	PlEs
šarolee	šaroleedeni	PlTer
šarolee	šaroleedes	PlIn
šarolee	šaroleedesse	PlIll
šarolee	šaroleedest	PlEl
šarolee	šaroleedeta	PlAb
šarolee	šaroleega	SgKom
šarolee	šaroleeks	SgTr
šarolee	šaroleel	SgAd
šarolee	šaroleele	SgAll
šarolee	šaroleelt	SgAbl
šarolee	šaroleena	SgEs
šarolee	šaroleeni	SgTer
šarolee	šarolees	SgIn
šarolee	šaroleesid	PlP
šarolee	šaroleesse	SgIll
šarolee	šaroleest	SgEl
šarolee	šaroleeta	SgAb
šarolee	šaroleid	PlP
šarolee	šaroleiks	PlTr
šarolee	šaroleil	PlAd
šarolee	šaroleile	PlAll
šarolee	šaroleilt	PlAbl
šarolee	šaroleis	PlIn
šarolee	šaroleisse	PlIll
šarolee	šaroleist	PlEl
šarovarid	šarovar	SgN
šarovarid	šarovare	PlP
šarovarid	šarovareks	PlTr
šarovarid	šarovarel	PlAd
šarovarid	šarovarele	PlAll
šarovarid	šarovarelt	PlAbl
šarovarid	šarovares	PlIn
šarovarid	šarovaresse	PlIll
šarovarid	šarovarest	PlEl
šarovarid	šarovari	SgAdt
šarovarid	šarovari	SgG
šarovarid	šarovari	SgP
šarovarid	šarovarid	PlN
šarovarid	šarovaride	PlG
šarovarid	šarovaridega	PlKom
šarovarid	šarovarideks	PlTr
šarovarid	šarovaridel	PlAd
šarovarid	šarovaridele	PlAll
šarovarid	šarovaridelt	PlAbl
šarovarid	šarovaridena	PlEs
šarovarid	šarovarideni	PlTer
šarovarid	šarovarides	PlIn
šarovarid	šarovaridesse	PlIll
šarovarid	šarovaridest	PlEl
šarovarid	šarovarideta	PlAb
šarovarid	šarovariga	SgKom
šarovarid	šarovariks	SgTr
šarovarid	šarovaril	SgAd
šarovarid	šarovarile	SgAll
šarovarid	šarovarilt	SgAbl
šarovarid	šarovarina	SgEs
šarovarid	šarovarini	SgTer
šarovarid	šarovaris	SgIn
šarovarid	šarovarisse	SgIll
šarovarid	šarovarist	SgEl
šarovarid	šarovarita	SgAb
šarž	šarž	SgN
šarž	šarže	PlP
šarž	šaržeks	PlTr
šarž	šaržel	PlAd
šarž	šaržele	PlAll
šarž	šarželt	PlAbl
šarž	šaržes	PlIn
šarž	šaržesse	PlIll
šarž	šaržest	PlEl
šarž	šarži	SgAdt
šarž	šarži	SgG
šarž	šarži	SgP
šarž	šaržid	PlN
šarž	šaržide	PlG
šarž	šaržidega	PlKom
šarž	šaržideks	PlTr
šarž	šaržidel	PlAd
šarž	šaržidele	PlAll
šarž	šaržidelt	PlAbl
šarž	šaržidena	PlEs
šarž	šaržideni	PlTer
šarž	šaržides	PlIn
šarž	šaržidesse	PlIll
šarž	šaržidest	PlEl
šarž	šaržideta	PlAb
šarž	šaržiga	SgKom
šarž	šaržiks	SgTr
šarž	šaržil	SgAd
šarž	šaržile	SgAll
šarž	šaržilt	SgAbl
šarž	šaržina	SgEs
šarž	šaržini	SgTer
šarž	šaržis	SgIn
šarž	šaržisid	PlP
šarž	šaržisse	SgIll
šarž	šaržist	SgEl
šarž	šaržita	SgAb
šaržeerima	šaržeeri	ImpPrSg2
šaržeerima	šaržeeri	IndPrPs_
šaržeerima	šaržeerib	IndPrSg3
šaržeerima	šaržeerid	IndPrSg2
šaržeerima	šaržeerida	Inf
šaržeerima	šaržeerides	Ger
šaržeerima	šaržeerige	ImpPrPl2
šaržeerima	šaržeerigem	ImpPrPl1
šaržeerima	šaržeerigu	ImpPrPs
šaržeerima	šaržeeriks	KndPrPs
šaržeerima	šaržeeriksid	KndPrPl3
šaržeerima	šaržeeriksid	KndPrSg2
šaržeerima	šaržeeriksime	KndPrPl1
šaržeerima	šaržeeriksin	KndPrSg1
šaržeerima	šaržeeriksite	KndPrPl2
šaržeerima	šaržeerima	Sup
šaržeerima	šaržeerimaks	SupTr
šaržeerima	šaržeerimas	SupIn
šaržeerima	šaržeerimast	SupEl
šaržeerima	šaržeerimata	SupAb
šaržeerima	šaržeerime	IndPrPl1
šaržeerima	šaržeerin	IndPrSg1
šaržeerima	šaržeerinud	PtsPtPs
šaržeerima	šaržeerinud	PtsPtPsNeg
šaržeerima	šaržeerinuks	KndPtPs
šaržeerima	šaržeerinuksid	KndPtPl3
šaržeerima	šaržeerinuksid	KndPtSg2
šaržeerima	šaržeerinuksime	KndPtPl1
šaržeerima	šaržeerinuksin	KndPtSg1
šaržeerima	šaržeerinuksite	KndPtPl2
šaržeerima	šaržeerinuvat	KvtPtPs
šaržeerima	šaržeeris	IndIpfSg3
šaržeerima	šaržeerisid	IndIpfPl3
šaržeerima	šaržeerisid	IndIpfSg2
šaržeerima	šaržeerisime	IndIpfPl1
šaržeerima	šaržeerisin	IndIpfSg1
šaržeerima	šaržeerisite	IndIpfPl2
šaržeerima	šaržeerita	IndPrIps_
šaržeerima	šaržeeritagu	ImpPrIps
šaržeerima	šaržeeritaks	KndPrIps
šaržeerima	šaržeeritakse	IndPrIps
šaržeerima	šaržeeritama	SupIps
šaržeerima	šaržeeritav	PtsPrIps
šaržeerima	šaržeeritavat	KvtPrIps
šaržeerima	šaržeerite	IndPrPl2
šaržeerima	šaržeeriti	IndIpfIps
šaržeerima	šaržeeritud	PtsPtIps
šaržeerima	šaržeeritud	PtsPtIpsNeg
šaržeerima	šaržeerituks	KndPtIps
šaržeerima	šaržeerituvat	KvtPtIps
šaržeerima	šaržeeriv	PtsPrPs
šaržeerima	šaržeerivad	IndPrPl3
šaržeerima	šaržeerivat	KvtPrPs
šaržilik	šaržilik	SgN
šaržilik	šaržilike	PlG
šaržilik	šaržilikega	PlKom
šaržilik	šaržilikeks	PlTr
šaržilik	šaržilikel	PlAd
šaržilik	šaržilikele	PlAll
šaržilik	šaržilikelt	PlAbl
šaržilik	šaržilikena	PlEs
šaržilik	šaržilikeni	PlTer
šaržilik	šaržilikes	PlIn
šaržilik	šaržilikesse	PlIll
šaržilik	šaržilikest	PlEl
šaržilik	šaržiliketa	PlAb
šaržilik	šaržilikke	PlP
šaržilik	šaržilikku	SgAdt
šaržilik	šaržilikku	SgP
šaržilik	šaržilikkude	PlG
šaržilik	šaržilikkudega	PlKom
šaržilik	šaržilikkudeks	PlTr
šaržilik	šaržilikkudel	PlAd
šaržilik	šaržilikkudele	PlAll
šaržilik	šaržilikkudelt	PlAbl
šaržilik	šaržilikkudena	PlEs
šaržilik	šaržilikkudeni	PlTer
šaržilik	šaržilikkudes	PlIn
šaržilik	šaržilikkudesse	PlIll
šaržilik	šaržilikkudest	PlEl
šaržilik	šaržilikkudeta	PlAb
šaržilik	šaržilikkusid	PlP
šaržilik	šaržiliku	SgG
šaržilik	šaržilikud	PlN
šaržilik	šaržilikuga	SgKom
šaržilik	šaržilikuks	SgTr
šaržilik	šaržilikul	SgAd
šaržilik	šaržilikule	SgAll
šaržilik	šaržilikult	SgAbl
šaržilik	šaržilikuna	SgEs
šaržilik	šaržilikuni	SgTer
šaržilik	šaržilikus	SgIn
šaržilik	šaržilikusse	SgIll
šaržilik	šaržilikust	SgEl
šaržilik	šaržilikuta	SgAb
šaržimeister	-	SgAdt
šaržimeister	šaržimeister	SgN
šaržimeister	šaržimeistreid	PlP
šaržimeister	šaržimeistreiks	PlTr
šaržimeister	šaržimeistreil	PlAd
šaržimeister	šaržimeistreile	PlAll
šaržimeister	šaržimeistreilt	PlAbl
šaržimeister	šaržimeistreis	PlIn
šaržimeister	šaržimeistreisse	PlIll
šaržimeister	šaržimeistreist	PlEl
šaržimeister	šaržimeistri	SgG
šaržimeister	šaržimeistrid	PlN
šaržimeister	šaržimeistriga	SgKom
šaržimeister	šaržimeistriks	SgTr
šaržimeister	šaržimeistril	SgAd
šaržimeister	šaržimeistrile	SgAll
šaržimeister	šaržimeistrilt	SgAbl
šaržimeister	šaržimeistrina	SgEs
šaržimeister	šaržimeistrini	SgTer
šaržimeister	šaržimeistris	SgIn
šaržimeister	šaržimeistrisse	SgIll
šaržimeister	šaržimeistrist	SgEl
šaržimeister	šaržimeistrit	SgP
šaržimeister	šaržimeistrita	SgAb
šaržimeister	šaržimeistrite	PlG
šaržimeister	šaržimeistritega	PlKom
šaržimeister	šaržimeistriteks	PlTr
šaržimeister	šaržimeistritel	PlAd
šaržimeister	šaržimeistritele	PlAll
šaržimeister	šaržimeistritelt	PlAbl
šaržimeister	šaržimeistritena	PlEs
šaržimeister	šaržimeistriteni	PlTer
šaržimeister	šaržimeistrites	PlIn
šaržimeister	šaržimeistritesse	PlIll
šaržimeister	šaržimeistritest	PlEl
šaržimeister	šaržimeistriteta	PlAb
šaržist	šaržist	SgN
šaržist	šaržiste	PlP
šaržist	šaržisteks	PlTr
šaržist	šaržistel	PlAd
šaržist	šaržistele	PlAll
šaržist	šaržistelt	PlAbl
šaržist	šaržistes	PlIn
šaržist	šaržistesse	PlIll
šaržist	šaržistest	PlEl
šaržist	šaržisti	SgAdt
šaržist	šaržisti	SgG
šaržist	šaržisti	SgP
šaržist	šaržistid	PlN
šaržist	šaržistide	PlG
šaržist	šaržistidega	PlKom
šaržist	šaržistideks	PlTr
šaržist	šaržistidel	PlAd
šaržist	šaržistidele	PlAll
šaržist	šaržistidelt	PlAbl
šaržist	šaržistidena	PlEs
šaržist	šaržistideni	PlTer
šaržist	šaržistides	PlIn
šaržist	šaržistidesse	PlIll
šaržist	šaržistidest	PlEl
šaržist	šaržistideta	PlAb
šaržist	šaržistiga	SgKom
šaržist	šaržistiks	SgTr
šaržist	šaržistil	SgAd
šaržist	šaržistile	SgAll
šaržist	šaržistilt	SgAbl
šaržist	šaržistina	SgEs
šaržist	šaržistini	SgTer
šaržist	šaržistis	SgIn
šaržist	šaržistisid	PlP
šaržist	šaržistisse	SgIll
šaržist	šaržistist	SgEl
šaržist	šaržistita	SgAb
šartröös	šartröös	SgN
šartröös	šartrööse	PlP
šartröös	šartrööseks	PlTr
šartröös	šartröösel	PlAd
šartröös	šartröösele	PlAll
šartröös	šartrööselt	PlAbl
šartröös	šartrööses	PlIn
šartröös	šartröösesse	PlIll
šartröös	šartröösest	PlEl
šartröös	šartröösi	SgAdt
šartröös	šartröösi	SgG
šartröös	šartröösi	SgP
šartröös	šartröösid	PlN
šartröös	šartrööside	PlG
šartröös	šartröösidega	PlKom
šartröös	šartröösideks	PlTr
šartröös	šartröösidel	PlAd
šartröös	šartröösidele	PlAll
šartröös	šartröösidelt	PlAbl
šartröös	šartröösidena	PlEs
šartröös	šartröösideni	PlTer
šartröös	šartröösides	PlIn
šartröös	šartröösidesse	PlIll
šartröös	šartröösidest	PlEl
šartröös	šartröösideta	PlAb
šartröös	šartröösiga	SgKom
šartröös	šartröösiks	SgTr
šartröös	šartröösil	SgAd
šartröös	šartröösile	SgAll
šartröös	šartröösilt	SgAbl
šartröös	šartröösina	SgEs
šartröös	šartröösini	SgTer
šartröös	šartröösis	SgIn
šartröös	šartröösisid	PlP
šartröös	šartröösisse	SgIll
šartröös	šartröösist	SgEl
šartröös	šartröösita	SgAb
šassii	-	SgAdt
šassii	šassii	SgG
šassii	šassii	SgN
šassii	šassiid	PlN
šassii	šassiid	SgP
šassii	šassiide	PlG
šassii	šassiidega	PlKom
šassii	šassiideks	PlTr
šassii	šassiidel	PlAd
šassii	šassiidele	PlAll
šassii	šassiidelt	PlAbl
šassii	šassiidena	PlEs
šassii	šassiideni	PlTer
šassii	šassiides	PlIn
šassii	šassiidesse	PlIll
šassii	šassiidest	PlEl
šassii	šassiideta	PlAb
šassii	šassiiga	SgKom
šassii	šassiiks	SgTr
šassii	šassiil	SgAd
šassii	šassiile	SgAll
šassii	šassiilt	SgAbl
šassii	šassiina	SgEs
šassii	šassiini	SgTer
šassii	šassiis	SgIn
šassii	šassiisid	PlP
šassii	šassiisse	SgIll
šassii	šassiist	SgEl
šassii	šassiita	SgAb
šassiitraktor	-	SgAdt
šassiitraktor	šassiitraktor	SgN
šassiitraktor	šassiitraktoreid	PlP
šassiitraktor	šassiitraktoreiks	PlTr
šassiitraktor	šassiitraktoreil	PlAd
šassiitraktor	šassiitraktoreile	PlAll
šassiitraktor	šassiitraktoreilt	PlAbl
šassiitraktor	šassiitraktoreis	PlIn
šassiitraktor	šassiitraktoreisse	PlIll
šassiitraktor	šassiitraktoreist	PlEl
šassiitraktor	šassiitraktori	SgG
šassiitraktor	šassiitraktorid	PlN
šassiitraktor	šassiitraktoriga	SgKom
šassiitraktor	šassiitraktoriks	SgTr
šassiitraktor	šassiitraktoril	SgAd
šassiitraktor	šassiitraktorile	SgAll
šassiitraktor	šassiitraktorilt	SgAbl
šassiitraktor	šassiitraktorina	SgEs
šassiitraktor	šassiitraktorini	SgTer
šassiitraktor	šassiitraktoris	SgIn
šassiitraktor	šassiitraktorisse	SgIll
šassiitraktor	šassiitraktorist	SgEl
šassiitraktor	šassiitraktorit	SgP
šassiitraktor	šassiitraktorita	SgAb
šassiitraktor	šassiitraktorite	PlG
šassiitraktor	šassiitraktoritega	PlKom
šassiitraktor	šassiitraktoriteks	PlTr
šassiitraktor	šassiitraktoritel	PlAd
šassiitraktor	šassiitraktoritele	PlAll
šassiitraktor	šassiitraktoritelt	PlAbl
šassiitraktor	šassiitraktoritena	PlEs
šassiitraktor	šassiitraktoriteni	PlTer
šassiitraktor	šassiitraktorites	PlIn
šassiitraktor	šassiitraktoritesse	PlIll
šassiitraktor	šassiitraktoritest	PlEl
šassiitraktor	šassiitraktoriteta	PlAb
šašlõkiahi	šašlõkiahi	SgN
šašlõkiahi	šašlõkiahje	PlP
šašlõkiahi	šašlõkiahjeks	PlTr
šašlõkiahi	šašlõkiahjel	PlAd
šašlõkiahi	šašlõkiahjele	PlAll
šašlõkiahi	šašlõkiahjelt	PlAbl
šašlõkiahi	šašlõkiahjes	PlIn
šašlõkiahi	šašlõkiahjesse	PlIll
šašlõkiahi	šašlõkiahjest	PlEl
šašlõkiahi	šašlõkiahju	SgAdt
šašlõkiahi	šašlõkiahju	SgG
šašlõkiahi	šašlõkiahju	SgP
šašlõkiahi	šašlõkiahjud	PlN
šašlõkiahi	šašlõkiahjude	PlG
šašlõkiahi	šašlõkiahjudega	PlKom
šašlõkiahi	šašlõkiahjudeks	PlTr
šašlõkiahi	šašlõkiahjudel	PlAd
šašlõkiahi	šašlõkiahjudele	PlAll
šašlõkiahi	šašlõkiahjudelt	PlAbl
šašlõkiahi	šašlõkiahjudena	PlEs
šašlõkiahi	šašlõkiahjudeni	PlTer
šašlõkiahi	šašlõkiahjudes	PlIn
šašlõkiahi	šašlõkiahjudesse	PlIll
šašlõkiahi	šašlõkiahjudest	PlEl
šašlõkiahi	šašlõkiahjudeta	PlAb
šašlõkiahi	šašlõkiahjuga	SgKom
šašlõkiahi	šašlõkiahjuks	SgTr
šašlõkiahi	šašlõkiahjul	SgAd
šašlõkiahi	šašlõkiahjule	SgAll
šašlõkiahi	šašlõkiahjult	SgAbl
šašlõkiahi	šašlõkiahjuna	SgEs
šašlõkiahi	šašlõkiahjuni	SgTer
šašlõkiahi	šašlõkiahjus	SgIn
šašlõkiahi	šašlõkiahjusid	PlP
šašlõkiahi	šašlõkiahjusse	SgIll
šašlõkiahi	šašlõkiahjust	SgEl
šašlõkiahi	šašlõkiahjuta	SgAb
šašlõkibaar	šašlõkibaar	SgN
šašlõkibaar	šašlõkibaare	PlP
šašlõkibaar	šašlõkibaareks	PlTr
šašlõkibaar	šašlõkibaarel	PlAd
šašlõkibaar	šašlõkibaarele	PlAll
šašlõkibaar	šašlõkibaarelt	PlAbl
šašlõkibaar	šašlõkibaares	PlIn
šašlõkibaar	šašlõkibaaresse	PlIll
šašlõkibaar	šašlõkibaarest	PlEl
šašlõkibaar	šašlõkibaari	SgAdt
šašlõkibaar	šašlõkibaari	SgG
šašlõkibaar	šašlõkibaari	SgP
šašlõkibaar	šašlõkibaarid	PlN
šašlõkibaar	šašlõkibaaride	PlG
šašlõkibaar	šašlõkibaaridega	PlKom
šašlõkibaar	šašlõkibaarideks	PlTr
šašlõkibaar	šašlõkibaaridel	PlAd
šašlõkibaar	šašlõkibaaridele	PlAll
šašlõkibaar	šašlõkibaaridelt	PlAbl
šašlõkibaar	šašlõkibaaridena	PlEs
šašlõkibaar	šašlõkibaarideni	PlTer
šašlõkibaar	šašlõkibaarides	PlIn
šašlõkibaar	šašlõkibaaridesse	PlIll
šašlõkibaar	šašlõkibaaridest	PlEl
šašlõkibaar	šašlõkibaarideta	PlAb
šašlõkibaar	šašlõkibaariga	SgKom
šašlõkibaar	šašlõkibaariks	SgTr
šašlõkibaar	šašlõkibaaril	SgAd
šašlõkibaar	šašlõkibaarile	SgAll
šašlõkibaar	šašlõkibaarilt	SgAbl
šašlõkibaar	šašlõkibaarina	SgEs
šašlõkibaar	šašlõkibaarini	SgTer
šašlõkibaar	šašlõkibaaris	SgIn
šašlõkibaar	šašlõkibaarisid	PlP
šašlõkibaar	šašlõkibaarisse	SgIll
šašlõkibaar	šašlõkibaarist	SgEl
šašlõkibaar	šašlõkibaarita	SgAb
šašlõkiliha	šašlõkiliha	SgG
šašlõkiliha	šašlõkiliha	SgN
šašlõkiliha	šašlõkiliha	SgP
šašlõkiliha	šašlõkilihad	PlN
šašlõkiliha	šašlõkilihade	PlG
šašlõkiliha	šašlõkilihadega	PlKom
šašlõkiliha	šašlõkilihadeks	PlTr
šašlõkiliha	šašlõkilihadel	PlAd
šašlõkiliha	šašlõkilihadele	PlAll
šašlõkiliha	šašlõkilihadelt	PlAbl
šašlõkiliha	šašlõkilihadena	PlEs
šašlõkiliha	šašlõkilihadeni	PlTer
šašlõkiliha	šašlõkilihades	PlIn
šašlõkiliha	šašlõkilihadesse	PlIll
šašlõkiliha	šašlõkilihadest	PlEl
šašlõkiliha	šašlõkilihadeta	PlAb
šašlõkiliha	šašlõkilihaga	SgKom
šašlõkiliha	šašlõkilihaks	SgTr
šašlõkiliha	šašlõkilihal	SgAd
šašlõkiliha	šašlõkilihale	SgAll
šašlõkiliha	šašlõkilihalt	SgAbl
šašlõkiliha	šašlõkilihana	SgEs
šašlõkiliha	šašlõkilihani	SgTer
šašlõkiliha	šašlõkilihas	SgIn
šašlõkiliha	šašlõkilihasid	PlP
šašlõkiliha	šašlõkilihasse	SgIll
šašlõkiliha	šašlõkilihast	SgEl
šašlõkiliha	šašlõkilihata	SgAb
šašlõkiliha	šašlõkilihha	SgAdt
šašlõkivarras	-	SgAdt
šašlõkivarras	šašlõkivarda	SgG
šašlõkivarras	šašlõkivardad	PlN
šašlõkivarras	šašlõkivardaga	SgKom
šašlõkivarras	šašlõkivardaid	PlP
šašlõkivarras	šašlõkivardaiks	PlTr
šašlõkivarras	šašlõkivardail	PlAd
šašlõkivarras	šašlõkivardaile	PlAll
šašlõkivarras	šašlõkivardailt	PlAbl
šašlõkivarras	šašlõkivardais	PlIn
šašlõkivarras	šašlõkivardaisse	PlIll
šašlõkivarras	šašlõkivardaist	PlEl
šašlõkivarras	šašlõkivardaks	SgTr
šašlõkivarras	šašlõkivardal	SgAd
šašlõkivarras	šašlõkivardale	SgAll
šašlõkivarras	šašlõkivardalt	SgAbl
šašlõkivarras	šašlõkivardana	SgEs
šašlõkivarras	šašlõkivardani	SgTer
šašlõkivarras	šašlõkivardas	SgIn
šašlõkivarras	šašlõkivardasse	SgIll
šašlõkivarras	šašlõkivardast	SgEl
šašlõkivarras	šašlõkivardata	SgAb
šašlõkivarras	šašlõkivarras	SgN
šašlõkivarras	šašlõkivarrast	SgP
šašlõkivarras	šašlõkivarraste	PlG
šašlõkivarras	šašlõkivarrastega	PlKom
šašlõkivarras	šašlõkivarrasteks	PlTr
šašlõkivarras	šašlõkivarrastel	PlAd
šašlõkivarras	šašlõkivarrastele	PlAll
šašlõkivarras	šašlõkivarrastelt	PlAbl
šašlõkivarras	šašlõkivarrastena	PlEs
šašlõkivarras	šašlõkivarrasteni	PlTer
šašlõkivarras	šašlõkivarrastes	PlIn
šašlõkivarras	šašlõkivarrastesse	PlIll
šašlõkivarras	šašlõkivarrastest	PlEl
šašlõkivarras	šašlõkivarrasteta	PlAb
šašlõkivorst	šašlõkivorst	SgN
šašlõkivorst	šašlõkivorste	PlP
šašlõkivorst	šašlõkivorsteks	PlTr
šašlõkivorst	šašlõkivorstel	PlAd
šašlõkivorst	šašlõkivorstele	PlAll
šašlõkivorst	šašlõkivorstelt	PlAbl
šašlõkivorst	šašlõkivorstes	PlIn
šašlõkivorst	šašlõkivorstesse	PlIll
šašlõkivorst	šašlõkivorstest	PlEl
šašlõkivorst	šašlõkivorsti	SgAdt
šašlõkivorst	šašlõkivorsti	SgG
šašlõkivorst	šašlõkivorsti	SgP
šašlõkivorst	šašlõkivorstid	PlN
šašlõkivorst	šašlõkivorstide	PlG
šašlõkivorst	šašlõkivorstidega	PlKom
šašlõkivorst	šašlõkivorstideks	PlTr
šašlõkivorst	šašlõkivorstidel	PlAd
šašlõkivorst	šašlõkivorstidele	PlAll
šašlõkivorst	šašlõkivorstidelt	PlAbl
šašlõkivorst	šašlõkivorstidena	PlEs
šašlõkivorst	šašlõkivorstideni	PlTer
šašlõkivorst	šašlõkivorstides	PlIn
šašlõkivorst	šašlõkivorstidesse	PlIll
šašlõkivorst	šašlõkivorstidest	PlEl
šašlõkivorst	šašlõkivorstideta	PlAb
šašlõkivorst	šašlõkivorstiga	SgKom
šašlõkivorst	šašlõkivorstiks	SgTr
šašlõkivorst	šašlõkivorstil	SgAd
šašlõkivorst	šašlõkivorstile	SgAll
šašlõkivorst	šašlõkivorstilt	SgAbl
šašlõkivorst	šašlõkivorstina	SgEs
šašlõkivorst	šašlõkivorstini	SgTer
šašlõkivorst	šašlõkivorstis	SgIn
šašlõkivorst	šašlõkivorstisid	PlP
šašlõkivorst	šašlõkivorstisse	SgIll
šašlõkivorst	šašlõkivorstist	SgEl
šašlõkivorst	šašlõkivorstita	SgAb
šašlõkk	šašlõkeks	PlTr
šašlõkk	šašlõkel	PlAd
šašlõkk	šašlõkele	PlAll
šašlõkk	šašlõkelt	PlAbl
šašlõkk	šašlõkes	PlIn
šašlõkk	šašlõkesse	PlIll
šašlõkk	šašlõkest	PlEl
šašlõkk	šašlõki	SgG
šašlõkk	šašlõkid	PlN
šašlõkk	šašlõkiga	SgKom
šašlõkk	šašlõkiks	SgTr
šašlõkk	šašlõkil	SgAd
šašlõkk	šašlõkile	SgAll
šašlõkk	šašlõkilt	SgAbl
šašlõkk	šašlõkina	SgEs
šašlõkk	šašlõkini	SgTer
šašlõkk	šašlõkis	SgIn
šašlõkk	šašlõkisse	SgIll
šašlõkk	šašlõkist	SgEl
šašlõkk	šašlõkita	SgAb
šašlõkk	šašlõkk	SgN
šašlõkk	šašlõkke	PlP
šašlõkk	šašlõkki	SgAdt
šašlõkk	šašlõkki	SgP
šašlõkk	šašlõkkide	PlG
šašlõkk	šašlõkkidega	PlKom
šašlõkk	šašlõkkideks	PlTr
šašlõkk	šašlõkkidel	PlAd
šašlõkk	šašlõkkidele	PlAll
šašlõkk	šašlõkkidelt	PlAbl
šašlõkk	šašlõkkidena	PlEs
šašlõkk	šašlõkkideni	PlTer
šašlõkk	šašlõkkides	PlIn
šašlõkk	šašlõkkidesse	PlIll
šašlõkk	šašlõkkidest	PlEl
šašlõkk	šašlõkkideta	PlAb
šašlõkk	šašlõkkisid	PlP
šatään	šatään	SgN
šatään	šatääne	PlP
šatään	šatääneks	PlTr
šatään	šatäänel	PlAd
šatään	šatäänele	PlAll
šatään	šatäänelt	PlAbl
šatään	šatäänes	PlIn
šatään	šatäänesse	PlIll
šatään	šatäänest	PlEl
šatään	šatääni	SgAdt
šatään	šatääni	SgG
šatään	šatääni	SgP
šatään	šatäänid	PlN
šatään	šatäänide	PlG
šatään	šatäänidega	PlKom
šatään	šatäänideks	PlTr
šatään	šatäänidel	PlAd
šatään	šatäänidele	PlAll
šatään	šatäänidelt	PlAbl
šatään	šatäänidena	PlEs
šatään	šatäänideni	PlTer
šatään	šatäänides	PlIn
šatään	šatäänidesse	PlIll
šatään	šatäänidest	PlEl
šatään	šatäänideta	PlAb
šatään	šatääniga	SgKom
šatään	šatääniks	SgTr
šatään	šatäänil	SgAd
šatään	šatäänile	SgAll
šatään	šatäänilt	SgAbl
šatään	šatäänina	SgEs
šatään	šatäänini	SgTer
šatään	šatäänis	SgIn
šatään	šatäänisid	PlP
šatään	šatäänisse	SgIll
šatään	šatäänist	SgEl
šatään	šatäänita	SgAb
šedööver	-	SgAdt
šedööver	šedööver	SgN
šedööver	šedöövreid	PlP
šedööver	šedöövreiks	PlTr
šedööver	šedöövreil	PlAd
šedööver	šedöövreile	PlAll
šedööver	šedöövreilt	PlAbl
šedööver	šedöövreis	PlIn
šedööver	šedöövreisse	PlIll
šedööver	šedöövreist	PlEl
šedööver	šedöövri	SgG
šedööver	šedöövrid	PlN
šedööver	šedöövriga	SgKom
šedööver	šedöövriks	SgTr
šedööver	šedöövril	SgAd
šedööver	šedöövrile	SgAll
šedööver	šedöövrilt	SgAbl
šedööver	šedöövrina	SgEs
šedööver	šedöövrini	SgTer
šedööver	šedöövris	SgIn
šedööver	šedöövrisse	SgIll
šedööver	šedöövrist	SgEl
šedööver	šedöövrit	SgP
šedööver	šedöövrita	SgAb
šedööver	šedöövrite	PlG
šedööver	šedöövritega	PlKom
šedööver	šedöövriteks	PlTr
šedööver	šedöövritel	PlAd
šedööver	šedöövritele	PlAll
šedööver	šedöövritelt	PlAbl
šedööver	šedöövritena	PlEs
šedööver	šedöövriteni	PlTer
šedööver	šedöövrites	PlIn
šedööver	šedöövritesse	PlIll
šedööver	šedöövritest	PlEl
šedööver	šedöövriteta	PlAb
šeerima	šeeri	ImpPrSg2
šeerima	šeeri	IndPrPs_
šeerima	šeerib	IndPrSg3
šeerima	šeerid	IndPrSg2
šeerima	šeerida	Inf
šeerima	šeerides	Ger
šeerima	šeerige	ImpPrPl2
šeerima	šeerigem	ImpPrPl1
šeerima	šeerigu	ImpPrPs
šeerima	šeeriks	KndPrPs
šeerima	šeeriksid	KndPrPl3
šeerima	šeeriksid	KndPrSg2
šeerima	šeeriksime	KndPrPl1
šeerima	šeeriksin	KndPrSg1
šeerima	šeeriksite	KndPrPl2
šeerima	šeerima	Sup
šeerima	šeerimaks	SupTr
šeerima	šeerimas	SupIn
šeerima	šeerimast	SupEl
šeerima	šeerimata	SupAb
šeerima	šeerime	IndPrPl1
šeerima	šeerin	IndPrSg1
šeerima	šeerinud	PtsPtPs
šeerima	šeerinud	PtsPtPsNeg
šeerima	šeerinuks	KndPtPs
šeerima	šeerinuksid	KndPtPl3
šeerima	šeerinuksid	KndPtSg2
šeerima	šeerinuksime	KndPtPl1
šeerima	šeerinuksin	KndPtSg1
šeerima	šeerinuksite	KndPtPl2
šeerima	šeerinuvat	KvtPtPs
šeerima	šeeris	IndIpfSg3
šeerima	šeerisid	IndIpfPl3
šeerima	šeerisid	IndIpfSg2
šeerima	šeerisime	IndIpfPl1
šeerima	šeerisin	IndIpfSg1
šeerima	šeerisite	IndIpfPl2
šeerima	šeerita	IndPrIps_
šeerima	šeeritagu	ImpPrIps
šeerima	šeeritaks	KndPrIps
šeerima	šeeritakse	IndPrIps
šeerima	šeeritama	SupIps
šeerima	šeeritav	PtsPrIps
šeerima	šeeritavat	KvtPrIps
šeerima	šeerite	IndPrPl2
šeerima	šeeriti	IndIpfIps
šeerima	šeeritud	PtsPtIps
šeerima	šeeritud	PtsPtIpsNeg
šeerima	šeerituks	KndPtIps
šeerima	šeerituvat	KvtPtIps
šeerima	šeeriv	PtsPrPs
šeerima	šeerivad	IndPrPl3
šeerima	šeerivat	KvtPrPs
šeff	šefeks	PlTr
šeff	šefel	PlAd
šeff	šefele	PlAll
šeff	šefelt	PlAbl
šeff	šefes	PlIn
šeff	šefesse	PlIll
šeff	šefest	PlEl
šeff	šeff	SgN
šeff	šeffe	PlP
šeff	šeffi	SgAdt
šeff	šeffi	SgP
šeff	šeffide	PlG
šeff	šeffidega	PlKom
šeff	šeffideks	PlTr
šeff	šeffidel	PlAd
šeff	šeffidele	PlAll
šeff	šeffidelt	PlAbl
šeff	šeffidena	PlEs
šeff	šeffideni	PlTer
šeff	šeffides	PlIn
šeff	šeffidesse	PlIll
šeff	šeffidest	PlEl
šeff	šeffideta	PlAb
šeff	šeffisid	PlP
šeff	šefi	SgG
šeff	šefid	PlN
šeff	šefiga	SgKom
šeff	šefiks	SgTr
šeff	šefil	SgAd
šeff	šefile	SgAll
šeff	šefilt	SgAbl
šeff	šefina	SgEs
šeff	šefini	SgTer
šeff	šefis	SgIn
šeff	šefisse	SgIll
šeff	šefist	SgEl
šeff	šefita	SgAb
šeflus	-	SgAdt
šeflus	šeflus	SgN
šeflus	šefluse	SgG
šeflus	šeflused	PlN
šeflus	šeflusega	SgKom
šeflus	šefluseid	PlP
šeflus	šefluseiks	PlTr
šeflus	šefluseil	PlAd
šeflus	šefluseile	PlAll
šeflus	šefluseilt	PlAbl
šeflus	šefluseis	PlIn
šeflus	šefluseisse	PlIll
šeflus	šefluseist	PlEl
šeflus	šefluseks	SgTr
šeflus	šeflusel	SgAd
šeflus	šeflusele	SgAll
šeflus	šefluselt	SgAbl
šeflus	šeflusena	SgEs
šeflus	šefluseni	SgTer
šeflus	šefluses	SgIn
šeflus	šeflusesse	SgIll
šeflus	šeflusest	SgEl
šeflus	šefluseta	SgAb
šeflus	šeflusi	PlP
šeflus	šeflusiks	PlTr
šeflus	šeflusil	PlAd
šeflus	šeflusile	PlAll
šeflus	šeflusilt	PlAbl
šeflus	šeflusis	PlIn
šeflus	šeflusisse	PlIll
šeflus	šeflusist	PlEl
šeflus	šeflusse	SgAdt
šeflus	šeflust	SgP
šeflus	šefluste	PlG
šeflus	šeflustega	PlKom
šeflus	šeflusteks	PlTr
šeflus	šeflustel	PlAd
šeflus	šeflustele	PlAll
šeflus	šeflustelt	PlAbl
šeflus	šeflustena	PlEs
šeflus	šeflusteni	PlTer
šeflus	šeflustes	PlIn
šeflus	šeflustesse	PlIll
šeflus	šeflustest	PlEl
šeflus	šeflusteta	PlAb
šehtima	šehi	ImpPrSg2
šehtima	šehi	IndPrPs_
šehtima	šehib	IndPrSg3
šehtima	šehid	IndPrSg2
šehtima	šehiks	KndPrPs
šehtima	šehiksid	KndPrPl3
šehtima	šehiksid	KndPrSg2
šehtima	šehiksime	KndPrPl1
šehtima	šehiksin	KndPrSg1
šehtima	šehiksite	KndPrPl2
šehtima	šehime	IndPrPl1
šehtima	šehin	IndPrSg1
šehtima	šehita	IndPrIps_
šehtima	šehitagu	ImpPrIps
šehtima	šehitaks	KndPrIps
šehtima	šehitakse	IndPrIps
šehtima	šehitama	SupIps
šehtima	šehitav	PtsPrIps
šehtima	šehitavat	KvtPrIps
šehtima	šehite	IndPrPl2
šehtima	šehiti	IndIpfIps
šehtima	šehitud	PtsPtIps
šehtima	šehitud	PtsPtIpsNeg
šehtima	šehituks	KndPtIps
šehtima	šehituvat	KvtPtIps
šehtima	šehivad	IndPrPl3
šehtima	šehtida	Inf
šehtima	šehtides	Ger
šehtima	šehtige	ImpPrPl2
šehtima	šehtigem	ImpPrPl1
šehtima	šehtigu	ImpPrPs
šehtima	šehtima	Sup
šehtima	šehtimaks	SupTr
šehtima	šehtimas	SupIn
šehtima	šehtimast	SupEl
šehtima	šehtimata	SupAb
šehtima	šehtinud	PtsPtPs
šehtima	šehtinud	PtsPtPsNeg
šehtima	šehtinuks	KndPtPs
šehtima	šehtinuksid	KndPtPl3
šehtima	šehtinuksid	KndPtSg2
šehtima	šehtinuksime	KndPtPl1
šehtima	šehtinuksin	KndPtSg1
šehtima	šehtinuksite	KndPtPl2
šehtima	šehtinuvat	KvtPtPs
šehtima	šehtis	IndIpfSg3
šehtima	šehtisid	IndIpfPl3
šehtima	šehtisid	IndIpfSg2
šehtima	šehtisime	IndIpfPl1
šehtima	šehtisin	IndIpfSg1
šehtima	šehtisite	IndIpfPl2
šehtima	šehtiv	PtsPrPs
šehtima	šehtivat	KvtPrPs
šeik	šeigeks	PlTr
šeik	šeigel	PlAd
šeik	šeigele	PlAll
šeik	šeigelt	PlAbl
šeik	šeiges	PlIn
šeik	šeigesse	PlIll
šeik	šeigest	PlEl
šeik	šeigi	SgG
šeik	šeigid	PlN
šeik	šeigiga	SgKom
šeik	šeigiks	SgTr
šeik	šeigil	SgAd
šeik	šeigile	SgAll
šeik	šeigilt	SgAbl
šeik	šeigina	SgEs
šeik	šeigini	SgTer
šeik	šeigis	SgIn
šeik	šeigisse	SgIll
šeik	šeigist	SgEl
šeik	šeigita	SgAb
šeik	šeik	SgN
šeik	šeike	PlP
šeik	šeiki	SgAdt
šeik	šeiki	SgP
šeik	šeikide	PlG
šeik	šeikidega	PlKom
šeik	šeikideks	PlTr
šeik	šeikidel	PlAd
šeik	šeikidele	PlAll
šeik	šeikidelt	PlAbl
šeik	šeikidena	PlEs
šeik	šeikideni	PlTer
šeik	šeikides	PlIn
šeik	šeikidesse	PlIll
šeik	šeikidest	PlEl
šeik	šeikideta	PlAb
šeik	šeikisid	PlP
šeik	šeigeks	PlTr
šeik	šeigel	PlAd
šeik	šeigele	PlAll
šeik	šeigelt	PlAbl
šeik	šeiges	PlIn
šeik	šeigesse	PlIll
šeik	šeigest	PlEl
šeik	šeigi	SgG
šeik	šeigid	PlN
šeik	šeigiga	SgKom
šeik	šeigiks	SgTr
šeik	šeigil	SgAd
šeik	šeigile	SgAll
šeik	šeigilt	SgAbl
šeik	šeigina	SgEs
šeik	šeigini	SgTer
šeik	šeigis	SgIn
šeik	šeigisse	SgIll
šeik	šeigist	SgEl
šeik	šeigita	SgAb
šeik	šeik	SgN
šeik	šeike	PlP
šeik	šeiki	SgAdt
šeik	šeiki	SgP
šeik	šeikide	PlG
šeik	šeikidega	PlKom
šeik	šeikideks	PlTr
šeik	šeikidel	PlAd
šeik	šeikidele	PlAll
šeik	šeikidelt	PlAbl
šeik	šeikidena	PlEs
šeik	šeikideni	PlTer
šeik	šeikides	PlIn
šeik	šeikidesse	PlIll
šeik	šeikidest	PlEl
šeik	šeikideta	PlAb
šeik	šeikisid	PlP
šeiker	-	SgAdt
šeiker	šeiker	SgN
šeiker	šeikereid	PlP
šeiker	šeikereiks	PlTr
šeiker	šeikereil	PlAd
šeiker	šeikereile	PlAll
šeiker	šeikereilt	PlAbl
šeiker	šeikereis	PlIn
šeiker	šeikereisse	PlIll
šeiker	šeikereist	PlEl
šeiker	šeikeri	SgG
šeiker	šeikerid	PlN
šeiker	šeikeriga	SgKom
šeiker	šeikeriks	SgTr
šeiker	šeikeril	SgAd
šeiker	šeikerile	SgAll
šeiker	šeikerilt	SgAbl
šeiker	šeikerina	SgEs
šeiker	šeikerini	SgTer
šeiker	šeikeris	SgIn
šeiker	šeikerisse	SgIll
šeiker	šeikerist	SgEl
šeiker	šeikerit	SgP
šeiker	šeikerita	SgAb
šeiker	šeikerite	PlG
šeiker	šeikeritega	PlKom
šeiker	šeikeriteks	PlTr
šeiker	šeikeritel	PlAd
šeiker	šeikeritele	PlAll
šeiker	šeikeritelt	PlAbl
šeiker	šeikeritena	PlEs
šeiker	šeikeriteni	PlTer
šeiker	šeikerites	PlIn
šeiker	šeikeritesse	PlIll
šeiker	šeikeritest	PlEl
šeiker	šeikeriteta	PlAb
šeikima	šeigi	ImpPrSg2
šeikima	šeigi	IndPrPs_
šeikima	šeigib	IndPrSg3
šeikima	šeigid	IndPrSg2
šeikima	šeigiks	KndPrPs
šeikima	šeigiksid	KndPrPl3
šeikima	šeigiksid	KndPrSg2
šeikima	šeigiksime	KndPrPl1
šeikima	šeigiksin	KndPrSg1
šeikima	šeigiksite	KndPrPl2
šeikima	šeigime	IndPrPl1
šeikima	šeigin	IndPrSg1
šeikima	šeigita	IndPrIps_
šeikima	šeigitagu	ImpPrIps
šeikima	šeigitaks	KndPrIps
šeikima	šeigitakse	IndPrIps
šeikima	šeigitama	SupIps
šeikima	šeigitav	PtsPrIps
šeikima	šeigitavat	KvtPrIps
šeikima	šeigite	IndPrPl2
šeikima	šeigiti	IndIpfIps
šeikima	šeigitud	PtsPtIps
šeikima	šeigitud	PtsPtIpsNeg
šeikima	šeigituks	KndPtIps
šeikima	šeigituvat	KvtPtIps
šeikima	šeigivad	IndPrPl3
šeikima	šeikida	Inf
šeikima	šeikides	Ger
šeikima	šeikige	ImpPrPl2
šeikima	šeikigem	ImpPrPl1
šeikima	šeikigu	ImpPrPs
šeikima	šeikima	Sup
šeikima	šeikimaks	SupTr
šeikima	šeikimas	SupIn
šeikima	šeikimast	SupEl
šeikima	šeikimata	SupAb
šeikima	šeikinud	PtsPtPs
šeikima	šeikinud	PtsPtPsNeg
šeikima	šeikinuks	KndPtPs
šeikima	šeikinuksid	KndPtPl3
šeikima	šeikinuksid	KndPtSg2
šeikima	šeikinuksime	KndPtPl1
šeikima	šeikinuksin	KndPtSg1
šeikima	šeikinuksite	KndPtPl2
šeikima	šeikinuvat	KvtPtPs
šeikima	šeikis	IndIpfSg3
šeikima	šeikisid	IndIpfPl3
šeikima	šeikisid	IndIpfSg2
šeikima	šeikisime	IndIpfPl1
šeikima	šeikisin	IndIpfSg1
šeikima	šeikisite	IndIpfPl2
šeikima	šeikiv	PtsPrPs
šeikima	šeikivat	KvtPrPs
šeikspiroloog	šeikspiroloog	SgN
šeikspiroloog	šeikspirolooge	PlP
šeikspiroloog	šeikspiroloogeks	PlTr
šeikspiroloog	šeikspiroloogel	PlAd
šeikspiroloog	šeikspiroloogele	PlAll
šeikspiroloog	šeikspiroloogelt	PlAbl
šeikspiroloog	šeikspirolooges	PlIn
šeikspiroloog	šeikspiroloogesse	PlIll
šeikspiroloog	šeikspiroloogest	PlEl
šeikspiroloog	šeikspiroloogi	SgAdt
šeikspiroloog	šeikspiroloogi	SgG
šeikspiroloog	šeikspiroloogi	SgP
šeikspiroloog	šeikspiroloogid	PlN
šeikspiroloog	šeikspiroloogide	PlG
šeikspiroloog	šeikspiroloogidega	PlKom
šeikspiroloog	šeikspiroloogideks	PlTr
šeikspiroloog	šeikspiroloogidel	PlAd
šeikspiroloog	šeikspiroloogidele	PlAll
šeikspiroloog	šeikspiroloogidelt	PlAbl
šeikspiroloog	šeikspiroloogidena	PlEs
šeikspiroloog	šeikspiroloogideni	PlTer
šeikspiroloog	šeikspiroloogides	PlIn
šeikspiroloog	šeikspiroloogidesse	PlIll
šeikspiroloog	šeikspiroloogidest	PlEl
šeikspiroloog	šeikspiroloogideta	PlAb
šeikspiroloog	šeikspiroloogiga	SgKom
šeikspiroloog	šeikspiroloogiks	SgTr
šeikspiroloog	šeikspiroloogil	SgAd
šeikspiroloog	šeikspiroloogile	SgAll
šeikspiroloog	šeikspiroloogilt	SgAbl
šeikspiroloog	šeikspiroloogina	SgEs
šeikspiroloog	šeikspiroloogini	SgTer
šeikspiroloog	šeikspiroloogis	SgIn
šeikspiroloog	šeikspiroloogisid	PlP
šeikspiroloog	šeikspiroloogisse	SgIll
šeikspiroloog	šeikspiroloogist	SgEl
šeikspiroloog	šeikspiroloogita	SgAb
šelf	šelf	SgN
šelf	šelfe	PlP
šelf	šelfeks	PlTr
šelf	šelfel	PlAd
šelf	šelfele	PlAll
šelf	šelfelt	PlAbl
šelf	šelfes	PlIn
šelf	šelfesse	PlIll
šelf	šelfest	PlEl
šelf	šelfi	SgAdt
šelf	šelfi	SgG
šelf	šelfi	SgP
šelf	šelfid	PlN
šelf	šelfide	PlG
šelf	šelfidega	PlKom
šelf	šelfideks	PlTr
šelf	šelfidel	PlAd
šelf	šelfidele	PlAll
šelf	šelfidelt	PlAbl
šelf	šelfidena	PlEs
šelf	šelfideni	PlTer
šelf	šelfides	PlIn
šelf	šelfidesse	PlIll
šelf	šelfidest	PlEl
šelf	šelfideta	PlAb
šelf	šelfiga	SgKom
šelf	šelfiks	SgTr
šelf	šelfil	SgAd
šelf	šelfile	SgAll
šelf	šelfilt	SgAbl
šelf	šelfina	SgEs
šelf	šelfini	SgTer
šelf	šelfis	SgIn
šelf	šelfisid	PlP
šelf	šelfisse	SgIll
šelf	šelfist	SgEl
šelf	šelfita	SgAb
šelfiliustik	šelfiliustik	SgN
šelfiliustik	šelfiliustike	PlG
šelfiliustik	šelfiliustikega	PlKom
šelfiliustik	šelfiliustikeks	PlTr
šelfiliustik	šelfiliustikel	PlAd
šelfiliustik	šelfiliustikele	PlAll
šelfiliustik	šelfiliustikelt	PlAbl
šelfiliustik	šelfiliustikena	PlEs
šelfiliustik	šelfiliustikeni	PlTer
šelfiliustik	šelfiliustikes	PlIn
šelfiliustik	šelfiliustikesse	PlIll
šelfiliustik	šelfiliustikest	PlEl
šelfiliustik	šelfiliustiketa	PlAb
šelfiliustik	šelfiliustikke	PlP
šelfiliustik	šelfiliustikku	SgAdt
šelfiliustik	šelfiliustikku	SgP
šelfiliustik	šelfiliustikkude	PlG
šelfiliustik	šelfiliustikkudega	PlKom
šelfiliustik	šelfiliustikkudeks	PlTr
šelfiliustik	šelfiliustikkudel	PlAd
šelfiliustik	šelfiliustikkudele	PlAll
šelfiliustik	šelfiliustikkudelt	PlAbl
šelfiliustik	šelfiliustikkudena	PlEs
šelfiliustik	šelfiliustikkudeni	PlTer
šelfiliustik	šelfiliustikkudes	PlIn
šelfiliustik	šelfiliustikkudesse	PlIll
šelfiliustik	šelfiliustikkudest	PlEl
šelfiliustik	šelfiliustikkudeta	PlAb
šelfiliustik	šelfiliustikkusid	PlP
šelfiliustik	šelfiliustiku	SgG
šelfiliustik	šelfiliustikud	PlN
šelfiliustik	šelfiliustikuga	SgKom
šelfiliustik	šelfiliustikuks	SgTr
šelfiliustik	šelfiliustikul	SgAd
šelfiliustik	šelfiliustikule	SgAll
šelfiliustik	šelfiliustikult	SgAbl
šelfiliustik	šelfiliustikuna	SgEs
šelfiliustik	šelfiliustikuni	SgTer
šelfiliustik	šelfiliustikus	SgIn
šelfiliustik	šelfiliustikusse	SgIll
šelfiliustik	šelfiliustikust	SgEl
šelfiliustik	šelfiliustikuta	SgAb
šelfimeri	šelfimerd	SgP
šelfimeri	šelfimere	SgG
šelfimeri	šelfimered	PlN
šelfimeri	šelfimerede	PlG
šelfimeri	šelfimeredega	PlKom
šelfimeri	šelfimeredeks	PlTr
šelfimeri	šelfimeredel	PlAd
šelfimeri	šelfimeredele	PlAll
šelfimeri	šelfimeredelt	PlAbl
šelfimeri	šelfimeredena	PlEs
šelfimeri	šelfimeredeni	PlTer
šelfimeri	šelfimeredes	PlIn
šelfimeri	šelfimeredesse	PlIll
šelfimeri	šelfimeredest	PlEl
šelfimeri	šelfimeredeta	PlAb
šelfimeri	šelfimerega	SgKom
šelfimeri	šelfimereks	SgTr
šelfimeri	šelfimerel	SgAd
šelfimeri	šelfimerele	SgAll
šelfimeri	šelfimerelt	SgAbl
šelfimeri	šelfimerena	SgEs
šelfimeri	šelfimereni	SgTer
šelfimeri	šelfimeres	SgIn
šelfimeri	šelfimeresid	PlP
šelfimeri	šelfimeresse	SgIll
šelfimeri	šelfimerest	SgEl
šelfimeri	šelfimereta	SgAb
šelfimeri	šelfimeri	SgN
šelfimeri	šelfimerre	SgAdt
šeliit	šeliideks	PlTr
šeliit	šeliidel	PlAd
šeliit	šeliidele	PlAll
šeliit	šeliidelt	PlAbl
šeliit	šeliides	PlIn
šeliit	šeliidesse	PlIll
šeliit	šeliidest	PlEl
šeliit	šeliidi	SgG
šeliit	šeliidid	PlN
šeliit	šeliidiga	SgKom
šeliit	šeliidiks	SgTr
šeliit	šeliidil	SgAd
šeliit	šeliidile	SgAll
šeliit	šeliidilt	SgAbl
šeliit	šeliidina	SgEs
šeliit	šeliidini	SgTer
šeliit	šeliidis	SgIn
šeliit	šeliidisse	SgIll
šeliit	šeliidist	SgEl
šeliit	šeliidita	SgAb
šeliit	šeliit	SgN
šeliit	šeliite	PlP
šeliit	šeliiti	SgAdt
šeliit	šeliiti	SgP
šeliit	šeliitide	PlG
šeliit	šeliitidega	PlKom
šeliit	šeliitideks	PlTr
šeliit	šeliitidel	PlAd
šeliit	šeliitidele	PlAll
šeliit	šeliitidelt	PlAbl
šeliit	šeliitidena	PlEs
šeliit	šeliitideni	PlTer
šeliit	šeliitides	PlIn
šeliit	šeliitidesse	PlIll
šeliit	šeliitidest	PlEl
šeliit	šeliitideta	PlAb
šeliit	šeliitisid	PlP
šellak	-	SgAdt
šellak	šellak	SgN
šellak	šellakeid	PlP
šellak	šellakeiks	PlTr
šellak	šellakeil	PlAd
šellak	šellakeile	PlAll
šellak	šellakeilt	PlAbl
šellak	šellakeis	PlIn
šellak	šellakeisse	PlIll
šellak	šellakeist	PlEl
šellak	šellaki	SgG
šellak	šellakid	PlN
šellak	šellakiga	SgKom
šellak	šellakiks	SgTr
šellak	šellakil	SgAd
šellak	šellakile	SgAll
šellak	šellakilt	SgAbl
šellak	šellakina	SgEs
šellak	šellakini	SgTer
šellak	šellakis	SgIn
šellak	šellakisse	SgIll
šellak	šellakist	SgEl
šellak	šellakit	SgP
šellak	šellakita	SgAb
šellak	šellakite	PlG
šellak	šellakitega	PlKom
šellak	šellakiteks	PlTr
šellak	šellakitel	PlAd
šellak	šellakitele	PlAll
šellak	šellakitelt	PlAbl
šellak	šellakitena	PlEs
šellak	šellakiteni	PlTer
šellak	šellakites	PlIn
šellak	šellakitesse	PlIll
šellak	šellakitest	PlEl
šellak	šellakiteta	PlAb
šellaklakk	šellaklakeks	PlTr
šellaklakk	šellaklakel	PlAd
šellaklakk	šellaklakele	PlAll
šellaklakk	šellaklakelt	PlAbl
šellaklakk	šellaklakes	PlIn
šellaklakk	šellaklakesse	PlIll
šellaklakk	šellaklakest	PlEl
šellaklakk	šellaklaki	SgG
šellaklakk	šellaklakid	PlN
šellaklakk	šellaklakiga	SgKom
šellaklakk	šellaklakiks	SgTr
šellaklakk	šellaklakil	SgAd
šellaklakk	šellaklakile	SgAll
šellaklakk	šellaklakilt	SgAbl
šellaklakk	šellaklakina	SgEs
šellaklakk	šellaklakini	SgTer
šellaklakk	šellaklakis	SgIn
šellaklakk	šellaklakisse	SgIll
šellaklakk	šellaklakist	SgEl
šellaklakk	šellaklakita	SgAb
šellaklakk	šellaklakk	SgN
šellaklakk	šellaklakke	PlP
šellaklakk	šellaklakki	SgAdt
šellaklakk	šellaklakki	SgP
šellaklakk	šellaklakkide	PlG
šellaklakk	šellaklakkidega	PlKom
šellaklakk	šellaklakkideks	PlTr
šellaklakk	šellaklakkidel	PlAd
šellaklakk	šellaklakkidele	PlAll
šellaklakk	šellaklakkidelt	PlAbl
šellaklakk	šellaklakkidena	PlEs
šellaklakk	šellaklakkideni	PlTer
šellaklakk	šellaklakkides	PlIn
šellaklakk	šellaklakkidesse	PlIll
šellaklakk	šellaklakkidest	PlEl
šellaklakk	šellaklakkideta	PlAb
šellaklakk	šellaklakkisid	PlP
šenill	šenill	SgN
šenill	šenille	PlP
šenill	šenilleks	PlTr
šenill	šenillel	PlAd
šenill	šenillele	PlAll
šenill	šenillelt	PlAbl
šenill	šenilles	PlIn
šenill	šenillesse	PlIll
šenill	šenillest	PlEl
šenill	šenilli	SgAdt
šenill	šenilli	SgG
šenill	šenilli	SgP
šenill	šenillid	PlN
šenill	šenillide	PlG
šenill	šenillidega	PlKom
šenill	šenillideks	PlTr
šenill	šenillidel	PlAd
šenill	šenillidele	PlAll
šenill	šenillidelt	PlAbl
šenill	šenillidena	PlEs
šenill	šenillideni	PlTer
šenill	šenillides	PlIn
šenill	šenillidesse	PlIll
šenill	šenillidest	PlEl
šenill	šenillideta	PlAb
šenill	šenilliga	SgKom
šenill	šenilliks	SgTr
šenill	šenillil	SgAd
šenill	šenillile	SgAll
šenill	šenillilt	SgAbl
šenill	šenillina	SgEs
šenill	šenillini	SgTer
šenill	šenillis	SgIn
šenill	šenillisid	PlP
šenill	šenillisse	SgIll
šenill	šenillist	SgEl
šenill	šenillita	SgAb
šenill-lõng	šenill-lõng	SgN
šenill-lõng	šenill-lõnga	SgAdt
šenill-lõng	šenill-lõnga	SgG
šenill-lõng	šenill-lõnga	SgP
šenill-lõng	šenill-lõngad	PlN
šenill-lõng	šenill-lõngade	PlG
šenill-lõng	šenill-lõngadega	PlKom
šenill-lõng	šenill-lõngadeks	PlTr
šenill-lõng	šenill-lõngadel	PlAd
šenill-lõng	šenill-lõngadele	PlAll
šenill-lõng	šenill-lõngadelt	PlAbl
šenill-lõng	šenill-lõngadena	PlEs
šenill-lõng	šenill-lõngadeni	PlTer
šenill-lõng	šenill-lõngades	PlIn
šenill-lõng	šenill-lõngadesse	PlIll
šenill-lõng	šenill-lõngadest	PlEl
šenill-lõng	šenill-lõngadeta	PlAb
šenill-lõng	šenill-lõngaga	SgKom
šenill-lõng	šenill-lõngaks	SgTr
šenill-lõng	šenill-lõngal	SgAd
šenill-lõng	šenill-lõngale	SgAll
šenill-lõng	šenill-lõngalt	SgAbl
šenill-lõng	šenill-lõngana	SgEs
šenill-lõng	šenill-lõngani	SgTer
šenill-lõng	šenill-lõngas	SgIn
šenill-lõng	šenill-lõngasid	PlP
šenill-lõng	šenill-lõngasse	SgIll
šenill-lõng	šenill-lõngast	SgEl
šenill-lõng	šenill-lõngata	SgAb
šenill-lõng	šenill-lõngu	PlP
šenill-lõng	šenill-lõnguks	PlTr
šenill-lõng	šenill-lõngul	PlAd
šenill-lõng	šenill-lõngule	PlAll
šenill-lõng	šenill-lõngult	PlAbl
šenill-lõng	šenill-lõngus	PlIn
šenill-lõng	šenill-lõngusse	PlIll
šenill-lõng	šenill-lõngust	PlEl
šenillriie	-	SgAdt
šenillriie	šenillriide	SgG
šenillriie	šenillriided	PlN
šenillriie	šenillriidega	SgKom
šenillriie	šenillriideid	PlP
šenillriie	šenillriideiks	PlTr
šenillriie	šenillriideil	PlAd
šenillriie	šenillriideile	PlAll
šenillriie	šenillriideilt	PlAbl
šenillriie	šenillriideis	PlIn
šenillriie	šenillriideisse	PlIll
šenillriie	šenillriideist	PlEl
šenillriie	šenillriideks	SgTr
šenillriie	šenillriidel	SgAd
šenillriie	šenillriidele	SgAll
šenillriie	šenillriidelt	SgAbl
šenillriie	šenillriidena	SgEs
šenillriie	šenillriideni	SgTer
šenillriie	šenillriides	SgIn
šenillriie	šenillriidesse	SgIll
šenillriie	šenillriidest	SgEl
šenillriie	šenillriideta	SgAb
šenillriie	šenillriie	SgN
šenillriie	šenillriiet	SgP
šenillriie	šenillriiete	PlG
šenillriie	šenillriietega	PlKom
šenillriie	šenillriieteks	PlTr
šenillriie	šenillriietel	PlAd
šenillriie	šenillriietele	PlAll
šenillriie	šenillriietelt	PlAbl
šenillriie	šenillriietena	PlEs
šenillriie	šenillriieteni	PlTer
šenillriie	šenillriietes	PlIn
šenillriie	šenillriietesse	PlIll
šenillriie	šenillriietest	PlEl
šenillriie	šenillriieteta	PlAb
šerbett	šerbeteks	PlTr
šerbett	šerbetel	PlAd
šerbett	šerbetele	PlAll
šerbett	šerbetelt	PlAbl
šerbett	šerbetes	PlIn
šerbett	šerbetesse	PlIll
šerbett	šerbetest	PlEl
šerbett	šerbeti	SgG
šerbett	šerbetid	PlN
šerbett	šerbetiga	SgKom
šerbett	šerbetiks	SgTr
šerbett	šerbetil	SgAd
šerbett	šerbetile	SgAll
šerbett	šerbetilt	SgAbl
šerbett	šerbetina	SgEs
šerbett	šerbetini	SgTer
šerbett	šerbetis	SgIn
šerbett	šerbetisse	SgIll
šerbett	šerbetist	SgEl
šerbett	šerbetita	SgAb
šerbett	šerbett	SgN
šerbett	šerbette	PlP
šerbett	šerbetti	SgAdt
šerbett	šerbetti	SgP
šerbett	šerbettide	PlG
šerbett	šerbettidega	PlKom
šerbett	šerbettideks	PlTr
šerbett	šerbettidel	PlAd
šerbett	šerbettidele	PlAll
šerbett	šerbettidelt	PlAbl
šerbett	šerbettidena	PlEs
šerbett	šerbettideni	PlTer
šerbett	šerbettides	PlIn
šerbett	šerbettidesse	PlIll
šerbett	šerbettidest	PlEl
šerbett	šerbettideta	PlAb
šerbett	šerbettisid	PlP
šerif	-	SgAdt
šerif	šerif	SgN
šerif	šerifeid	PlP
šerif	šerifeiks	PlTr
šerif	šerifeil	PlAd
šerif	šerifeile	PlAll
šerif	šerifeilt	PlAbl
šerif	šerifeis	PlIn
šerif	šerifeisse	PlIll
šerif	šerifeist	PlEl
šerif	šerifi	SgG
šerif	šerifid	PlN
šerif	šerifiga	SgKom
šerif	šerifiks	SgTr
šerif	šerifil	SgAd
šerif	šerifile	SgAll
šerif	šerifilt	SgAbl
šerif	šerifina	SgEs
šerif	šerifini	SgTer
šerif	šerifis	SgIn
šerif	šerifisse	SgIll
šerif	šerifist	SgEl
šerif	šerifit	SgP
šerif	šerifita	SgAb
šerif	šerifite	PlG
šerif	šerifitega	PlKom
šerif	šerifiteks	PlTr
šerif	šerifitel	PlAd
šerif	šerifitele	PlAll
šerif	šerifitelt	PlAbl
šerif	šerifitena	PlEs
šerif	šerifiteni	PlTer
šerif	šerifites	PlIn
šerif	šerifitesse	PlIll
šerif	šerifitest	PlEl
šerif	šerifiteta	PlAb
šeriif	šeriif	SgN
šeriif	šeriife	PlP
šeriif	šeriifeks	PlTr
šeriif	šeriifel	PlAd
šeriif	šeriifele	PlAll
šeriif	šeriifelt	PlAbl
šeriif	šeriifes	PlIn
šeriif	šeriifesse	PlIll
šeriif	šeriifest	PlEl
šeriif	šeriifi	SgAdt
šeriif	šeriifi	SgG
šeriif	šeriifi	SgP
šeriif	šeriifid	PlN
šeriif	šeriifide	PlG
šeriif	šeriifidega	PlKom
šeriif	šeriifideks	PlTr
šeriif	šeriifidel	PlAd
šeriif	šeriifidele	PlAll
šeriif	šeriifidelt	PlAbl
šeriif	šeriifidena	PlEs
šeriif	šeriifideni	PlTer
šeriif	šeriifides	PlIn
šeriif	šeriifidesse	PlIll
šeriif	šeriifidest	PlEl
šeriif	šeriifideta	PlAb
šeriif	šeriifiga	SgKom
šeriif	šeriifiks	SgTr
šeriif	šeriifil	SgAd
šeriif	šeriifile	SgAll
šeriif	šeriifilt	SgAbl
šeriif	šeriifina	SgEs
šeriif	šeriifini	SgTer
šeriif	šeriifis	SgIn
šeriif	šeriifisid	PlP
šeriif	šeriifisse	SgIll
šeriif	šeriifist	SgEl
šeriif	šeriifita	SgAb
šerpa	-	SgAdt
šerpa	šerpa	SgG
šerpa	šerpa	SgN
šerpa	šerpad	PlN
šerpa	šerpade	PlG
šerpa	šerpadega	PlKom
šerpa	šerpadeks	PlTr
šerpa	šerpadel	PlAd
šerpa	šerpadele	PlAll
šerpa	šerpadelt	PlAbl
šerpa	šerpadena	PlEs
šerpa	šerpadeni	PlTer
šerpa	šerpades	PlIn
šerpa	šerpadesse	PlIll
šerpa	šerpadest	PlEl
šerpa	šerpadeta	PlAb
šerpa	šerpaga	SgKom
šerpa	šerpaks	SgTr
šerpa	šerpal	SgAd
šerpa	šerpale	SgAll
šerpa	šerpalt	SgAbl
šerpa	šerpana	SgEs
šerpa	šerpani	SgTer
šerpa	šerpas	SgIn
šerpa	šerpasid	PlP
šerpa	šerpasse	SgIll
šerpa	šerpast	SgEl
šerpa	šerpat	SgP
šerpa	šerpata	SgAb
šerri	-	SgAdt
šerri	šerri	SgG
šerri	šerri	SgN
šerri	šerrid	PlN
šerri	šerride	PlG
šerri	šerridega	PlKom
šerri	šerrideks	PlTr
šerri	šerridel	PlAd
šerri	šerridele	PlAll
šerri	šerridelt	PlAbl
šerri	šerridena	PlEs
šerri	šerrideni	PlTer
šerri	šerrides	PlIn
šerri	šerridesse	PlIll
šerri	šerridest	PlEl
šerri	šerrideta	PlAb
šerri	šerriga	SgKom
šerri	šerriks	SgTr
šerri	šerril	SgAd
šerri	šerrile	SgAll
šerri	šerrilt	SgAbl
šerri	šerrina	SgEs
šerri	šerrini	SgTer
šerri	šerris	SgIn
šerri	šerrisid	PlP
šerri	šerrisse	SgIll
šerri	šerrist	SgEl
šerri	šerrit	SgP
šerri	šerrita	SgAb
ševiot	ševiot	SgN
ševiot	ševioteks	PlTr
ševiot	ševiotel	PlAd
ševiot	ševiotele	PlAll
ševiot	ševiotelt	PlAbl
ševiot	ševiotes	PlIn
ševiot	ševiotesse	PlIll
ševiot	ševiotest	PlEl
ševiot	ševioti	SgG
ševiot	ševiotid	PlN
ševiot	ševiotiga	SgKom
ševiot	ševiotiks	SgTr
ševiot	ševiotil	SgAd
ševiot	ševiotile	SgAll
ševiot	ševiotilt	SgAbl
ševiot	ševiotina	SgEs
ševiot	ševiotini	SgTer
ševiot	ševiotis	SgIn
ševiot	ševiotisse	SgIll
ševiot	ševiotist	SgEl
ševiot	ševiotita	SgAb
ševiot	ševiotte	PlP
ševiot	ševiotti	SgAdt
ševiot	ševiotti	SgP
ševiot	ševiottide	PlG
ševiot	ševiottidega	PlKom
ševiot	ševiottideks	PlTr
ševiot	ševiottidel	PlAd
ševiot	ševiottidele	PlAll
ševiot	ševiottidelt	PlAbl
ševiot	ševiottidena	PlEs
ševiot	ševiottideni	PlTer
ševiot	ševiottides	PlIn
ševiot	ševiottidesse	PlIll
ševiot	ševiottidest	PlEl
ševiot	ševiottideta	PlAb
ševiot	ševiottisid	PlP
ševrett	ševreteks	PlTr
ševrett	ševretel	PlAd
ševrett	ševretele	PlAll
ševrett	ševretelt	PlAbl
ševrett	ševretes	PlIn
ševrett	ševretesse	PlIll
ševrett	ševretest	PlEl
ševrett	ševreti	SgG
ševrett	ševretid	PlN
ševrett	ševretiga	SgKom
ševrett	ševretiks	SgTr
ševrett	ševretil	SgAd
ševrett	ševretile	SgAll
ševrett	ševretilt	SgAbl
ševrett	ševretina	SgEs
ševrett	ševretini	SgTer
ševrett	ševretis	SgIn
ševrett	ševretisse	SgIll
ševrett	ševretist	SgEl
ševrett	ševretita	SgAb
ševrett	ševrett	SgN
ševrett	ševrette	PlP
ševrett	ševretti	SgAdt
ševrett	ševretti	SgP
ševrett	ševrettide	PlG
ševrett	ševrettidega	PlKom
ševrett	ševrettideks	PlTr
ševrett	ševrettidel	PlAd
ševrett	ševrettidele	PlAll
ševrett	ševrettidelt	PlAbl
ševrett	ševrettidena	PlEs
ševrett	ševrettideni	PlTer
ševrett	ševrettides	PlIn
ševrett	ševrettidesse	PlIll
ševrett	ševrettidest	PlEl
ševrett	ševrettideta	PlAb
ševrett	ševrettisid	PlP
ševroo	-	SgAdt
ševroo	ševroid	PlP
ševroo	ševroiks	PlTr
ševroo	ševroil	PlAd
ševroo	ševroile	PlAll
ševroo	ševroilt	PlAbl
ševroo	ševrois	PlIn
ševroo	ševroisse	PlIll
ševroo	ševroist	PlEl
ševroo	ševroo	SgG
ševroo	ševroo	SgN
ševroo	ševrood	PlN
ševroo	ševrood	SgP
ševroo	ševroode	PlG
ševroo	ševroodega	PlKom
ševroo	ševroodeks	PlTr
ševroo	ševroodel	PlAd
ševroo	ševroodele	PlAll
ševroo	ševroodelt	PlAbl
ševroo	ševroodena	PlEs
ševroo	ševroodeni	PlTer
ševroo	ševroodes	PlIn
ševroo	ševroodesse	PlIll
ševroo	ševroodest	PlEl
ševroo	ševroodeta	PlAb
ševroo	ševrooga	SgKom
ševroo	ševrooks	SgTr
ševroo	ševrool	SgAd
ševroo	ševroole	SgAll
ševroo	ševroolt	SgAbl
ševroo	ševroona	SgEs
ševroo	ševrooni	SgTer
ševroo	ševroos	SgIn
ševroo	ševroosid	PlP
ševroo	ševroosse	SgIll
ševroo	ševroost	SgEl
ševroo	ševroota	SgAb
ševroonahk	ševroonaha	SgG
ševroonahk	ševroonahad	PlN
ševroonahk	ševroonahaga	SgKom
ševroonahk	ševroonahaks	SgTr
ševroonahk	ševroonahal	SgAd
ševroonahk	ševroonahale	SgAll
ševroonahk	ševroonahalt	SgAbl
ševroonahk	ševroonahana	SgEs
ševroonahk	ševroonahani	SgTer
ševroonahk	ševroonahas	SgIn
ševroonahk	ševroonahasse	SgIll
ševroonahk	ševroonahast	SgEl
ševroonahk	ševroonahata	SgAb
ševroonahk	ševroonahk	SgN
ševroonahk	ševroonahka	SgAdt
ševroonahk	ševroonahka	SgP
ševroonahk	ševroonahkade	PlG
ševroonahk	ševroonahkadega	PlKom
ševroonahk	ševroonahkadeks	PlTr
ševroonahk	ševroonahkadel	PlAd
ševroonahk	ševroonahkadele	PlAll
ševroonahk	ševroonahkadelt	PlAbl
ševroonahk	ševroonahkadena	PlEs
ševroonahk	ševroonahkadeni	PlTer
ševroonahk	ševroonahkades	PlIn
ševroonahk	ševroonahkadesse	PlIll
ševroonahk	ševroonahkadest	PlEl
ševroonahk	ševroonahkadeta	PlAb
ševroonahk	ševroonahkasid	PlP
ševroonahk	ševroonahku	PlP
ševroonahk	ševroonahuks	PlTr
ševroonahk	ševroonahul	PlAd
ševroonahk	ševroonahule	PlAll
ševroonahk	ševroonahult	PlAbl
ševroonahk	ševroonahus	PlIn
ševroonahk	ševroonahusse	PlIll
ševroonahk	ševroonahust	PlEl
šiffer	-	SgAdt
šiffer	šiffer	SgN
šiffer	šifreid	PlP
šiffer	šifreiks	PlTr
šiffer	šifreil	PlAd
šiffer	šifreile	PlAll
šiffer	šifreilt	PlAbl
šiffer	šifreis	PlIn
šiffer	šifreisse	PlIll
šiffer	šifreist	PlEl
šiffer	šifri	SgG
šiffer	šifrid	PlN
šiffer	šifriga	SgKom
šiffer	šifriks	SgTr
šiffer	šifril	SgAd
šiffer	šifrile	SgAll
šiffer	šifrilt	SgAbl
šiffer	šifrina	SgEs
šiffer	šifrini	SgTer
šiffer	šifris	SgIn
šiffer	šifrisse	SgIll
šiffer	šifrist	SgEl
šiffer	šifrit	SgP
šiffer	šifrita	SgAb
šiffer	šifrite	PlG
šiffer	šifritega	PlKom
šiffer	šifriteks	PlTr
šiffer	šifritel	PlAd
šiffer	šifritele	PlAll
šiffer	šifritelt	PlAbl
šiffer	šifritena	PlEs
šiffer	šifriteni	PlTer
šiffer	šifrites	PlIn
šiffer	šifritesse	PlIll
šiffer	šifritest	PlEl
šiffer	šifriteta	PlAb
šifoon	šifoon	SgN
šifoon	šifoone	PlP
šifoon	šifooneks	PlTr
šifoon	šifoonel	PlAd
šifoon	šifoonele	PlAll
šifoon	šifoonelt	PlAbl
šifoon	šifoones	PlIn
šifoon	šifoonesse	PlIll
šifoon	šifoonest	PlEl
šifoon	šifooni	SgAdt
šifoon	šifooni	SgG
šifoon	šifooni	SgP
šifoon	šifoonid	PlN
šifoon	šifoonide	PlG
šifoon	šifoonidega	PlKom
šifoon	šifoonideks	PlTr
šifoon	šifoonidel	PlAd
šifoon	šifoonidele	PlAll
šifoon	šifoonidelt	PlAbl
šifoon	šifoonidena	PlEs
šifoon	šifoonideni	PlTer
šifoon	šifoonides	PlIn
šifoon	šifoonidesse	PlIll
šifoon	šifoonidest	PlEl
šifoon	šifoonideta	PlAb
šifoon	šifooniga	SgKom
šifoon	šifooniks	SgTr
šifoon	šifoonil	SgAd
šifoon	šifoonile	SgAll
šifoon	šifoonilt	SgAbl
šifoon	šifoonina	SgEs
šifoon	šifoonini	SgTer
šifoon	šifoonis	SgIn
šifoon	šifoonisid	PlP
šifoon	šifoonisse	SgIll
šifoon	šifoonist	SgEl
šifoon	šifoonita	SgAb
šifraator	-	SgAdt
šifraator	šifraator	SgN
šifraator	šifraatoreid	PlP
šifraator	šifraatoreiks	PlTr
šifraator	šifraatoreil	PlAd
šifraator	šifraatoreile	PlAll
šifraator	šifraatoreilt	PlAbl
šifraator	šifraatoreis	PlIn
šifraator	šifraatoreisse	PlIll
šifraator	šifraatoreist	PlEl
šifraator	šifraatori	SgG
šifraator	šifraatorid	PlN
šifraator	šifraatoriga	SgKom
šifraator	šifraatoriks	SgTr
šifraator	šifraatoril	SgAd
šifraator	šifraatorile	SgAll
šifraator	šifraatorilt	SgAbl
šifraator	šifraatorina	SgEs
šifraator	šifraatorini	SgTer
šifraator	šifraatoris	SgIn
šifraator	šifraatorisse	SgIll
šifraator	šifraatorist	SgEl
šifraator	šifraatorit	SgP
šifraator	šifraatorita	SgAb
šifraator	šifraatorite	PlG
šifraator	šifraatoritega	PlKom
šifraator	šifraatoriteks	PlTr
šifraator	šifraatoritel	PlAd
šifraator	šifraatoritele	PlAll
šifraator	šifraatoritelt	PlAbl
šifraator	šifraatoritena	PlEs
šifraator	šifraatoriteni	PlTer
šifraator	šifraatorites	PlIn
šifraator	šifraatoritesse	PlIll
šifraator	šifraatoritest	PlEl
šifraator	šifraatoriteta	PlAb
šifreerima	šifreeri	ImpPrSg2
šifreerima	šifreeri	IndPrPs_
šifreerima	šifreerib	IndPrSg3
šifreerima	šifreerid	IndPrSg2
šifreerima	šifreerida	Inf
šifreerima	šifreerides	Ger
šifreerima	šifreerige	ImpPrPl2
šifreerima	šifreerigem	ImpPrPl1
šifreerima	šifreerigu	ImpPrPs
šifreerima	šifreeriks	KndPrPs
šifreerima	šifreeriksid	KndPrPl3
šifreerima	šifreeriksid	KndPrSg2
šifreerima	šifreeriksime	KndPrPl1
šifreerima	šifreeriksin	KndPrSg1
šifreerima	šifreeriksite	KndPrPl2
šifreerima	šifreerima	Sup
šifreerima	šifreerimaks	SupTr
šifreerima	šifreerimas	SupIn
šifreerima	šifreerimast	SupEl
šifreerima	šifreerimata	SupAb
šifreerima	šifreerime	IndPrPl1
šifreerima	šifreerin	IndPrSg1
šifreerima	šifreerinud	PtsPtPs
šifreerima	šifreerinud	PtsPtPsNeg
šifreerima	šifreerinuks	KndPtPs
šifreerima	šifreerinuksid	KndPtPl3
šifreerima	šifreerinuksid	KndPtSg2
šifreerima	šifreerinuksime	KndPtPl1
šifreerima	šifreerinuksin	KndPtSg1
šifreerima	šifreerinuksite	KndPtPl2
šifreerima	šifreerinuvat	KvtPtPs
šifreerima	šifreeris	IndIpfSg3
šifreerima	šifreerisid	IndIpfPl3
šifreerima	šifreerisid	IndIpfSg2
šifreerima	šifreerisime	IndIpfPl1
šifreerima	šifreerisin	IndIpfSg1
šifreerima	šifreerisite	IndIpfPl2
šifreerima	šifreerita	IndPrIps_
šifreerima	šifreeritagu	ImpPrIps
šifreerima	šifreeritaks	KndPrIps
šifreerima	šifreeritakse	IndPrIps
šifreerima	šifreeritama	SupIps
šifreerima	šifreeritav	PtsPrIps
šifreerima	šifreeritavat	KvtPrIps
šifreerima	šifreerite	IndPrPl2
šifreerima	šifreeriti	IndIpfIps
šifreerima	šifreeritud	PtsPtIps
šifreerima	šifreeritud	PtsPtIpsNeg
šifreerima	šifreerituks	KndPtIps
šifreerima	šifreerituvat	KvtPtIps
šifreerima	šifreeriv	PtsPrPs
šifreerima	šifreerivad	IndPrPl3
šifreerima	šifreerivat	KvtPrPs
šifreering	-	SgAdt
šifreering	šifreering	SgN
šifreering	šifreeringu	SgG
šifreering	šifreeringud	PlN
šifreering	šifreeringuga	SgKom
šifreering	šifreeringuid	PlP
šifreering	šifreeringuiks	PlTr
šifreering	šifreeringuil	PlAd
šifreering	šifreeringuile	PlAll
šifreering	šifreeringuilt	PlAbl
šifreering	šifreeringuis	PlIn
šifreering	šifreeringuisse	PlIll
šifreering	šifreeringuist	PlEl
šifreering	šifreeringuks	SgTr
šifreering	šifreeringul	SgAd
šifreering	šifreeringule	SgAll
šifreering	šifreeringult	SgAbl
šifreering	šifreeringuna	SgEs
šifreering	šifreeringuni	SgTer
šifreering	šifreeringus	SgIn
šifreering	šifreeringusse	SgIll
šifreering	šifreeringust	SgEl
šifreering	šifreeringut	SgP
šifreering	šifreeringuta	SgAb
šifreering	šifreeringute	PlG
šifreering	šifreeringutega	PlKom
šifreering	šifreeringuteks	PlTr
šifreering	šifreeringutel	PlAd
šifreering	šifreeringutele	PlAll
šifreering	šifreeringutelt	PlAbl
šifreering	šifreeringutena	PlEs
šifreering	šifreeringuteni	PlTer
šifreering	šifreeringutes	PlIn
šifreering	šifreeringutesse	PlIll
šifreering	šifreeringutest	PlEl
šifreering	šifreeringuteta	PlAb
šiia muslim	šiia	ID
šiism	šiism	SgN
šiism	šiisme	PlP
šiism	šiismeks	PlTr
šiism	šiismel	PlAd
šiism	šiismele	PlAll
šiism	šiismelt	PlAbl
šiism	šiismes	PlIn
šiism	šiismesse	PlIll
šiism	šiismest	PlEl
šiism	šiismi	SgAdt
šiism	šiismi	SgG
šiism	šiismi	SgP
šiism	šiismid	PlN
šiism	šiismide	PlG
šiism	šiismidega	PlKom
šiism	šiismideks	PlTr
šiism	šiismidel	PlAd
šiism	šiismidele	PlAll
šiism	šiismidelt	PlAbl
šiism	šiismidena	PlEs
šiism	šiismideni	PlTer
šiism	šiismides	PlIn
šiism	šiismidesse	PlIll
šiism	šiismidest	PlEl
šiism	šiismideta	PlAb
šiism	šiismiga	SgKom
šiism	šiismiks	SgTr
šiism	šiismil	SgAd
šiism	šiismile	SgAll
šiism	šiismilt	SgAbl
šiism	šiismina	SgEs
šiism	šiismini	SgTer
šiism	šiismis	SgIn
šiism	šiismisid	PlP
šiism	šiismisse	SgIll
šiism	šiismist	SgEl
šiism	šiismita	SgAb
šiiit	šiiideks	PlTr
šiiit	šiiidel	PlAd
šiiit	šiiidele	PlAll
šiiit	šiiidelt	PlAbl
šiiit	šiiides	PlIn
šiiit	šiiidesse	PlIll
šiiit	šiiidest	PlEl
šiiit	šiiidi	SgG
šiiit	šiiidid	PlN
šiiit	šiiidiga	SgKom
šiiit	šiiidiks	SgTr
šiiit	šiiidil	SgAd
šiiit	šiiidile	SgAll
šiiit	šiiidilt	SgAbl
šiiit	šiiidina	SgEs
šiiit	šiiidini	SgTer
šiiit	šiiidis	SgIn
šiiit	šiiidisse	SgIll
šiiit	šiiidist	SgEl
šiiit	šiiidita	SgAb
šiiit	šiiit	SgN
šiiit	šiiite	PlP
šiiit	šiiiti	SgAdt
šiiit	šiiiti	SgP
šiiit	šiiitide	PlG
šiiit	šiiitidega	PlKom
šiiit	šiiitideks	PlTr
šiiit	šiiitidel	PlAd
šiiit	šiiitidele	PlAll
šiiit	šiiitidelt	PlAbl
šiiit	šiiitidena	PlEs
šiiit	šiiitideni	PlTer
šiiit	šiiitides	PlIn
šiiit	šiiitidesse	PlIll
šiiit	šiiitidest	PlEl
šiiit	šiiitideta	PlAb
šiiit	šiiitisid	PlP
šiiitlik	šiiitlik	SgN
šiiitlik	šiiitlike	PlG
šiiitlik	šiiitlikega	PlKom
šiiitlik	šiiitlikeks	PlTr
šiiitlik	šiiitlikel	PlAd
šiiitlik	šiiitlikele	PlAll
šiiitlik	šiiitlikelt	PlAbl
šiiitlik	šiiitlikena	PlEs
šiiitlik	šiiitlikeni	PlTer
šiiitlik	šiiitlikes	PlIn
šiiitlik	šiiitlikesse	PlIll
šiiitlik	šiiitlikest	PlEl
šiiitlik	šiiitliketa	PlAb
šiiitlik	šiiitlikke	PlP
šiiitlik	šiiitlikku	SgAdt
šiiitlik	šiiitlikku	SgP
šiiitlik	šiiitlikkude	PlG
šiiitlik	šiiitlikkudega	PlKom
šiiitlik	šiiitlikkudeks	PlTr
šiiitlik	šiiitlikkudel	PlAd
šiiitlik	šiiitlikkudele	PlAll
šiiitlik	šiiitlikkudelt	PlAbl
šiiitlik	šiiitlikkudena	PlEs
šiiitlik	šiiitlikkudeni	PlTer
šiiitlik	šiiitlikkudes	PlIn
šiiitlik	šiiitlikkudesse	PlIll
šiiitlik	šiiitlikkudest	PlEl
šiiitlik	šiiitlikkudeta	PlAb
šiiitlik	šiiitlikkusid	PlP
šiiitlik	šiiitliku	SgG
šiiitlik	šiiitlikud	PlN
šiiitlik	šiiitlikuga	SgKom
šiiitlik	šiiitlikuks	SgTr
šiiitlik	šiiitlikul	SgAd
šiiitlik	šiiitlikule	SgAll
šiiitlik	šiiitlikult	SgAbl
šiiitlik	šiiitlikuna	SgEs
šiiitlik	šiiitlikuni	SgTer
šiiitlik	šiiitlikus	SgIn
šiiitlik	šiiitlikusse	SgIll
šiiitlik	šiiitlikust	SgEl
šiiitlik	šiiitlikuta	SgAb
šiiitlus	-	SgAdt
šiiitlus	šiiitlus	SgN
šiiitlus	šiiitluse	SgG
šiiitlus	šiiitlused	PlN
šiiitlus	šiiitlusega	SgKom
šiiitlus	šiiitluseid	PlP
šiiitlus	šiiitluseiks	PlTr
šiiitlus	šiiitluseil	PlAd
šiiitlus	šiiitluseile	PlAll
šiiitlus	šiiitluseilt	PlAbl
šiiitlus	šiiitluseis	PlIn
šiiitlus	šiiitluseisse	PlIll
šiiitlus	šiiitluseist	PlEl
šiiitlus	šiiitluseks	SgTr
šiiitlus	šiiitlusel	SgAd
šiiitlus	šiiitlusele	SgAll
šiiitlus	šiiitluselt	SgAbl
šiiitlus	šiiitlusena	SgEs
šiiitlus	šiiitluseni	SgTer
šiiitlus	šiiitluses	SgIn
šiiitlus	šiiitlusesse	SgIll
šiiitlus	šiiitlusest	SgEl
šiiitlus	šiiitluseta	SgAb
šiiitlus	šiiitlusi	PlP
šiiitlus	šiiitlusiks	PlTr
šiiitlus	šiiitlusil	PlAd
šiiitlus	šiiitlusile	PlAll
šiiitlus	šiiitlusilt	PlAbl
šiiitlus	šiiitlusis	PlIn
šiiitlus	šiiitlusisse	PlIll
šiiitlus	šiiitlusist	PlEl
šiiitlus	šiiitlusse	SgAdt
šiiitlus	šiiitlust	SgP
šiiitlus	šiiitluste	PlG
šiiitlus	šiiitlustega	PlKom
šiiitlus	šiiitlusteks	PlTr
šiiitlus	šiiitlustel	PlAd
šiiitlus	šiiitlustele	PlAll
šiiitlus	šiiitlustelt	PlAbl
šiiitlus	šiiitlustena	PlEs
šiiitlus	šiiitlusteni	PlTer
šiiitlus	šiiitlustes	PlIn
šiiitlus	šiiitlustesse	PlIll
šiiitlus	šiiitlustest	PlEl
šiiitlus	šiiitlusteta	PlAb
šikaan	šikaan	SgN
šikaan	šikaane	PlP
šikaan	šikaaneks	PlTr
šikaan	šikaanel	PlAd
šikaan	šikaanele	PlAll
šikaan	šikaanelt	PlAbl
šikaan	šikaanes	PlIn
šikaan	šikaanesse	PlIll
šikaan	šikaanest	PlEl
šikaan	šikaani	SgAdt
šikaan	šikaani	SgG
šikaan	šikaani	SgP
šikaan	šikaanid	PlN
šikaan	šikaanide	PlG
šikaan	šikaanidega	PlKom
šikaan	šikaanideks	PlTr
šikaan	šikaanidel	PlAd
šikaan	šikaanidele	PlAll
šikaan	šikaanidelt	PlAbl
šikaan	šikaanidena	PlEs
šikaan	šikaanideni	PlTer
šikaan	šikaanides	PlIn
šikaan	šikaanidesse	PlIll
šikaan	šikaanidest	PlEl
šikaan	šikaanideta	PlAb
šikaan	šikaaniga	SgKom
šikaan	šikaaniks	SgTr
šikaan	šikaanil	SgAd
šikaan	šikaanile	SgAll
šikaan	šikaanilt	SgAbl
šikaan	šikaanina	SgEs
šikaan	šikaanini	SgTer
šikaan	šikaanis	SgIn
šikaan	šikaanisid	PlP
šikaan	šikaanisse	SgIll
šikaan	šikaanist	SgEl
šikaan	šikaanita	SgAb
šikk	šikeks	PlTr
šikk	šikel	PlAd
šikk	šikele	PlAll
šikk	šikelt	PlAbl
šikk	šikes	PlIn
šikk	šikesse	PlIll
šikk	šikest	PlEl
šikk	šiki	SgG
šikk	šikid	PlN
šikk	šikiga	SgKom
šikk	šikiks	SgTr
šikk	šikil	SgAd
šikk	šikile	SgAll
šikk	šikilt	SgAbl
šikk	šikina	SgEs
šikk	šikini	SgTer
šikk	šikis	SgIn
šikk	šikisse	SgIll
šikk	šikist	SgEl
šikk	šikita	SgAb
šikk	šikk	SgN
šikk	šikke	PlP
šikk	šikki	SgAdt
šikk	šikki	SgP
šikk	šikkide	PlG
šikk	šikkidega	PlKom
šikk	šikkideks	PlTr
šikk	šikkidel	PlAd
šikk	šikkidele	PlAll
šikk	šikkidelt	PlAbl
šikk	šikkidena	PlEs
šikk	šikkideni	PlTer
šikk	šikkides	PlIn
šikk	šikkidesse	PlIll
šikk	šikkidest	PlEl
šikk	šikkideta	PlAb
šikk	šikkisid	PlP
šilling	-	SgAdt
šilling	šilling	SgN
šilling	šillingeid	PlP
šilling	šillingeiks	PlTr
šilling	šillingeil	PlAd
šilling	šillingeile	PlAll
šilling	šillingeilt	PlAbl
šilling	šillingeis	PlIn
šilling	šillingeisse	PlIll
šilling	šillingeist	PlEl
šilling	šillingi	SgG
šilling	šillingid	PlN
šilling	šillingiga	SgKom
šilling	šillingiks	SgTr
šilling	šillingil	SgAd
šilling	šillingile	SgAll
šilling	šillingilt	SgAbl
šilling	šillingina	SgEs
šilling	šillingini	SgTer
šilling	šillingis	SgIn
šilling	šillingisse	SgIll
šilling	šillingist	SgEl
šilling	šillingit	SgP
šilling	šillingita	SgAb
šilling	šillingite	PlG
šilling	šillingitega	PlKom
šilling	šillingiteks	PlTr
šilling	šillingitel	PlAd
šilling	šillingitele	PlAll
šilling	šillingitelt	PlAbl
šilling	šillingitena	PlEs
šilling	šillingiteni	PlTer
šilling	šillingites	PlIn
šilling	šillingitesse	PlIll
šilling	šillingitest	PlEl
šilling	šillingiteta	PlAb
šimmi	-	SgAdt
šimmi	šimmi	SgG
šimmi	šimmi	SgN
šimmi	šimmid	PlN
šimmi	šimmide	PlG
šimmi	šimmidega	PlKom
šimmi	šimmideks	PlTr
šimmi	šimmidel	PlAd
šimmi	šimmidele	PlAll
šimmi	šimmidelt	PlAbl
šimmi	šimmidena	PlEs
šimmi	šimmideni	PlTer
šimmi	šimmides	PlIn
šimmi	šimmidesse	PlIll
šimmi	šimmidest	PlEl
šimmi	šimmideta	PlAb
šimmi	šimmiga	SgKom
šimmi	šimmiks	SgTr
šimmi	šimmil	SgAd
šimmi	šimmile	SgAll
šimmi	šimmilt	SgAbl
šimmi	šimmina	SgEs
šimmi	šimmini	SgTer
šimmi	šimmis	SgIn
šimmi	šimmisid	PlP
šimmi	šimmisse	SgIll
šimmi	šimmist	SgEl
šimmi	šimmit	SgP
šimmi	šimmita	SgAb
šimpans	-	SgAdt
šimpans	šimpans	SgN
šimpans	šimpanse	PlP
šimpans	šimpanseid	PlP
šimpans	šimpanseiks	PlTr
šimpans	šimpanseil	PlAd
šimpans	šimpanseile	PlAll
šimpans	šimpanseilt	PlAbl
šimpans	šimpanseis	PlIn
šimpans	šimpanseisse	PlIll
šimpans	šimpanseist	PlEl
šimpans	šimpanseks	PlTr
šimpans	šimpansel	PlAd
šimpans	šimpansele	PlAll
šimpans	šimpanselt	PlAbl
šimpans	šimpanses	PlIn
šimpans	šimpansesse	PlIll
šimpans	šimpansest	PlEl
šimpans	šimpansi	SgAdt
šimpans	šimpansi	SgG
šimpans	šimpansi	SgP
šimpans	šimpansid	PlN
šimpans	šimpanside	PlG
šimpans	šimpansidega	PlKom
šimpans	šimpansideks	PlTr
šimpans	šimpansidel	PlAd
šimpans	šimpansidele	PlAll
šimpans	šimpansidelt	PlAbl
šimpans	šimpansidena	PlEs
šimpans	šimpansideni	PlTer
šimpans	šimpansides	PlIn
šimpans	šimpansidesse	PlIll
šimpans	šimpansidest	PlEl
šimpans	šimpansideta	PlAb
šimpans	šimpansiga	SgKom
šimpans	šimpansiks	SgTr
šimpans	šimpansil	SgAd
šimpans	šimpansile	SgAll
šimpans	šimpansilt	SgAbl
šimpans	šimpansina	SgEs
šimpans	šimpansini	SgTer
šimpans	šimpansis	SgIn
šimpans	šimpansisid	PlP
šimpans	šimpansisse	SgIll
šimpans	šimpansist	SgEl
šimpans	šimpansit	SgP
šimpans	šimpansita	SgAb
šimpans	šimpansite	PlG
šimpans	šimpansitega	PlKom
šimpans	šimpansiteks	PlTr
šimpans	šimpansitel	PlAd
šimpans	šimpansitele	PlAll
šimpans	šimpansitelt	PlAbl
šimpans	šimpansitena	PlEs
šimpans	šimpansiteni	PlTer
šimpans	šimpansites	PlIn
šimpans	šimpansitesse	PlIll
šimpans	šimpansitest	PlEl
šimpans	šimpansiteta	PlAb
šinjoon	šinjoon	SgN
šinjoon	šinjoone	PlP
šinjoon	šinjooneks	PlTr
šinjoon	šinjoonel	PlAd
šinjoon	šinjoonele	PlAll
šinjoon	šinjoonelt	PlAbl
šinjoon	šinjoones	PlIn
šinjoon	šinjoonesse	PlIll
šinjoon	šinjoonest	PlEl
šinjoon	šinjooni	SgAdt
šinjoon	šinjooni	SgG
šinjoon	šinjooni	SgP
šinjoon	šinjoonid	PlN
šinjoon	šinjoonide	PlG
šinjoon	šinjoonidega	PlKom
šinjoon	šinjoonideks	PlTr
šinjoon	šinjoonidel	PlAd
šinjoon	šinjoonidele	PlAll
šinjoon	šinjoonidelt	PlAbl
šinjoon	šinjoonidena	PlEs
šinjoon	šinjoonideni	PlTer
šinjoon	šinjoonides	PlIn
šinjoon	šinjoonidesse	PlIll
šinjoon	šinjoonidest	PlEl
šinjoon	šinjoonideta	PlAb
šinjoon	šinjooniga	SgKom
šinjoon	šinjooniks	SgTr
šinjoon	šinjoonil	SgAd
šinjoon	šinjoonile	SgAll
šinjoon	šinjoonilt	SgAbl
šinjoon	šinjoonina	SgEs
šinjoon	šinjoonini	SgTer
šinjoon	šinjoonis	SgIn
šinjoon	šinjoonisid	PlP
šinjoon	šinjoonisse	SgIll
šinjoon	šinjoonist	SgEl
šinjoon	šinjoonita	SgAb
šintoism	šintoism	SgN
šintoism	šintoisme	PlP
šintoism	šintoismeks	PlTr
šintoism	šintoismel	PlAd
šintoism	šintoismele	PlAll
šintoism	šintoismelt	PlAbl
šintoism	šintoismes	PlIn
šintoism	šintoismesse	PlIll
šintoism	šintoismest	PlEl
šintoism	šintoismi	SgAdt
šintoism	šintoismi	SgG
šintoism	šintoismi	SgP
šintoism	šintoismid	PlN
šintoism	šintoismide	PlG
šintoism	šintoismidega	PlKom
šintoism	šintoismideks	PlTr
šintoism	šintoismidel	PlAd
šintoism	šintoismidele	PlAll
šintoism	šintoismidelt	PlAbl
šintoism	šintoismidena	PlEs
šintoism	šintoismideni	PlTer
šintoism	šintoismides	PlIn
šintoism	šintoismidesse	PlIll
šintoism	šintoismidest	PlEl
šintoism	šintoismideta	PlAb
šintoism	šintoismiga	SgKom
šintoism	šintoismiks	SgTr
šintoism	šintoismil	SgAd
šintoism	šintoismile	SgAll
šintoism	šintoismilt	SgAbl
šintoism	šintoismina	SgEs
šintoism	šintoismini	SgTer
šintoism	šintoismis	SgIn
šintoism	šintoismisid	PlP
šintoism	šintoismisse	SgIll
šintoism	šintoismist	SgEl
šintoism	šintoismita	SgAb
Šiva	Šiva	SgAdt
Šiva	Šiva	SgG
Šiva	Šiva	SgN
Šiva	Šiva	SgP
Šiva	Šivad	PlN
Šiva	Šivade	PlG
Šiva	Šivadega	PlKom
Šiva	Šivadeks	PlTr
Šiva	Šivadel	PlAd
Šiva	Šivadele	PlAll
Šiva	Šivadelt	PlAbl
Šiva	Šivadena	PlEs
Šiva	Šivadeni	PlTer
Šiva	Šivades	PlIn
Šiva	Šivadesse	PlIll
Šiva	Šivadest	PlEl
Šiva	Šivadeta	PlAb
Šiva	Šivaga	SgKom
Šiva	Šivaks	SgTr
Šiva	Šival	SgAd
Šiva	Šivale	SgAll
Šiva	Šivalt	SgAbl
Šiva	Šivana	SgEs
Šiva	Šivani	SgTer
Šiva	Šivas	SgIn
Šiva	Šivasid	PlP
Šiva	Šivasse	SgIll
Šiva	Šivast	SgEl
Šiva	Šivat	SgP
Šiva	Šivata	SgAb
šivaism	šivaism	SgN
šivaism	šivaisme	PlP
šivaism	šivaismeks	PlTr
šivaism	šivaismel	PlAd
šivaism	šivaismele	PlAll
šivaism	šivaismelt	PlAbl
šivaism	šivaismes	PlIn
šivaism	šivaismesse	PlIll
šivaism	šivaismest	PlEl
šivaism	šivaismi	SgAdt
šivaism	šivaismi	SgG
šivaism	šivaismi	SgP
šivaism	šivaismid	PlN
šivaism	šivaismide	PlG
šivaism	šivaismidega	PlKom
šivaism	šivaismideks	PlTr
šivaism	šivaismidel	PlAd
šivaism	šivaismidele	PlAll
šivaism	šivaismidelt	PlAbl
šivaism	šivaismidena	PlEs
šivaism	šivaismideni	PlTer
šivaism	šivaismides	PlIn
šivaism	šivaismidesse	PlIll
šivaism	šivaismidest	PlEl
šivaism	šivaismideta	PlAb
šivaism	šivaismiga	SgKom
šivaism	šivaismiks	SgTr
šivaism	šivaismil	SgAd
šivaism	šivaismile	SgAll
šivaism	šivaismilt	SgAbl
šivaism	šivaismina	SgEs
šivaism	šivaismini	SgTer
šivaism	šivaismis	SgIn
šivaism	šivaismisid	PlP
šivaism	šivaismisse	SgIll
šivaism	šivaismist	SgEl
šivaism	šivaismita	SgAb
šlaager	-	SgAdt
šlaager	šlaager	SgN
šlaager	šlaagreid	PlP
šlaager	šlaagreiks	PlTr
šlaager	šlaagreil	PlAd
šlaager	šlaagreile	PlAll
šlaager	šlaagreilt	PlAbl
šlaager	šlaagreis	PlIn
šlaager	šlaagreisse	PlIll
šlaager	šlaagreist	PlEl
šlaager	šlaagri	SgG
šlaager	šlaagrid	PlN
šlaager	šlaagriga	SgKom
šlaager	šlaagriks	SgTr
šlaager	šlaagril	SgAd
šlaager	šlaagrile	SgAll
šlaager	šlaagrilt	SgAbl
šlaager	šlaagrina	SgEs
šlaager	šlaagrini	SgTer
šlaager	šlaagris	SgIn
šlaager	šlaagrisse	SgIll
šlaager	šlaagrist	SgEl
šlaager	šlaagrit	SgP
šlaager	šlaagrita	SgAb
šlaager	šlaagrite	PlG
šlaager	šlaagritega	PlKom
šlaager	šlaagriteks	PlTr
šlaager	šlaagritel	PlAd
šlaager	šlaagritele	PlAll
šlaager	šlaagritelt	PlAbl
šlaager	šlaagritena	PlEs
šlaager	šlaagriteni	PlTer
šlaager	šlaagrites	PlIn
šlaager	šlaagritesse	PlIll
šlaager	šlaagritest	PlEl
šlaager	šlaagriteta	PlAb
šlahta	-	SgAdt
šlahta	šlahta	SgG
šlahta	šlahta	SgN
šlahta	šlahtad	PlN
šlahta	šlahtade	PlG
šlahta	šlahtadega	PlKom
šlahta	šlahtadeks	PlTr
šlahta	šlahtadel	PlAd
šlahta	šlahtadele	PlAll
šlahta	šlahtadelt	PlAbl
šlahta	šlahtadena	PlEs
šlahta	šlahtadeni	PlTer
šlahta	šlahtades	PlIn
šlahta	šlahtadesse	PlIll
šlahta	šlahtadest	PlEl
šlahta	šlahtadeta	PlAb
šlahta	šlahtaga	SgKom
šlahta	šlahtaks	SgTr
šlahta	šlahtal	SgAd
šlahta	šlahtale	SgAll
šlahta	šlahtalt	SgAbl
šlahta	šlahtana	SgEs
šlahta	šlahtani	SgTer
šlahta	šlahtas	SgIn
šlahta	šlahtasid	PlP
šlahta	šlahtasse	SgIll
šlahta	šlahtast	SgEl
šlahta	šlahtat	SgP
šlahta	šlahtata	SgAb
šlahtitš	-	SgAdt
šlahtitš	šlahtitš	SgN
šlahtitš	šlahtitšeid	PlP
šlahtitš	šlahtitšeiks	PlTr
šlahtitš	šlahtitšeil	PlAd
šlahtitš	šlahtitšeile	PlAll
šlahtitš	šlahtitšeilt	PlAbl
šlahtitš	šlahtitšeis	PlIn
šlahtitš	šlahtitšeisse	PlIll
šlahtitš	šlahtitšeist	PlEl
šlahtitš	šlahtitši	SgG
šlahtitš	šlahtitšid	PlN
šlahtitš	šlahtitšiga	SgKom
šlahtitš	šlahtitšiks	SgTr
šlahtitš	šlahtitšil	SgAd
šlahtitš	šlahtitšile	SgAll
šlahtitš	šlahtitšilt	SgAbl
šlahtitš	šlahtitšina	SgEs
šlahtitš	šlahtitšini	SgTer
šlahtitš	šlahtitšis	SgIn
šlahtitš	šlahtitšisse	SgIll
šlahtitš	šlahtitšist	SgEl
šlahtitš	šlahtitšit	SgP
šlahtitš	šlahtitšita	SgAb
šlahtitš	šlahtitšite	PlG
šlahtitš	šlahtitšitega	PlKom
šlahtitš	šlahtitšiteks	PlTr
šlahtitš	šlahtitšitel	PlAd
šlahtitš	šlahtitšitele	PlAll
šlahtitš	šlahtitšitelt	PlAbl
šlahtitš	šlahtitšitena	PlEs
šlahtitš	šlahtitšiteni	PlTer
šlahtitš	šlahtitšites	PlIn
šlahtitš	šlahtitšitesse	PlIll
šlahtitš	šlahtitšitest	PlEl
šlahtitš	šlahtitšiteta	PlAb
šlakikoonus	-	SgAdt
šlakikoonus	šlakikoonus	SgN
šlakikoonus	šlakikoonuse	SgG
šlakikoonus	šlakikoonused	PlN
šlakikoonus	šlakikoonusega	SgKom
šlakikoonus	šlakikoonuseid	PlP
šlakikoonus	šlakikoonuseiks	PlTr
šlakikoonus	šlakikoonuseil	PlAd
šlakikoonus	šlakikoonuseile	PlAll
šlakikoonus	šlakikoonuseilt	PlAbl
šlakikoonus	šlakikoonuseis	PlIn
šlakikoonus	šlakikoonuseisse	PlIll
šlakikoonus	šlakikoonuseist	PlEl
šlakikoonus	šlakikoonuseks	SgTr
šlakikoonus	šlakikoonusel	SgAd
šlakikoonus	šlakikoonusele	SgAll
šlakikoonus	šlakikoonuselt	SgAbl
šlakikoonus	šlakikoonusena	SgEs
šlakikoonus	šlakikoonuseni	SgTer
šlakikoonus	šlakikoonuses	SgIn
šlakikoonus	šlakikoonusesse	SgIll
šlakikoonus	šlakikoonusest	SgEl
šlakikoonus	šlakikoonuseta	SgAb
šlakikoonus	šlakikoonusi	PlP
šlakikoonus	šlakikoonusiks	PlTr
šlakikoonus	šlakikoonusil	PlAd
šlakikoonus	šlakikoonusile	PlAll
šlakikoonus	šlakikoonusilt	PlAbl
šlakikoonus	šlakikoonusis	PlIn
šlakikoonus	šlakikoonusisse	PlIll
šlakikoonus	šlakikoonusist	PlEl
šlakikoonus	šlakikoonusse	SgAdt
šlakikoonus	šlakikoonust	SgP
šlakikoonus	šlakikoonuste	PlG
šlakikoonus	šlakikoonustega	PlKom
šlakikoonus	šlakikoonusteks	PlTr
šlakikoonus	šlakikoonustel	PlAd
šlakikoonus	šlakikoonustele	PlAll
šlakikoonus	šlakikoonustelt	PlAbl
šlakikoonus	šlakikoonustena	PlEs
šlakikoonus	šlakikoonusteni	PlTer
šlakikoonus	šlakikoonustes	PlIn
šlakikoonus	šlakikoonustesse	PlIll
šlakikoonus	šlakikoonustest	PlEl
šlakikoonus	šlakikoonusteta	PlAb
šlakk	šlakeks	PlTr
šlakk	šlakel	PlAd
šlakk	šlakele	PlAll
šlakk	šlakelt	PlAbl
šlakk	šlakes	PlIn
šlakk	šlakesse	PlIll
šlakk	šlakest	PlEl
šlakk	šlaki	SgG
šlakk	šlakid	PlN
šlakk	šlakiga	SgKom
šlakk	šlakiks	SgTr
šlakk	šlakil	SgAd
šlakk	šlakile	SgAll
šlakk	šlakilt	SgAbl
šlakk	šlakina	SgEs
šlakk	šlakini	SgTer
šlakk	šlakis	SgIn
šlakk	šlakisse	SgIll
šlakk	šlakist	SgEl
šlakk	šlakita	SgAb
šlakk	šlakk	SgN
šlakk	šlakke	PlP
šlakk	šlakki	SgAdt
šlakk	šlakki	SgP
šlakk	šlakkide	PlG
šlakk	šlakkidega	PlKom
šlakk	šlakkideks	PlTr
šlakk	šlakkidel	PlAd
šlakk	šlakkidele	PlAll
šlakk	šlakkidelt	PlAbl
šlakk	šlakkidena	PlEs
šlakk	šlakkideni	PlTer
šlakk	šlakkides	PlIn
šlakk	šlakkidesse	PlIll
šlakk	šlakkidest	PlEl
šlakk	šlakkideta	PlAb
šlakk	šlakkisid	PlP
šlakkained	-	SgAdt
šlakkained	šlakkaine	SgG
šlakkained	šlakkaine	SgN
šlakkained	šlakkained	PlN
šlakkained	šlakkainega	SgKom
šlakkained	šlakkaineid	PlP
šlakkained	šlakkaineiks	PlTr
šlakkained	šlakkaineil	PlAd
šlakkained	šlakkaineile	PlAll
šlakkained	šlakkaineilt	PlAbl
šlakkained	šlakkaineis	PlIn
šlakkained	šlakkaineisse	PlIll
šlakkained	šlakkaineist	PlEl
šlakkained	šlakkaineks	SgTr
šlakkained	šlakkainel	SgAd
šlakkained	šlakkainele	SgAll
šlakkained	šlakkainelt	SgAbl
šlakkained	šlakkainena	SgEs
šlakkained	šlakkaineni	SgTer
šlakkained	šlakkaines	SgIn
šlakkained	šlakkainesse	SgIll
šlakkained	šlakkainest	SgEl
šlakkained	šlakkainet	SgP
šlakkained	šlakkaineta	SgAb
šlakkained	šlakkainete	PlG
šlakkained	šlakkainetega	PlKom
šlakkained	šlakkaineteks	PlTr
šlakkained	šlakkainetel	PlAd
šlakkained	šlakkainetele	PlAll
šlakkained	šlakkainetelt	PlAbl
šlakkained	šlakkainetena	PlEs
šlakkained	šlakkaineteni	PlTer
šlakkained	šlakkainetes	PlIn
šlakkained	šlakkainetesse	PlIll
šlakkained	šlakkainetest	PlEl
šlakkained	šlakkaineteta	PlAb
šleif	šleif	SgN
šleif	šleife	PlP
šleif	šleifeks	PlTr
šleif	šleifel	PlAd
šleif	šleifele	PlAll
šleif	šleifelt	PlAbl
šleif	šleifes	PlIn
šleif	šleifesse	PlIll
šleif	šleifest	PlEl
šleif	šleifi	SgAdt
šleif	šleifi	SgG
šleif	šleifi	SgP
šleif	šleifid	PlN
šleif	šleifide	PlG
šleif	šleifidega	PlKom
šleif	šleifideks	PlTr
šleif	šleifidel	PlAd
šleif	šleifidele	PlAll
šleif	šleifidelt	PlAbl
šleif	šleifidena	PlEs
šleif	šleifideni	PlTer
šleif	šleifides	PlIn
šleif	šleifidesse	PlIll
šleif	šleifidest	PlEl
šleif	šleifideta	PlAb
šleif	šleifiga	SgKom
šleif	šleifiks	SgTr
šleif	šleifil	SgAd
šleif	šleifile	SgAll
šleif	šleifilt	SgAbl
šleif	šleifina	SgEs
šleif	šleifini	SgTer
šleif	šleifis	SgIn
šleif	šleifisid	PlP
šleif	šleifisse	SgIll
šleif	šleifist	SgEl
šleif	šleifita	SgAb
šlikerdama	šlikerda	ImpPrSg2
šlikerdama	šlikerda	IndPrPs_
šlikerdama	šlikerdab	IndPrSg3
šlikerdama	šlikerdad	IndPrSg2
šlikerdama	šlikerdada	Inf
šlikerdama	šlikerdades	Ger
šlikerdama	šlikerdage	ImpPrPl2
šlikerdama	šlikerdagem	ImpPrPl1
šlikerdama	šlikerdagu	ImpPrPs
šlikerdama	šlikerdaks	KndPrPs
šlikerdama	šlikerdaksid	KndPrPl3
šlikerdama	šlikerdaksid	KndPrSg2
šlikerdama	šlikerdaksime	KndPrPl1
šlikerdama	šlikerdaksin	KndPrSg1
šlikerdama	šlikerdaksite	KndPrPl2
šlikerdama	šlikerdama	Sup
šlikerdama	šlikerdamaks	SupTr
šlikerdama	šlikerdamas	SupIn
šlikerdama	šlikerdamast	SupEl
šlikerdama	šlikerdamata	SupAb
šlikerdama	šlikerdame	IndPrPl1
šlikerdama	šlikerdan	IndPrSg1
šlikerdama	šlikerdanud	PtsPtPs
šlikerdama	šlikerdanud	PtsPtPsNeg
šlikerdama	šlikerdanuks	KndPtPs
šlikerdama	šlikerdanuksid	KndPtPl3
šlikerdama	šlikerdanuksid	KndPtSg2
šlikerdama	šlikerdanuksime	KndPtPl1
šlikerdama	šlikerdanuksin	KndPtSg1
šlikerdama	šlikerdanuksite	KndPtPl2
šlikerdama	šlikerdanuvat	KvtPtPs
šlikerdama	šlikerdas	IndIpfSg3
šlikerdama	šlikerdasid	IndIpfPl3
šlikerdama	šlikerdasid	IndIpfSg2
šlikerdama	šlikerdasime	IndIpfPl1
šlikerdama	šlikerdasin	IndIpfSg1
šlikerdama	šlikerdasite	IndIpfPl2
šlikerdama	šlikerdata	IndPrIps_
šlikerdama	šlikerdatagu	ImpPrIps
šlikerdama	šlikerdataks	KndPrIps
šlikerdama	šlikerdatakse	IndPrIps
šlikerdama	šlikerdatama	SupIps
šlikerdama	šlikerdatav	PtsPrIps
šlikerdama	šlikerdatavat	KvtPrIps
šlikerdama	šlikerdate	IndPrPl2
šlikerdama	šlikerdati	IndIpfIps
šlikerdama	šlikerdatud	PtsPtIps
šlikerdama	šlikerdatud	PtsPtIpsNeg
šlikerdama	šlikerdatuks	KndPtIps
šlikerdama	šlikerdatuvat	KvtPtIps
šlikerdama	šlikerdav	PtsPrPs
šlikerdama	šlikerdavad	IndPrPl3
šlikerdama	šlikerdavat	KvtPrPs
šnabilivopski	-	SgAdt
šnabilivopski	šnabilivopskeid	PlP
šnabilivopski	šnabilivopskeiks	PlTr
šnabilivopski	šnabilivopskeil	PlAd
šnabilivopski	šnabilivopskeile	PlAll
šnabilivopski	šnabilivopskeilt	PlAbl
šnabilivopski	šnabilivopskeis	PlIn
šnabilivopski	šnabilivopskeisse	PlIll
šnabilivopski	šnabilivopskeist	PlEl
šnabilivopski	šnabilivopski	SgG
šnabilivopski	šnabilivopski	SgN
šnabilivopski	šnabilivopskid	PlN
šnabilivopski	šnabilivopskiga	SgKom
šnabilivopski	šnabilivopskiks	SgTr
šnabilivopski	šnabilivopskil	SgAd
šnabilivopski	šnabilivopskile	SgAll
šnabilivopski	šnabilivopskilt	SgAbl
šnabilivopski	šnabilivopskina	SgEs
šnabilivopski	šnabilivopskini	SgTer
šnabilivopski	šnabilivopskis	SgIn
šnabilivopski	šnabilivopskisse	SgIll
šnabilivopski	šnabilivopskist	SgEl
šnabilivopski	šnabilivopskit	SgP
šnabilivopski	šnabilivopskita	SgAb
šnabilivopski	šnabilivopskite	PlG
šnabilivopski	šnabilivopskitega	PlKom
šnabilivopski	šnabilivopskiteks	PlTr
šnabilivopski	šnabilivopskitel	PlAd
šnabilivopski	šnabilivopskitele	PlAll
šnabilivopski	šnabilivopskitelt	PlAbl
šnabilivopski	šnabilivopskitena	PlEs
šnabilivopski	šnabilivopskiteni	PlTer
šnabilivopski	šnabilivopskites	PlIn
šnabilivopski	šnabilivopskitesse	PlIll
šnabilivopski	šnabilivopskitest	PlEl
šnabilivopski	šnabilivopskiteta	PlAb
šnautser	-	SgAdt
šnautser	šnautser	SgN
šnautser	šnautsereid	PlP
šnautser	šnautsereiks	PlTr
šnautser	šnautsereil	PlAd
šnautser	šnautsereile	PlAll
šnautser	šnautsereilt	PlAbl
šnautser	šnautsereis	PlIn
šnautser	šnautsereisse	PlIll
šnautser	šnautsereist	PlEl
šnautser	šnautseri	SgG
šnautser	šnautserid	PlN
šnautser	šnautseriga	SgKom
šnautser	šnautseriks	SgTr
šnautser	šnautseril	SgAd
šnautser	šnautserile	SgAll
šnautser	šnautserilt	SgAbl
šnautser	šnautserina	SgEs
šnautser	šnautserini	SgTer
šnautser	šnautseris	SgIn
šnautser	šnautserisse	SgIll
šnautser	šnautserist	SgEl
šnautser	šnautserit	SgP
šnautser	šnautserita	SgAb
šnautser	šnautserite	PlG
šnautser	šnautseritega	PlKom
šnautser	šnautseriteks	PlTr
šnautser	šnautseritel	PlAd
šnautser	šnautseritele	PlAll
šnautser	šnautseritelt	PlAbl
šnautser	šnautseritena	PlEs
šnautser	šnautseriteni	PlTer
šnautser	šnautserites	PlIn
šnautser	šnautseritesse	PlIll
šnautser	šnautseritest	PlEl
šnautser	šnautseriteta	PlAb
šnitsel	-	SgAdt
šnitsel	šnitsel	SgN
šnitsel	šnitsleid	PlP
šnitsel	šnitsleiks	PlTr
šnitsel	šnitsleil	PlAd
šnitsel	šnitsleile	PlAll
šnitsel	šnitsleilt	PlAbl
šnitsel	šnitsleis	PlIn
šnitsel	šnitsleisse	PlIll
šnitsel	šnitsleist	PlEl
šnitsel	šnitsli	SgG
šnitsel	šnitslid	PlN
šnitsel	šnitsliga	SgKom
šnitsel	šnitsliks	SgTr
šnitsel	šnitslil	SgAd
šnitsel	šnitslile	SgAll
šnitsel	šnitslilt	SgAbl
šnitsel	šnitslina	SgEs
šnitsel	šnitslini	SgTer
šnitsel	šnitslis	SgIn
šnitsel	šnitslisse	SgIll
šnitsel	šnitslist	SgEl
šnitsel	šnitslit	SgP
šnitsel	šnitslita	SgAb
šnitsel	šnitslite	PlG
šnitsel	šnitslitega	PlKom
šnitsel	šnitsliteks	PlTr
šnitsel	šnitslitel	PlAd
šnitsel	šnitslitele	PlAll
šnitsel	šnitslitelt	PlAbl
šnitsel	šnitslitena	PlEs
šnitsel	šnitsliteni	PlTer
šnitsel	šnitslites	PlIn
šnitsel	šnitslitesse	PlIll
šnitsel	šnitslitest	PlEl
šnitsel	šnitsliteta	PlAb
šnitt	šniteks	PlTr
šnitt	šnitel	PlAd
šnitt	šnitele	PlAll
šnitt	šnitelt	PlAbl
šnitt	šnites	PlIn
šnitt	šnitesse	PlIll
šnitt	šnitest	PlEl
šnitt	šniti	SgG
šnitt	šnitid	PlN
šnitt	šnitiga	SgKom
šnitt	šnitiks	SgTr
šnitt	šnitil	SgAd
šnitt	šnitile	SgAll
šnitt	šnitilt	SgAbl
šnitt	šnitina	SgEs
šnitt	šnitini	SgTer
šnitt	šnitis	SgIn
šnitt	šnitisse	SgIll
šnitt	šnitist	SgEl
šnitt	šnitita	SgAb
šnitt	šnitt	SgN
šnitt	šnitte	PlP
šnitt	šnitti	SgAdt
šnitt	šnitti	SgP
šnitt	šnittide	PlG
šnitt	šnittidega	PlKom
šnitt	šnittideks	PlTr
šnitt	šnittidel	PlAd
šnitt	šnittidele	PlAll
šnitt	šnittidelt	PlAbl
šnitt	šnittidena	PlEs
šnitt	šnittideni	PlTer
šnitt	šnittides	PlIn
šnitt	šnittidesse	PlIll
šnitt	šnittidest	PlEl
šnitt	šnittideta	PlAb
šnitt	šnittisid	PlP
šnitti võtma	võeta šnitti	IndPrIps_
šnitti võtma	võetagu šnitti	ImpPrIps
šnitti võtma	võetaks šnitti	KndPrIps
šnitti võtma	võetakse šnitti	IndPrIps
šnitti võtma	võetavat šnitti	KvtPrIps
šnitti võtma	võeti šnitti	IndIpfIps
šnitti võtma	võetud šnitti	PtsPtIpsNeg
šnitti võtma	võetuks šnitti	KndPtIps
šnitti võtma	võetuvat šnitti	KvtPtIps
šnitti võtma	võta šnitti	ImpPrSg2
šnitti võtma	võta šnitti	IndPrPs_
šnitti võtma	võtab šnitti	IndPrSg3
šnitti võtma	võtad šnitti	IndPrSg2
šnitti võtma	võtaks šnitti	KndPrPs
šnitti võtma	võtaksid šnitti	KndPrPl3
šnitti võtma	võtaksid šnitti	KndPrSg2
šnitti võtma	võtaksime šnitti	KndPrPl1
šnitti võtma	võtaksin šnitti	KndPrSg1
šnitti võtma	võtaksite šnitti	KndPrPl2
šnitti võtma	võtame šnitti	IndPrPl1
šnitti võtma	võtan šnitti	IndPrSg1
šnitti võtma	võtate šnitti	IndPrPl2
šnitti võtma	võtavad šnitti	IndPrPl3
šnitti võtma	võtke šnitti	ImpPrPl2
šnitti võtma	võtkem šnitti	ImpPrPl1
šnitti võtma	võtku šnitti	ImpPrPs
šnitti võtma	võtnud šnitti	PtsPtPsNeg
šnitti võtma	võtnuks šnitti	KndPtPs
šnitti võtma	võtnuksid šnitti	KndPtPl3
šnitti võtma	võtnuksid šnitti	KndPtSg2
šnitti võtma	võtnuksime šnitti	KndPtPl1
šnitti võtma	võtnuksin šnitti	KndPtSg1
šnitti võtma	võtnuksite šnitti	KndPtPl2
šnitti võtma	võtnuvat šnitti	KvtPtPs
šnitti võtma	võtsid šnitti	IndIpfPl3
šnitti võtma	võtsid šnitti	IndIpfSg2
šnitti võtma	võtsime šnitti	IndIpfPl1
šnitti võtma	võtsin šnitti	IndIpfSg1
šnitti võtma	võtsite šnitti	IndIpfPl2
šnitti võtma	võttis šnitti	IndIpfSg3
šnitti võtma	võtvat šnitti	KvtPrPs
šnitti võtma	šnitti võetama	SupIps
šnitti võtma	šnitti võetav	PtsPrIps
šnitti võtma	šnitti võetud	PtsPtIps
šnitti võtma	šnitti võtma	Sup
šnitti võtma	šnitti võtmaks	SupTr
šnitti võtma	šnitti võtmas	SupIn
šnitti võtma	šnitti võtmast	SupEl
šnitti võtma	šnitti võtmata	SupAb
šnitti võtma	šnitti võtnud	PtsPtPs
šnitti võtma	šnitti võtta	Inf
šnitti võtma	šnitti võttes	Ger
šnitti võtma	šnitti võttev	PtsPrPs
šogun	-	SgAdt
šogun	šogun	SgN
šogun	šoguneid	PlP
šogun	šoguneiks	PlTr
šogun	šoguneil	PlAd
šogun	šoguneile	PlAll
šogun	šoguneilt	PlAbl
šogun	šoguneis	PlIn
šogun	šoguneisse	PlIll
šogun	šoguneist	PlEl
šogun	šoguni	SgG
šogun	šogunid	PlN
šogun	šoguniga	SgKom
šogun	šoguniks	SgTr
šogun	šogunil	SgAd
šogun	šogunile	SgAll
šogun	šogunilt	SgAbl
šogun	šogunina	SgEs
šogun	šogunini	SgTer
šogun	šogunis	SgIn
šogun	šogunisse	SgIll
šogun	šogunist	SgEl
šogun	šogunit	SgP
šogun	šogunita	SgAb
šogun	šogunite	PlG
šogun	šogunitega	PlKom
šogun	šoguniteks	PlTr
šogun	šogunitel	PlAd
šogun	šogunitele	PlAll
šogun	šogunitelt	PlAbl
šogun	šogunitena	PlEs
šogun	šoguniteni	PlTer
šogun	šogunites	PlIn
šogun	šogunitesse	PlIll
šogun	šogunitest	PlEl
šogun	šoguniteta	PlAb
šogunaat	šogunaadeks	PlTr
šogunaat	šogunaadel	PlAd
šogunaat	šogunaadele	PlAll
šogunaat	šogunaadelt	PlAbl
šogunaat	šogunaades	PlIn
šogunaat	šogunaadesse	PlIll
šogunaat	šogunaadest	PlEl
šogunaat	šogunaadi	SgG
šogunaat	šogunaadid	PlN
šogunaat	šogunaadiga	SgKom
šogunaat	šogunaadiks	SgTr
šogunaat	šogunaadil	SgAd
šogunaat	šogunaadile	SgAll
šogunaat	šogunaadilt	SgAbl
šogunaat	šogunaadina	SgEs
šogunaat	šogunaadini	SgTer
šogunaat	šogunaadis	SgIn
šogunaat	šogunaadisse	SgIll
šogunaat	šogunaadist	SgEl
šogunaat	šogunaadita	SgAb
šogunaat	šogunaat	SgN
šogunaat	šogunaate	PlP
šogunaat	šogunaati	SgAdt
šogunaat	šogunaati	SgP
šogunaat	šogunaatide	PlG
šogunaat	šogunaatidega	PlKom
šogunaat	šogunaatideks	PlTr
šogunaat	šogunaatidel	PlAd
šogunaat	šogunaatidele	PlAll
šogunaat	šogunaatidelt	PlAbl
šogunaat	šogunaatidena	PlEs
šogunaat	šogunaatideni	PlTer
šogunaat	šogunaatides	PlIn
šogunaat	šogunaatidesse	PlIll
šogunaat	šogunaatidest	PlEl
šogunaat	šogunaatideta	PlAb
šogunaat	šogunaatisid	PlP
šokeerima	šokeeri	ImpPrSg2
šokeerima	šokeeri	IndPrPs_
šokeerima	šokeerib	IndPrSg3
šokeerima	šokeerid	IndPrSg2
šokeerima	šokeerida	Inf
šokeerima	šokeerides	Ger
šokeerima	šokeerige	ImpPrPl2
šokeerima	šokeerigem	ImpPrPl1
šokeerima	šokeerigu	ImpPrPs
šokeerima	šokeeriks	KndPrPs
šokeerima	šokeeriksid	KndPrPl3
šokeerima	šokeeriksid	KndPrSg2
šokeerima	šokeeriksime	KndPrPl1
šokeerima	šokeeriksin	KndPrSg1
šokeerima	šokeeriksite	KndPrPl2
šokeerima	šokeerima	Sup
šokeerima	šokeerimaks	SupTr
šokeerima	šokeerimas	SupIn
šokeerima	šokeerimast	SupEl
šokeerima	šokeerimata	SupAb
šokeerima	šokeerime	IndPrPl1
šokeerima	šokeerin	IndPrSg1
šokeerima	šokeerinud	PtsPtPs
šokeerima	šokeerinud	PtsPtPsNeg
šokeerima	šokeerinuks	KndPtPs
šokeerima	šokeerinuksid	KndPtPl3
šokeerima	šokeerinuksid	KndPtSg2
šokeerima	šokeerinuksime	KndPtPl1
šokeerima	šokeerinuksin	KndPtSg1
šokeerima	šokeerinuksite	KndPtPl2
šokeerima	šokeerinuvat	KvtPtPs
šokeerima	šokeeris	IndIpfSg3
šokeerima	šokeerisid	IndIpfPl3
šokeerima	šokeerisid	IndIpfSg2
šokeerima	šokeerisime	IndIpfPl1
šokeerima	šokeerisin	IndIpfSg1
šokeerima	šokeerisite	IndIpfPl2
šokeerima	šokeerita	IndPrIps_
šokeerima	šokeeritagu	ImpPrIps
šokeerima	šokeeritaks	KndPrIps
šokeerima	šokeeritakse	IndPrIps
šokeerima	šokeeritama	SupIps
šokeerima	šokeeritav	PtsPrIps
šokeerima	šokeeritavat	KvtPrIps
šokeerima	šokeerite	IndPrPl2
šokeerima	šokeeriti	IndIpfIps
šokeerima	šokeeritud	PtsPtIps
šokeerima	šokeeritud	PtsPtIpsNeg
šokeerima	šokeerituks	KndPtIps
šokeerima	šokeerituvat	KvtPtIps
šokeerima	šokeeriv	PtsPrPs
šokeerima	šokeerivad	IndPrPl3
šokeerima	šokeerivat	KvtPrPs
šokeeritult	šokeeritult	ID
šokeerivalt	šokeerivalt	ID
šokeeruma	šokeeru	ImpPrSg2
šokeeruma	šokeeru	IndPrPs_
šokeeruma	šokeerub	IndPrSg3
šokeeruma	šokeerud	IndPrSg2
šokeeruma	šokeeruda	Inf
šokeeruma	šokeerudes	Ger
šokeeruma	šokeeruge	ImpPrPl2
šokeeruma	šokeerugem	ImpPrPl1
šokeeruma	šokeerugu	ImpPrPs
šokeeruma	šokeeruks	KndPrPs
šokeeruma	šokeeruksid	KndPrPl3
šokeeruma	šokeeruksid	KndPrSg2
šokeeruma	šokeeruksime	KndPrPl1
šokeeruma	šokeeruksin	KndPrSg1
šokeeruma	šokeeruksite	KndPrPl2
šokeeruma	šokeeruma	Sup
šokeeruma	šokeerumaks	SupTr
šokeeruma	šokeerumas	SupIn
šokeeruma	šokeerumast	SupEl
šokeeruma	šokeerumata	SupAb
šokeeruma	šokeerume	IndPrPl1
šokeeruma	šokeerun	IndPrSg1
šokeeruma	šokeerunud	PtsPtPs
šokeeruma	šokeerunuks	KndPtPs
šokeeruma	šokeerunuksid	KndPtPl3
šokeeruma	šokeerunuksid	KndPtSg2
šokeeruma	šokeerunuksime	KndPtPl1
šokeeruma	šokeerunuksin	KndPtSg1
šokeeruma	šokeerunuksite	KndPtPl2
šokeeruma	šokeerunuvat	KvtPtPs
šokeeruma	šokeerus	IndIpfSg3
šokeeruma	šokeerusid	IndIpfPl3
šokeeruma	šokeerusid	IndIpfSg2
šokeeruma	šokeerusime	IndIpfPl1
šokeeruma	šokeerusin	IndIpfSg1
šokeeruma	šokeerusite	IndIpfPl2
šokeeruma	šokeeruta	IndPrIps_
šokeeruma	šokeerutagu	ImpPrIps
šokeeruma	šokeerutaks	KndPrIps
šokeeruma	šokeerutakse	IndPrIps
šokeeruma	šokeerutama	SupIps
šokeeruma	šokeerutav	PtsPrIps
šokeeruma	šokeerutavat	KvtPrIps
šokeeruma	šokeerute	IndPrPl2
šokeeruma	šokeeruti	IndIpfIps
šokeeruma	šokeerutud	PtsPtIps
šokeeruma	šokeerutuks	KndPtIps
šokeeruma	šokeerutuvat	KvtPtIps
šokeeruma	šokeeruv	PtsPrPs
šokeeruma	šokeeruvad	IndPrPl3
šokeeruma	šokeeruvat	KvtPrPs
šokiefekt	šokiefekt	SgN
šokiefekt	šokiefekte	PlP
šokiefekt	šokiefekteks	PlTr
šokiefekt	šokiefektel	PlAd
šokiefekt	šokiefektele	PlAll
šokiefekt	šokiefektelt	PlAbl
šokiefekt	šokiefektes	PlIn
šokiefekt	šokiefektesse	PlIll
šokiefekt	šokiefektest	PlEl
šokiefekt	šokiefekti	SgAdt
šokiefekt	šokiefekti	SgG
šokiefekt	šokiefekti	SgP
šokiefekt	šokiefektid	PlN
šokiefekt	šokiefektide	PlG
šokiefekt	šokiefektidega	PlKom
šokiefekt	šokiefektideks	PlTr
šokiefekt	šokiefektidel	PlAd
šokiefekt	šokiefektidele	PlAll
šokiefekt	šokiefektidelt	PlAbl
šokiefekt	šokiefektidena	PlEs
šokiefekt	šokiefektideni	PlTer
šokiefekt	šokiefektides	PlIn
šokiefekt	šokiefektidesse	PlIll
šokiefekt	šokiefektidest	PlEl
šokiefekt	šokiefektideta	PlAb
šokiefekt	šokiefektiga	SgKom
šokiefekt	šokiefektiks	SgTr
šokiefekt	šokiefektil	SgAd
šokiefekt	šokiefektile	SgAll
šokiefekt	šokiefektilt	SgAbl
šokiefekt	šokiefektina	SgEs
šokiefekt	šokiefektini	SgTer
šokiefekt	šokiefektis	SgIn
šokiefekt	šokiefektisid	PlP
šokiefekt	šokiefektisse	SgIll
šokiefekt	šokiefektist	SgEl
šokiefekt	šokiefektita	SgAb
šokireklaam	šokireklaam	SgN
šokireklaam	šokireklaame	PlP
šokireklaam	šokireklaameks	PlTr
šokireklaam	šokireklaamel	PlAd
šokireklaam	šokireklaamele	PlAll
šokireklaam	šokireklaamelt	PlAbl
šokireklaam	šokireklaames	PlIn
šokireklaam	šokireklaamesse	PlIll
šokireklaam	šokireklaamest	PlEl
šokireklaam	šokireklaami	SgAdt
šokireklaam	šokireklaami	SgG
šokireklaam	šokireklaami	SgP
šokireklaam	šokireklaamid	PlN
šokireklaam	šokireklaamide	PlG
šokireklaam	šokireklaamidega	PlKom
šokireklaam	šokireklaamideks	PlTr
šokireklaam	šokireklaamidel	PlAd
šokireklaam	šokireklaamidele	PlAll
šokireklaam	šokireklaamidelt	PlAbl
šokireklaam	šokireklaamidena	PlEs
šokireklaam	šokireklaamideni	PlTer
šokireklaam	šokireklaamides	PlIn
šokireklaam	šokireklaamidesse	PlIll
šokireklaam	šokireklaamidest	PlEl
šokireklaam	šokireklaamideta	PlAb
šokireklaam	šokireklaamiga	SgKom
šokireklaam	šokireklaamiks	SgTr
šokireklaam	šokireklaamil	SgAd
šokireklaam	šokireklaamile	SgAll
šokireklaam	šokireklaamilt	SgAbl
šokireklaam	šokireklaamina	SgEs
šokireklaam	šokireklaamini	SgTer
šokireklaam	šokireklaamis	SgIn
šokireklaam	šokireklaamisid	PlP
šokireklaam	šokireklaamisse	SgIll
šokireklaam	šokireklaamist	SgEl
šokireklaam	šokireklaamita	SgAb
šokiteraapia	-	SgAdt
šokiteraapia	šokiteraapia	SgG
šokiteraapia	šokiteraapia	SgN
šokiteraapia	šokiteraapiad	PlN
šokiteraapia	šokiteraapiaga	SgKom
šokiteraapia	šokiteraapiaid	PlP
šokiteraapia	šokiteraapiaiks	PlTr
šokiteraapia	šokiteraapiail	PlAd
šokiteraapia	šokiteraapiaile	PlAll
šokiteraapia	šokiteraapiailt	PlAbl
šokiteraapia	šokiteraapiais	PlIn
šokiteraapia	šokiteraapiaisse	PlIll
šokiteraapia	šokiteraapiaist	PlEl
šokiteraapia	šokiteraapiaks	SgTr
šokiteraapia	šokiteraapial	SgAd
šokiteraapia	šokiteraapiale	SgAll
šokiteraapia	šokiteraapialt	SgAbl
šokiteraapia	šokiteraapiana	SgEs
šokiteraapia	šokiteraapiani	SgTer
šokiteraapia	šokiteraapias	SgIn
šokiteraapia	šokiteraapiasse	SgIll
šokiteraapia	šokiteraapiast	SgEl
šokiteraapia	šokiteraapiat	SgP
šokiteraapia	šokiteraapiata	SgAb
šokiteraapia	šokiteraapiate	PlG
šokiteraapia	šokiteraapiatega	PlKom
šokiteraapia	šokiteraapiateks	PlTr
šokiteraapia	šokiteraapiatel	PlAd
šokiteraapia	šokiteraapiatele	PlAll
šokiteraapia	šokiteraapiatelt	PlAbl
šokiteraapia	šokiteraapiatena	PlEs
šokiteraapia	šokiteraapiateni	PlTer
šokiteraapia	šokiteraapiates	PlIn
šokiteraapia	šokiteraapiatesse	PlIll
šokiteraapia	šokiteraapiatest	PlEl
šokiteraapia	šokiteraapiateta	PlAb
šokiturism	šokiturism	SgN
šokiturism	šokiturisme	PlP
šokiturism	šokiturismeks	PlTr
šokiturism	šokiturismel	PlAd
šokiturism	šokiturismele	PlAll
šokiturism	šokiturismelt	PlAbl
šokiturism	šokiturismes	PlIn
šokiturism	šokiturismesse	PlIll
šokiturism	šokiturismest	PlEl
šokiturism	šokiturismi	SgAdt
šokiturism	šokiturismi	SgG
šokiturism	šokiturismi	SgP
šokiturism	šokiturismid	PlN
šokiturism	šokiturismide	PlG
šokiturism	šokiturismidega	PlKom
šokiturism	šokiturismideks	PlTr
šokiturism	šokiturismidel	PlAd
šokiturism	šokiturismidele	PlAll
šokiturism	šokiturismidelt	PlAbl
šokiturism	šokiturismidena	PlEs
šokiturism	šokiturismideni	PlTer
šokiturism	šokiturismides	PlIn
šokiturism	šokiturismidesse	PlIll
šokiturism	šokiturismidest	PlEl
šokiturism	šokiturismideta	PlAb
šokiturism	šokiturismiga	SgKom
šokiturism	šokiturismiks	SgTr
šokiturism	šokiturismil	SgAd
šokiturism	šokiturismile	SgAll
šokiturism	šokiturismilt	SgAbl
šokiturism	šokiturismina	SgEs
šokiturism	šokiturismini	SgTer
šokiturism	šokiturismis	SgIn
šokiturism	šokiturismisid	PlP
šokiturism	šokiturismisse	SgIll
šokiturism	šokiturismist	SgEl
šokiturism	šokiturismita	SgAb
šokivangistus	šokivangistus	SgN
šokivangistus	šokivangistuse	SgG
šokivangistus	šokivangistused	PlN
šokivangistus	šokivangistusega	SgKom
šokivangistus	šokivangistuseks	SgTr
šokivangistus	šokivangistusel	SgAd
šokivangistus	šokivangistusele	SgAll
šokivangistus	šokivangistuselt	SgAbl
šokivangistus	šokivangistusena	SgEs
šokivangistus	šokivangistuseni	SgTer
šokivangistus	šokivangistuses	SgIn
šokivangistus	šokivangistusesse	SgIll
šokivangistus	šokivangistusest	SgEl
šokivangistus	šokivangistuseta	SgAb
šokivangistus	šokivangistusi	PlP
šokivangistus	šokivangistusiks	PlTr
šokivangistus	šokivangistusil	PlAd
šokivangistus	šokivangistusile	PlAll
šokivangistus	šokivangistusilt	PlAbl
šokivangistus	šokivangistusis	PlIn
šokivangistus	šokivangistusisse	PlIll
šokivangistus	šokivangistusist	PlEl
šokivangistus	šokivangistusse	SgAdt
šokivangistus	šokivangistust	SgP
šokivangistus	šokivangistuste	PlG
šokivangistus	šokivangistustega	PlKom
šokivangistus	šokivangistusteks	PlTr
šokivangistus	šokivangistustel	PlAd
šokivangistus	šokivangistustele	PlAll
šokivangistus	šokivangistustelt	PlAbl
šokivangistus	šokivangistustena	PlEs
šokivangistus	šokivangistusteni	PlTer
šokivangistus	šokivangistustes	PlIn
šokivangistus	šokivangistustesse	PlIll
šokivangistus	šokivangistustest	PlEl
šokivangistus	šokivangistusteta	PlAb
šokk	šokeks	PlTr
šokk	šokel	PlAd
šokk	šokele	PlAll
šokk	šokelt	PlAbl
šokk	šokes	PlIn
šokk	šokesse	PlIll
šokk	šokest	PlEl
šokk	šoki	SgG
šokk	šokid	PlN
šokk	šokiga	SgKom
šokk	šokiks	SgTr
šokk	šokil	SgAd
šokk	šokile	SgAll
šokk	šokilt	SgAbl
šokk	šokina	SgEs
šokk	šokini	SgTer
šokk	šokis	SgIn
šokk	šokisse	SgIll
šokk	šokist	SgEl
šokk	šokita	SgAb
šokk	šokk	SgN
šokk	šokke	PlP
šokk	šokki	SgAdt
šokk	šokki	SgP
šokk	šokkide	PlG
šokk	šokkidega	PlKom
šokk	šokkideks	PlTr
šokk	šokkidel	PlAd
šokk	šokkidele	PlAll
šokk	šokkidelt	PlAbl
šokk	šokkidena	PlEs
šokk	šokkideni	PlTer
šokk	šokkides	PlIn
šokk	šokkidesse	PlIll
šokk	šokkidest	PlEl
šokk	šokkideta	PlAb
šokk	šokkisid	PlP
šokohoolik	-	SgAdt
šokohoolik	šokohoolik	SgN
šokohoolik	šokohooliku	SgG
šokohoolik	šokohoolikud	PlN
šokohoolik	šokohoolikuga	SgKom
šokohoolik	šokohoolikuid	PlP
šokohoolik	šokohoolikuiks	PlTr
šokohoolik	šokohoolikuil	PlAd
šokohoolik	šokohoolikuile	PlAll
šokohoolik	šokohoolikuilt	PlAbl
šokohoolik	šokohoolikuis	PlIn
šokohoolik	šokohoolikuisse	PlIll
šokohoolik	šokohoolikuist	PlEl
šokohoolik	šokohoolikuks	SgTr
šokohoolik	šokohoolikul	SgAd
šokohoolik	šokohoolikule	SgAll
šokohoolik	šokohoolikult	SgAbl
šokohoolik	šokohoolikuna	SgEs
šokohoolik	šokohoolikuni	SgTer
šokohoolik	šokohoolikus	SgIn
šokohoolik	šokohoolikusse	SgIll
šokohoolik	šokohoolikust	SgEl
šokohoolik	šokohoolikut	SgP
šokohoolik	šokohoolikuta	SgAb
šokohoolik	šokohoolikute	PlG
šokohoolik	šokohoolikutega	PlKom
šokohoolik	šokohoolikuteks	PlTr
šokohoolik	šokohoolikutel	PlAd
šokohoolik	šokohoolikutele	PlAll
šokohoolik	šokohoolikutelt	PlAbl
šokohoolik	šokohoolikutena	PlEs
šokohoolik	šokohoolikuteni	PlTer
šokohoolik	šokohoolikutes	PlIn
šokohoolik	šokohoolikutesse	PlIll
šokohoolik	šokohoolikutest	PlEl
šokohoolik	šokohoolikuteta	PlAb
šokolaad	šokolaad	SgN
šokolaad	šokolaade	PlP
šokolaad	šokolaadeks	PlTr
šokolaad	šokolaadel	PlAd
šokolaad	šokolaadele	PlAll
šokolaad	šokolaadelt	PlAbl
šokolaad	šokolaades	PlIn
šokolaad	šokolaadesse	PlIll
šokolaad	šokolaadest	PlEl
šokolaad	šokolaadi	SgAdt
šokolaad	šokolaadi	SgG
šokolaad	šokolaadi	SgP
šokolaad	šokolaadid	PlN
šokolaad	šokolaadide	PlG
šokolaad	šokolaadidega	PlKom
šokolaad	šokolaadideks	PlTr
šokolaad	šokolaadidel	PlAd
šokolaad	šokolaadidele	PlAll
šokolaad	šokolaadidelt	PlAbl
šokolaad	šokolaadidena	PlEs
šokolaad	šokolaadideni	PlTer
šokolaad	šokolaadides	PlIn
šokolaad	šokolaadidesse	PlIll
šokolaad	šokolaadidest	PlEl
šokolaad	šokolaadideta	PlAb
šokolaad	šokolaadiga	SgKom
šokolaad	šokolaadiks	SgTr
šokolaad	šokolaadil	SgAd
šokolaad	šokolaadile	SgAll
šokolaad	šokolaadilt	SgAbl
šokolaad	šokolaadina	SgEs
šokolaad	šokolaadini	SgTer
šokolaad	šokolaadis	SgIn
šokolaad	šokolaadisid	PlP
šokolaad	šokolaadisse	SgIll
šokolaad	šokolaadist	SgEl
šokolaad	šokolaadita	SgAb
šokolaadijäätis	-	SgAdt
šokolaadijäätis	šokolaadijäätis	SgN
šokolaadijäätis	šokolaadijäätise	SgG
šokolaadijäätis	šokolaadijäätised	PlN
šokolaadijäätis	šokolaadijäätisega	SgKom
šokolaadijäätis	šokolaadijäätiseid	PlP
šokolaadijäätis	šokolaadijäätiseiks	PlTr
šokolaadijäätis	šokolaadijäätiseil	PlAd
šokolaadijäätis	šokolaadijäätiseile	PlAll
šokolaadijäätis	šokolaadijäätiseilt	PlAbl
šokolaadijäätis	šokolaadijäätiseis	PlIn
šokolaadijäätis	šokolaadijäätiseisse	PlIll
šokolaadijäätis	šokolaadijäätiseist	PlEl
šokolaadijäätis	šokolaadijäätiseks	SgTr
šokolaadijäätis	šokolaadijäätisel	SgAd
šokolaadijäätis	šokolaadijäätisele	SgAll
šokolaadijäätis	šokolaadijäätiselt	SgAbl
šokolaadijäätis	šokolaadijäätisena	SgEs
šokolaadijäätis	šokolaadijäätiseni	SgTer
šokolaadijäätis	šokolaadijäätises	SgIn
šokolaadijäätis	šokolaadijäätisesse	SgIll
šokolaadijäätis	šokolaadijäätisest	SgEl
šokolaadijäätis	šokolaadijäätiseta	SgAb
šokolaadijäätis	šokolaadijäätisi	PlP
šokolaadijäätis	šokolaadijäätisiks	PlTr
šokolaadijäätis	šokolaadijäätisil	PlAd
šokolaadijäätis	šokolaadijäätisile	PlAll
šokolaadijäätis	šokolaadijäätisilt	PlAbl
šokolaadijäätis	šokolaadijäätisis	PlIn
šokolaadijäätis	šokolaadijäätisisse	PlIll
šokolaadijäätis	šokolaadijäätisist	PlEl
šokolaadijäätis	šokolaadijäätisse	SgAdt
šokolaadijäätis	šokolaadijäätist	SgP
šokolaadijäätis	šokolaadijäätiste	PlG
šokolaadijäätis	šokolaadijäätistega	PlKom
šokolaadijäätis	šokolaadijäätisteks	PlTr
šokolaadijäätis	šokolaadijäätistel	PlAd
šokolaadijäätis	šokolaadijäätistele	PlAll
šokolaadijäätis	šokolaadijäätistelt	PlAbl
šokolaadijäätis	šokolaadijäätistena	PlEs
šokolaadijäätis	šokolaadijäätisteni	PlTer
šokolaadijäätis	šokolaadijäätistes	PlIn
šokolaadijäätis	šokolaadijäätistesse	PlIll
šokolaadijäätis	šokolaadijäätistest	PlEl
šokolaadijäätis	šokolaadijäätisteta	PlAb
šokolaadikarp	šokolaadikarbeks	PlTr
šokolaadikarp	šokolaadikarbel	PlAd
šokolaadikarp	šokolaadikarbele	PlAll
šokolaadikarp	šokolaadikarbelt	PlAbl
šokolaadikarp	šokolaadikarbes	PlIn
šokolaadikarp	šokolaadikarbesse	PlIll
šokolaadikarp	šokolaadikarbest	PlEl
šokolaadikarp	šokolaadikarbi	SgG
šokolaadikarp	šokolaadikarbid	PlN
šokolaadikarp	šokolaadikarbiga	SgKom
šokolaadikarp	šokolaadikarbiks	SgTr
šokolaadikarp	šokolaadikarbil	SgAd
šokolaadikarp	šokolaadikarbile	SgAll
šokolaadikarp	šokolaadikarbilt	SgAbl
šokolaadikarp	šokolaadikarbina	SgEs
šokolaadikarp	šokolaadikarbini	SgTer
šokolaadikarp	šokolaadikarbis	SgIn
šokolaadikarp	šokolaadikarbisse	SgIll
šokolaadikarp	šokolaadikarbist	SgEl
šokolaadikarp	šokolaadikarbita	SgAb
šokolaadikarp	šokolaadikarp	SgN
šokolaadikarp	šokolaadikarpe	PlP
šokolaadikarp	šokolaadikarpi	SgAdt
šokolaadikarp	šokolaadikarpi	SgP
šokolaadikarp	šokolaadikarpide	PlG
šokolaadikarp	šokolaadikarpidega	PlKom
šokolaadikarp	šokolaadikarpideks	PlTr
šokolaadikarp	šokolaadikarpidel	PlAd
šokolaadikarp	šokolaadikarpidele	PlAll
šokolaadikarp	šokolaadikarpidelt	PlAbl
šokolaadikarp	šokolaadikarpidena	PlEs
šokolaadikarp	šokolaadikarpideni	PlTer
šokolaadikarp	šokolaadikarpides	PlIn
šokolaadikarp	šokolaadikarpidesse	PlIll
šokolaadikarp	šokolaadikarpidest	PlEl
šokolaadikarp	šokolaadikarpideta	PlAb
šokolaadikarp	šokolaadikarpisid	PlP
šokolaadikarva	šokolaadikarva	ID
šokolaadikaste	-	SgAdt
šokolaadikaste	šokolaadikaste	SgN
šokolaadikaste	šokolaadikastet	SgP
šokolaadikaste	šokolaadikastme	SgG
šokolaadikaste	šokolaadikastmed	PlN
šokolaadikaste	šokolaadikastmega	SgKom
šokolaadikaste	šokolaadikastmeid	PlP
šokolaadikaste	šokolaadikastmeiks	PlTr
šokolaadikaste	šokolaadikastmeil	PlAd
šokolaadikaste	šokolaadikastmeile	PlAll
šokolaadikaste	šokolaadikastmeilt	PlAbl
šokolaadikaste	šokolaadikastmeis	PlIn
šokolaadikaste	šokolaadikastmeisse	PlIll
šokolaadikaste	šokolaadikastmeist	PlEl
šokolaadikaste	šokolaadikastmeks	SgTr
šokolaadikaste	šokolaadikastmel	SgAd
šokolaadikaste	šokolaadikastmele	SgAll
šokolaadikaste	šokolaadikastmelt	SgAbl
šokolaadikaste	šokolaadikastmena	SgEs
šokolaadikaste	šokolaadikastmeni	SgTer
šokolaadikaste	šokolaadikastmes	SgIn
šokolaadikaste	šokolaadikastmesse	SgIll
šokolaadikaste	šokolaadikastmest	SgEl
šokolaadikaste	šokolaadikastmeta	SgAb
šokolaadikaste	šokolaadikastmete	PlG
šokolaadikaste	šokolaadikastmetega	PlKom
šokolaadikaste	šokolaadikastmeteks	PlTr
šokolaadikaste	šokolaadikastmetel	PlAd
šokolaadikaste	šokolaadikastmetele	PlAll
šokolaadikaste	šokolaadikastmetelt	PlAbl
šokolaadikaste	šokolaadikastmetena	PlEs
šokolaadikaste	šokolaadikastmeteni	PlTer
šokolaadikaste	šokolaadikastmetes	PlIn
šokolaadikaste	šokolaadikastmetesse	PlIll
šokolaadikaste	šokolaadikastmetest	PlEl
šokolaadikaste	šokolaadikastmeteta	PlAb
šokolaadikomm	šokolaadikomm	SgN
šokolaadikomm	šokolaadikomme	PlP
šokolaadikomm	šokolaadikommeks	PlTr
šokolaadikomm	šokolaadikommel	PlAd
šokolaadikomm	šokolaadikommele	PlAll
šokolaadikomm	šokolaadikommelt	PlAbl
šokolaadikomm	šokolaadikommes	PlIn
šokolaadikomm	šokolaadikommesse	PlIll
šokolaadikomm	šokolaadikommest	PlEl
šokolaadikomm	šokolaadikommi	SgAdt
šokolaadikomm	šokolaadikommi	SgG
šokolaadikomm	šokolaadikommi	SgP
šokolaadikomm	šokolaadikommid	PlN
šokolaadikomm	šokolaadikommide	PlG
šokolaadikomm	šokolaadikommidega	PlKom
šokolaadikomm	šokolaadikommideks	PlTr
šokolaadikomm	šokolaadikommidel	PlAd
šokolaadikomm	šokolaadikommidele	PlAll
šokolaadikomm	šokolaadikommidelt	PlAbl
šokolaadikomm	šokolaadikommidena	PlEs
šokolaadikomm	šokolaadikommideni	PlTer
šokolaadikomm	šokolaadikommides	PlIn
šokolaadikomm	šokolaadikommidesse	PlIll
šokolaadikomm	šokolaadikommidest	PlEl
šokolaadikomm	šokolaadikommideta	PlAb
šokolaadikomm	šokolaadikommiga	SgKom
šokolaadikomm	šokolaadikommiks	SgTr
šokolaadikomm	šokolaadikommil	SgAd
šokolaadikomm	šokolaadikommile	SgAll
šokolaadikomm	šokolaadikommilt	SgAbl
šokolaadikomm	šokolaadikommina	SgEs
šokolaadikomm	šokolaadikommini	SgTer
šokolaadikomm	šokolaadikommis	SgIn
šokolaadikomm	šokolaadikommisid	PlP
šokolaadikomm	šokolaadikommisse	SgIll
šokolaadikomm	šokolaadikommist	SgEl
šokolaadikomm	šokolaadikommita	SgAb
šokolaadikompvek	šokolaadikompvek	SgN
šokolaadikompvek	šokolaadikompvekeks	PlTr
šokolaadikompvek	šokolaadikompvekel	PlAd
šokolaadikompvek	šokolaadikompvekele	PlAll
šokolaadikompvek	šokolaadikompvekelt	PlAbl
šokolaadikompvek	šokolaadikompvekes	PlIn
šokolaadikompvek	šokolaadikompvekesse	PlIll
šokolaadikompvek	šokolaadikompvekest	PlEl
šokolaadikompvek	šokolaadikompveki	SgG
šokolaadikompvek	šokolaadikompvekid	PlN
šokolaadikompvek	šokolaadikompvekiga	SgKom
šokolaadikompvek	šokolaadikompvekiks	SgTr
šokolaadikompvek	šokolaadikompvekil	SgAd
šokolaadikompvek	šokolaadikompvekile	SgAll
šokolaadikompvek	šokolaadikompvekilt	SgAbl
šokolaadikompvek	šokolaadikompvekina	SgEs
šokolaadikompvek	šokolaadikompvekini	SgTer
šokolaadikompvek	šokolaadikompvekis	SgIn
šokolaadikompvek	šokolaadikompvekisse	SgIll
šokolaadikompvek	šokolaadikompvekist	SgEl
šokolaadikompvek	šokolaadikompvekita	SgAb
šokolaadikompvek	šokolaadikompvekke	PlP
šokolaadikompvek	šokolaadikompvekki	SgAdt
šokolaadikompvek	šokolaadikompvekki	SgP
šokolaadikompvek	šokolaadikompvekkide	PlG
šokolaadikompvek	šokolaadikompvekkidega	PlKom
šokolaadikompvek	šokolaadikompvekkideks	PlTr
šokolaadikompvek	šokolaadikompvekkidel	PlAd
šokolaadikompvek	šokolaadikompvekkidele	PlAll
šokolaadikompvek	šokolaadikompvekkidelt	PlAbl
šokolaadikompvek	šokolaadikompvekkidena	PlEs
šokolaadikompvek	šokolaadikompvekkideni	PlTer
šokolaadikompvek	šokolaadikompvekkides	PlIn
šokolaadikompvek	šokolaadikompvekkidesse	PlIll
šokolaadikompvek	šokolaadikompvekkidest	PlEl
šokolaadikompvek	šokolaadikompvekkideta	PlAb
šokolaadikompvek	šokolaadikompvekkisid	PlP
šokolaadikook	šokolaadikoogeks	PlTr
šokolaadikook	šokolaadikoogel	PlAd
šokolaadikook	šokolaadikoogele	PlAll
šokolaadikook	šokolaadikoogelt	PlAbl
šokolaadikook	šokolaadikooges	PlIn
šokolaadikook	šokolaadikoogesse	PlIll
šokolaadikook	šokolaadikoogest	PlEl
šokolaadikook	šokolaadikoogi	SgG
šokolaadikook	šokolaadikoogid	PlN
šokolaadikook	šokolaadikoogiga	SgKom
šokolaadikook	šokolaadikoogiks	SgTr
šokolaadikook	šokolaadikoogil	SgAd
šokolaadikook	šokolaadikoogile	SgAll
šokolaadikook	šokolaadikoogilt	SgAbl
šokolaadikook	šokolaadikoogina	SgEs
šokolaadikook	šokolaadikoogini	SgTer
šokolaadikook	šokolaadikoogis	SgIn
šokolaadikook	šokolaadikoogisse	SgIll
šokolaadikook	šokolaadikoogist	SgEl
šokolaadikook	šokolaadikoogita	SgAb
šokolaadikook	šokolaadikook	SgN
šokolaadikook	šokolaadikooke	PlP
šokolaadikook	šokolaadikooki	SgAdt
šokolaadikook	šokolaadikooki	SgP
šokolaadikook	šokolaadikookide	PlG
šokolaadikook	šokolaadikookidega	PlKom
šokolaadikook	šokolaadikookideks	PlTr
šokolaadikook	šokolaadikookidel	PlAd
šokolaadikook	šokolaadikookidele	PlAll
šokolaadikook	šokolaadikookidelt	PlAbl
šokolaadikook	šokolaadikookidena	PlEs
šokolaadikook	šokolaadikookideni	PlTer
šokolaadikook	šokolaadikookides	PlIn
šokolaadikook	šokolaadikookidesse	PlIll
šokolaadikook	šokolaadikookidest	PlEl
šokolaadikook	šokolaadikookideta	PlAb
šokolaadikook	šokolaadikookisid	PlP
šokolaadikreem	šokolaadikreem	SgN
šokolaadikreem	šokolaadikreeme	PlP
šokolaadikreem	šokolaadikreemeks	PlTr
šokolaadikreem	šokolaadikreemel	PlAd
šokolaadikreem	šokolaadikreemele	PlAll
šokolaadikreem	šokolaadikreemelt	PlAbl
šokolaadikreem	šokolaadikreemes	PlIn
šokolaadikreem	šokolaadikreemesse	PlIll
šokolaadikreem	šokolaadikreemest	PlEl
šokolaadikreem	šokolaadikreemi	SgAdt
šokolaadikreem	šokolaadikreemi	SgG
šokolaadikreem	šokolaadikreemi	SgP
šokolaadikreem	šokolaadikreemid	PlN
šokolaadikreem	šokolaadikreemide	PlG
šokolaadikreem	šokolaadikreemidega	PlKom
šokolaadikreem	šokolaadikreemideks	PlTr
šokolaadikreem	šokolaadikreemidel	PlAd
šokolaadikreem	šokolaadikreemidele	PlAll
šokolaadikreem	šokolaadikreemidelt	PlAbl
šokolaadikreem	šokolaadikreemidena	PlEs
šokolaadikreem	šokolaadikreemideni	PlTer
šokolaadikreem	šokolaadikreemides	PlIn
šokolaadikreem	šokolaadikreemidesse	PlIll
šokolaadikreem	šokolaadikreemidest	PlEl
šokolaadikreem	šokolaadikreemideta	PlAb
šokolaadikreem	šokolaadikreemiga	SgKom
šokolaadikreem	šokolaadikreemiks	SgTr
šokolaadikreem	šokolaadikreemil	SgAd
šokolaadikreem	šokolaadikreemile	SgAll
šokolaadikreem	šokolaadikreemilt	SgAbl
šokolaadikreem	šokolaadikreemina	SgEs
šokolaadikreem	šokolaadikreemini	SgTer
šokolaadikreem	šokolaadikreemis	SgIn
šokolaadikreem	šokolaadikreemisid	PlP
šokolaadikreem	šokolaadikreemisse	SgIll
šokolaadikreem	šokolaadikreemist	SgEl
šokolaadikreem	šokolaadikreemita	SgAb
šokolaadiküpsis	-	SgAdt
šokolaadiküpsis	šokolaadiküpsis	SgN
šokolaadiküpsis	šokolaadiküpsise	SgG
šokolaadiküpsis	šokolaadiküpsised	PlN
šokolaadiküpsis	šokolaadiküpsisega	SgKom
šokolaadiküpsis	šokolaadiküpsiseid	PlP
šokolaadiküpsis	šokolaadiküpsiseiks	PlTr
šokolaadiküpsis	šokolaadiküpsiseil	PlAd
šokolaadiküpsis	šokolaadiküpsiseile	PlAll
šokolaadiküpsis	šokolaadiküpsiseilt	PlAbl
šokolaadiküpsis	šokolaadiküpsiseis	PlIn
šokolaadiküpsis	šokolaadiküpsiseisse	PlIll
šokolaadiküpsis	šokolaadiküpsiseist	PlEl
šokolaadiküpsis	šokolaadiküpsiseks	SgTr
šokolaadiküpsis	šokolaadiküpsisel	SgAd
šokolaadiküpsis	šokolaadiküpsisele	SgAll
šokolaadiküpsis	šokolaadiküpsiselt	SgAbl
šokolaadiküpsis	šokolaadiküpsisena	SgEs
šokolaadiküpsis	šokolaadiküpsiseni	SgTer
šokolaadiküpsis	šokolaadiküpsises	SgIn
šokolaadiküpsis	šokolaadiküpsisesse	SgIll
šokolaadiküpsis	šokolaadiküpsisest	SgEl
šokolaadiküpsis	šokolaadiküpsiseta	SgAb
šokolaadiküpsis	šokolaadiküpsist	SgP
šokolaadiküpsis	šokolaadiküpsiste	PlG
šokolaadiküpsis	šokolaadiküpsistega	PlKom
šokolaadiküpsis	šokolaadiküpsisteks	PlTr
šokolaadiküpsis	šokolaadiküpsistel	PlAd
šokolaadiküpsis	šokolaadiküpsistele	PlAll
šokolaadiküpsis	šokolaadiküpsistelt	PlAbl
šokolaadiküpsis	šokolaadiküpsistena	PlEs
šokolaadiküpsis	šokolaadiküpsisteni	PlTer
šokolaadiküpsis	šokolaadiküpsistes	PlIn
šokolaadiküpsis	šokolaadiküpsistesse	PlIll
šokolaadiküpsis	šokolaadiküpsistest	PlEl
šokolaadiküpsis	šokolaadiküpsisteta	PlAb
šokolaadine	-	SgAdt
šokolaadine	šokolaadine	SgN
šokolaadine	šokolaadise	SgG
šokolaadine	šokolaadised	PlN
šokolaadine	šokolaadisega	SgKom
šokolaadine	šokolaadiseid	PlP
šokolaadine	šokolaadiseiks	PlTr
šokolaadine	šokolaadiseil	PlAd
šokolaadine	šokolaadiseile	PlAll
šokolaadine	šokolaadiseilt	PlAbl
šokolaadine	šokolaadiseis	PlIn
šokolaadine	šokolaadiseisse	PlIll
šokolaadine	šokolaadiseist	PlEl
šokolaadine	šokolaadiseks	SgTr
šokolaadine	šokolaadisel	SgAd
šokolaadine	šokolaadisele	SgAll
šokolaadine	šokolaadiselt	SgAbl
šokolaadine	šokolaadisena	SgEs
šokolaadine	šokolaadiseni	SgTer
šokolaadine	šokolaadises	SgIn
šokolaadine	šokolaadisesse	SgIll
šokolaadine	šokolaadisest	SgEl
šokolaadine	šokolaadiseta	SgAb
šokolaadine	šokolaadist	SgP
šokolaadine	šokolaadiste	PlG
šokolaadine	šokolaadistega	PlKom
šokolaadine	šokolaadisteks	PlTr
šokolaadine	šokolaadistel	PlAd
šokolaadine	šokolaadistele	PlAll
šokolaadine	šokolaadistelt	PlAbl
šokolaadine	šokolaadistena	PlEs
šokolaadine	šokolaadisteni	PlTer
šokolaadine	šokolaadistes	PlIn
šokolaadine	šokolaadistesse	PlIll
šokolaadine	šokolaadistest	PlEl
šokolaadine	šokolaadisteta	PlAb
šokolaadinööp	šokolaadinööbeks	PlTr
šokolaadinööp	šokolaadinööbel	PlAd
šokolaadinööp	šokolaadinööbele	PlAll
šokolaadinööp	šokolaadinööbelt	PlAbl
šokolaadinööp	šokolaadinööbes	PlIn
šokolaadinööp	šokolaadinööbesse	PlIll
šokolaadinööp	šokolaadinööbest	PlEl
šokolaadinööp	šokolaadinööbi	SgG
šokolaadinööp	šokolaadinööbid	PlN
šokolaadinööp	šokolaadinööbiga	SgKom
šokolaadinööp	šokolaadinööbiks	SgTr
šokolaadinööp	šokolaadinööbil	SgAd
šokolaadinööp	šokolaadinööbile	SgAll
šokolaadinööp	šokolaadinööbilt	SgAbl
šokolaadinööp	šokolaadinööbina	SgEs
šokolaadinööp	šokolaadinööbini	SgTer
šokolaadinööp	šokolaadinööbis	SgIn
šokolaadinööp	šokolaadinööbisse	SgIll
šokolaadinööp	šokolaadinööbist	SgEl
šokolaadinööp	šokolaadinööbita	SgAb
šokolaadinööp	šokolaadinööp	SgN
šokolaadinööp	šokolaadinööpe	PlP
šokolaadinööp	šokolaadinööpi	SgAdt
šokolaadinööp	šokolaadinööpi	SgP
šokolaadinööp	šokolaadinööpide	PlG
šokolaadinööp	šokolaadinööpidega	PlKom
šokolaadinööp	šokolaadinööpideks	PlTr
šokolaadinööp	šokolaadinööpidel	PlAd
šokolaadinööp	šokolaadinööpidele	PlAll
šokolaadinööp	šokolaadinööpidelt	PlAbl
šokolaadinööp	šokolaadinööpidena	PlEs
šokolaadinööp	šokolaadinööpideni	PlTer
šokolaadinööp	šokolaadinööpides	PlIn
šokolaadinööp	šokolaadinööpidesse	PlIll
šokolaadinööp	šokolaadinööpidest	PlEl
šokolaadinööp	šokolaadinööpideta	PlAb
šokolaadinööp	šokolaadinööpisid	PlP
šokolaadipiim	šokolaadipiim	SgN
šokolaadipiim	šokolaadipiima	SgAdt
šokolaadipiim	šokolaadipiima	SgG
šokolaadipiim	šokolaadipiima	SgP
šokolaadipiim	šokolaadipiimad	PlN
šokolaadipiim	šokolaadipiimade	PlG
šokolaadipiim	šokolaadipiimadega	PlKom
šokolaadipiim	šokolaadipiimadeks	PlTr
šokolaadipiim	šokolaadipiimadel	PlAd
šokolaadipiim	šokolaadipiimadele	PlAll
šokolaadipiim	šokolaadipiimadelt	PlAbl
šokolaadipiim	šokolaadipiimadena	PlEs
šokolaadipiim	šokolaadipiimadeni	PlTer
šokolaadipiim	šokolaadipiimades	PlIn
šokolaadipiim	šokolaadipiimadesse	PlIll
šokolaadipiim	šokolaadipiimadest	PlEl
šokolaadipiim	šokolaadipiimadeta	PlAb
šokolaadipiim	šokolaadipiimaga	SgKom
šokolaadipiim	šokolaadipiimaks	SgTr
šokolaadipiim	šokolaadipiimal	SgAd
šokolaadipiim	šokolaadipiimale	SgAll
šokolaadipiim	šokolaadipiimalt	SgAbl
šokolaadipiim	šokolaadipiimana	SgEs
šokolaadipiim	šokolaadipiimani	SgTer
šokolaadipiim	šokolaadipiimas	SgIn
šokolaadipiim	šokolaadipiimasid	PlP
šokolaadipiim	šokolaadipiimasse	SgIll
šokolaadipiim	šokolaadipiimast	SgEl
šokolaadipiim	šokolaadipiimata	SgAb
šokolaadipiim	šokolaadipiimu	PlP
šokolaadipiim	šokolaadipiimuks	PlTr
šokolaadipiim	šokolaadipiimul	PlAd
šokolaadipiim	šokolaadipiimule	PlAll
šokolaadipiim	šokolaadipiimult	PlAbl
šokolaadipiim	šokolaadipiimus	PlIn
šokolaadipiim	šokolaadipiimusse	PlIll
šokolaadipiim	šokolaadipiimust	PlEl
šokolaadipruun	šokolaadipruun	SgN
šokolaadipruun	šokolaadipruune	PlP
šokolaadipruun	šokolaadipruuneks	PlTr
šokolaadipruun	šokolaadipruunel	PlAd
šokolaadipruun	šokolaadipruunele	PlAll
šokolaadipruun	šokolaadipruunelt	PlAbl
šokolaadipruun	šokolaadipruunes	PlIn
šokolaadipruun	šokolaadipruunesse	PlIll
šokolaadipruun	šokolaadipruunest	PlEl
šokolaadipruun	šokolaadipruuni	SgAdt
šokolaadipruun	šokolaadipruuni	SgG
šokolaadipruun	šokolaadipruuni	SgP
šokolaadipruun	šokolaadipruunid	PlN
šokolaadipruun	šokolaadipruunide	PlG
šokolaadipruun	šokolaadipruunidega	PlKom
šokolaadipruun	šokolaadipruunideks	PlTr
šokolaadipruun	šokolaadipruunidel	PlAd
šokolaadipruun	šokolaadipruunidele	PlAll
šokolaadipruun	šokolaadipruunidelt	PlAbl
šokolaadipruun	šokolaadipruunidena	PlEs
šokolaadipruun	šokolaadipruunideni	PlTer
šokolaadipruun	šokolaadipruunides	PlIn
šokolaadipruun	šokolaadipruunidesse	PlIll
šokolaadipruun	šokolaadipruunidest	PlEl
šokolaadipruun	šokolaadipruunideta	PlAb
šokolaadipruun	šokolaadipruuniga	SgKom
šokolaadipruun	šokolaadipruuniks	SgTr
šokolaadipruun	šokolaadipruunil	SgAd
šokolaadipruun	šokolaadipruunile	SgAll
šokolaadipruun	šokolaadipruunilt	SgAbl
šokolaadipruun	šokolaadipruunina	SgEs
šokolaadipruun	šokolaadipruunini	SgTer
šokolaadipruun	šokolaadipruunis	SgIn
šokolaadipruun	šokolaadipruunisid	PlP
šokolaadipruun	šokolaadipruunisse	SgIll
šokolaadipruun	šokolaadipruunist	SgEl
šokolaadipruun	šokolaadipruunita	SgAb
šokolaaditahvel	-	SgAdt
šokolaaditahvel	šokolaaditahvel	SgN
šokolaaditahvel	šokolaaditahvleid	PlP
šokolaaditahvel	šokolaaditahvleiks	PlTr
šokolaaditahvel	šokolaaditahvleil	PlAd
šokolaaditahvel	šokolaaditahvleile	PlAll
šokolaaditahvel	šokolaaditahvleilt	PlAbl
šokolaaditahvel	šokolaaditahvleis	PlIn
šokolaaditahvel	šokolaaditahvleisse	PlIll
šokolaaditahvel	šokolaaditahvleist	PlEl
šokolaaditahvel	šokolaaditahvli	SgG
šokolaaditahvel	šokolaaditahvlid	PlN
šokolaaditahvel	šokolaaditahvliga	SgKom
šokolaaditahvel	šokolaaditahvliks	SgTr
šokolaaditahvel	šokolaaditahvlil	SgAd
šokolaaditahvel	šokolaaditahvlile	SgAll
šokolaaditahvel	šokolaaditahvlilt	SgAbl
šokolaaditahvel	šokolaaditahvlina	SgEs
šokolaaditahvel	šokolaaditahvlini	SgTer
šokolaaditahvel	šokolaaditahvlis	SgIn
šokolaaditahvel	šokolaaditahvlisse	SgIll
šokolaaditahvel	šokolaaditahvlist	SgEl
šokolaaditahvel	šokolaaditahvlit	SgP
šokolaaditahvel	šokolaaditahvlita	SgAb
šokolaaditahvel	šokolaaditahvlite	PlG
šokolaaditahvel	šokolaaditahvlitega	PlKom
šokolaaditahvel	šokolaaditahvliteks	PlTr
šokolaaditahvel	šokolaaditahvlitel	PlAd
šokolaaditahvel	šokolaaditahvlitele	PlAll
šokolaaditahvel	šokolaaditahvlitelt	PlAbl
šokolaaditahvel	šokolaaditahvlitena	PlEs
šokolaaditahvel	šokolaaditahvliteni	PlTer
šokolaaditahvel	šokolaaditahvlites	PlIn
šokolaaditahvel	šokolaaditahvlitesse	PlIll
šokolaaditahvel	šokolaaditahvlitest	PlEl
šokolaaditahvel	šokolaaditahvliteta	PlAb
šokolaaditort	šokolaaditordeks	PlTr
šokolaaditort	šokolaaditordel	PlAd
šokolaaditort	šokolaaditordele	PlAll
šokolaaditort	šokolaaditordelt	PlAbl
šokolaaditort	šokolaaditordes	PlIn
šokolaaditort	šokolaaditordesse	PlIll
šokolaaditort	šokolaaditordest	PlEl
šokolaaditort	šokolaaditordi	SgG
šokolaaditort	šokolaaditordid	PlN
šokolaaditort	šokolaaditordiga	SgKom
šokolaaditort	šokolaaditordiks	SgTr
šokolaaditort	šokolaaditordil	SgAd
šokolaaditort	šokolaaditordile	SgAll
šokolaaditort	šokolaaditordilt	SgAbl
šokolaaditort	šokolaaditordina	SgEs
šokolaaditort	šokolaaditordini	SgTer
šokolaaditort	šokolaaditordis	SgIn
šokolaaditort	šokolaaditordisse	SgIll
šokolaaditort	šokolaaditordist	SgEl
šokolaaditort	šokolaaditordita	SgAb
šokolaaditort	šokolaaditort	SgN
šokolaaditort	šokolaaditorte	PlP
šokolaaditort	šokolaaditorti	SgAdt
šokolaaditort	šokolaaditorti	SgP
šokolaaditort	šokolaaditortide	PlG
šokolaaditort	šokolaaditortidega	PlKom
šokolaaditort	šokolaaditortideks	PlTr
šokolaaditort	šokolaaditortidel	PlAd
šokolaaditort	šokolaaditortidele	PlAll
šokolaaditort	šokolaaditortidelt	PlAbl
šokolaaditort	šokolaaditortidena	PlEs
šokolaaditort	šokolaaditortideni	PlTer
šokolaaditort	šokolaaditortides	PlIn
šokolaaditort	šokolaaditortidesse	PlIll
šokolaaditort	šokolaaditortidest	PlEl
šokolaaditort	šokolaaditortideta	PlAb
šokolaaditort	šokolaaditortisid	PlP
šokolaadpruun	šokolaadpruun	SgN
šokolaadpruun	šokolaadpruune	PlP
šokolaadpruun	šokolaadpruuneks	PlTr
šokolaadpruun	šokolaadpruunel	PlAd
šokolaadpruun	šokolaadpruunele	PlAll
šokolaadpruun	šokolaadpruunelt	PlAbl
šokolaadpruun	šokolaadpruunes	PlIn
šokolaadpruun	šokolaadpruunesse	PlIll
šokolaadpruun	šokolaadpruunest	PlEl
šokolaadpruun	šokolaadpruuni	SgAdt
šokolaadpruun	šokolaadpruuni	SgG
šokolaadpruun	šokolaadpruuni	SgP
šokolaadpruun	šokolaadpruunid	PlN
šokolaadpruun	šokolaadpruunide	PlG
šokolaadpruun	šokolaadpruunidega	PlKom
šokolaadpruun	šokolaadpruunideks	PlTr
šokolaadpruun	šokolaadpruunidel	PlAd
šokolaadpruun	šokolaadpruunidele	PlAll
šokolaadpruun	šokolaadpruunidelt	PlAbl
šokolaadpruun	šokolaadpruunidena	PlEs
šokolaadpruun	šokolaadpruunideni	PlTer
šokolaadpruun	šokolaadpruunides	PlIn
šokolaadpruun	šokolaadpruunidesse	PlIll
šokolaadpruun	šokolaadpruunidest	PlEl
šokolaadpruun	šokolaadpruunideta	PlAb
šokolaadpruun	šokolaadpruuniga	SgKom
šokolaadpruun	šokolaadpruuniks	SgTr
šokolaadpruun	šokolaadpruunil	SgAd
šokolaadpruun	šokolaadpruunile	SgAll
šokolaadpruun	šokolaadpruunilt	SgAbl
šokolaadpruun	šokolaadpruunina	SgEs
šokolaadpruun	šokolaadpruunini	SgTer
šokolaadpruun	šokolaadpruunis	SgIn
šokolaadpruun	šokolaadpruunisid	PlP
šokolaadpruun	šokolaadpruunisse	SgIll
šokolaadpruun	šokolaadpruunist	SgEl
šokolaadpruun	šokolaadpruunita	SgAb
šona	-	SgAdt
šona	šona	SgG
šona	šona	SgN
šona	šona	SgP
šona	šonad	PlN
šona	šonade	PlG
šona	šonadega	PlKom
šona	šonadeks	PlTr
šona	šonadel	PlAd
šona	šonadele	PlAll
šona	šonadelt	PlAbl
šona	šonadena	PlEs
šona	šonadeni	PlTer
šona	šonades	PlIn
šona	šonadesse	PlIll
šona	šonadest	PlEl
šona	šonadeta	PlAb
šona	šonaga	SgKom
šona	šonaks	SgTr
šona	šonal	SgAd
šona	šonale	SgAll
šona	šonalt	SgAbl
šona	šonana	SgEs
šona	šonani	SgTer
šona	šonas	SgIn
šona	šonasid	PlP
šona	šonasse	SgIll
šona	šonast	SgEl
šona	šonata	SgAb
šona keel	šona keel	SgN
šona keel	šona keelde	SgAdt
šona keel	šona keele	SgG
šona keel	šona keeled	PlN
šona keel	šona keelega	SgKom
šona keel	šona keeleks	SgTr
šona keel	šona keelel	SgAd
šona keel	šona keelele	SgAll
šona keel	šona keelelt	SgAbl
šona keel	šona keelena	SgEs
šona keel	šona keeleni	SgTer
šona keel	šona keeles	SgIn
šona keel	šona keelesse	SgIll
šona keel	šona keelest	SgEl
šona keel	šona keeleta	SgAb
šona keel	šona keeli	PlP
šona keel	šona keelt	SgP
šona keel	šona keelte	PlG
šona keel	šona keeltega	PlKom
šona keel	šona keelteks	PlTr
šona keel	šona keeltel	PlAd
šona keel	šona keeltele	PlAll
šona keel	šona keeltelt	PlAbl
šona keel	šona keeltena	PlEs
šona keel	šona keelteni	PlTer
šona keel	šona keeltes	PlIn
šona keel	šona keeltesse	PlIll
šona keel	šona keeltest	PlEl
šona keel	šona keelteta	PlAb
šoor	šoor	SgN
šoor	šoore	PlP
šoor	šooreks	PlTr
šoor	šoorel	PlAd
šoor	šoorele	PlAll
šoor	šoorelt	PlAbl
šoor	šoores	PlIn
šoor	šooresse	PlIll
šoor	šoorest	PlEl
šoor	šoori	SgAdt
šoor	šoori	SgG
šoor	šoori	SgP
šoor	šoorid	PlN
šoor	šooride	PlG
šoor	šooridega	PlKom
šoor	šoorideks	PlTr
šoor	šooridel	PlAd
šoor	šooridele	PlAll
šoor	šooridelt	PlAbl
šoor	šooridena	PlEs
šoor	šoorideni	PlTer
šoor	šoorides	PlIn
šoor	šooridesse	PlIll
šoor	šooridest	PlEl
šoor	šoorideta	PlAb
šoor	šooriga	SgKom
šoor	šooriks	SgTr
šoor	šooril	SgAd
šoor	šoorile	SgAll
šoor	šoorilt	SgAbl
šoor	šoorina	SgEs
šoor	šoorini	SgTer
šoor	šooris	SgIn
šoor	šoorisid	PlP
šoor	šoorisse	SgIll
šoor	šoorist	SgEl
šoor	šoorita	SgAb
šopahoolik	-	SgAdt
šopahoolik	šopahoolik	SgN
šopahoolik	šopahooliku	SgG
šopahoolik	šopahoolikud	PlN
šopahoolik	šopahoolikuga	SgKom
šopahoolik	šopahoolikuid	PlP
šopahoolik	šopahoolikuiks	PlTr
šopahoolik	šopahoolikuil	PlAd
šopahoolik	šopahoolikuile	PlAll
šopahoolik	šopahoolikuilt	PlAbl
šopahoolik	šopahoolikuis	PlIn
šopahoolik	šopahoolikuisse	PlIll
šopahoolik	šopahoolikuist	PlEl
šopahoolik	šopahoolikuks	SgTr
šopahoolik	šopahoolikul	SgAd
šopahoolik	šopahoolikule	SgAll
šopahoolik	šopahoolikult	SgAbl
šopahoolik	šopahoolikuna	SgEs
šopahoolik	šopahoolikuni	SgTer
šopahoolik	šopahoolikus	SgIn
šopahoolik	šopahoolikusse	SgIll
šopahoolik	šopahoolikust	SgEl
šopahoolik	šopahoolikut	SgP
šopahoolik	šopahoolikuta	SgAb
šopahoolik	šopahoolikute	PlG
šopahoolik	šopahoolikutega	PlKom
šopahoolik	šopahoolikuteks	PlTr
šopahoolik	šopahoolikutel	PlAd
šopahoolik	šopahoolikutele	PlAll
šopahoolik	šopahoolikutelt	PlAbl
šopahoolik	šopahoolikutena	PlEs
šopahoolik	šopahoolikuteni	PlTer
šopahoolik	šopahoolikutes	PlIn
šopahoolik	šopahoolikutesse	PlIll
šopahoolik	šopahoolikutest	PlEl
šopahoolik	šopahoolikuteta	PlAb
šoping	-	SgAdt
šoping	šoping	SgN
šoping	šopingu	SgG
šoping	šopingud	PlN
šoping	šopinguga	SgKom
šoping	šopinguid	PlP
šoping	šopinguiks	PlTr
šoping	šopinguil	PlAd
šoping	šopinguile	PlAll
šoping	šopinguilt	PlAbl
šoping	šopinguis	PlIn
šoping	šopinguisse	PlIll
šoping	šopinguist	PlEl
šoping	šopinguks	SgTr
šoping	šopingul	SgAd
šoping	šopingule	SgAll
šoping	šopingult	SgAbl
šoping	šopinguna	SgEs
šoping	šopinguni	SgTer
šoping	šopingus	SgIn
šoping	šopingusse	SgIll
šoping	šopingust	SgEl
šoping	šopingut	SgP
šoping	šopinguta	SgAb
šoping	šopingute	PlG
šoping	šopingutega	PlKom
šoping	šopinguteks	PlTr
šoping	šopingutel	PlAd
šoping	šopingutele	PlAll
šoping	šopingutelt	PlAbl
šoping	šopingutena	PlEs
šoping	šopinguteni	PlTer
šoping	šopingutes	PlIn
šoping	šopingutesse	PlIll
šoping	šopingutest	PlEl
šoping	šopinguteta	PlAb
šoppama	šopake	ImpPrPl2
šoppama	šopakem	ImpPrPl1
šoppama	šopaku	ImpPrPs
šoppama	šopanud	PtsPtPs
šoppama	šopanud	PtsPtPsNeg
šoppama	šopanuks	KndPtPs
šoppama	šopanuksid	KndPtPl3
šoppama	šopanuksid	KndPtSg2
šoppama	šopanuksime	KndPtPl1
šoppama	šopanuksin	KndPtSg1
šoppama	šopanuksite	KndPtPl2
šoppama	šopanuvat	KvtPtPs
šoppama	šopata	IndPrIps_
šoppama	šopata	Inf
šoppama	šopatagu	ImpPrIps
šoppama	šopataks	KndPrIps
šoppama	šopatakse	IndPrIps
šoppama	šopatama	SupIps
šoppama	šopatav	PtsPrIps
šoppama	šopatavat	KvtPrIps
šoppama	šopates	Ger
šoppama	šopati	IndIpfIps
šoppama	šopatud	PtsPtIps
šoppama	šopatud	PtsPtIpsNeg
šoppama	šopatuks	KndPtIps
šoppama	šopatuvat	KvtPtIps
šoppama	šoppa	ImpPrSg2
šoppama	šoppa	IndPrPs_
šoppama	šoppab	IndPrSg3
šoppama	šoppad	IndPrSg2
šoppama	šoppaks	KndPrPs
šoppama	šoppaksid	KndPrPl3
šoppama	šoppaksid	KndPrSg2
šoppama	šoppaksime	KndPrPl1
šoppama	šoppaksin	KndPrSg1
šoppama	šoppaksite	KndPrPl2
šoppama	šoppama	Sup
šoppama	šoppamaks	SupTr
šoppama	šoppamas	SupIn
šoppama	šoppamast	SupEl
šoppama	šoppamata	SupAb
šoppama	šoppame	IndPrPl1
šoppama	šoppan	IndPrSg1
šoppama	šoppas	IndIpfSg3
šoppama	šoppasid	IndIpfPl3
šoppama	šoppasid	IndIpfSg2
šoppama	šoppasime	IndIpfPl1
šoppama	šoppasin	IndIpfSg1
šoppama	šoppasite	IndIpfPl2
šoppama	šoppate	IndPrPl2
šoppama	šoppav	PtsPrPs
šoppama	šoppavad	IndPrPl3
šoppama	šoppavat	KvtPrPs
šoppen	-	SgAdt
šoppen	šoppen	SgN
šoppen	šoppeneid	PlP
šoppen	šoppeneiks	PlTr
šoppen	šoppeneil	PlAd
šoppen	šoppeneile	PlAll
šoppen	šoppeneilt	PlAbl
šoppen	šoppeneis	PlIn
šoppen	šoppeneisse	PlIll
šoppen	šoppeneist	PlEl
šoppen	šoppeni	SgG
šoppen	šoppenid	PlN
šoppen	šoppeniga	SgKom
šoppen	šoppeniks	SgTr
šoppen	šoppenil	SgAd
šoppen	šoppenile	SgAll
šoppen	šoppenilt	SgAbl
šoppen	šoppenina	SgEs
šoppen	šoppenini	SgTer
šoppen	šoppenis	SgIn
šoppen	šoppenisse	SgIll
šoppen	šoppenist	SgEl
šoppen	šoppenit	SgP
šoppen	šoppenita	SgAb
šoppen	šoppenite	PlG
šoppen	šoppenitega	PlKom
šoppen	šoppeniteks	PlTr
šoppen	šoppenitel	PlAd
šoppen	šoppenitele	PlAll
šoppen	šoppenitelt	PlAbl
šoppen	šoppenitena	PlEs
šoppen	šoppeniteni	PlTer
šoppen	šoppenites	PlIn
šoppen	šoppenitesse	PlIll
šoppen	šoppenitest	PlEl
šoppen	šoppeniteta	PlAb
šorthorn	šorthorn	SgN
šorthorn	šorthorne	PlP
šorthorn	šorthorneks	PlTr
šorthorn	šorthornel	PlAd
šorthorn	šorthornele	PlAll
šorthorn	šorthornelt	PlAbl
šorthorn	šorthornes	PlIn
šorthorn	šorthornesse	PlIll
šorthorn	šorthornest	PlEl
šorthorn	šorthorni	SgAdt
šorthorn	šorthorni	SgG
šorthorn	šorthorni	SgP
šorthorn	šorthornid	PlN
šorthorn	šorthornide	PlG
šorthorn	šorthornidega	PlKom
šorthorn	šorthornideks	PlTr
šorthorn	šorthornidel	PlAd
šorthorn	šorthornidele	PlAll
šorthorn	šorthornidelt	PlAbl
šorthorn	šorthornidena	PlEs
šorthorn	šorthornideni	PlTer
šorthorn	šorthornides	PlIn
šorthorn	šorthornidesse	PlIll
šorthorn	šorthornidest	PlEl
šorthorn	šorthornideta	PlAb
šorthorn	šorthorniga	SgKom
šorthorn	šorthorniks	SgTr
šorthorn	šorthornil	SgAd
šorthorn	šorthornile	SgAll
šorthorn	šorthornilt	SgAbl
šorthorn	šorthornina	SgEs
šorthorn	šorthornini	SgTer
šorthorn	šorthornis	SgIn
šorthorn	šorthornisid	PlP
šorthorn	šorthornisse	SgIll
šorthorn	šorthornist	SgEl
šorthorn	šorthornita	SgAb
šortsid	šorts	SgN
šortsid	šortse	PlP
šortsid	šortseks	PlTr
šortsid	šortsel	PlAd
šortsid	šortsele	PlAll
šortsid	šortselt	PlAbl
šortsid	šortses	PlIn
šortsid	šortsesse	PlIll
šortsid	šortsest	PlEl
šortsid	šortsi	SgAdt
šortsid	šortsi	SgG
šortsid	šortsi	SgP
šortsid	šortsid	PlN
šortsid	šortside	PlG
šortsid	šortsidega	PlKom
šortsid	šortsideks	PlTr
šortsid	šortsidel	PlAd
šortsid	šortsidele	PlAll
šortsid	šortsidelt	PlAbl
šortsid	šortsidena	PlEs
šortsid	šortsideni	PlTer
šortsid	šortsides	PlIn
šortsid	šortsidesse	PlIll
šortsid	šortsidest	PlEl
šortsid	šortsideta	PlAb
šortsid	šortsiga	SgKom
šortsid	šortsiks	SgTr
šortsid	šortsil	SgAd
šortsid	šortsile	SgAll
šortsid	šortsilt	SgAbl
šortsid	šortsina	SgEs
šortsid	šortsini	SgTer
šortsid	šortsis	SgIn
šortsid	šortsisid	PlP
šortsid	šortsisse	SgIll
šortsid	šortsist	SgEl
šortsid	šortsita	SgAb
šošoni	-	SgAdt
šošoni	šošoni	SgG
šošoni	šošoni	SgN
šošoni	šošonid	PlN
šošoni	šošonide	PlG
šošoni	šošonidega	PlKom
šošoni	šošonideks	PlTr
šošoni	šošonidel	PlAd
šošoni	šošonidele	PlAll
šošoni	šošonidelt	PlAbl
šošoni	šošonidena	PlEs
šošoni	šošonideni	PlTer
šošoni	šošonides	PlIn
šošoni	šošonidesse	PlIll
šošoni	šošonidest	PlEl
šošoni	šošonideta	PlAb
šošoni	šošoniga	SgKom
šošoni	šošoniks	SgTr
šošoni	šošonil	SgAd
šošoni	šošonile	SgAll
šošoni	šošonilt	SgAbl
šošoni	šošonina	SgEs
šošoni	šošonini	SgTer
šošoni	šošonis	SgIn
šošoni	šošonisid	PlP
šošoni	šošonisse	SgIll
šošoni	šošonist	SgEl
šošoni	šošonit	SgP
šošoni	šošonita	SgAb
Šoti	Šoti	ID
šoti keel	šoti keel	SgN
šoti keel	šoti keelde	SgAdt
šoti keel	šoti keele	SgG
šoti keel	šoti keeled	PlN
šoti keel	šoti keelega	SgKom
šoti keel	šoti keeleks	SgTr
šoti keel	šoti keelel	SgAd
šoti keel	šoti keelele	SgAll
šoti keel	šoti keelelt	SgAbl
šoti keel	šoti keelena	SgEs
šoti keel	šoti keeleni	SgTer
šoti keel	šoti keeles	SgIn
šoti keel	šoti keelesse	SgIll
šoti keel	šoti keelest	SgEl
šoti keel	šoti keeleta	SgAb
šoti keel	šoti keeli	PlP
šoti keel	šoti keelt	SgP
šoti keel	šoti keelte	PlG
šoti keel	šoti keeltega	PlKom
šoti keel	šoti keelteks	PlTr
šoti keel	šoti keeltel	PlAd
šoti keel	šoti keeltele	PlAll
šoti keel	šoti keeltelt	PlAbl
šoti keel	šoti keeltena	PlEs
šoti keel	šoti keelteni	PlTer
šoti keel	šoti keeltes	PlIn
šoti keel	šoti keeltesse	PlIll
šoti keel	šoti keeltest	PlEl
šoti keel	šoti keelteta	PlAb
Šoti lambakoer	Šoti lambakoer	SgN
Šoti lambakoer	Šoti lambakoera	SgAdt
Šoti lambakoer	Šoti lambakoera	SgG
Šoti lambakoer	Šoti lambakoera	SgP
Šoti lambakoer	Šoti lambakoerad	PlN
Šoti lambakoer	Šoti lambakoerade	PlG
Šoti lambakoer	Šoti lambakoeradega	PlKom
Šoti lambakoer	Šoti lambakoeradeks	PlTr
Šoti lambakoer	Šoti lambakoeradel	PlAd
Šoti lambakoer	Šoti lambakoeradele	PlAll
Šoti lambakoer	Šoti lambakoeradelt	PlAbl
Šoti lambakoer	Šoti lambakoeradena	PlEs
Šoti lambakoer	Šoti lambakoeradeni	PlTer
Šoti lambakoer	Šoti lambakoerades	PlIn
Šoti lambakoer	Šoti lambakoeradesse	PlIll
Šoti lambakoer	Šoti lambakoeradest	PlEl
Šoti lambakoer	Šoti lambakoeradeta	PlAb
Šoti lambakoer	Šoti lambakoeraga	SgKom
Šoti lambakoer	Šoti lambakoeraks	SgTr
Šoti lambakoer	Šoti lambakoeral	SgAd
Šoti lambakoer	Šoti lambakoerale	SgAll
Šoti lambakoer	Šoti lambakoeralt	SgAbl
Šoti lambakoer	Šoti lambakoerana	SgEs
Šoti lambakoer	Šoti lambakoerani	SgTer
Šoti lambakoer	Šoti lambakoeras	SgIn
Šoti lambakoer	Šoti lambakoerasid	PlP
Šoti lambakoer	Šoti lambakoerasse	SgIll
Šoti lambakoer	Šoti lambakoerast	SgEl
Šoti lambakoer	Šoti lambakoerata	SgAb
Šoti lambakoer	Šoti lambakoeri	PlP
Šoti lambakoer	Šoti lambakoerte	PlG
Šoti lambakoer	Šoti lambakoertega	PlKom
Šoti lambakoer	Šoti lambakoerteks	PlTr
Šoti lambakoer	Šoti lambakoertel	PlAd
Šoti lambakoer	Šoti lambakoertele	PlAll
Šoti lambakoer	Šoti lambakoertelt	PlAbl
Šoti lambakoer	Šoti lambakoertena	PlEs
Šoti lambakoer	Šoti lambakoerteni	PlTer
Šoti lambakoer	Šoti lambakoertes	PlIn
Šoti lambakoer	Šoti lambakoertesse	PlIll
Šoti lambakoer	Šoti lambakoertest	PlEl
Šoti lambakoer	Šoti lambakoerteta	PlAb
Šotimaa	Šotimaa	SgAdt
Šotimaa	Šotimaa	SgG
Šotimaa	Šotimaa	SgN
Šotimaa	Šotimaad	PlN
Šotimaa	Šotimaad	SgP
Šotimaa	Šotimaade	PlG
Šotimaa	Šotimaadega	PlKom
Šotimaa	Šotimaadeks	PlTr
Šotimaa	Šotimaadel	PlAd
Šotimaa	Šotimaadele	PlAll
Šotimaa	Šotimaadelt	PlAbl
Šotimaa	Šotimaadena	PlEs
Šotimaa	Šotimaadeni	PlTer
Šotimaa	Šotimaades	PlIn
Šotimaa	Šotimaadesse	PlIll
Šotimaa	Šotimaadest	PlEl
Šotimaa	Šotimaadeta	PlAb
Šotimaa	Šotimaaga	SgKom
Šotimaa	Šotimaaks	SgTr
Šotimaa	Šotimaal	SgAd
Šotimaa	Šotimaale	SgAll
Šotimaa	Šotimaalt	SgAbl
Šotimaa	Šotimaana	SgEs
Šotimaa	Šotimaani	SgTer
Šotimaa	Šotimaas	SgIn
Šotimaa	Šotimaasid	PlP
Šotimaa	Šotimaasse	SgIll
Šotimaa	Šotimaast	SgEl
Šotimaa	Šotimaata	SgAb
Šotimaa	Šotimaid	PlP
Šotimaa	Šotimaiks	PlTr
Šotimaa	Šotimail	PlAd
Šotimaa	Šotimaile	PlAll
Šotimaa	Šotimailt	PlAbl
Šotimaa	Šotimais	PlIn
Šotimaa	Šotimaisse	PlIll
Šotimaa	Šotimaist	PlEl
Šoti mägiveis	Šoti mägiveis	SgN
Šoti mägiveis	Šoti mägiveise	SgG
Šoti mägiveis	Šoti mägiveised	PlN
Šoti mägiveis	Šoti mägiveisega	SgKom
Šoti mägiveis	Šoti mägiveiseid	PlP
Šoti mägiveis	Šoti mägiveiseks	SgTr
Šoti mägiveis	Šoti mägiveisel	SgAd
Šoti mägiveis	Šoti mägiveisele	SgAll
Šoti mägiveis	Šoti mägiveiselt	SgAbl
Šoti mägiveis	Šoti mägiveisena	SgEs
Šoti mägiveis	Šoti mägiveiseni	SgTer
Šoti mägiveis	Šoti mägiveises	SgIn
Šoti mägiveis	Šoti mägiveisesse	SgIll
Šoti mägiveis	Šoti mägiveisest	SgEl
Šoti mägiveis	Šoti mägiveiseta	SgAb
Šoti mägiveis	Šoti mägiveist	SgP
Šoti mägiveis	Šoti mägiveiste	PlG
Šoti mägiveis	Šoti mägiveistega	PlKom
Šoti mägiveis	Šoti mägiveisteks	PlTr
Šoti mägiveis	Šoti mägiveistel	PlAd
Šoti mägiveis	Šoti mägiveistele	PlAll
Šoti mägiveis	Šoti mägiveistelt	PlAbl
Šoti mägiveis	Šoti mägiveistena	PlEs
Šoti mägiveis	Šoti mägiveisteni	PlTer
Šoti mägiveis	Šoti mägiveistes	PlIn
Šoti mägiveis	Šoti mägiveistesse	PlIll
Šoti mägiveis	Šoti mägiveistest	PlEl
Šoti mägiveis	Šoti mägiveisteta	PlAb
šotiruuduline	šotiruuduline	SgN
šotiruuduline	šotiruudulise	SgG
šotiruuduline	šotiruudulised	PlN
šotiruuduline	šotiruudulisega	SgKom
šotiruuduline	šotiruuduliseks	SgTr
šotiruuduline	šotiruudulisel	SgAd
šotiruuduline	šotiruudulisele	SgAll
šotiruuduline	šotiruuduliselt	SgAbl
šotiruuduline	šotiruudulisena	SgEs
šotiruuduline	šotiruuduliseni	SgTer
šotiruuduline	šotiruudulises	SgIn
šotiruuduline	šotiruudulisesse	SgIll
šotiruuduline	šotiruudulisest	SgEl
šotiruuduline	šotiruuduliseta	SgAb
šotiruuduline	šotiruudulisi	PlP
šotiruuduline	šotiruudulisiks	PlTr
šotiruuduline	šotiruudulisil	PlAd
šotiruuduline	šotiruudulisile	PlAll
šotiruuduline	šotiruudulisilt	PlAbl
šotiruuduline	šotiruudulisis	PlIn
šotiruuduline	šotiruudulisisse	PlIll
šotiruuduline	šotiruudulisist	PlEl
šotiruuduline	šotiruudulisse	SgAdt
šotiruuduline	šotiruudulist	SgP
šotiruuduline	šotiruuduliste	PlG
šotiruuduline	šotiruudulistega	PlKom
šotiruuduline	šotiruudulisteks	PlTr
šotiruuduline	šotiruudulistel	PlAd
šotiruuduline	šotiruudulistele	PlAll
šotiruuduline	šotiruudulistelt	PlAbl
šotiruuduline	šotiruudulistena	PlEs
šotiruuduline	šotiruudulisteni	PlTer
šotiruuduline	šotiruudulistes	PlIn
šotiruuduline	šotiruudulistesse	PlIll
šotiruuduline	šotiruudulistest	PlEl
šotiruuduline	šotiruudulisteta	PlAb
Šoti seelik	Šoti seelik	SgN
Šoti seelik	Šoti seeliku	SgG
Šoti seelik	Šoti seelikud	PlN
Šoti seelik	Šoti seelikuga	SgKom
Šoti seelik	Šoti seelikuid	PlP
Šoti seelik	Šoti seelikuks	SgTr
Šoti seelik	Šoti seelikul	SgAd
Šoti seelik	Šoti seelikule	SgAll
Šoti seelik	Šoti seelikult	SgAbl
Šoti seelik	Šoti seelikuna	SgEs
Šoti seelik	Šoti seelikuni	SgTer
Šoti seelik	Šoti seelikus	SgIn
Šoti seelik	Šoti seelikusse	SgIll
Šoti seelik	Šoti seelikust	SgEl
Šoti seelik	Šoti seelikut	SgP
Šoti seelik	Šoti seelikuta	SgAb
Šoti seelik	Šoti seelikute	PlG
Šoti seelik	Šoti seelikutega	PlKom
Šoti seelik	Šoti seelikuteks	PlTr
Šoti seelik	Šoti seelikutel	PlAd
Šoti seelik	Šoti seelikutele	PlAll
Šoti seelik	Šoti seelikutelt	PlAbl
Šoti seelik	Šoti seelikutena	PlEs
Šoti seelik	Šoti seelikuteni	PlTer
Šoti seelik	Šoti seelikutes	PlIn
Šoti seelik	Šoti seelikutesse	PlIll
Šoti seelik	Šoti seelikutest	PlEl
Šoti seelik	Šoti seelikuteta	PlAb
Šoti terjer	Šoti terjer	SgN
Šoti terjer	Šoti terjereid	PlP
Šoti terjer	Šoti terjeri	SgG
Šoti terjer	Šoti terjerid	PlN
Šoti terjer	Šoti terjeriga	SgKom
Šoti terjer	Šoti terjeriks	SgTr
Šoti terjer	Šoti terjeril	SgAd
Šoti terjer	Šoti terjerile	SgAll
Šoti terjer	Šoti terjerilt	SgAbl
Šoti terjer	Šoti terjerina	SgEs
Šoti terjer	Šoti terjerini	SgTer
Šoti terjer	Šoti terjeris	SgIn
Šoti terjer	Šoti terjerisse	SgIll
Šoti terjer	Šoti terjerist	SgEl
Šoti terjer	Šoti terjerit	SgP
Šoti terjer	Šoti terjerita	SgAb
Šoti terjer	Šoti terjerite	PlG
Šoti terjer	Šoti terjeritega	PlKom
Šoti terjer	Šoti terjeriteks	PlTr
Šoti terjer	Šoti terjeritel	PlAd
Šoti terjer	Šoti terjeritele	PlAll
Šoti terjer	Šoti terjeritelt	PlAbl
Šoti terjer	Šoti terjeritena	PlEs
Šoti terjer	Šoti terjeriteni	PlTer
Šoti terjer	Šoti terjerites	PlIn
Šoti terjer	Šoti terjeritesse	PlIll
Šoti terjer	Šoti terjeritest	PlEl
Šoti terjer	Šoti terjeriteta	PlAb
šotlane	-	SgAdt
šotlane	šotlane	SgN
šotlane	šotlase	SgG
šotlane	šotlased	PlN
šotlane	šotlasega	SgKom
šotlane	šotlaseid	PlP
šotlane	šotlaseiks	PlTr
šotlane	šotlaseil	PlAd
šotlane	šotlaseile	PlAll
šotlane	šotlaseilt	PlAbl
šotlane	šotlaseis	PlIn
šotlane	šotlaseisse	PlIll
šotlane	šotlaseist	PlEl
šotlane	šotlaseks	SgTr
šotlane	šotlasel	SgAd
šotlane	šotlasele	SgAll
šotlane	šotlaselt	SgAbl
šotlane	šotlasena	SgEs
šotlane	šotlaseni	SgTer
šotlane	šotlases	SgIn
šotlane	šotlasesse	SgIll
šotlane	šotlasest	SgEl
šotlane	šotlaseta	SgAb
šotlane	šotlasi	PlP
šotlane	šotlasiks	PlTr
šotlane	šotlasil	PlAd
šotlane	šotlasile	PlAll
šotlane	šotlasilt	PlAbl
šotlane	šotlasis	PlIn
šotlane	šotlasisse	PlIll
šotlane	šotlasist	PlEl
šotlane	šotlasse	SgAdt
šotlane	šotlast	SgP
šotlane	šotlaste	PlG
šotlane	šotlastega	PlKom
šotlane	šotlasteks	PlTr
šotlane	šotlastel	PlAd
šotlane	šotlastele	PlAll
šotlane	šotlastelt	PlAbl
šotlane	šotlastena	PlEs
šotlane	šotlasteni	PlTer
šotlane	šotlastes	PlIn
šotlane	šotlastesse	PlIll
šotlane	šotlastest	PlEl
šotlane	šotlasteta	PlAb
šott	šoteks	PlTr
šott	šotel	PlAd
šott	šotele	PlAll
šott	šotelt	PlAbl
šott	šotes	PlIn
šott	šotesse	PlIll
šott	šotest	PlEl
šott	šoti	SgG
šott	šotid	PlN
šott	šotiga	SgKom
šott	šotiks	SgTr
šott	šotil	SgAd
šott	šotile	SgAll
šott	šotilt	SgAbl
šott	šotina	SgEs
šott	šotini	SgTer
šott	šotis	SgIn
šott	šotisse	SgIll
šott	šotist	SgEl
šott	šotita	SgAb
šott	šott	SgN
šott	šotte	PlP
šott	šotti	SgAdt
šott	šotti	SgP
šott	šottide	PlG
šott	šottidega	PlKom
šott	šottideks	PlTr
šott	šottidel	PlAd
šott	šottidele	PlAll
šott	šottidelt	PlAbl
šott	šottidena	PlEs
šott	šottideni	PlTer
šott	šottides	PlIn
šott	šottidesse	PlIll
šott	šottidest	PlEl
šott	šottideta	PlAb
šott	šottisid	PlP
šovinism	šovinism	SgN
šovinism	šovinisme	PlP
šovinism	šovinismeks	PlTr
šovinism	šovinismel	PlAd
šovinism	šovinismele	PlAll
šovinism	šovinismelt	PlAbl
šovinism	šovinismes	PlIn
šovinism	šovinismesse	PlIll
šovinism	šovinismest	PlEl
šovinism	šovinismi	SgAdt
šovinism	šovinismi	SgG
šovinism	šovinismi	SgP
šovinism	šovinismid	PlN
šovinism	šovinismide	PlG
šovinism	šovinismidega	PlKom
šovinism	šovinismideks	PlTr
šovinism	šovinismidel	PlAd
šovinism	šovinismidele	PlAll
šovinism	šovinismidelt	PlAbl
šovinism	šovinismidena	PlEs
šovinism	šovinismideni	PlTer
šovinism	šovinismides	PlIn
šovinism	šovinismidesse	PlIll
šovinism	šovinismidest	PlEl
šovinism	šovinismideta	PlAb
šovinism	šovinismiga	SgKom
šovinism	šovinismiks	SgTr
šovinism	šovinismil	SgAd
šovinism	šovinismile	SgAll
šovinism	šovinismilt	SgAbl
šovinism	šovinismina	SgEs
šovinism	šovinismini	SgTer
šovinism	šovinismis	SgIn
šovinism	šovinismisid	PlP
šovinism	šovinismisse	SgIll
šovinism	šovinismist	SgEl
šovinism	šovinismita	SgAb
šovinistlik	šovinistlik	SgN
šovinistlik	šovinistlike	PlG
šovinistlik	šovinistlikega	PlKom
šovinistlik	šovinistlikeks	PlTr
šovinistlik	šovinistlikel	PlAd
šovinistlik	šovinistlikele	PlAll
šovinistlik	šovinistlikelt	PlAbl
šovinistlik	šovinistlikena	PlEs
šovinistlik	šovinistlikeni	PlTer
šovinistlik	šovinistlikes	PlIn
šovinistlik	šovinistlikesse	PlIll
šovinistlik	šovinistlikest	PlEl
šovinistlik	šovinistliketa	PlAb
šovinistlik	šovinistlikke	PlP
šovinistlik	šovinistlikku	SgAdt
šovinistlik	šovinistlikku	SgP
šovinistlik	šovinistlikkude	PlG
šovinistlik	šovinistlikkudega	PlKom
šovinistlik	šovinistlikkudeks	PlTr
šovinistlik	šovinistlikkudel	PlAd
šovinistlik	šovinistlikkudele	PlAll
šovinistlik	šovinistlikkudelt	PlAbl
šovinistlik	šovinistlikkudena	PlEs
šovinistlik	šovinistlikkudeni	PlTer
šovinistlik	šovinistlikkudes	PlIn
šovinistlik	šovinistlikkudesse	PlIll
šovinistlik	šovinistlikkudest	PlEl
šovinistlik	šovinistlikkudeta	PlAb
šovinistlik	šovinistlikkusid	PlP
šovinistlik	šovinistliku	SgG
šovinistlik	šovinistlikud	PlN
šovinistlik	šovinistlikuga	SgKom
šovinistlik	šovinistlikuks	SgTr
šovinistlik	šovinistlikul	SgAd
šovinistlik	šovinistlikule	SgAll
šovinistlik	šovinistlikult	SgAbl
šovinistlik	šovinistlikuna	SgEs
šovinistlik	šovinistlikuni	SgTer
šovinistlik	šovinistlikus	SgIn
šovinistlik	šovinistlikusse	SgIll
šovinistlik	šovinistlikust	SgEl
šovinistlik	šovinistlikuta	SgAb
špits	špits	SgN
špits	špitse	PlP
špits	špitseks	PlTr
špits	špitsel	PlAd
špits	špitsele	PlAll
špits	špitselt	PlAbl
špits	špitses	PlIn
špits	špitsesse	PlIll
špits	špitsest	PlEl
špits	špitsi	SgAdt
špits	špitsi	SgG
špits	špitsi	SgP
špits	špitsid	PlN
špits	špitside	PlG
špits	špitsidega	PlKom
špits	špitsideks	PlTr
špits	špitsidel	PlAd
špits	špitsidele	PlAll
špits	špitsidelt	PlAbl
špits	špitsidena	PlEs
špits	špitsideni	PlTer
špits	špitsides	PlIn
špits	špitsidesse	PlIll
špits	špitsidest	PlEl
špits	špitsideta	PlAb
špits	špitsiga	SgKom
špits	špitsiks	SgTr
špits	špitsil	SgAd
špits	špitsile	SgAll
špits	špitsilt	SgAbl
špits	špitsina	SgEs
špits	špitsini	SgTer
špits	špitsis	SgIn
špits	špitsisid	PlP
špits	špitsisse	SgIll
špits	špitsist	SgEl
špits	špitsita	SgAb
šraag	šraag	SgN
šraag	šraage	PlP
šraag	šraageks	PlTr
šraag	šraagel	PlAd
šraag	šraagele	PlAll
šraag	šraagelt	PlAbl
šraag	šraages	PlIn
šraag	šraagesse	PlIll
šraag	šraagest	PlEl
šraag	šraagi	SgAdt
šraag	šraagi	SgG
šraag	šraagi	SgP
šraag	šraagid	PlN
šraag	šraagide	PlG
šraag	šraagidega	PlKom
šraag	šraagideks	PlTr
šraag	šraagidel	PlAd
šraag	šraagidele	PlAll
šraag	šraagidelt	PlAbl
šraag	šraagidena	PlEs
šraag	šraagideni	PlTer
šraag	šraagides	PlIn
šraag	šraagidesse	PlIll
šraag	šraagidest	PlEl
šraag	šraagideta	PlAb
šraag	šraagiga	SgKom
šraag	šraagiks	SgTr
šraag	šraagil	SgAd
šraag	šraagile	SgAll
šraag	šraagilt	SgAbl
šraag	šraagina	SgEs
šraag	šraagini	SgTer
šraag	šraagis	SgIn
šraag	šraagisid	PlP
šraag	šraagisse	SgIll
šraag	šraagist	SgEl
šraag	šraagita	SgAb
šrafuur	šrafuur	SgN
šrafuur	šrafuure	PlP
šrafuur	šrafuureks	PlTr
šrafuur	šrafuurel	PlAd
šrafuur	šrafuurele	PlAll
šrafuur	šrafuurelt	PlAbl
šrafuur	šrafuures	PlIn
šrafuur	šrafuuresse	PlIll
šrafuur	šrafuurest	PlEl
šrafuur	šrafuuri	SgAdt
šrafuur	šrafuuri	SgG
šrafuur	šrafuuri	SgP
šrafuur	šrafuurid	PlN
šrafuur	šrafuuride	PlG
šrafuur	šrafuuridega	PlKom
šrafuur	šrafuurideks	PlTr
šrafuur	šrafuuridel	PlAd
šrafuur	šrafuuridele	PlAll
šrafuur	šrafuuridelt	PlAbl
šrafuur	šrafuuridena	PlEs
šrafuur	šrafuurideni	PlTer
šrafuur	šrafuurides	PlIn
šrafuur	šrafuuridesse	PlIll
šrafuur	šrafuuridest	PlEl
šrafuur	šrafuurideta	PlAb
šrafuur	šrafuuriga	SgKom
šrafuur	šrafuuriks	SgTr
šrafuur	šrafuuril	SgAd
šrafuur	šrafuurile	SgAll
šrafuur	šrafuurilt	SgAbl
šrafuur	šrafuurina	SgEs
šrafuur	šrafuurini	SgTer
šrafuur	šrafuuris	SgIn
šrafuur	šrafuurisid	PlP
šrafuur	šrafuurisse	SgIll
šrafuur	šrafuurist	SgEl
šrafuur	šrafuurita	SgAb
šrapnell	šrapnell	SgN
šrapnell	šrapnelle	PlP
šrapnell	šrapnelleks	PlTr
šrapnell	šrapnellel	PlAd
šrapnell	šrapnellele	PlAll
šrapnell	šrapnellelt	PlAbl
šrapnell	šrapnelles	PlIn
šrapnell	šrapnellesse	PlIll
šrapnell	šrapnellest	PlEl
šrapnell	šrapnelli	SgAdt
šrapnell	šrapnelli	SgG
šrapnell	šrapnelli	SgP
šrapnell	šrapnellid	PlN
šrapnell	šrapnellide	PlG
šrapnell	šrapnellidega	PlKom
šrapnell	šrapnellideks	PlTr
šrapnell	šrapnellidel	PlAd
šrapnell	šrapnellidele	PlAll
šrapnell	šrapnellidelt	PlAbl
šrapnell	šrapnellidena	PlEs
šrapnell	šrapnellideni	PlTer
šrapnell	šrapnellides	PlIn
šrapnell	šrapnellidesse	PlIll
šrapnell	šrapnellidest	PlEl
šrapnell	šrapnellideta	PlAb
šrapnell	šrapnelliga	SgKom
šrapnell	šrapnelliks	SgTr
šrapnell	šrapnellil	SgAd
šrapnell	šrapnellile	SgAll
šrapnell	šrapnellilt	SgAbl
šrapnell	šrapnellina	SgEs
šrapnell	šrapnellini	SgTer
šrapnell	šrapnellis	SgIn
šrapnell	šrapnellisid	PlP
šrapnell	šrapnellisse	SgIll
šrapnell	šrapnellist	SgEl
šrapnell	šrapnellita	SgAb
šrapnellikild	šrapnellikild	SgN
šrapnellikild	šrapnellikilde	PlP
šrapnellikild	šrapnellikildu	SgAdt
šrapnellikild	šrapnellikildu	SgP
šrapnellikild	šrapnellikildude	PlG
šrapnellikild	šrapnellikildudega	PlKom
šrapnellikild	šrapnellikildudeks	PlTr
šrapnellikild	šrapnellikildudel	PlAd
šrapnellikild	šrapnellikildudele	PlAll
šrapnellikild	šrapnellikildudelt	PlAbl
šrapnellikild	šrapnellikildudena	PlEs
šrapnellikild	šrapnellikildudeni	PlTer
šrapnellikild	šrapnellikildudes	PlIn
šrapnellikild	šrapnellikildudesse	PlIll
šrapnellikild	šrapnellikildudest	PlEl
šrapnellikild	šrapnellikildudeta	PlAb
šrapnellikild	šrapnellikildusid	PlP
šrapnellikild	šrapnellikilleks	PlTr
šrapnellikild	šrapnellikillel	PlAd
šrapnellikild	šrapnellikillele	PlAll
šrapnellikild	šrapnellikillelt	PlAbl
šrapnellikild	šrapnellikilles	PlIn
šrapnellikild	šrapnellikillesse	PlIll
šrapnellikild	šrapnellikillest	PlEl
šrapnellikild	šrapnellikillu	SgG
šrapnellikild	šrapnellikillud	PlN
šrapnellikild	šrapnellikilluga	SgKom
šrapnellikild	šrapnellikilluks	SgTr
šrapnellikild	šrapnellikillul	SgAd
šrapnellikild	šrapnellikillule	SgAll
šrapnellikild	šrapnellikillult	SgAbl
šrapnellikild	šrapnellikilluna	SgEs
šrapnellikild	šrapnellikilluni	SgTer
šrapnellikild	šrapnellikillus	SgIn
šrapnellikild	šrapnellikillusse	SgIll
šrapnellikild	šrapnellikillust	SgEl
šrapnellikild	šrapnellikilluta	SgAb
šrift	šrift	SgN
šrift	šrifte	PlP
šrift	šrifteks	PlTr
šrift	šriftel	PlAd
šrift	šriftele	PlAll
šrift	šriftelt	PlAbl
šrift	šriftes	PlIn
šrift	šriftesse	PlIll
šrift	šriftest	PlEl
šrift	šrifti	SgAdt
šrift	šrifti	SgG
šrift	šrifti	SgP
šrift	šriftid	PlN
šrift	šriftide	PlG
šrift	šriftidega	PlKom
šrift	šriftideks	PlTr
šrift	šriftidel	PlAd
šrift	šriftidele	PlAll
šrift	šriftidelt	PlAbl
šrift	šriftidena	PlEs
šrift	šriftideni	PlTer
šrift	šriftides	PlIn
šrift	šriftidesse	PlIll
šrift	šriftidest	PlEl
šrift	šriftideta	PlAb
šrift	šriftiga	SgKom
šrift	šriftiks	SgTr
šrift	šriftil	SgAd
šrift	šriftile	SgAll
šrift	šriftilt	SgAbl
šrift	šriftina	SgEs
šrift	šriftini	SgTer
šrift	šriftis	SgIn
šrift	šriftisid	PlP
šrift	šriftisse	SgIll
šrift	šriftist	SgEl
šrift	šriftita	SgAb
šropšir	-	SgAdt
šropšir	šropšir	SgN
šropšir	šropšireid	PlP
šropšir	šropšireiks	PlTr
šropšir	šropšireil	PlAd
šropšir	šropšireile	PlAll
šropšir	šropšireilt	PlAbl
šropšir	šropšireis	PlIn
šropšir	šropšireisse	PlIll
šropšir	šropšireist	PlEl
šropšir	šropširi	SgG
šropšir	šropširid	PlN
šropšir	šropširiga	SgKom
šropšir	šropširiks	SgTr
šropšir	šropširil	SgAd
šropšir	šropširile	SgAll
šropšir	šropširilt	SgAbl
šropšir	šropširina	SgEs
šropšir	šropširini	SgTer
šropšir	šropširis	SgIn
šropšir	šropširisse	SgIll
šropšir	šropširist	SgEl
šropšir	šropširit	SgP
šropšir	šropširita	SgAb
šropšir	šropširite	PlG
šropšir	šropširitega	PlKom
šropšir	šropširiteks	PlTr
šropšir	šropširitel	PlAd
šropšir	šropširitele	PlAll
šropšir	šropširitelt	PlAbl
šropšir	šropširitena	PlEs
šropšir	šropširiteni	PlTer
šropšir	šropširites	PlIn
šropšir	šropširitesse	PlIll
šropšir	šropširitest	PlEl
šropšir	šropširiteta	PlAb
štrihh	štrihh	SgN
štrihh	štrihhe	PlP
štrihh	štrihheks	PlTr
štrihh	štrihhel	PlAd
štrihh	štrihhele	PlAll
štrihh	štrihhelt	PlAbl
štrihh	štrihhes	PlIn
štrihh	štrihhesse	PlIll
štrihh	štrihhest	PlEl
štrihh	štrihhi	SgAdt
štrihh	štrihhi	SgG
štrihh	štrihhi	SgP
štrihh	štrihhid	PlN
štrihh	štrihhide	PlG
štrihh	štrihhidega	PlKom
štrihh	štrihhideks	PlTr
štrihh	štrihhidel	PlAd
štrihh	štrihhidele	PlAll
štrihh	štrihhidelt	PlAbl
štrihh	štrihhidena	PlEs
štrihh	štrihhideni	PlTer
štrihh	štrihhides	PlIn
štrihh	štrihhidesse	PlIll
štrihh	štrihhidest	PlEl
štrihh	štrihhideta	PlAb
štrihh	štrihhiga	SgKom
štrihh	štrihhiks	SgTr
štrihh	štrihhil	SgAd
štrihh	štrihhile	SgAll
štrihh	štrihhilt	SgAbl
štrihh	štrihhina	SgEs
štrihh	štrihhini	SgTer
štrihh	štrihhis	SgIn
štrihh	štrihhisid	PlP
štrihh	štrihhisse	SgIll
štrihh	štrihhist	SgEl
štrihh	štrihhita	SgAb
šungiit	šungiideks	PlTr
šungiit	šungiidel	PlAd
šungiit	šungiidele	PlAll
šungiit	šungiidelt	PlAbl
šungiit	šungiides	PlIn
šungiit	šungiidesse	PlIll
šungiit	šungiidest	PlEl
šungiit	šungiidi	SgG
šungiit	šungiidid	PlN
šungiit	šungiidiga	SgKom
šungiit	šungiidiks	SgTr
šungiit	šungiidil	SgAd
šungiit	šungiidile	SgAll
šungiit	šungiidilt	SgAbl
šungiit	šungiidina	SgEs
šungiit	šungiidini	SgTer
šungiit	šungiidis	SgIn
šungiit	šungiidisse	SgIll
šungiit	šungiidist	SgEl
šungiit	šungiidita	SgAb
šungiit	šungiit	SgN
šungiit	šungiite	PlP
šungiit	šungiiti	SgAdt
šungiit	šungiiti	SgP
šungiit	šungiitide	PlG
šungiit	šungiitidega	PlKom
šungiit	šungiitideks	PlTr
šungiit	šungiitidel	PlAd
šungiit	šungiitidele	PlAll
šungiit	šungiitidelt	PlAbl
šungiit	šungiitidena	PlEs
šungiit	šungiitideni	PlTer
šungiit	šungiitides	PlIn
šungiit	šungiitidesse	PlIll
šungiit	šungiitidest	PlEl
šungiit	šungiitideta	PlAb
šungiit	šungiitisid	PlP
šunt	šundeks	PlTr
šunt	šundel	PlAd
šunt	šundele	PlAll
šunt	šundelt	PlAbl
šunt	šundes	PlIn
šunt	šundesse	PlIll
šunt	šundest	PlEl
šunt	šundi	SgG
šunt	šundid	PlN
šunt	šundiga	SgKom
šunt	šundiks	SgTr
šunt	šundil	SgAd
šunt	šundile	SgAll
šunt	šundilt	SgAbl
šunt	šundina	SgEs
šunt	šundini	SgTer
šunt	šundis	SgIn
šunt	šundisse	SgIll
šunt	šundist	SgEl
šunt	šundita	SgAb
šunt	šunt	SgN
šunt	šunte	PlP
šunt	šunti	SgAdt
šunt	šunti	SgP
šunt	šuntide	PlG
šunt	šuntidega	PlKom
šunt	šuntideks	PlTr
šunt	šuntidel	PlAd
šunt	šuntidele	PlAll
šunt	šuntidelt	PlAbl
šunt	šuntidena	PlEs
šunt	šuntideni	PlTer
šunt	šuntides	PlIn
šunt	šuntidesse	PlIll
šunt	šuntidest	PlEl
šunt	šuntideta	PlAb
šunt	šuntisid	PlP
šunteerima	šunteeri	ImpPrSg2
šunteerima	šunteeri	IndPrPs_
šunteerima	šunteerib	IndPrSg3
šunteerima	šunteerid	IndPrSg2
šunteerima	šunteerida	Inf
šunteerima	šunteerides	Ger
šunteerima	šunteerige	ImpPrPl2
šunteerima	šunteerigem	ImpPrPl1
šunteerima	šunteerigu	ImpPrPs
šunteerima	šunteeriks	KndPrPs
šunteerima	šunteeriksid	KndPrPl3
šunteerima	šunteeriksid	KndPrSg2
šunteerima	šunteeriksime	KndPrPl1
šunteerima	šunteeriksin	KndPrSg1
šunteerima	šunteeriksite	KndPrPl2
šunteerima	šunteerima	Sup
šunteerima	šunteerimaks	SupTr
šunteerima	šunteerimas	SupIn
šunteerima	šunteerimast	SupEl
šunteerima	šunteerimata	SupAb
šunteerima	šunteerime	IndPrPl1
šunteerima	šunteerin	IndPrSg1
šunteerima	šunteerinud	PtsPtPs
šunteerima	šunteerinud	PtsPtPsNeg
šunteerima	šunteerinuks	KndPtPs
šunteerima	šunteerinuksid	KndPtPl3
šunteerima	šunteerinuksid	KndPtSg2
šunteerima	šunteerinuksime	KndPtPl1
šunteerima	šunteerinuksin	KndPtSg1
šunteerima	šunteerinuksite	KndPtPl2
šunteerima	šunteerinuvat	KvtPtPs
šunteerima	šunteeris	IndIpfSg3
šunteerima	šunteerisid	IndIpfPl3
šunteerima	šunteerisid	IndIpfSg2
šunteerima	šunteerisime	IndIpfPl1
šunteerima	šunteerisin	IndIpfSg1
šunteerima	šunteerisite	IndIpfPl2
šunteerima	šunteerita	IndPrIps_
šunteerima	šunteeritagu	ImpPrIps
šunteerima	šunteeritaks	KndPrIps
šunteerima	šunteeritakse	IndPrIps
šunteerima	šunteeritama	SupIps
šunteerima	šunteeritav	PtsPrIps
šunteerima	šunteeritavat	KvtPrIps
šunteerima	šunteerite	IndPrPl2
šunteerima	šunteeriti	IndIpfIps
šunteerima	šunteeritud	PtsPtIps
šunteerima	šunteeritud	PtsPtIpsNeg
šunteerima	šunteerituks	KndPtIps
šunteerima	šunteerituvat	KvtPtIps
šunteerima	šunteeriv	PtsPrPs
šunteerima	šunteerivad	IndPrPl3
šunteerima	šunteerivat	KvtPrPs
šuntima	šundi	ImpPrSg2
šuntima	šundi	IndPrPs_
šuntima	šundib	IndPrSg3
šuntima	šundid	IndPrSg2
šuntima	šundiks	KndPrPs
šuntima	šundiksid	KndPrPl3
šuntima	šundiksid	KndPrSg2
šuntima	šundiksime	KndPrPl1
šuntima	šundiksin	KndPrSg1
šuntima	šundiksite	KndPrPl2
šuntima	šundime	IndPrPl1
šuntima	šundin	IndPrSg1
šuntima	šundita	IndPrIps_
šuntima	šunditagu	ImpPrIps
šuntima	šunditaks	KndPrIps
šuntima	šunditakse	IndPrIps
šuntima	šunditama	SupIps
šuntima	šunditav	PtsPrIps
šuntima	šunditavat	KvtPrIps
šuntima	šundite	IndPrPl2
šuntima	šunditi	IndIpfIps
šuntima	šunditud	PtsPtIps
šuntima	šunditud	PtsPtIpsNeg
šuntima	šundituks	KndPtIps
šuntima	šundituvat	KvtPtIps
šuntima	šundivad	IndPrPl3
šuntima	šuntida	Inf
šuntima	šuntides	Ger
šuntima	šuntige	ImpPrPl2
šuntima	šuntigem	ImpPrPl1
šuntima	šuntigu	ImpPrPs
šuntima	šuntima	Sup
šuntima	šuntimaks	SupTr
šuntima	šuntimas	SupIn
šuntima	šuntimast	SupEl
šuntima	šuntimata	SupAb
šuntima	šuntinud	PtsPtPs
šuntima	šuntinud	PtsPtPsNeg
šuntima	šuntinuks	KndPtPs
šuntima	šuntinuksid	KndPtPl3
šuntima	šuntinuksid	KndPtSg2
šuntima	šuntinuksime	KndPtPl1
šuntima	šuntinuksin	KndPtSg1
šuntima	šuntinuksite	KndPtPl2
šuntima	šuntinuvat	KvtPtPs
šuntima	šuntis	IndIpfSg3
šuntima	šuntisid	IndIpfPl3
šuntima	šuntisid	IndIpfSg2
šuntima	šuntisime	IndIpfPl1
šuntima	šuntisin	IndIpfSg1
šuntima	šuntisite	IndIpfPl2
šuntima	šuntiv	PtsPrPs
šuntima	šuntivat	KvtPrPs
šurf	šurf	SgN
šurf	šurfe	PlP
šurf	šurfeks	PlTr
šurf	šurfel	PlAd
šurf	šurfele	PlAll
šurf	šurfelt	PlAbl
šurf	šurfes	PlIn
šurf	šurfesse	PlIll
šurf	šurfest	PlEl
šurf	šurfi	SgAdt
šurf	šurfi	SgG
šurf	šurfi	SgP
šurf	šurfid	PlN
šurf	šurfide	PlG
šurf	šurfidega	PlKom
šurf	šurfideks	PlTr
šurf	šurfidel	PlAd
šurf	šurfidele	PlAll
šurf	šurfidelt	PlAbl
šurf	šurfidena	PlEs
šurf	šurfideni	PlTer
šurf	šurfides	PlIn
šurf	šurfidesse	PlIll
šurf	šurfidest	PlEl
šurf	šurfideta	PlAb
šurf	šurfiga	SgKom
šurf	šurfiks	SgTr
šurf	šurfil	SgAd
šurf	šurfile	SgAll
šurf	šurfilt	SgAbl
šurf	šurfina	SgEs
šurf	šurfini	SgTer
šurf	šurfis	SgIn
šurf	šurfisid	PlP
šurf	šurfisse	SgIll
šurf	šurfist	SgEl
šurf	šurfita	SgAb
šuudra	-	SgAdt
šuudra	šuudra	SgG
šuudra	šuudra	SgN
šuudra	šuudrad	PlN
šuudra	šuudraga	SgKom
šuudra	šuudraid	PlP
šuudra	šuudraiks	PlTr
šuudra	šuudrail	PlAd
šuudra	šuudraile	PlAll
šuudra	šuudrailt	PlAbl
šuudra	šuudrais	PlIn
šuudra	šuudraisse	PlIll
šuudra	šuudraist	PlEl
šuudra	šuudraks	SgTr
šuudra	šuudral	SgAd
šuudra	šuudrale	SgAll
šuudra	šuudralt	SgAbl
šuudra	šuudrana	SgEs
šuudra	šuudrani	SgTer
šuudra	šuudras	SgIn
šuudra	šuudrasse	SgIll
šuudra	šuudrast	SgEl
šuudra	šuudrat	SgP
šuudra	šuudrata	SgAb
šuudra	šuudrate	PlG
šuudra	šuudratega	PlKom
šuudra	šuudrateks	PlTr
šuudra	šuudratel	PlAd
šuudra	šuudratele	PlAll
šuudra	šuudratelt	PlAbl
šuudra	šuudratena	PlEs
šuudra	šuudrateni	PlTer
šuudra	šuudrates	PlIn
šuudra	šuudratesse	PlIll
šuudra	šuudratest	PlEl
šuudra	šuudrateta	PlAb
švaa	-	SgAdt
švaa	švaa	SgG
švaa	švaa	SgN
švaa	švaad	PlN
švaa	švaad	SgP
švaa	švaade	PlG
švaa	švaadega	PlKom
švaa	švaadeks	PlTr
švaa	švaadel	PlAd
švaa	švaadele	PlAll
švaa	švaadelt	PlAbl
švaa	švaadena	PlEs
švaa	švaadeni	PlTer
švaa	švaades	PlIn
švaa	švaadesse	PlIll
švaa	švaadest	PlEl
švaa	švaadeta	PlAb
švaa	švaaga	SgKom
švaa	švaaks	SgTr
švaa	švaal	SgAd
švaa	švaale	SgAll
švaa	švaalt	SgAbl
švaa	švaana	SgEs
švaa	švaani	SgTer
švaa	švaas	SgIn
švaa	švaasid	PlP
švaa	švaasse	SgIll
švaa	švaast	SgEl
švaa	švaata	SgAb
švaab	švaab	SgN
švaab	švaabe	PlP
švaab	švaabeks	PlTr
švaab	švaabel	PlAd
švaab	švaabele	PlAll
švaab	švaabelt	PlAbl
švaab	švaabes	PlIn
švaab	švaabesse	PlIll
švaab	švaabest	PlEl
švaab	švaabi	SgAdt
švaab	švaabi	SgG
švaab	švaabi	SgP
švaab	švaabid	PlN
švaab	švaabide	PlG
švaab	švaabidega	PlKom
švaab	švaabideks	PlTr
švaab	švaabidel	PlAd
švaab	švaabidele	PlAll
švaab	švaabidelt	PlAbl
švaab	švaabidena	PlEs
švaab	švaabideni	PlTer
švaab	švaabides	PlIn
švaab	švaabidesse	PlIll
švaab	švaabidest	PlEl
švaab	švaabideta	PlAb
švaab	švaabiga	SgKom
švaab	švaabiks	SgTr
švaab	švaabil	SgAd
švaab	švaabile	SgAll
švaab	švaabilt	SgAbl
švaab	švaabina	SgEs
švaab	švaabini	SgTer
švaab	švaabis	SgIn
švaab	švaabisid	PlP
švaab	švaabisse	SgIll
švaab	švaabist	SgEl
švaab	švaabita	SgAb
Švaabimaa	Švaabimaa	SgAdt
Švaabimaa	Švaabimaa	SgG
Švaabimaa	Švaabimaa	SgN
Švaabimaa	Švaabimaad	PlN
Švaabimaa	Švaabimaad	SgP
Švaabimaa	Švaabimaade	PlG
Švaabimaa	Švaabimaadega	PlKom
Švaabimaa	Švaabimaadeks	PlTr
Švaabimaa	Švaabimaadel	PlAd
Švaabimaa	Švaabimaadele	PlAll
Švaabimaa	Švaabimaadelt	PlAbl
Švaabimaa	Švaabimaadena	PlEs
Švaabimaa	Švaabimaadeni	PlTer
Švaabimaa	Švaabimaades	PlIn
Švaabimaa	Švaabimaadesse	PlIll
Švaabimaa	Švaabimaadest	PlEl
Švaabimaa	Švaabimaadeta	PlAb
Švaabimaa	Švaabimaaga	SgKom
Švaabimaa	Švaabimaaks	SgTr
Švaabimaa	Švaabimaal	SgAd
Švaabimaa	Švaabimaale	SgAll
Švaabimaa	Švaabimaalt	SgAbl
Švaabimaa	Švaabimaana	SgEs
Švaabimaa	Švaabimaani	SgTer
Švaabimaa	Švaabimaas	SgIn
Švaabimaa	Švaabimaasid	PlP
Švaabimaa	Švaabimaasse	SgIll
Švaabimaa	Švaabimaast	SgEl
Švaabimaa	Švaabimaata	SgAb
Švaabimaa	Švaabimaid	PlP
Švaabimaa	Švaabimaiks	PlTr
Švaabimaa	Švaabimail	PlAd
Švaabimaa	Švaabimaile	PlAll
Švaabimaa	Švaabimailt	PlAbl
Švaabimaa	Švaabimais	PlIn
Švaabimaa	Švaabimaisse	PlIll
Švaabimaa	Švaabimaist	PlEl
švaavokaal	švaavokaal	SgN
švaavokaal	švaavokaale	PlP
švaavokaal	švaavokaaleks	PlTr
švaavokaal	švaavokaalel	PlAd
švaavokaal	švaavokaalele	PlAll
švaavokaal	švaavokaalelt	PlAbl
švaavokaal	švaavokaales	PlIn
švaavokaal	švaavokaalesse	PlIll
švaavokaal	švaavokaalest	PlEl
švaavokaal	švaavokaali	SgAdt
švaavokaal	švaavokaali	SgG
švaavokaal	švaavokaali	SgP
švaavokaal	švaavokaalid	PlN
švaavokaal	švaavokaalide	PlG
švaavokaal	švaavokaalidega	PlKom
švaavokaal	švaavokaalideks	PlTr
švaavokaal	švaavokaalidel	PlAd
švaavokaal	švaavokaalidele	PlAll
švaavokaal	švaavokaalidelt	PlAbl
švaavokaal	švaavokaalidena	PlEs
švaavokaal	švaavokaalideni	PlTer
švaavokaal	švaavokaalides	PlIn
švaavokaal	švaavokaalidesse	PlIll
švaavokaal	švaavokaalidest	PlEl
švaavokaal	švaavokaalideta	PlAb
švaavokaal	švaavokaaliga	SgKom
švaavokaal	švaavokaaliks	SgTr
švaavokaal	švaavokaalil	SgAd
švaavokaal	švaavokaalile	SgAll
švaavokaal	švaavokaalilt	SgAbl
švaavokaal	švaavokaalina	SgEs
švaavokaal	švaavokaalini	SgTer
švaavokaal	švaavokaalis	SgIn
švaavokaal	švaavokaalisid	PlP
švaavokaal	švaavokaalisse	SgIll
švaavokaal	švaavokaalist	SgEl
švaavokaal	švaavokaalita	SgAb
švamm	švamm	SgN
švamm	švamme	PlP
švamm	švammeks	PlTr
švamm	švammel	PlAd
švamm	švammele	PlAll
švamm	švammelt	PlAbl
švamm	švammes	PlIn
švamm	švammesse	PlIll
švamm	švammest	PlEl
švamm	švammi	SgAdt
švamm	švammi	SgG
švamm	švammi	SgP
švamm	švammid	PlN
švamm	švammide	PlG
švamm	švammidega	PlKom
švamm	švammideks	PlTr
švamm	švammidel	PlAd
švamm	švammidele	PlAll
švamm	švammidelt	PlAbl
švamm	švammidena	PlEs
švamm	švammideni	PlTer
švamm	švammides	PlIn
švamm	švammidesse	PlIll
švamm	švammidest	PlEl
švamm	švammideta	PlAb
švamm	švammiga	SgKom
švamm	švammiks	SgTr
švamm	švammil	SgAd
švamm	švammile	SgAll
švamm	švammilt	SgAbl
švamm	švammina	SgEs
švamm	švammini	SgTer
švamm	švammis	SgIn
švamm	švammisid	PlP
švamm	švammisse	SgIll
švamm	švammist	SgEl
švamm	švammita	SgAb
švank	švangeks	PlTr
švank	švangel	PlAd
švank	švangele	PlAll
švank	švangelt	PlAbl
švank	švanges	PlIn
švank	švangesse	PlIll
švank	švangest	PlEl
švank	švangi	SgG
švank	švangid	PlN
švank	švangiga	SgKom
švank	švangiks	SgTr
švank	švangil	SgAd
švank	švangile	SgAll
švank	švangilt	SgAbl
švank	švangina	SgEs
švank	švangini	SgTer
švank	švangis	SgIn
švank	švangisse	SgIll
švank	švangist	SgEl
švank	švangita	SgAb
švank	švank	SgN
švank	švanke	PlP
švank	švanki	SgAdt
švank	švanki	SgP
švank	švankide	PlG
švank	švankidega	PlKom
švank	švankideks	PlTr
švank	švankidel	PlAd
švank	švankidele	PlAll
švank	švankidelt	PlAbl
švank	švankidena	PlEs
švank	švankideni	PlTer
švank	švankides	PlIn
švank	švankidesse	PlIll
švank	švankidest	PlEl
švank	švankideta	PlAb
švank	švankisid	PlP
Šveits	Šveits	SgN
Šveits	Šveitse	PlP
Šveits	Šveitseks	PlTr
Šveits	Šveitsel	PlAd
Šveits	Šveitsele	PlAll
Šveits	Šveitselt	PlAbl
Šveits	Šveitses	PlIn
Šveits	Šveitsesse	PlIll
Šveits	Šveitsest	PlEl
Šveits	Šveitsi	SgAdt
Šveits	Šveitsi	SgG
Šveits	Šveitsi	SgP
Šveits	Šveitsid	PlN
Šveits	Šveitside	PlG
Šveits	Šveitsidega	PlKom
Šveits	Šveitsideks	PlTr
Šveits	Šveitsidel	PlAd
Šveits	Šveitsidele	PlAll
Šveits	Šveitsidelt	PlAbl
Šveits	Šveitsidena	PlEs
Šveits	Šveitsideni	PlTer
Šveits	Šveitsides	PlIn
Šveits	Šveitsidesse	PlIll
Šveits	Šveitsidest	PlEl
Šveits	Šveitsideta	PlAb
Šveits	Šveitsiga	SgKom
Šveits	Šveitsiks	SgTr
Šveits	Šveitsil	SgAd
Šveits	Šveitsile	SgAll
Šveits	Šveitsilt	SgAbl
Šveits	Šveitsina	SgEs
Šveits	Šveitsini	SgTer
Šveits	Šveitsis	SgIn
Šveits	Šveitsisid	PlP
Šveits	Šveitsisse	SgIll
Šveits	Šveitsist	SgEl
Šveits	Šveitsita	SgAb
šveitser	-	SgAdt
šveitser	šveitser	SgN
šveitser	šveitsereid	PlP
šveitser	šveitsereiks	PlTr
šveitser	šveitsereil	PlAd
šveitser	šveitsereile	PlAll
šveitser	šveitsereilt	PlAbl
šveitser	šveitsereis	PlIn
šveitser	šveitsereisse	PlIll
šveitser	šveitsereist	PlEl
šveitser	šveitseri	SgG
šveitser	šveitserid	PlN
šveitser	šveitseriga	SgKom
šveitser	šveitseriks	SgTr
šveitser	šveitseril	SgAd
šveitser	šveitserile	SgAll
šveitser	šveitserilt	SgAbl
šveitser	šveitserina	SgEs
šveitser	šveitserini	SgTer
šveitser	šveitseris	SgIn
šveitser	šveitserisse	SgIll
šveitser	šveitserist	SgEl
šveitser	šveitserit	SgP
šveitser	šveitserita	SgAb
šveitser	šveitserite	PlG
šveitser	šveitseritega	PlKom
šveitser	šveitseriteks	PlTr
šveitser	šveitseritel	PlAd
šveitser	šveitseritele	PlAll
šveitser	šveitseritelt	PlAbl
šveitser	šveitseritena	PlEs
šveitser	šveitseriteni	PlTer
šveitser	šveitserites	PlIn
šveitser	šveitseritesse	PlIll
šveitser	šveitseritest	PlEl
šveitser	šveitseriteta	PlAb
Šveitsi nuga	Šveitsi noa	SgG
Šveitsi nuga	Šveitsi noad	PlN
Šveitsi nuga	Šveitsi noaga	SgKom
Šveitsi nuga	Šveitsi noaks	SgTr
Šveitsi nuga	Šveitsi noal	SgAd
Šveitsi nuga	Šveitsi noale	SgAll
Šveitsi nuga	Šveitsi noalt	SgAbl
Šveitsi nuga	Šveitsi noana	SgEs
Šveitsi nuga	Šveitsi noani	SgTer
Šveitsi nuga	Šveitsi noas	SgIn
Šveitsi nuga	Šveitsi noasse	SgIll
Šveitsi nuga	Šveitsi noast	SgEl
Šveitsi nuga	Šveitsi noata	SgAb
Šveitsi nuga	Šveitsi nuga	SgN
Šveitsi nuga	Šveitsi nuga	SgP
Šveitsi nuga	Šveitsi nugade	PlG
Šveitsi nuga	Šveitsi nugadega	PlKom
Šveitsi nuga	Šveitsi nugadeks	PlTr
Šveitsi nuga	Šveitsi nugadel	PlAd
Šveitsi nuga	Šveitsi nugadele	PlAll
Šveitsi nuga	Šveitsi nugadelt	PlAbl
Šveitsi nuga	Šveitsi nugadena	PlEs
Šveitsi nuga	Šveitsi nugadeni	PlTer
Šveitsi nuga	Šveitsi nugades	PlIn
Šveitsi nuga	Šveitsi nugadesse	PlIll
Šveitsi nuga	Šveitsi nugadest	PlEl
Šveitsi nuga	Šveitsi nugadeta	PlAb
Šveitsi nuga	Šveitsi nugasid	PlP
Šveitsi nuga	Šveitsi nuge	PlP
šveitslane	-	SgAdt
šveitslane	šveitslane	SgN
šveitslane	šveitslase	SgG
šveitslane	šveitslased	PlN
šveitslane	šveitslasega	SgKom
šveitslane	šveitslaseid	PlP
šveitslane	šveitslaseiks	PlTr
šveitslane	šveitslaseil	PlAd
šveitslane	šveitslaseile	PlAll
šveitslane	šveitslaseilt	PlAbl
šveitslane	šveitslaseis	PlIn
šveitslane	šveitslaseisse	PlIll
šveitslane	šveitslaseist	PlEl
šveitslane	šveitslaseks	SgTr
šveitslane	šveitslasel	SgAd
šveitslane	šveitslasele	SgAll
šveitslane	šveitslaselt	SgAbl
šveitslane	šveitslasena	SgEs
šveitslane	šveitslaseni	SgTer
šveitslane	šveitslases	SgIn
šveitslane	šveitslasesse	SgIll
šveitslane	šveitslasest	SgEl
šveitslane	šveitslaseta	SgAb
šveitslane	šveitslasi	PlP
šveitslane	šveitslasiks	PlTr
šveitslane	šveitslasil	PlAd
šveitslane	šveitslasile	PlAll
šveitslane	šveitslasilt	PlAbl
šveitslane	šveitslasis	PlIn
šveitslane	šveitslasisse	PlIll
šveitslane	šveitslasist	PlEl
šveitslane	šveitslasse	SgAdt
šveitslane	šveitslast	SgP
šveitslane	šveitslaste	PlG
šveitslane	šveitslastega	PlKom
šveitslane	šveitslasteks	PlTr
šveitslane	šveitslastel	PlAd
šveitslane	šveitslastele	PlAll
šveitslane	šveitslastelt	PlAbl
šveitslane	šveitslastena	PlEs
šveitslane	šveitslasteni	PlTer
šveitslane	šveitslastes	PlIn
šveitslane	šveitslastesse	PlIll
šveitslane	šveitslastest	PlEl
šveitslane	šveitslasteta	PlAb
šviitsi veis	šviitsi veis	SgN
šviitsi veis	šviitsi veise	SgG
šviitsi veis	šviitsi veised	PlN
šviitsi veis	šviitsi veisega	SgKom
šviitsi veis	šviitsi veiseid	PlP
šviitsi veis	šviitsi veiseks	SgTr
šviitsi veis	šviitsi veisel	SgAd
šviitsi veis	šviitsi veisele	SgAll
šviitsi veis	šviitsi veiselt	SgAbl
šviitsi veis	šviitsi veisena	SgEs
šviitsi veis	šviitsi veiseni	SgTer
šviitsi veis	šviitsi veises	SgIn
šviitsi veis	šviitsi veisesse	SgIll
šviitsi veis	šviitsi veisest	SgEl
šviitsi veis	šviitsi veiseta	SgAb
šviitsi veis	šviitsi veist	SgP
šviitsi veis	šviitsi veiste	PlG
šviitsi veis	šviitsi veistega	PlKom
šviitsi veis	šviitsi veisteks	PlTr
šviitsi veis	šviitsi veistel	PlAd
šviitsi veis	šviitsi veistele	PlAll
šviitsi veis	šviitsi veistelt	PlAbl
šviitsi veis	šviitsi veistena	PlEs
šviitsi veis	šviitsi veisteni	PlTer
šviitsi veis	šviitsi veistes	PlIn
šviitsi veis	šviitsi veistesse	PlIll
šviitsi veis	šviitsi veistest	PlEl
šviitsi veis	šviitsi veisteta	PlAb
švips	švips	SgN
švips	švipse	PlP
švips	švipseks	PlTr
švips	švipsel	PlAd
švips	švipsele	PlAll
švips	švipselt	PlAbl
švips	švipses	PlIn
švips	švipsesse	PlIll
švips	švipsest	PlEl
švips	švipsi	SgAdt
švips	švipsi	SgG
švips	švipsi	SgP
švips	švipsid	PlN
švips	švipside	PlG
švips	švipsidega	PlKom
švips	švipsideks	PlTr
švips	švipsidel	PlAd
švips	švipsidele	PlAll
švips	švipsidelt	PlAbl
švips	švipsidena	PlEs
švips	švipsideni	PlTer
švips	švipsides	PlIn
švips	švipsidesse	PlIll
švips	švipsidest	PlEl
švips	švipsideta	PlAb
švips	švipsiga	SgKom
švips	švipsiks	SgTr
švips	švipsil	SgAd
švips	švipsile	SgAll
švips	švipsilt	SgAbl
švips	švipsina	SgEs
švips	švipsini	SgTer
švips	švipsis	SgIn
švips	švipsisid	PlP
švips	švipsisse	SgIll
švips	švipsist	SgEl
švips	švipsita	SgAb
švipsi	švipsi	ID
švipsis	švipsis	ID
šõu	-	SgAdt
šõu	šõu	SgG
šõu	šõu	SgN
šõu	šõud	PlN
šõu	šõud	SgP
šõu	šõude	PlG
šõu	šõudega	PlKom
šõu	šõudeks	PlTr
šõu	šõudel	PlAd
šõu	šõudele	PlAll
šõu	šõudelt	PlAbl
šõu	šõudena	PlEs
šõu	šõudeni	PlTer
šõu	šõudes	PlIn
šõu	šõudesse	PlIll
šõu	šõudest	PlEl
šõu	šõudeta	PlAb
šõu	šõuga	SgKom
šõu	šõuks	SgTr
šõu	šõul	SgAd
šõu	šõule	SgAll
šõu	šõult	SgAbl
šõu	šõuna	SgEs
šõu	šõuni	SgTer
šõu	šõus	SgIn
šõu	šõusid	PlP
šõu	šõusse	SgIll
šõu	šõust	SgEl
šõu	šõuta	SgAb
šõumees	-	SgAdt
šõumees	šõumees	SgN
šõumees	šõumeest	SgP
šõumees	šõumeeste	PlG
šõumees	šõumeestega	PlKom
šõumees	šõumeesteks	PlTr
šõumees	šõumeestel	PlAd
šõumees	šõumeestele	PlAll
šõumees	šõumeestelt	PlAbl
šõumees	šõumeestena	PlEs
šõumees	šõumeesteni	PlTer
šõumees	šõumeestes	PlIn
šõumees	šõumeestesse	PlIll
šõumees	šõumeestest	PlEl
šõumees	šõumeesteta	PlAb
šõumees	šõumehe	SgG
šõumees	šõumehed	PlN
šõumees	šõumehega	SgKom
šõumees	šõumeheks	SgTr
šõumees	šõumehel	SgAd
šõumees	šõumehele	SgAll
šõumees	šõumehelt	SgAbl
šõumees	šõumehena	SgEs
šõumees	šõumeheni	SgTer
šõumees	šõumehes	SgIn
šõumees	šõumehesse	SgIll
šõumees	šõumehest	SgEl
šõumees	šõumeheta	SgAb
šõumees	šõumehi	PlP
šõumees	šõumehiks	PlTr
šõumees	šõumehil	PlAd
šõumees	šõumehile	PlAll
šõumees	šõumehilt	PlAbl
šõumees	šõumehis	PlIn
šõumees	šõumehisse	PlIll
šõumees	šõumehist	PlEl
šabloonsus	-	SgAdt
šabloonsus	šabloonsus	SgN
šabloonsus	šabloonsuse	SgG
šabloonsus	šabloonsused	PlN
šabloonsus	šabloonsusega	SgKom
šabloonsus	šabloonsuseid	PlP
šabloonsus	šabloonsuseiks	PlTr
šabloonsus	šabloonsuseil	PlAd
šabloonsus	šabloonsuseile	PlAll
šabloonsus	šabloonsuseilt	PlAbl
šabloonsus	šabloonsuseis	PlIn
šabloonsus	šabloonsuseisse	PlIll
šabloonsus	šabloonsuseist	PlEl
šabloonsus	šabloonsuseks	SgTr
šabloonsus	šabloonsusel	SgAd
šabloonsus	šabloonsusele	SgAll
šabloonsus	šabloonsuselt	SgAbl
šabloonsus	šabloonsusena	SgEs
šabloonsus	šabloonsuseni	SgTer
šabloonsus	šabloonsuses	SgIn
šabloonsus	šabloonsusesse	SgIll
šabloonsus	šabloonsusest	SgEl
šabloonsus	šabloonsuseta	SgAb
šabloonsus	šabloonsusi	PlP
šabloonsus	šabloonsusiks	PlTr
šabloonsus	šabloonsusil	PlAd
šabloonsus	šabloonsusile	PlAll
šabloonsus	šabloonsusilt	PlAbl
šabloonsus	šabloonsusis	PlIn
šabloonsus	šabloonsusisse	PlIll
šabloonsus	šabloonsusist	PlEl
šabloonsus	šabloonsusse	SgAdt
šabloonsus	šabloonsust	SgP
šabloonsus	šabloonsuste	PlG
šabloonsus	šabloonsustega	PlKom
šabloonsus	šabloonsusteks	PlTr
šabloonsus	šabloonsustel	PlAd
šabloonsus	šabloonsustele	PlAll
šabloonsus	šabloonsustelt	PlAbl
šabloonsus	šabloonsustena	PlEs
šabloonsus	šabloonsusteni	PlTer
šabloonsus	šabloonsustes	PlIn
šabloonsus	šabloonsustesse	PlIll
šabloonsus	šabloonsustest	PlEl
šabloonsus	šabloonsusteta	PlAb
šamanist	šamanist	SgN
šamanist	šamaniste	PlP
šamanist	šamanisteks	PlTr
šamanist	šamanistel	PlAd
šamanist	šamanistele	PlAll
šamanist	šamanistelt	PlAbl
šamanist	šamanistes	PlIn
šamanist	šamanistesse	PlIll
šamanist	šamanistest	PlEl
šamanist	šamanisti	SgAdt
šamanist	šamanisti	SgG
šamanist	šamanisti	SgP
šamanist	šamanistid	PlN
šamanist	šamanistide	PlG
šamanist	šamanistidega	PlKom
šamanist	šamanistideks	PlTr
šamanist	šamanistidel	PlAd
šamanist	šamanistidele	PlAll
šamanist	šamanistidelt	PlAbl
šamanist	šamanistidena	PlEs
šamanist	šamanistideni	PlTer
šamanist	šamanistides	PlIn
šamanist	šamanistidesse	PlIll
šamanist	šamanistidest	PlEl
šamanist	šamanistideta	PlAb
šamanist	šamanistiga	SgKom
šamanist	šamanistiks	SgTr
šamanist	šamanistil	SgAd
šamanist	šamanistile	SgAll
šamanist	šamanistilt	SgAbl
šamanist	šamanistina	SgEs
šamanist	šamanistini	SgTer
šamanist	šamanistis	SgIn
šamanist	šamanistisid	PlP
šamanist	šamanistisse	SgIll
šamanist	šamanistist	SgEl
šamanist	šamanistita	SgAb
šarlataansus	-	SgAdt
šarlataansus	šarlataansus	SgN
šarlataansus	šarlataansuse	SgG
šarlataansus	šarlataansused	PlN
šarlataansus	šarlataansusega	SgKom
šarlataansus	šarlataansuseid	PlP
šarlataansus	šarlataansuseiks	PlTr
šarlataansus	šarlataansuseil	PlAd
šarlataansus	šarlataansuseile	PlAll
šarlataansus	šarlataansuseilt	PlAbl
šarlataansus	šarlataansuseis	PlIn
šarlataansus	šarlataansuseisse	PlIll
šarlataansus	šarlataansuseist	PlEl
šarlataansus	šarlataansuseks	SgTr
šarlataansus	šarlataansusel	SgAd
šarlataansus	šarlataansusele	SgAll
šarlataansus	šarlataansuselt	SgAbl
šarlataansus	šarlataansusena	SgEs
šarlataansus	šarlataansuseni	SgTer
šarlataansus	šarlataansuses	SgIn
šarlataansus	šarlataansusesse	SgIll
šarlataansus	šarlataansusest	SgEl
šarlataansus	šarlataansuseta	SgAb
šarlataansus	šarlataansusi	PlP
šarlataansus	šarlataansusiks	PlTr
šarlataansus	šarlataansusil	PlAd
šarlataansus	šarlataansusile	PlAll
šarlataansus	šarlataansusilt	PlAbl
šarlataansus	šarlataansusis	PlIn
šarlataansus	šarlataansusisse	PlIll
šarlataansus	šarlataansusist	PlEl
šarlataansus	šarlataansusse	SgAdt
šarlataansus	šarlataansust	SgP
šarlataansus	šarlataansuste	PlG
šarlataansus	šarlataansustega	PlKom
šarlataansus	šarlataansusteks	PlTr
šarlataansus	šarlataansustel	PlAd
šarlataansus	šarlataansustele	PlAll
šarlataansus	šarlataansustelt	PlAbl
šarlataansus	šarlataansustena	PlEs
šarlataansus	šarlataansusteni	PlTer
šarlataansus	šarlataansustes	PlIn
šarlataansus	šarlataansustesse	PlIll
šarlataansus	šarlataansustest	PlEl
šarlataansus	šarlataansusteta	PlAb
šarlatanlus	-	SgAdt
šarlatanlus	šarlatanlus	SgN
šarlatanlus	šarlatanluse	SgG
šarlatanlus	šarlatanlused	PlN
šarlatanlus	šarlatanlusega	SgKom
šarlatanlus	šarlatanluseid	PlP
šarlatanlus	šarlatanluseiks	PlTr
šarlatanlus	šarlatanluseil	PlAd
šarlatanlus	šarlatanluseile	PlAll
šarlatanlus	šarlatanluseilt	PlAbl
šarlatanlus	šarlatanluseis	PlIn
šarlatanlus	šarlatanluseisse	PlIll
šarlatanlus	šarlatanluseist	PlEl
šarlatanlus	šarlatanluseks	SgTr
šarlatanlus	šarlatanlusel	SgAd
šarlatanlus	šarlatanlusele	SgAll
šarlatanlus	šarlatanluselt	SgAbl
šarlatanlus	šarlatanlusena	SgEs
šarlatanlus	šarlatanluseni	SgTer
šarlatanlus	šarlatanluses	SgIn
šarlatanlus	šarlatanlusesse	SgIll
šarlatanlus	šarlatanlusest	SgEl
šarlatanlus	šarlatanluseta	SgAb
šarlatanlus	šarlatanlusi	PlP
šarlatanlus	šarlatanlusiks	PlTr
šarlatanlus	šarlatanlusil	PlAd
šarlatanlus	šarlatanlusile	PlAll
šarlatanlus	šarlatanlusilt	PlAbl
šarlatanlus	šarlatanlusis	PlIn
šarlatanlus	šarlatanlusisse	PlIll
šarlatanlus	šarlatanlusist	PlEl
šarlatanlus	šarlatanlusse	SgAdt
šarlatanlus	šarlatanlust	SgP
šarlatanlus	šarlatanluste	PlG
šarlatanlus	šarlatanlustega	PlKom
šarlatanlus	šarlatanlusteks	PlTr
šarlatanlus	šarlatanlustel	PlAd
šarlatanlus	šarlatanlustele	PlAll
šarlatanlus	šarlatanlustelt	PlAbl
šarlatanlus	šarlatanlustena	PlEs
šarlatanlus	šarlatanlusteni	PlTer
šarlatanlus	šarlatanlustes	PlIn
šarlatanlus	šarlatanlustesse	PlIll
šarlatanlus	šarlatanlustest	PlEl
šarlatanlus	šarlatanlusteta	PlAb
šeikspiroloogia	-	SgAdt
šeikspiroloogia	šeikspiroloogia	SgG
šeikspiroloogia	šeikspiroloogia	SgN
šeikspiroloogia	šeikspiroloogiad	PlN
šeikspiroloogia	šeikspiroloogiaga	SgKom
šeikspiroloogia	šeikspiroloogiaid	PlP
šeikspiroloogia	šeikspiroloogiaiks	PlTr
šeikspiroloogia	šeikspiroloogiail	PlAd
šeikspiroloogia	šeikspiroloogiaile	PlAll
šeikspiroloogia	šeikspiroloogiailt	PlAbl
šeikspiroloogia	šeikspiroloogiais	PlIn
šeikspiroloogia	šeikspiroloogiaisse	PlIll
šeikspiroloogia	šeikspiroloogiaist	PlEl
šeikspiroloogia	šeikspiroloogiaks	SgTr
šeikspiroloogia	šeikspiroloogial	SgAd
šeikspiroloogia	šeikspiroloogiale	SgAll
šeikspiroloogia	šeikspiroloogialt	SgAbl
šeikspiroloogia	šeikspiroloogiana	SgEs
šeikspiroloogia	šeikspiroloogiani	SgTer
šeikspiroloogia	šeikspiroloogias	SgIn
šeikspiroloogia	šeikspiroloogiasse	SgIll
šeikspiroloogia	šeikspiroloogiast	SgEl
šeikspiroloogia	šeikspiroloogiat	SgP
šeikspiroloogia	šeikspiroloogiata	SgAb
šeikspiroloogia	šeikspiroloogiate	PlG
šeikspiroloogia	šeikspiroloogiatega	PlKom
šeikspiroloogia	šeikspiroloogiateks	PlTr
šeikspiroloogia	šeikspiroloogiatel	PlAd
šeikspiroloogia	šeikspiroloogiatele	PlAll
šeikspiroloogia	šeikspiroloogiatelt	PlAbl
šeikspiroloogia	šeikspiroloogiatena	PlEs
šeikspiroloogia	šeikspiroloogiateni	PlTer
šeikspiroloogia	šeikspiroloogiates	PlIn
šeikspiroloogia	šeikspiroloogiatesse	PlIll
šeikspiroloogia	šeikspiroloogiatest	PlEl
šeikspiroloogia	šeikspiroloogiateta	PlAb
šotlanna	-	SgAdt
šotlanna	šotlanna	SgG
šotlanna	šotlanna	SgN
šotlanna	šotlannad	PlN
šotlanna	šotlannade	PlG
šotlanna	šotlannadega	PlKom
šotlanna	šotlannadeks	PlTr
šotlanna	šotlannadel	PlAd
šotlanna	šotlannadele	PlAll
šotlanna	šotlannadelt	PlAbl
šotlanna	šotlannadena	PlEs
šotlanna	šotlannadeni	PlTer
šotlanna	šotlannades	PlIn
šotlanna	šotlannadesse	PlIll
šotlanna	šotlannadest	PlEl
šotlanna	šotlannadeta	PlAb
šotlanna	šotlannaga	SgKom
šotlanna	šotlannaks	SgTr
šotlanna	šotlannal	SgAd
šotlanna	šotlannale	SgAll
šotlanna	šotlannalt	SgAbl
šotlanna	šotlannana	SgEs
šotlanna	šotlannani	SgTer
šotlanna	šotlannas	SgIn
šotlanna	šotlannasid	PlP
šotlanna	šotlannasse	SgIll
šotlanna	šotlannast	SgEl
šotlanna	šotlannat	SgP
šotlanna	šotlannata	SgAb
šovinist	šovinist	SgN
šovinist	šoviniste	PlP
šovinist	šovinisteks	PlTr
šovinist	šovinistel	PlAd
šovinist	šovinistele	PlAll
šovinist	šovinistelt	PlAbl
šovinist	šovinistes	PlIn
šovinist	šovinistesse	PlIll
šovinist	šovinistest	PlEl
šovinist	šovinisti	SgAdt
šovinist	šovinisti	SgG
šovinist	šovinisti	SgP
šovinist	šovinistid	PlN
šovinist	šovinistide	PlG
šovinist	šovinistidega	PlKom
šovinist	šovinistideks	PlTr
šovinist	šovinistidel	PlAd
šovinist	šovinistidele	PlAll
šovinist	šovinistidelt	PlAbl
šovinist	šovinistidena	PlEs
šovinist	šovinistideni	PlTer
šovinist	šovinistides	PlIn
šovinist	šovinistidesse	PlIll
šovinist	šovinistidest	PlEl
šovinist	šovinistideta	PlAb
šovinist	šovinistiga	SgKom
šovinist	šovinistiks	SgTr
šovinist	šovinistil	SgAd
šovinist	šovinistile	SgAll
šovinist	šovinistilt	SgAbl
šovinist	šovinistina	SgEs
šovinist	šovinistini	SgTer
šovinist	šovinistis	SgIn
šovinist	šovinistisid	PlP
šovinist	šovinistisse	SgIll
šovinist	šovinistist	SgEl
šovinist	šovinistita	SgAb
šunteerimine	šunteerimine	SgN
šunteerimine	šunteerimise	SgG
šunteerimine	šunteerimised	PlN
šunteerimine	šunteerimisega	SgKom
šunteerimine	šunteerimiseks	SgTr
šunteerimine	šunteerimisel	SgAd
šunteerimine	šunteerimisele	SgAll
šunteerimine	šunteerimiselt	SgAbl
šunteerimine	šunteerimisena	SgEs
šunteerimine	šunteerimiseni	SgTer
šunteerimine	šunteerimises	SgIn
šunteerimine	šunteerimisesse	SgIll
šunteerimine	šunteerimisest	SgEl
šunteerimine	šunteerimiseta	SgAb
šunteerimine	šunteerimisi	PlP
šunteerimine	šunteerimisiks	PlTr
šunteerimine	šunteerimisil	PlAd
šunteerimine	šunteerimisile	PlAll
šunteerimine	šunteerimisilt	PlAbl
šunteerimine	šunteerimisis	PlIn
šunteerimine	šunteerimisisse	PlIll
šunteerimine	šunteerimisist	PlEl
šunteerimine	šunteerimisse	SgAdt
šunteerimine	šunteerimist	SgP
šunteerimine	šunteerimiste	PlG
šunteerimine	šunteerimistega	PlKom
šunteerimine	šunteerimisteks	PlTr
šunteerimine	šunteerimistel	PlAd
šunteerimine	šunteerimistele	PlAll
šunteerimine	šunteerimistelt	PlAbl
šunteerimine	šunteerimistena	PlEs
šunteerimine	šunteerimisteni	PlTer
šunteerimine	šunteerimistes	PlIn
šunteerimine	šunteerimistesse	PlIll
šunteerimine	šunteerimistest	PlEl
šunteerimine	šunteerimisteta	PlAb
šveitslanna	-	SgAdt
šveitslanna	šveitslanna	SgG
šveitslanna	šveitslanna	SgN
šveitslanna	šveitslannad	PlN
šveitslanna	šveitslannade	PlG
šveitslanna	šveitslannadega	PlKom
šveitslanna	šveitslannadeks	PlTr
šveitslanna	šveitslannadel	PlAd
šveitslanna	šveitslannadele	PlAll
šveitslanna	šveitslannadelt	PlAbl
šveitslanna	šveitslannadena	PlEs
šveitslanna	šveitslannadeni	PlTer
šveitslanna	šveitslannades	PlIn
šveitslanna	šveitslannadesse	PlIll
šveitslanna	šveitslannadest	PlEl
šveitslanna	šveitslannadeta	PlAb
šveitslanna	šveitslannaga	SgKom
šveitslanna	šveitslannaks	SgTr
šveitslanna	šveitslannal	SgAd
šveitslanna	šveitslannale	SgAll
šveitslanna	šveitslannalt	SgAbl
šveitslanna	šveitslannana	SgEs
šveitslanna	šveitslannani	SgTer
šveitslanna	šveitslannas	SgIn
šveitslanna	šveitslannasid	PlP
šveitslanna	šveitslannasse	SgIll
šveitslanna	šveitslannast	SgEl
šveitslanna	šveitslannat	SgP
šveitslanna	šveitslannata	SgAb
šeflusalune	-	SgAdt
šeflusalune	šeflusalune	SgN
šeflusalune	šeflusaluse	SgG
šeflusalune	šeflusalused	PlN
šeflusalune	šeflusalusega	SgKom
šeflusalune	šeflusaluseid	PlP
šeflusalune	šeflusaluseiks	PlTr
šeflusalune	šeflusaluseil	PlAd
šeflusalune	šeflusaluseile	PlAll
šeflusalune	šeflusaluseilt	PlAbl
šeflusalune	šeflusaluseis	PlIn
šeflusalune	šeflusaluseisse	PlIll
šeflusalune	šeflusaluseist	PlEl
šeflusalune	šeflusaluseks	SgTr
šeflusalune	šeflusalusel	SgAd
šeflusalune	šeflusalusele	SgAll
šeflusalune	šeflusaluselt	SgAbl
šeflusalune	šeflusalusena	SgEs
šeflusalune	šeflusaluseni	SgTer
šeflusalune	šeflusaluses	SgIn
šeflusalune	šeflusalusesse	SgIll
šeflusalune	šeflusalusest	SgEl
šeflusalune	šeflusaluseta	SgAb
šeflusalune	šeflusalust	SgP
šeflusalune	šeflusaluste	PlG
šeflusalune	šeflusalustega	PlKom
šeflusalune	šeflusalusteks	PlTr
šeflusalune	šeflusalustel	PlAd
šeflusalune	šeflusalustele	PlAll
šeflusalune	šeflusalustelt	PlAbl
šeflusalune	šeflusalustena	PlEs
šeflusalune	šeflusalusteni	PlTer
šeflusalune	šeflusalustes	PlIn
šeflusalune	šeflusalustesse	PlIll
šeflusalune	šeflusalustest	PlEl
šeflusalune	šeflusalusteta	PlAb
šokolaadiassortii	-	SgAdt
šokolaadiassortii	šokolaadiassortii	SgG
šokolaadiassortii	šokolaadiassortii	SgN
šokolaadiassortii	šokolaadiassortiid	PlN
šokolaadiassortii	šokolaadiassortiid	SgP
šokolaadiassortii	šokolaadiassortiide	PlG
šokolaadiassortii	šokolaadiassortiidega	PlKom
šokolaadiassortii	šokolaadiassortiideks	PlTr
šokolaadiassortii	šokolaadiassortiidel	PlAd
šokolaadiassortii	šokolaadiassortiidele	PlAll
šokolaadiassortii	šokolaadiassortiidelt	PlAbl
šokolaadiassortii	šokolaadiassortiidena	PlEs
šokolaadiassortii	šokolaadiassortiideni	PlTer
šokolaadiassortii	šokolaadiassortiides	PlIn
šokolaadiassortii	šokolaadiassortiidesse	PlIll
šokolaadiassortii	šokolaadiassortiidest	PlEl
šokolaadiassortii	šokolaadiassortiideta	PlAb
šokolaadiassortii	šokolaadiassortiiga	SgKom
šokolaadiassortii	šokolaadiassortiiks	SgTr
šokolaadiassortii	šokolaadiassortiil	SgAd
šokolaadiassortii	šokolaadiassortiile	SgAll
šokolaadiassortii	šokolaadiassortiilt	SgAbl
šokolaadiassortii	šokolaadiassortiina	SgEs
šokolaadiassortii	šokolaadiassortiini	SgTer
šokolaadiassortii	šokolaadiassortiis	SgIn
šokolaadiassortii	šokolaadiassortiisid	PlP
šokolaadiassortii	šokolaadiassortiisse	SgIll
šokolaadiassortii	šokolaadiassortiist	SgEl
šokolaadiassortii	šokolaadiassortiita	SgAb
šokolaadidražee	-	SgAdt
šokolaadidražee	šokolaadidražee	SgG
šokolaadidražee	šokolaadidražee	SgN
šokolaadidražee	šokolaadidražeed	PlN
šokolaadidražee	šokolaadidražeed	SgP
šokolaadidražee	šokolaadidražeede	PlG
šokolaadidražee	šokolaadidražeedega	PlKom
šokolaadidražee	šokolaadidražeedeks	PlTr
šokolaadidražee	šokolaadidražeedel	PlAd
šokolaadidražee	šokolaadidražeedele	PlAll
šokolaadidražee	šokolaadidražeedelt	PlAbl
šokolaadidražee	šokolaadidražeedena	PlEs
šokolaadidražee	šokolaadidražeedeni	PlTer
šokolaadidražee	šokolaadidražeedes	PlIn
šokolaadidražee	šokolaadidražeedesse	PlIll
šokolaadidražee	šokolaadidražeedest	PlEl
šokolaadidražee	šokolaadidražeedeta	PlAb
šokolaadidražee	šokolaadidražeega	SgKom
šokolaadidražee	šokolaadidražeeks	SgTr
šokolaadidražee	šokolaadidražeel	SgAd
šokolaadidražee	šokolaadidražeele	SgAll
šokolaadidražee	šokolaadidražeelt	SgAbl
šokolaadidražee	šokolaadidražeena	SgEs
šokolaadidražee	šokolaadidražeeni	SgTer
šokolaadidražee	šokolaadidražees	SgIn
šokolaadidražee	šokolaadidražeesid	PlP
šokolaadidražee	šokolaadidražeesse	SgIll
šokolaadidražee	šokolaadidražeest	SgEl
šokolaadidražee	šokolaadidražeeta	SgAb
šokolaadidražee	šokolaadidražeid	PlP
šokolaadidražee	šokolaadidražeiks	PlTr
šokolaadidražee	šokolaadidražeil	PlAd
šokolaadidražee	šokolaadidražeile	PlAll
šokolaadidražee	šokolaadidražeilt	PlAbl
šokolaadidražee	šokolaadidražeis	PlIn
šokolaadidražee	šokolaadidražeisse	PlIll
šokolaadidražee	šokolaadidražeist	PlEl
šokolaadimuna	-	SgAdt
šokolaadimuna	šokolaadimuna	SgG
šokolaadimuna	šokolaadimuna	SgN
šokolaadimuna	šokolaadimuna	SgP
šokolaadimuna	šokolaadimunad	PlN
šokolaadimuna	šokolaadimunade	PlG
šokolaadimuna	šokolaadimunadega	PlKom
šokolaadimuna	šokolaadimunadeks	PlTr
šokolaadimuna	šokolaadimunadel	PlAd
šokolaadimuna	šokolaadimunadele	PlAll
šokolaadimuna	šokolaadimunadelt	PlAbl
šokolaadimuna	šokolaadimunadena	PlEs
šokolaadimuna	šokolaadimunadeni	PlTer
šokolaadimuna	šokolaadimunades	PlIn
šokolaadimuna	šokolaadimunadesse	PlIll
šokolaadimuna	šokolaadimunadest	PlEl
šokolaadimuna	šokolaadimunadeta	PlAb
šokolaadimuna	šokolaadimunaga	SgKom
šokolaadimuna	šokolaadimunaks	SgTr
šokolaadimuna	šokolaadimunal	SgAd
šokolaadimuna	šokolaadimunale	SgAll
šokolaadimuna	šokolaadimunalt	SgAbl
šokolaadimuna	šokolaadimunana	SgEs
šokolaadimuna	šokolaadimunani	SgTer
šokolaadimuna	šokolaadimunas	SgIn
šokolaadimuna	šokolaadimunasid	PlP
šokolaadimuna	šokolaadimunasse	SgIll
šokolaadimuna	šokolaadimunast	SgEl
šokolaadimuna	šokolaadimunata	SgAb
šokolaadimuna	šokolaadimune	PlP
šokolaadimuna	šokolaadimuneks	PlTr
šokolaadimuna	šokolaadimunel	PlAd
šokolaadimuna	šokolaadimunele	PlAll
šokolaadimuna	šokolaadimunelt	PlAbl
šokolaadimuna	šokolaadimunes	PlIn
šokolaadimuna	šokolaadimunesse	PlIll
šokolaadimuna	šokolaadimunest	PlEl
šokolaadiplombiir	šokolaadiplombiir	SgN
šokolaadiplombiir	šokolaadiplombiire	PlP
šokolaadiplombiir	šokolaadiplombiireks	PlTr
šokolaadiplombiir	šokolaadiplombiirel	PlAd
šokolaadiplombiir	šokolaadiplombiirele	PlAll
šokolaadiplombiir	šokolaadiplombiirelt	PlAbl
šokolaadiplombiir	šokolaadiplombiires	PlIn
šokolaadiplombiir	šokolaadiplombiiresse	PlIll
šokolaadiplombiir	šokolaadiplombiirest	PlEl
šokolaadiplombiir	šokolaadiplombiiri	SgAdt
šokolaadiplombiir	šokolaadiplombiiri	SgG
šokolaadiplombiir	šokolaadiplombiiri	SgP
šokolaadiplombiir	šokolaadiplombiirid	PlN
šokolaadiplombiir	šokolaadiplombiiride	PlG
šokolaadiplombiir	šokolaadiplombiiridega	PlKom
šokolaadiplombiir	šokolaadiplombiirideks	PlTr
šokolaadiplombiir	šokolaadiplombiiridel	PlAd
šokolaadiplombiir	šokolaadiplombiiridele	PlAll
šokolaadiplombiir	šokolaadiplombiiridelt	PlAbl
šokolaadiplombiir	šokolaadiplombiiridena	PlEs
šokolaadiplombiir	šokolaadiplombiirideni	PlTer
šokolaadiplombiir	šokolaadiplombiirides	PlIn
šokolaadiplombiir	šokolaadiplombiiridesse	PlIll
šokolaadiplombiir	šokolaadiplombiiridest	PlEl
šokolaadiplombiir	šokolaadiplombiirideta	PlAb
šokolaadiplombiir	šokolaadiplombiiriga	SgKom
šokolaadiplombiir	šokolaadiplombiiriks	SgTr
šokolaadiplombiir	šokolaadiplombiiril	SgAd
šokolaadiplombiir	šokolaadiplombiirile	SgAll
šokolaadiplombiir	šokolaadiplombiirilt	SgAbl
šokolaadiplombiir	šokolaadiplombiirina	SgEs
šokolaadiplombiir	šokolaadiplombiirini	SgTer
šokolaadiplombiir	šokolaadiplombiiris	SgIn
šokolaadiplombiir	šokolaadiplombiirisid	PlP
šokolaadiplombiir	šokolaadiplombiirisse	SgIll
šokolaadiplombiir	šokolaadiplombiirist	SgEl
šokolaadiplombiir	šokolaadiplombiirita	SgAb
šokolaadipulk	šokolaadipulga	SgG
šokolaadipulk	šokolaadipulgad	PlN
šokolaadipulk	šokolaadipulgaga	SgKom
šokolaadipulk	šokolaadipulgaks	SgTr
šokolaadipulk	šokolaadipulgal	SgAd
šokolaadipulk	šokolaadipulgale	SgAll
šokolaadipulk	šokolaadipulgalt	SgAbl
šokolaadipulk	šokolaadipulgana	SgEs
šokolaadipulk	šokolaadipulgani	SgTer
šokolaadipulk	šokolaadipulgas	SgIn
šokolaadipulk	šokolaadipulgasse	SgIll
šokolaadipulk	šokolaadipulgast	SgEl
šokolaadipulk	šokolaadipulgata	SgAb
šokolaadipulk	šokolaadipulgiks	PlTr
šokolaadipulk	šokolaadipulgil	PlAd
šokolaadipulk	šokolaadipulgile	PlAll
šokolaadipulk	šokolaadipulgilt	PlAbl
šokolaadipulk	šokolaadipulgis	PlIn
šokolaadipulk	šokolaadipulgisse	PlIll
šokolaadipulk	šokolaadipulgist	PlEl
šokolaadipulk	šokolaadipulk	SgN
šokolaadipulk	šokolaadipulka	SgAdt
šokolaadipulk	šokolaadipulka	SgP
šokolaadipulk	šokolaadipulkade	PlG
šokolaadipulk	šokolaadipulkadega	PlKom
šokolaadipulk	šokolaadipulkadeks	PlTr
šokolaadipulk	šokolaadipulkadel	PlAd
šokolaadipulk	šokolaadipulkadele	PlAll
šokolaadipulk	šokolaadipulkadelt	PlAbl
šokolaadipulk	šokolaadipulkadena	PlEs
šokolaadipulk	šokolaadipulkadeni	PlTer
šokolaadipulk	šokolaadipulkades	PlIn
šokolaadipulk	šokolaadipulkadesse	PlIll
šokolaadipulk	šokolaadipulkadest	PlEl
šokolaadipulk	šokolaadipulkadeta	PlAb
šokolaadipulk	šokolaadipulkasid	PlP
šokolaadipulk	šokolaadipulki	PlP
šifoonrätik	-	SgAdt
šifoonrätik	šifoonrätik	SgN
šifoonrätik	šifoonrätiku	SgG
šifoonrätik	šifoonrätikud	PlN
šifoonrätik	šifoonrätikuga	SgKom
šifoonrätik	šifoonrätikuid	PlP
šifoonrätik	šifoonrätikuiks	PlTr
šifoonrätik	šifoonrätikuil	PlAd
šifoonrätik	šifoonrätikuile	PlAll
šifoonrätik	šifoonrätikuilt	PlAbl
šifoonrätik	šifoonrätikuis	PlIn
šifoonrätik	šifoonrätikuisse	PlIll
šifoonrätik	šifoonrätikuist	PlEl
šifoonrätik	šifoonrätikuks	SgTr
šifoonrätik	šifoonrätikul	SgAd
šifoonrätik	šifoonrätikule	SgAll
šifoonrätik	šifoonrätikult	SgAbl
šifoonrätik	šifoonrätikuna	SgEs
šifoonrätik	šifoonrätikuni	SgTer
šifoonrätik	šifoonrätikus	SgIn
šifoonrätik	šifoonrätikusse	SgIll
šifoonrätik	šifoonrätikust	SgEl
šifoonrätik	šifoonrätikut	SgP
šifoonrätik	šifoonrätikuta	SgAb
šifoonrätik	šifoonrätikute	PlG
šifoonrätik	šifoonrätikutega	PlKom
šifoonrätik	šifoonrätikuteks	PlTr
šifoonrätik	šifoonrätikutel	PlAd
šifoonrätik	šifoonrätikutele	PlAll
šifoonrätik	šifoonrätikutelt	PlAbl
šifoonrätik	šifoonrätikutena	PlEs
šifoonrätik	šifoonrätikuteni	PlTer
šifoonrätik	šifoonrätikutes	PlIn
šifoonrätik	šifoonrätikutesse	PlIll
šifoonrätik	šifoonrätikutest	PlEl
šifoonrätik	šifoonrätikuteta	PlAb
šokiseisund	-	SgAdt
šokiseisund	šokiseisund	SgN
šokiseisund	šokiseisundeid	PlP
šokiseisund	šokiseisundeiks	PlTr
šokiseisund	šokiseisundeil	PlAd
šokiseisund	šokiseisundeile	PlAll
šokiseisund	šokiseisundeilt	PlAbl
šokiseisund	šokiseisundeis	PlIn
šokiseisund	šokiseisundeisse	PlIll
šokiseisund	šokiseisundeist	PlEl
šokiseisund	šokiseisundi	SgG
šokiseisund	šokiseisundid	PlN
šokiseisund	šokiseisundiga	SgKom
šokiseisund	šokiseisundiks	SgTr
šokiseisund	šokiseisundil	SgAd
šokiseisund	šokiseisundile	SgAll
šokiseisund	šokiseisundilt	SgAbl
šokiseisund	šokiseisundina	SgEs
šokiseisund	šokiseisundini	SgTer
šokiseisund	šokiseisundis	SgIn
šokiseisund	šokiseisundisse	SgIll
šokiseisund	šokiseisundist	SgEl
šokiseisund	šokiseisundit	SgP
šokiseisund	šokiseisundita	SgAb
šokiseisund	šokiseisundite	PlG
šokiseisund	šokiseisunditega	PlKom
šokiseisund	šokiseisunditeks	PlTr
šokiseisund	šokiseisunditel	PlAd
šokiseisund	šokiseisunditele	PlAll
šokiseisund	šokiseisunditelt	PlAbl
šokiseisund	šokiseisunditena	PlEs
šokiseisund	šokiseisunditeni	PlTer
šokiseisund	šokiseisundites	PlIn
šokiseisund	šokiseisunditesse	PlIll
šokiseisund	šokiseisunditest	PlEl
šokiseisund	šokiseisunditeta	PlAb
šaakalikari	šaakalikari	SgN
šaakalikari	šaakalikarja	SgAdt
šaakalikari	šaakalikarja	SgG
šaakalikari	šaakalikarja	SgP
šaakalikari	šaakalikarjad	PlN
šaakalikari	šaakalikarjade	PlG
šaakalikari	šaakalikarjadega	PlKom
šaakalikari	šaakalikarjadeks	PlTr
šaakalikari	šaakalikarjadel	PlAd
šaakalikari	šaakalikarjadele	PlAll
šaakalikari	šaakalikarjadelt	PlAbl
šaakalikari	šaakalikarjadena	PlEs
šaakalikari	šaakalikarjadeni	PlTer
šaakalikari	šaakalikarjades	PlIn
šaakalikari	šaakalikarjadesse	PlIll
šaakalikari	šaakalikarjadest	PlEl
šaakalikari	šaakalikarjadeta	PlAb
šaakalikari	šaakalikarjaga	SgKom
šaakalikari	šaakalikarjaks	SgTr
šaakalikari	šaakalikarjal	SgAd
šaakalikari	šaakalikarjale	SgAll
šaakalikari	šaakalikarjalt	SgAbl
šaakalikari	šaakalikarjana	SgEs
šaakalikari	šaakalikarjani	SgTer
šaakalikari	šaakalikarjas	SgIn
šaakalikari	šaakalikarjasid	PlP
šaakalikari	šaakalikarjasse	SgIll
šaakalikari	šaakalikarjast	SgEl
šaakalikari	šaakalikarjata	SgAb
šaakalikari	šaakalikarju	PlP
šaakalikari	šaakalikarjuks	PlTr
šaakalikari	šaakalikarjul	PlAd
šaakalikari	šaakalikarjule	PlAll
šaakalikari	šaakalikarjult	PlAbl
šaakalikari	šaakalikarjus	PlIn
šaakalikari	šaakalikarjusse	PlIll
šaakalikari	šaakalikarjust	PlEl
šaakaliulg	šaakaliulg	SgN
šaakaliulg	šaakaliulge	PlP
šaakaliulg	šaakaliulgu	SgAdt
šaakaliulg	šaakaliulgu	SgP
šaakaliulg	šaakaliulgude	PlG
šaakaliulg	šaakaliulgudega	PlKom
šaakaliulg	šaakaliulgudeks	PlTr
šaakaliulg	šaakaliulgudel	PlAd
šaakaliulg	šaakaliulgudele	PlAll
šaakaliulg	šaakaliulgudelt	PlAbl
šaakaliulg	šaakaliulgudena	PlEs
šaakaliulg	šaakaliulgudeni	PlTer
šaakaliulg	šaakaliulgudes	PlIn
šaakaliulg	šaakaliulgudesse	PlIll
šaakaliulg	šaakaliulgudest	PlEl
šaakaliulg	šaakaliulgudeta	PlAb
šaakaliulg	šaakaliulgusid	PlP
šaakaliulg	šaakaliulu	SgG
šaakaliulg	šaakaliulud	PlN
šaakaliulg	šaakaliuluga	SgKom
šaakaliulg	šaakaliuluks	SgTr
šaakaliulg	šaakaliulul	SgAd
šaakaliulg	šaakaliulule	SgAll
šaakaliulg	šaakaliulult	SgAbl
šaakaliulg	šaakaliuluna	SgEs
šaakaliulg	šaakaliuluni	SgTer
šaakaliulg	šaakaliulus	SgIn
šaakaliulg	šaakaliulusse	SgIll
šaakaliulg	šaakaliulust	SgEl
šaakaliulg	šaakaliuluta	SgAb
šabloonlõige	-	SgAdt
šabloonlõige	šabloonlõige	SgN
šabloonlõige	šabloonlõiget	SgP
šabloonlõige	šabloonlõigete	PlG
šabloonlõige	šabloonlõigetega	PlKom
šabloonlõige	šabloonlõigeteks	PlTr
šabloonlõige	šabloonlõigetel	PlAd
šabloonlõige	šabloonlõigetele	PlAll
šabloonlõige	šabloonlõigetelt	PlAbl
šabloonlõige	šabloonlõigetena	PlEs
šabloonlõige	šabloonlõigeteni	PlTer
šabloonlõige	šabloonlõigetes	PlIn
šabloonlõige	šabloonlõigetesse	PlIll
šabloonlõige	šabloonlõigetest	PlEl
šabloonlõige	šabloonlõigeteta	PlAb
šabloonlõige	šabloonlõike	SgG
šabloonlõige	šabloonlõiked	PlN
šabloonlõige	šabloonlõikega	SgKom
šabloonlõige	šabloonlõikeid	PlP
šabloonlõige	šabloonlõikeiks	PlTr
šabloonlõige	šabloonlõikeil	PlAd
šabloonlõige	šabloonlõikeile	PlAll
šabloonlõige	šabloonlõikeilt	PlAbl
šabloonlõige	šabloonlõikeis	PlIn
šabloonlõige	šabloonlõikeisse	PlIll
šabloonlõige	šabloonlõikeist	PlEl
šabloonlõige	šabloonlõikeks	SgTr
šabloonlõige	šabloonlõikel	SgAd
šabloonlõige	šabloonlõikele	SgAll
šabloonlõige	šabloonlõikelt	SgAbl
šabloonlõige	šabloonlõikena	SgEs
šabloonlõige	šabloonlõikeni	SgTer
šabloonlõige	šabloonlõikes	SgIn
šabloonlõige	šabloonlõikesse	SgIll
šabloonlõige	šabloonlõikest	SgEl
šabloonlõige	šabloonlõiketa	SgAb
šabloonmähis	-	SgAdt
šabloonmähis	šabloonmähis	SgN
šabloonmähis	šabloonmähise	SgG
šabloonmähis	šabloonmähised	PlN
šabloonmähis	šabloonmähisega	SgKom
šabloonmähis	šabloonmähiseid	PlP
šabloonmähis	šabloonmähiseiks	PlTr
šabloonmähis	šabloonmähiseil	PlAd
šabloonmähis	šabloonmähiseile	PlAll
šabloonmähis	šabloonmähiseilt	PlAbl
šabloonmähis	šabloonmähiseis	PlIn
šabloonmähis	šabloonmähiseisse	PlIll
šabloonmähis	šabloonmähiseist	PlEl
šabloonmähis	šabloonmähiseks	SgTr
šabloonmähis	šabloonmähisel	SgAd
šabloonmähis	šabloonmähisele	SgAll
šabloonmähis	šabloonmähiselt	SgAbl
šabloonmähis	šabloonmähisena	SgEs
šabloonmähis	šabloonmähiseni	SgTer
šabloonmähis	šabloonmähises	SgIn
šabloonmähis	šabloonmähisesse	SgIll
šabloonmähis	šabloonmähisest	SgEl
šabloonmähis	šabloonmähiseta	SgAb
šabloonmähis	šabloonmähist	SgP
šabloonmähis	šabloonmähiste	PlG
šabloonmähis	šabloonmähistega	PlKom
šabloonmähis	šabloonmähisteks	PlTr
šabloonmähis	šabloonmähistel	PlAd
šabloonmähis	šabloonmähistele	PlAll
šabloonmähis	šabloonmähistelt	PlAbl
šabloonmähis	šabloonmähistena	PlEs
šabloonmähis	šabloonmähisteni	PlTer
šabloonmähis	šabloonmähistes	PlIn
šabloonmähis	šabloonmähistesse	PlIll
šabloonmähis	šabloonmähistest	PlEl
šabloonmähis	šabloonmähisteta	PlAb
šabloonvormimine	šabloonvormimine	SgN
šabloonvormimine	šabloonvormimise	SgG
šabloonvormimine	šabloonvormimised	PlN
šabloonvormimine	šabloonvormimisega	SgKom
šabloonvormimine	šabloonvormimiseks	SgTr
šabloonvormimine	šabloonvormimisel	SgAd
šabloonvormimine	šabloonvormimisele	SgAll
šabloonvormimine	šabloonvormimiselt	SgAbl
šabloonvormimine	šabloonvormimisena	SgEs
šabloonvormimine	šabloonvormimiseni	SgTer
šabloonvormimine	šabloonvormimises	SgIn
šabloonvormimine	šabloonvormimisesse	SgIll
šabloonvormimine	šabloonvormimisest	SgEl
šabloonvormimine	šabloonvormimiseta	SgAb
šabloonvormimine	šabloonvormimisi	PlP
šabloonvormimine	šabloonvormimisiks	PlTr
šabloonvormimine	šabloonvormimisil	PlAd
šabloonvormimine	šabloonvormimisile	PlAll
šabloonvormimine	šabloonvormimisilt	PlAbl
šabloonvormimine	šabloonvormimisis	PlIn
šabloonvormimine	šabloonvormimisisse	PlIll
šabloonvormimine	šabloonvormimisist	PlEl
šabloonvormimine	šabloonvormimisse	SgAdt
šabloonvormimine	šabloonvormimist	SgP
šabloonvormimine	šabloonvormimiste	PlG
šabloonvormimine	šabloonvormimistega	PlKom
šabloonvormimine	šabloonvormimisteks	PlTr
šabloonvormimine	šabloonvormimistel	PlAd
šabloonvormimine	šabloonvormimistele	PlAll
šabloonvormimine	šabloonvormimistelt	PlAbl
šabloonvormimine	šabloonvormimistena	PlEs
šabloonvormimine	šabloonvormimisteni	PlTer
šabloonvormimine	šabloonvormimistes	PlIn
šabloonvormimine	šabloonvormimistesse	PlIll
šabloonvormimine	šabloonvormimistest	PlEl
šabloonvormimine	šabloonvormimisteta	PlAb
šabloonilisus	-	SgAdt
šabloonilisus	šabloonilisus	SgN
šabloonilisus	šabloonilisuse	SgG
šabloonilisus	šabloonilisused	PlN
šabloonilisus	šabloonilisusega	SgKom
šabloonilisus	šabloonilisuseid	PlP
šabloonilisus	šabloonilisuseiks	PlTr
šabloonilisus	šabloonilisuseil	PlAd
šabloonilisus	šabloonilisuseile	PlAll
šabloonilisus	šabloonilisuseilt	PlAbl
šabloonilisus	šabloonilisuseis	PlIn
šabloonilisus	šabloonilisuseisse	PlIll
šabloonilisus	šabloonilisuseist	PlEl
šabloonilisus	šabloonilisuseks	SgTr
šabloonilisus	šabloonilisusel	SgAd
šabloonilisus	šabloonilisusele	SgAll
šabloonilisus	šabloonilisuselt	SgAbl
šabloonilisus	šabloonilisusena	SgEs
šabloonilisus	šabloonilisuseni	SgTer
šabloonilisus	šabloonilisuses	SgIn
šabloonilisus	šabloonilisusesse	SgIll
šabloonilisus	šabloonilisusest	SgEl
šabloonilisus	šabloonilisuseta	SgAb
šabloonilisus	šabloonilisusi	PlP
šabloonilisus	šabloonilisusiks	PlTr
šabloonilisus	šabloonilisusil	PlAd
šabloonilisus	šabloonilisusile	PlAll
šabloonilisus	šabloonilisusilt	PlAbl
šabloonilisus	šabloonilisusis	PlIn
šabloonilisus	šabloonilisusisse	PlIll
šabloonilisus	šabloonilisusist	PlEl
šabloonilisus	šabloonilisusse	SgAdt
šabloonilisus	šabloonilisust	SgP
šabloonilisus	šabloonilisuste	PlG
šabloonilisus	šabloonilisustega	PlKom
šabloonilisus	šabloonilisusteks	PlTr
šabloonilisus	šabloonilisustel	PlAd
šabloonilisus	šabloonilisustele	PlAll
šabloonilisus	šabloonilisustelt	PlAbl
šabloonilisus	šabloonilisustena	PlEs
šabloonilisus	šabloonilisusteni	PlTer
šabloonilisus	šabloonilisustes	PlIn
šabloonilisus	šabloonilisustesse	PlIll
šabloonilisus	šabloonilisustest	PlEl
šabloonilisus	šabloonilisusteta	PlAb
šahtveski	-	SgAdt
šahtveski	šahtveskeid	PlP
šahtveski	šahtveskeiks	PlTr
šahtveski	šahtveskeil	PlAd
šahtveski	šahtveskeile	PlAll
šahtveski	šahtveskeilt	PlAbl
šahtveski	šahtveskeis	PlIn
šahtveski	šahtveskeisse	PlIll
šahtveski	šahtveskeist	PlEl
šahtveski	šahtveski	SgG
šahtveski	šahtveski	SgN
šahtveski	šahtveskid	PlN
šahtveski	šahtveskiga	SgKom
šahtveski	šahtveskiks	SgTr
šahtveski	šahtveskil	SgAd
šahtveski	šahtveskile	SgAll
šahtveski	šahtveskilt	SgAbl
šahtveski	šahtveskina	SgEs
šahtveski	šahtveskini	SgTer
šahtveski	šahtveskis	SgIn
šahtveski	šahtveskisse	SgIll
šahtveski	šahtveskist	SgEl
šahtveski	šahtveskit	SgP
šahtveski	šahtveskita	SgAb
šahtveski	šahtveskite	PlG
šahtveski	šahtveskitega	PlKom
šahtveski	šahtveskiteks	PlTr
šahtveski	šahtveskitel	PlAd
šahtveski	šahtveskitele	PlAll
šahtveski	šahtveskitelt	PlAbl
šahtveski	šahtveskitena	PlEs
šahtveski	šahtveskiteni	PlTer
šahtveski	šahtveskites	PlIn
šahtveski	šahtveskitesse	PlIll
šahtveski	šahtveskitest	PlEl
šahtveski	šahtveskiteta	PlAb
šahtiõu	šahtiõu	SgN
šahtiõu	šahtiõue	SgAdt
šahtiõu	šahtiõue	SgG
šahtiõu	šahtiõue	SgP
šahtiõu	šahtiõued	PlN
šahtiõu	šahtiõuede	PlG
šahtiõu	šahtiõuedega	PlKom
šahtiõu	šahtiõuedeks	PlTr
šahtiõu	šahtiõuedel	PlAd
šahtiõu	šahtiõuedele	PlAll
šahtiõu	šahtiõuedelt	PlAbl
šahtiõu	šahtiõuedena	PlEs
šahtiõu	šahtiõuedeni	PlTer
šahtiõu	šahtiõuedes	PlIn
šahtiõu	šahtiõuedesse	PlIll
šahtiõu	šahtiõuedest	PlEl
šahtiõu	šahtiõuedeta	PlAb
šahtiõu	šahtiõuega	SgKom
šahtiõu	šahtiõueks	SgTr
šahtiõu	šahtiõuel	SgAd
šahtiõu	šahtiõuele	SgAll
šahtiõu	šahtiõuelt	SgAbl
šahtiõu	šahtiõuena	SgEs
šahtiõu	šahtiõueni	SgTer
šahtiõu	šahtiõues	SgIn
šahtiõu	šahtiõuesid	PlP
šahtiõu	šahtiõuesse	SgIll
šahtiõu	šahtiõuest	SgEl
šahtiõu	šahtiõueta	SgAb
šalott	šaloteks	PlTr
šalott	šalotel	PlAd
šalott	šalotele	PlAll
šalott	šalotelt	PlAbl
šalott	šalotes	PlIn
šalott	šalotesse	PlIll
šalott	šalotest	PlEl
šalott	šaloti	SgG
šalott	šalotid	PlN
šalott	šalotiga	SgKom
šalott	šalotiks	SgTr
šalott	šalotil	SgAd
šalott	šalotile	SgAll
šalott	šalotilt	SgAbl
šalott	šalotina	SgEs
šalott	šalotini	SgTer
šalott	šalotis	SgIn
šalott	šalotisse	SgIll
šalott	šalotist	SgEl
šalott	šalotita	SgAb
šalott	šalott	SgN
šalott	šalotte	PlP
šalott	šalotti	SgAdt
šalott	šalotti	SgP
šalott	šalottide	PlG
šalott	šalottidega	PlKom
šalott	šalottideks	PlTr
šalott	šalottidel	PlAd
šalott	šalottidele	PlAll
šalott	šalottidelt	PlAbl
šalott	šalottidena	PlEs
šalott	šalottideni	PlTer
šalott	šalottides	PlIn
šalott	šalottidesse	PlIll
šalott	šalottidest	PlEl
šalott	šalottideta	PlAb
šalott	šalottisid	PlP
šamaanikultuur	šamaanikultuur	SgN
šamaanikultuur	šamaanikultuure	PlP
šamaanikultuur	šamaanikultuureks	PlTr
šamaanikultuur	šamaanikultuurel	PlAd
šamaanikultuur	šamaanikultuurele	PlAll
šamaanikultuur	šamaanikultuurelt	PlAbl
šamaanikultuur	šamaanikultuures	PlIn
šamaanikultuur	šamaanikultuuresse	PlIll
šamaanikultuur	šamaanikultuurest	PlEl
šamaanikultuur	šamaanikultuuri	SgAdt
šamaanikultuur	šamaanikultuuri	SgG
šamaanikultuur	šamaanikultuuri	SgP
šamaanikultuur	šamaanikultuurid	PlN
šamaanikultuur	šamaanikultuuride	PlG
šamaanikultuur	šamaanikultuuridega	PlKom
šamaanikultuur	šamaanikultuurideks	PlTr
šamaanikultuur	šamaanikultuuridel	PlAd
šamaanikultuur	šamaanikultuuridele	PlAll
šamaanikultuur	šamaanikultuuridelt	PlAbl
šamaanikultuur	šamaanikultuuridena	PlEs
šamaanikultuur	šamaanikultuurideni	PlTer
šamaanikultuur	šamaanikultuurides	PlIn
šamaanikultuur	šamaanikultuuridesse	PlIll
šamaanikultuur	šamaanikultuuridest	PlEl
šamaanikultuur	šamaanikultuurideta	PlAb
šamaanikultuur	šamaanikultuuriga	SgKom
šamaanikultuur	šamaanikultuuriks	SgTr
šamaanikultuur	šamaanikultuuril	SgAd
šamaanikultuur	šamaanikultuurile	SgAll
šamaanikultuur	šamaanikultuurilt	SgAbl
šamaanikultuur	šamaanikultuurina	SgEs
šamaanikultuur	šamaanikultuurini	SgTer
šamaanikultuur	šamaanikultuuris	SgIn
šamaanikultuur	šamaanikultuurisid	PlP
šamaanikultuur	šamaanikultuurisse	SgIll
šamaanikultuur	šamaanikultuurist	SgEl
šamaanikultuur	šamaanikultuurita	SgAb
šamaanitants	šamaanitants	SgN
šamaanitants	šamaanitantse	PlP
šamaanitants	šamaanitantseks	PlTr
šamaanitants	šamaanitantsel	PlAd
šamaanitants	šamaanitantsele	PlAll
šamaanitants	šamaanitantselt	PlAbl
šamaanitants	šamaanitantses	PlIn
šamaanitants	šamaanitantsesse	PlIll
šamaanitants	šamaanitantsest	PlEl
šamaanitants	šamaanitantsu	SgAdt
šamaanitants	šamaanitantsu	SgG
šamaanitants	šamaanitantsu	SgP
šamaanitants	šamaanitantsud	PlN
šamaanitants	šamaanitantsude	PlG
šamaanitants	šamaanitantsudega	PlKom
šamaanitants	šamaanitantsudeks	PlTr
šamaanitants	šamaanitantsudel	PlAd
šamaanitants	šamaanitantsudele	PlAll
šamaanitants	šamaanitantsudelt	PlAbl
šamaanitants	šamaanitantsudena	PlEs
šamaanitants	šamaanitantsudeni	PlTer
šamaanitants	šamaanitantsudes	PlIn
šamaanitants	šamaanitantsudesse	PlIll
šamaanitants	šamaanitantsudest	PlEl
šamaanitants	šamaanitantsudeta	PlAb
šamaanitants	šamaanitantsuga	SgKom
šamaanitants	šamaanitantsuks	SgTr
šamaanitants	šamaanitantsul	SgAd
šamaanitants	šamaanitantsule	SgAll
šamaanitants	šamaanitantsult	SgAbl
šamaanitants	šamaanitantsuna	SgEs
šamaanitants	šamaanitantsuni	SgTer
šamaanitants	šamaanitantsus	SgIn
šamaanitants	šamaanitantsusid	PlP
šamaanitants	šamaanitantsusse	SgIll
šamaanitants	šamaanitantsust	SgEl
šamaanitants	šamaanitantsuta	SgAb
šamaanitar	šamaanitar	SgN
šamaanitar	šamaanitare	PlP
šamaanitar	šamaanitareks	PlTr
šamaanitar	šamaanitarel	PlAd
šamaanitar	šamaanitarele	PlAll
šamaanitar	šamaanitarelt	PlAbl
šamaanitar	šamaanitares	PlIn
šamaanitar	šamaanitaresse	PlIll
šamaanitar	šamaanitarest	PlEl
šamaanitar	šamaanitari	SgAdt
šamaanitar	šamaanitari	SgG
šamaanitar	šamaanitari	SgP
šamaanitar	šamaanitarid	PlN
šamaanitar	šamaanitaride	PlG
šamaanitar	šamaanitaridega	PlKom
šamaanitar	šamaanitarideks	PlTr
šamaanitar	šamaanitaridel	PlAd
šamaanitar	šamaanitaridele	PlAll
šamaanitar	šamaanitaridelt	PlAbl
šamaanitar	šamaanitaridena	PlEs
šamaanitar	šamaanitarideni	PlTer
šamaanitar	šamaanitarides	PlIn
šamaanitar	šamaanitaridesse	PlIll
šamaanitar	šamaanitaridest	PlEl
šamaanitar	šamaanitarideta	PlAb
šamaanitar	šamaanitariga	SgKom
šamaanitar	šamaanitariks	SgTr
šamaanitar	šamaanitaril	SgAd
šamaanitar	šamaanitarile	SgAll
šamaanitar	šamaanitarilt	SgAbl
šamaanitar	šamaanitarina	SgEs
šamaanitar	šamaanitarini	SgTer
šamaanitar	šamaanitaris	SgIn
šamaanitar	šamaanitarisid	PlP
šamaanitar	šamaanitarisse	SgIll
šamaanitar	šamaanitarist	SgEl
šamaanitar	šamaanitarita	SgAb
šamaanlik	šamaanlik	SgN
šamaanlik	šamaanlike	PlG
šamaanlik	šamaanlikega	PlKom
šamaanlik	šamaanlikeks	PlTr
šamaanlik	šamaanlikel	PlAd
šamaanlik	šamaanlikele	PlAll
šamaanlik	šamaanlikelt	PlAbl
šamaanlik	šamaanlikena	PlEs
šamaanlik	šamaanlikeni	PlTer
šamaanlik	šamaanlikes	PlIn
šamaanlik	šamaanlikesse	PlIll
šamaanlik	šamaanlikest	PlEl
šamaanlik	šamaanliketa	PlAb
šamaanlik	šamaanlikke	PlP
šamaanlik	šamaanlikku	SgAdt
šamaanlik	šamaanlikku	SgP
šamaanlik	šamaanlikkude	PlG
šamaanlik	šamaanlikkudega	PlKom
šamaanlik	šamaanlikkudeks	PlTr
šamaanlik	šamaanlikkudel	PlAd
šamaanlik	šamaanlikkudele	PlAll
šamaanlik	šamaanlikkudelt	PlAbl
šamaanlik	šamaanlikkudena	PlEs
šamaanlik	šamaanlikkudeni	PlTer
šamaanlik	šamaanlikkudes	PlIn
šamaanlik	šamaanlikkudesse	PlIll
šamaanlik	šamaanlikkudest	PlEl
šamaanlik	šamaanlikkudeta	PlAb
šamaanlik	šamaanlikkusid	PlP
šamaanlik	šamaanliku	SgG
šamaanlik	šamaanlikud	PlN
šamaanlik	šamaanlikuga	SgKom
šamaanlik	šamaanlikuks	SgTr
šamaanlik	šamaanlikul	SgAd
šamaanlik	šamaanlikule	SgAll
šamaanlik	šamaanlikult	SgAbl
šamaanlik	šamaanlikuna	SgEs
šamaanlik	šamaanlikuni	SgTer
šamaanlik	šamaanlikus	SgIn
šamaanlik	šamaanlikusse	SgIll
šamaanlik	šamaanlikust	SgEl
šamaanlik	šamaanlikuta	SgAb
šamottsavi	šamottsavi	SgG
šamottsavi	šamottsavi	SgN
šamottsavi	šamottsavi	SgP
šamottsavi	šamottsavid	PlN
šamottsavi	šamottsavide	PlG
šamottsavi	šamottsavidega	PlKom
šamottsavi	šamottsavideks	PlTr
šamottsavi	šamottsavidel	PlAd
šamottsavi	šamottsavidele	PlAll
šamottsavi	šamottsavidelt	PlAbl
šamottsavi	šamottsavidena	PlEs
šamottsavi	šamottsavideni	PlTer
šamottsavi	šamottsavides	PlIn
šamottsavi	šamottsavidesse	PlIll
šamottsavi	šamottsavidest	PlEl
šamottsavi	šamottsavideta	PlAb
šamottsavi	šamottsaviga	SgKom
šamottsavi	šamottsaviks	SgTr
šamottsavi	šamottsavil	SgAd
šamottsavi	šamottsavile	SgAll
šamottsavi	šamottsavilt	SgAbl
šamottsavi	šamottsavina	SgEs
šamottsavi	šamottsavini	SgTer
šamottsavi	šamottsavis	SgIn
šamottsavi	šamottsavisid	PlP
šamottsavi	šamottsavisse	SgIll
šamottsavi	šamottsavist	SgEl
šamottsavi	šamottsavita	SgAb
šamottsavi	šamottsavvi	SgAdt
šampanjapokaal	šampanjapokaal	SgN
šampanjapokaal	šampanjapokaale	PlP
šampanjapokaal	šampanjapokaaleks	PlTr
šampanjapokaal	šampanjapokaalel	PlAd
šampanjapokaal	šampanjapokaalele	PlAll
šampanjapokaal	šampanjapokaalelt	PlAbl
šampanjapokaal	šampanjapokaales	PlIn
šampanjapokaal	šampanjapokaalesse	PlIll
šampanjapokaal	šampanjapokaalest	PlEl
šampanjapokaal	šampanjapokaali	SgAdt
šampanjapokaal	šampanjapokaali	SgG
šampanjapokaal	šampanjapokaali	SgP
šampanjapokaal	šampanjapokaalid	PlN
šampanjapokaal	šampanjapokaalide	PlG
šampanjapokaal	šampanjapokaalidega	PlKom
šampanjapokaal	šampanjapokaalideks	PlTr
šampanjapokaal	šampanjapokaalidel	PlAd
šampanjapokaal	šampanjapokaalidele	PlAll
šampanjapokaal	šampanjapokaalidelt	PlAbl
šampanjapokaal	šampanjapokaalidena	PlEs
šampanjapokaal	šampanjapokaalideni	PlTer
šampanjapokaal	šampanjapokaalides	PlIn
šampanjapokaal	šampanjapokaalidesse	PlIll
šampanjapokaal	šampanjapokaalidest	PlEl
šampanjapokaal	šampanjapokaalideta	PlAb
šampanjapokaal	šampanjapokaaliga	SgKom
šampanjapokaal	šampanjapokaaliks	SgTr
šampanjapokaal	šampanjapokaalil	SgAd
šampanjapokaal	šampanjapokaalile	SgAll
šampanjapokaal	šampanjapokaalilt	SgAbl
šampanjapokaal	šampanjapokaalina	SgEs
šampanjapokaal	šampanjapokaalini	SgTer
šampanjapokaal	šampanjapokaalis	SgIn
šampanjapokaal	šampanjapokaalisid	PlP
šampanjapokaal	šampanjapokaalisse	SgIll
šampanjapokaal	šampanjapokaalist	SgEl
šampanjapokaal	šampanjapokaalita	SgAb
šampanjapudel	-	SgAdt
šampanjapudel	šampanjapudel	SgN
šampanjapudel	šampanjapudeleid	PlP
šampanjapudel	šampanjapudeleiks	PlTr
šampanjapudel	šampanjapudeleil	PlAd
šampanjapudel	šampanjapudeleile	PlAll
šampanjapudel	šampanjapudeleilt	PlAbl
šampanjapudel	šampanjapudeleis	PlIn
šampanjapudel	šampanjapudeleisse	PlIll
šampanjapudel	šampanjapudeleist	PlEl
šampanjapudel	šampanjapudeli	SgG
šampanjapudel	šampanjapudelid	PlN
šampanjapudel	šampanjapudeliga	SgKom
šampanjapudel	šampanjapudeliks	SgTr
šampanjapudel	šampanjapudelil	SgAd
šampanjapudel	šampanjapudelile	SgAll
šampanjapudel	šampanjapudelilt	SgAbl
šampanjapudel	šampanjapudelina	SgEs
šampanjapudel	šampanjapudelini	SgTer
šampanjapudel	šampanjapudelis	SgIn
šampanjapudel	šampanjapudelisse	SgIll
šampanjapudel	šampanjapudelist	SgEl
šampanjapudel	šampanjapudelit	SgP
šampanjapudel	šampanjapudelita	SgAb
šampanjapudel	šampanjapudelite	PlG
šampanjapudel	šampanjapudelitega	PlKom
šampanjapudel	šampanjapudeliteks	PlTr
šampanjapudel	šampanjapudelitel	PlAd
šampanjapudel	šampanjapudelitele	PlAll
šampanjapudel	šampanjapudelitelt	PlAbl
šampanjapudel	šampanjapudelitena	PlEs
šampanjapudel	šampanjapudeliteni	PlTer
šampanjapudel	šampanjapudelites	PlIn
šampanjapudel	šampanjapudelitesse	PlIll
šampanjapudel	šampanjapudelitest	PlEl
šampanjapudel	šampanjapudeliteta	PlAb
šampinjonikasvatus	šampinjonikasvatus	SgN
šampinjonikasvatus	šampinjonikasvatuse	SgG
šampinjonikasvatus	šampinjonikasvatused	PlN
šampinjonikasvatus	šampinjonikasvatusega	SgKom
šampinjonikasvatus	šampinjonikasvatuseks	SgTr
šampinjonikasvatus	šampinjonikasvatusel	SgAd
šampinjonikasvatus	šampinjonikasvatusele	SgAll
šampinjonikasvatus	šampinjonikasvatuselt	SgAbl
šampinjonikasvatus	šampinjonikasvatusena	SgEs
šampinjonikasvatus	šampinjonikasvatuseni	SgTer
šampinjonikasvatus	šampinjonikasvatuses	SgIn
šampinjonikasvatus	šampinjonikasvatusesse	SgIll
šampinjonikasvatus	šampinjonikasvatusest	SgEl
šampinjonikasvatus	šampinjonikasvatuseta	SgAb
šampinjonikasvatus	šampinjonikasvatusi	PlP
šampinjonikasvatus	šampinjonikasvatusiks	PlTr
šampinjonikasvatus	šampinjonikasvatusil	PlAd
šampinjonikasvatus	šampinjonikasvatusile	PlAll
šampinjonikasvatus	šampinjonikasvatusilt	PlAbl
šampinjonikasvatus	šampinjonikasvatusis	PlIn
šampinjonikasvatus	šampinjonikasvatusisse	PlIll
šampinjonikasvatus	šampinjonikasvatusist	PlEl
šampinjonikasvatus	šampinjonikasvatusse	SgAdt
šampinjonikasvatus	šampinjonikasvatust	SgP
šampinjonikasvatus	šampinjonikasvatuste	PlG
šampinjonikasvatus	šampinjonikasvatustega	PlKom
šampinjonikasvatus	šampinjonikasvatusteks	PlTr
šampinjonikasvatus	šampinjonikasvatustel	PlAd
šampinjonikasvatus	šampinjonikasvatustele	PlAll
šampinjonikasvatus	šampinjonikasvatustelt	PlAbl
šampinjonikasvatus	šampinjonikasvatustena	PlEs
šampinjonikasvatus	šampinjonikasvatusteni	PlTer
šampinjonikasvatus	šampinjonikasvatustes	PlIn
šampinjonikasvatus	šampinjonikasvatustesse	PlIll
šampinjonikasvatus	šampinjonikasvatustest	PlEl
šampinjonikasvatus	šampinjonikasvatusteta	PlAb
šampinjonisupp	šampinjonisupeks	PlTr
šampinjonisupp	šampinjonisupel	PlAd
šampinjonisupp	šampinjonisupele	PlAll
šampinjonisupp	šampinjonisupelt	PlAbl
šampinjonisupp	šampinjonisupes	PlIn
šampinjonisupp	šampinjonisupesse	PlIll
šampinjonisupp	šampinjonisupest	PlEl
šampinjonisupp	šampinjonisupi	SgG
šampinjonisupp	šampinjonisupid	PlN
šampinjonisupp	šampinjonisupiga	SgKom
šampinjonisupp	šampinjonisupiks	SgTr
šampinjonisupp	šampinjonisupil	SgAd
šampinjonisupp	šampinjonisupile	SgAll
šampinjonisupp	šampinjonisupilt	SgAbl
šampinjonisupp	šampinjonisupina	SgEs
šampinjonisupp	šampinjonisupini	SgTer
šampinjonisupp	šampinjonisupis	SgIn
šampinjonisupp	šampinjonisupisse	SgIll
šampinjonisupp	šampinjonisupist	SgEl
šampinjonisupp	šampinjonisupita	SgAb
šampinjonisupp	šampinjonisupp	SgN
šampinjonisupp	šampinjonisuppe	PlP
šampinjonisupp	šampinjonisuppi	SgAdt
šampinjonisupp	šampinjonisuppi	SgP
šampinjonisupp	šampinjonisuppide	PlG
šampinjonisupp	šampinjonisuppidega	PlKom
šampinjonisupp	šampinjonisuppideks	PlTr
šampinjonisupp	šampinjonisuppidel	PlAd
šampinjonisupp	šampinjonisuppidele	PlAll
šampinjonisupp	šampinjonisuppidelt	PlAbl
šampinjonisupp	šampinjonisuppidena	PlEs
šampinjonisupp	šampinjonisuppideni	PlTer
šampinjonisupp	šampinjonisuppides	PlIn
šampinjonisupp	šampinjonisuppidesse	PlIll
šampinjonisupp	šampinjonisuppidest	PlEl
šampinjonisupp	šampinjonisuppideta	PlAb
šampinjonisupp	šampinjonisuppisid	PlP
šampoonipudel	-	SgAdt
šampoonipudel	šampoonipudel	SgN
šampoonipudel	šampoonipudeleid	PlP
šampoonipudel	šampoonipudeleiks	PlTr
šampoonipudel	šampoonipudeleil	PlAd
šampoonipudel	šampoonipudeleile	PlAll
šampoonipudel	šampoonipudeleilt	PlAbl
šampoonipudel	šampoonipudeleis	PlIn
šampoonipudel	šampoonipudeleisse	PlIll
šampoonipudel	šampoonipudeleist	PlEl
šampoonipudel	šampoonipudeli	SgG
šampoonipudel	šampoonipudelid	PlN
šampoonipudel	šampoonipudeliga	SgKom
šampoonipudel	šampoonipudeliks	SgTr
šampoonipudel	šampoonipudelil	SgAd
šampoonipudel	šampoonipudelile	SgAll
šampoonipudel	šampoonipudelilt	SgAbl
šampoonipudel	šampoonipudelina	SgEs
šampoonipudel	šampoonipudelini	SgTer
šampoonipudel	šampoonipudelis	SgIn
šampoonipudel	šampoonipudelisse	SgIll
šampoonipudel	šampoonipudelist	SgEl
šampoonipudel	šampoonipudelit	SgP
šampoonipudel	šampoonipudelita	SgAb
šampoonipudel	šampoonipudelite	PlG
šampoonipudel	šampoonipudelitega	PlKom
šampoonipudel	šampoonipudeliteks	PlTr
šampoonipudel	šampoonipudelitel	PlAd
šampoonipudel	šampoonipudelitele	PlAll
šampoonipudel	šampoonipudelitelt	PlAbl
šampoonipudel	šampoonipudelitena	PlEs
šampoonipudel	šampoonipudeliteni	PlTer
šampoonipudel	šampoonipudelites	PlIn
šampoonipudel	šampoonipudelitesse	PlIll
šampoonipudel	šampoonipudelitest	PlEl
šampoonipudel	šampoonipudeliteta	PlAb
šampoonivaht	šampoonivaheks	PlTr
šampoonivaht	šampoonivahel	PlAd
šampoonivaht	šampoonivahele	PlAll
šampoonivaht	šampoonivahelt	PlAbl
šampoonivaht	šampoonivahes	PlIn
šampoonivaht	šampoonivahesse	PlIll
šampoonivaht	šampoonivahest	PlEl
šampoonivaht	šampoonivaht	SgN
šampoonivaht	šampoonivahte	PlP
šampoonivaht	šampoonivahtu	SgAdt
šampoonivaht	šampoonivahtu	SgP
šampoonivaht	šampoonivahtude	PlG
šampoonivaht	šampoonivahtudega	PlKom
šampoonivaht	šampoonivahtudeks	PlTr
šampoonivaht	šampoonivahtudel	PlAd
šampoonivaht	šampoonivahtudele	PlAll
šampoonivaht	šampoonivahtudelt	PlAbl
šampoonivaht	šampoonivahtudena	PlEs
šampoonivaht	šampoonivahtudeni	PlTer
šampoonivaht	šampoonivahtudes	PlIn
šampoonivaht	šampoonivahtudesse	PlIll
šampoonivaht	šampoonivahtudest	PlEl
šampoonivaht	šampoonivahtudeta	PlAb
šampoonivaht	šampoonivahtusid	PlP
šampoonivaht	šampoonivahu	SgG
šampoonivaht	šampoonivahud	PlN
šampoonivaht	šampoonivahuga	SgKom
šampoonivaht	šampoonivahuks	SgTr
šampoonivaht	šampoonivahul	SgAd
šampoonivaht	šampoonivahule	SgAll
šampoonivaht	šampoonivahult	SgAbl
šampoonivaht	šampoonivahuna	SgEs
šampoonivaht	šampoonivahuni	SgTer
šampoonivaht	šampoonivahus	SgIn
šampoonivaht	šampoonivahusse	SgIll
šampoonivaht	šampoonivahust	SgEl
šampoonivaht	šampoonivahuta	SgAb
šansoonilaulja	-	SgAdt
šansoonilaulja	šansoonilaulja	SgG
šansoonilaulja	šansoonilaulja	SgN
šansoonilaulja	šansoonilauljad	PlN
šansoonilaulja	šansoonilauljaga	SgKom
šansoonilaulja	šansoonilauljaid	PlP
šansoonilaulja	šansoonilauljaiks	PlTr
šansoonilaulja	šansoonilauljail	PlAd
šansoonilaulja	šansoonilauljaile	PlAll
šansoonilaulja	šansoonilauljailt	PlAbl
šansoonilaulja	šansoonilauljais	PlIn
šansoonilaulja	šansoonilauljaisse	PlIll
šansoonilaulja	šansoonilauljaist	PlEl
šansoonilaulja	šansoonilauljaks	SgTr
šansoonilaulja	šansoonilauljal	SgAd
šansoonilaulja	šansoonilauljale	SgAll
šansoonilaulja	šansoonilauljalt	SgAbl
šansoonilaulja	šansoonilauljana	SgEs
šansoonilaulja	šansoonilauljani	SgTer
šansoonilaulja	šansoonilauljas	SgIn
šansoonilaulja	šansoonilauljasse	SgIll
šansoonilaulja	šansoonilauljast	SgEl
šansoonilaulja	šansoonilauljat	SgP
šansoonilaulja	šansoonilauljata	SgAb
šansoonilaulja	šansoonilauljate	PlG
šansoonilaulja	šansoonilauljatega	PlKom
šansoonilaulja	šansoonilauljateks	PlTr
šansoonilaulja	šansoonilauljatel	PlAd
šansoonilaulja	šansoonilauljatele	PlAll
šansoonilaulja	šansoonilauljatelt	PlAbl
šansoonilaulja	šansoonilauljatena	PlEs
šansoonilaulja	šansoonilauljateni	PlTer
šansoonilaulja	šansoonilauljates	PlIn
šansoonilaulja	šansoonilauljatesse	PlIll
šansoonilaulja	šansoonilauljatest	PlEl
šansoonilaulja	šansoonilauljateta	PlAb
šantažeerija	-	SgAdt
šantažeerija	šantažeerija	SgG
šantažeerija	šantažeerija	SgN
šantažeerija	šantažeerijad	PlN
šantažeerija	šantažeerijaga	SgKom
šantažeerija	šantažeerijaid	PlP
šantažeerija	šantažeerijaiks	PlTr
šantažeerija	šantažeerijail	PlAd
šantažeerija	šantažeerijaile	PlAll
šantažeerija	šantažeerijailt	PlAbl
šantažeerija	šantažeerijais	PlIn
šantažeerija	šantažeerijaisse	PlIll
šantažeerija	šantažeerijaist	PlEl
šantažeerija	šantažeerijaks	SgTr
šantažeerija	šantažeerijal	SgAd
šantažeerija	šantažeerijale	SgAll
šantažeerija	šantažeerijalt	SgAbl
šantažeerija	šantažeerijana	SgEs
šantažeerija	šantažeerijani	SgTer
šantažeerija	šantažeerijas	SgIn
šantažeerija	šantažeerijasse	SgIll
šantažeerija	šantažeerijast	SgEl
šantažeerija	šantažeerijat	SgP
šantažeerija	šantažeerijata	SgAb
šantažeerija	šantažeerijate	PlG
šantažeerija	šantažeerijatega	PlKom
šantažeerija	šantažeerijateks	PlTr
šantažeerija	šantažeerijatel	PlAd
šantažeerija	šantažeerijatele	PlAll
šantažeerija	šantažeerijatelt	PlAbl
šantažeerija	šantažeerijatena	PlEs
šantažeerija	šantažeerijateni	PlTer
šantažeerija	šantažeerijates	PlIn
šantažeerija	šantažeerijatesse	PlIll
šantažeerija	šantažeerijatest	PlEl
šantažeerija	šantažeerijateta	PlAb
šantažist	šantažist	SgN
šantažist	šantažiste	PlP
šantažist	šantažisteks	PlTr
šantažist	šantažistel	PlAd
šantažist	šantažistele	PlAll
šantažist	šantažistelt	PlAbl
šantažist	šantažistes	PlIn
šantažist	šantažistesse	PlIll
šantažist	šantažistest	PlEl
šantažist	šantažisti	SgAdt
šantažist	šantažisti	SgG
šantažist	šantažisti	SgP
šantažist	šantažistid	PlN
šantažist	šantažistide	PlG
šantažist	šantažistidega	PlKom
šantažist	šantažistideks	PlTr
šantažist	šantažistidel	PlAd
šantažist	šantažistidele	PlAll
šantažist	šantažistidelt	PlAbl
šantažist	šantažistidena	PlEs
šantažist	šantažistideni	PlTer
šantažist	šantažistides	PlIn
šantažist	šantažistidesse	PlIll
šantažist	šantažistidest	PlEl
šantažist	šantažistideta	PlAb
šantažist	šantažistiga	SgKom
šantažist	šantažistiks	SgTr
šantažist	šantažistil	SgAd
šantažist	šantažistile	SgAll
šantažist	šantažistilt	SgAbl
šantažist	šantažistina	SgEs
šantažist	šantažistini	SgTer
šantažist	šantažistis	SgIn
šantažist	šantažistisid	PlP
šantažist	šantažistisse	SgIll
šantažist	šantažistist	SgEl
šantažist	šantažistita	SgAb
šarniirühendus	šarniirühendus	SgN
šarniirühendus	šarniirühenduse	SgG
šarniirühendus	šarniirühendused	PlN
šarniirühendus	šarniirühendusega	SgKom
šarniirühendus	šarniirühenduseks	SgTr
šarniirühendus	šarniirühendusel	SgAd
šarniirühendus	šarniirühendusele	SgAll
šarniirühendus	šarniirühenduselt	SgAbl
šarniirühendus	šarniirühendusena	SgEs
šarniirühendus	šarniirühenduseni	SgTer
šarniirühendus	šarniirühenduses	SgIn
šarniirühendus	šarniirühendusesse	SgIll
šarniirühendus	šarniirühendusest	SgEl
šarniirühendus	šarniirühenduseta	SgAb
šarniirühendus	šarniirühendusi	PlP
šarniirühendus	šarniirühendusiks	PlTr
šarniirühendus	šarniirühendusil	PlAd
šarniirühendus	šarniirühendusile	PlAll
šarniirühendus	šarniirühendusilt	PlAbl
šarniirühendus	šarniirühendusis	PlIn
šarniirühendus	šarniirühendusisse	PlIll
šarniirühendus	šarniirühendusist	PlEl
šarniirühendus	šarniirühendusse	SgAdt
šarniirühendus	šarniirühendust	SgP
šarniirühendus	šarniirühenduste	PlG
šarniirühendus	šarniirühendustega	PlKom
šarniirühendus	šarniirühendusteks	PlTr
šarniirühendus	šarniirühendustel	PlAd
šarniirühendus	šarniirühendustele	PlAll
šarniirühendus	šarniirühendustelt	PlAbl
šarniirühendus	šarniirühendustena	PlEs
šarniirühendus	šarniirühendusteni	PlTer
šarniirühendus	šarniirühendustes	PlIn
šarniirühendus	šarniirühendustesse	PlIll
šarniirühendus	šarniirühendustest	PlEl
šarniirühendus	šarniirühendusteta	PlAb
šašlõkiõhtu	-	SgAdt
šašlõkiõhtu	šašlõkiõhtu	SgG
šašlõkiõhtu	šašlõkiõhtu	SgN
šašlõkiõhtu	šašlõkiõhtud	PlN
šašlõkiõhtu	šašlõkiõhtuga	SgKom
šašlõkiõhtu	šašlõkiõhtuid	PlP
šašlõkiõhtu	šašlõkiõhtuiks	PlTr
šašlõkiõhtu	šašlõkiõhtuil	PlAd
šašlõkiõhtu	šašlõkiõhtuile	PlAll
šašlõkiõhtu	šašlõkiõhtuilt	PlAbl
šašlõkiõhtu	šašlõkiõhtuis	PlIn
šašlõkiõhtu	šašlõkiõhtuisse	PlIll
šašlõkiõhtu	šašlõkiõhtuist	PlEl
šašlõkiõhtu	šašlõkiõhtuks	SgTr
šašlõkiõhtu	šašlõkiõhtul	SgAd
šašlõkiõhtu	šašlõkiõhtule	SgAll
šašlõkiõhtu	šašlõkiõhtult	SgAbl
šašlõkiõhtu	šašlõkiõhtuna	SgEs
šašlõkiõhtu	šašlõkiõhtuni	SgTer
šašlõkiõhtu	šašlõkiõhtus	SgIn
šašlõkiõhtu	šašlõkiõhtusse	SgIll
šašlõkiõhtu	šašlõkiõhtust	SgEl
šašlõkiõhtu	šašlõkiõhtut	SgP
šašlõkiõhtu	šašlõkiõhtuta	SgAb
šašlõkiõhtu	šašlõkiõhtute	PlG
šašlõkiõhtu	šašlõkiõhtutega	PlKom
šašlõkiõhtu	šašlõkiõhtuteks	PlTr
šašlõkiõhtu	šašlõkiõhtutel	PlAd
šašlõkiõhtu	šašlõkiõhtutele	PlAll
šašlõkiõhtu	šašlõkiõhtutelt	PlAbl
šašlõkiõhtu	šašlõkiõhtutena	PlEs
šašlõkiõhtu	šašlõkiõhtuteni	PlTer
šašlõkiõhtu	šašlõkiõhtutes	PlIn
šašlõkiõhtu	šašlõkiõhtutesse	PlIll
šašlõkiõhtu	šašlõkiõhtutest	PlEl
šašlõkiõhtu	šašlõkiõhtuteta	PlAb
šeffettevõte	-	SgAdt
šeffettevõte	šeffettevõte	SgN
šeffettevõte	šeffettevõtet	SgP
šeffettevõte	šeffettevõtete	PlG
šeffettevõte	šeffettevõtetega	PlKom
šeffettevõte	šeffettevõteteks	PlTr
šeffettevõte	šeffettevõtetel	PlAd
šeffettevõte	šeffettevõtetele	PlAll
šeffettevõte	šeffettevõtetelt	PlAbl
šeffettevõte	šeffettevõtetena	PlEs
šeffettevõte	šeffettevõteteni	PlTer
šeffettevõte	šeffettevõtetes	PlIn
šeffettevõte	šeffettevõtetesse	PlIll
šeffettevõte	šeffettevõtetest	PlEl
šeffettevõte	šeffettevõteteta	PlAb
šeffettevõte	šeffettevõtte	SgG
šeffettevõte	šeffettevõtted	PlN
šeffettevõte	šeffettevõttega	SgKom
šeffettevõte	šeffettevõtteid	PlP
šeffettevõte	šeffettevõtteiks	PlTr
šeffettevõte	šeffettevõtteil	PlAd
šeffettevõte	šeffettevõtteile	PlAll
šeffettevõte	šeffettevõtteilt	PlAbl
šeffettevõte	šeffettevõtteis	PlIn
šeffettevõte	šeffettevõtteisse	PlIll
šeffettevõte	šeffettevõtteist	PlEl
šeffettevõte	šeffettevõtteks	SgTr
šeffettevõte	šeffettevõttel	SgAd
šeffettevõte	šeffettevõttele	SgAll
šeffettevõte	šeffettevõttelt	SgAbl
šeffettevõte	šeffettevõttena	SgEs
šeffettevõte	šeffettevõtteni	SgTer
šeffettevõte	šeffettevõttes	SgIn
šeffettevõte	šeffettevõttesse	SgIll
šeffettevõte	šeffettevõttest	SgEl
šeffettevõte	šeffettevõtteta	SgAb
šeffkäitis	-	SgAdt
šeffkäitis	šeffkäitis	SgN
šeffkäitis	šeffkäitise	SgG
šeffkäitis	šeffkäitised	PlN
šeffkäitis	šeffkäitisega	SgKom
šeffkäitis	šeffkäitiseid	PlP
šeffkäitis	šeffkäitiseiks	PlTr
šeffkäitis	šeffkäitiseil	PlAd
šeffkäitis	šeffkäitiseile	PlAll
šeffkäitis	šeffkäitiseilt	PlAbl
šeffkäitis	šeffkäitiseis	PlIn
šeffkäitis	šeffkäitiseisse	PlIll
šeffkäitis	šeffkäitiseist	PlEl
šeffkäitis	šeffkäitiseks	SgTr
šeffkäitis	šeffkäitisel	SgAd
šeffkäitis	šeffkäitisele	SgAll
šeffkäitis	šeffkäitiselt	SgAbl
šeffkäitis	šeffkäitisena	SgEs
šeffkäitis	šeffkäitiseni	SgTer
šeffkäitis	šeffkäitises	SgIn
šeffkäitis	šeffkäitisesse	SgIll
šeffkäitis	šeffkäitisest	SgEl
šeffkäitis	šeffkäitiseta	SgAb
šeffkäitis	šeffkäitisi	PlP
šeffkäitis	šeffkäitisiks	PlTr
šeffkäitis	šeffkäitisil	PlAd
šeffkäitis	šeffkäitisile	PlAll
šeffkäitis	šeffkäitisilt	PlAbl
šeffkäitis	šeffkäitisis	PlIn
šeffkäitis	šeffkäitisisse	PlIll
šeffkäitis	šeffkäitisist	PlEl
šeffkäitis	šeffkäitisse	SgAdt
šeffkäitis	šeffkäitist	SgP
šeffkäitis	šeffkäitiste	PlG
šeffkäitis	šeffkäitistega	PlKom
šeffkäitis	šeffkäitisteks	PlTr
šeffkäitis	šeffkäitistel	PlAd
šeffkäitis	šeffkäitistele	PlAll
šeffkäitis	šeffkäitistelt	PlAbl
šeffkäitis	šeffkäitistena	PlEs
šeffkäitis	šeffkäitisteni	PlTer
šeffkäitis	šeffkäitistes	PlIn
šeffkäitis	šeffkäitistesse	PlIll
šeffkäitis	šeffkäitistest	PlEl
šeffkäitis	šeffkäitisteta	PlAb
šefluskohustus	šefluskohustus	SgN
šefluskohustus	šefluskohustuse	SgG
šefluskohustus	šefluskohustused	PlN
šefluskohustus	šefluskohustusega	SgKom
šefluskohustus	šefluskohustuseks	SgTr
šefluskohustus	šefluskohustusel	SgAd
šefluskohustus	šefluskohustusele	SgAll
šefluskohustus	šefluskohustuselt	SgAbl
šefluskohustus	šefluskohustusena	SgEs
šefluskohustus	šefluskohustuseni	SgTer
šefluskohustus	šefluskohustuses	SgIn
šefluskohustus	šefluskohustusesse	SgIll
šefluskohustus	šefluskohustusest	SgEl
šefluskohustus	šefluskohustuseta	SgAb
šefluskohustus	šefluskohustusi	PlP
šefluskohustus	šefluskohustusiks	PlTr
šefluskohustus	šefluskohustusil	PlAd
šefluskohustus	šefluskohustusile	PlAll
šefluskohustus	šefluskohustusilt	PlAbl
šefluskohustus	šefluskohustusis	PlIn
šefluskohustus	šefluskohustusisse	PlIll
šefluskohustus	šefluskohustusist	PlEl
šefluskohustus	šefluskohustusse	SgAdt
šefluskohustus	šefluskohustust	SgP
šefluskohustus	šefluskohustuste	PlG
šefluskohustus	šefluskohustustega	PlKom
šefluskohustus	šefluskohustusteks	PlTr
šefluskohustus	šefluskohustustel	PlAd
šefluskohustus	šefluskohustustele	PlAll
šefluskohustus	šefluskohustustelt	PlAbl
šefluskohustus	šefluskohustustena	PlEs
šefluskohustus	šefluskohustusteni	PlTer
šefluskohustus	šefluskohustustes	PlIn
šefluskohustus	šefluskohustustesse	PlIll
šefluskohustus	šefluskohustustest	PlEl
šefluskohustus	šefluskohustusteta	PlAb
šeflusleping	-	SgAdt
šeflusleping	šeflusleping	SgN
šeflusleping	šefluslepingu	SgG
šeflusleping	šefluslepingud	PlN
šeflusleping	šefluslepinguga	SgKom
šeflusleping	šefluslepinguid	PlP
šeflusleping	šefluslepinguiks	PlTr
šeflusleping	šefluslepinguil	PlAd
šeflusleping	šefluslepinguile	PlAll
šeflusleping	šefluslepinguilt	PlAbl
šeflusleping	šefluslepinguis	PlIn
šeflusleping	šefluslepinguisse	PlIll
šeflusleping	šefluslepinguist	PlEl
šeflusleping	šefluslepinguks	SgTr
šeflusleping	šefluslepingul	SgAd
šeflusleping	šefluslepingule	SgAll
šeflusleping	šefluslepingult	SgAbl
šeflusleping	šefluslepinguna	SgEs
šeflusleping	šefluslepinguni	SgTer
šeflusleping	šefluslepingus	SgIn
šeflusleping	šefluslepingusse	SgIll
šeflusleping	šefluslepingust	SgEl
šeflusleping	šefluslepingut	SgP
šeflusleping	šefluslepinguta	SgAb
šeflusleping	šefluslepingute	PlG
šeflusleping	šefluslepingutega	PlKom
šeflusleping	šefluslepinguteks	PlTr
šeflusleping	šefluslepingutel	PlAd
šeflusleping	šefluslepingutele	PlAll
šeflusleping	šefluslepingutelt	PlAbl
šeflusleping	šefluslepingutena	PlEs
šeflusleping	šefluslepinguteni	PlTer
šeflusleping	šefluslepingutes	PlIn
šeflusleping	šefluslepingutesse	PlIll
šeflusleping	šefluslepingutest	PlEl
šeflusleping	šefluslepinguteta	PlAb
šeiver	-	SgAdt
šeiver	šeiver	SgN
šeiver	šeivreid	PlP
šeiver	šeivreiks	PlTr
šeiver	šeivreil	PlAd
šeiver	šeivreile	PlAll
šeiver	šeivreilt	PlAbl
šeiver	šeivreis	PlIn
šeiver	šeivreisse	PlIll
šeiver	šeivreist	PlEl
šeiver	šeivri	SgG
šeiver	šeivrid	PlN
šeiver	šeivriga	SgKom
šeiver	šeivriks	SgTr
šeiver	šeivril	SgAd
šeiver	šeivrile	SgAll
šeiver	šeivrilt	SgAbl
šeiver	šeivrina	SgEs
šeiver	šeivrini	SgTer
šeiver	šeivris	SgIn
šeiver	šeivrisse	SgIll
šeiver	šeivrist	SgEl
šeiver	šeivrit	SgP
šeiver	šeivrita	SgAb
šeiver	šeivrite	PlG
šeiver	šeivritega	PlKom
šeiver	šeivriteks	PlTr
šeiver	šeivritel	PlAd
šeiver	šeivritele	PlAll
šeiver	šeivritelt	PlAbl
šeiver	šeivritena	PlEs
šeiver	šeivriteni	PlTer
šeiver	šeivrites	PlIn
šeiver	šeivritesse	PlIll
šeiver	šeivritest	PlEl
šeiver	šeivriteta	PlAb
šellakpolituur	šellakpolituur	SgN
šellakpolituur	šellakpolituure	PlP
šellakpolituur	šellakpolituureks	PlTr
šellakpolituur	šellakpolituurel	PlAd
šellakpolituur	šellakpolituurele	PlAll
šellakpolituur	šellakpolituurelt	PlAbl
šellakpolituur	šellakpolituures	PlIn
šellakpolituur	šellakpolituuresse	PlIll
šellakpolituur	šellakpolituurest	PlEl
šellakpolituur	šellakpolituuri	SgAdt
šellakpolituur	šellakpolituuri	SgG
šellakpolituur	šellakpolituuri	SgP
šellakpolituur	šellakpolituurid	PlN
šellakpolituur	šellakpolituuride	PlG
šellakpolituur	šellakpolituuridega	PlKom
šellakpolituur	šellakpolituurideks	PlTr
šellakpolituur	šellakpolituuridel	PlAd
šellakpolituur	šellakpolituuridele	PlAll
šellakpolituur	šellakpolituuridelt	PlAbl
šellakpolituur	šellakpolituuridena	PlEs
šellakpolituur	šellakpolituurideni	PlTer
šellakpolituur	šellakpolituurides	PlIn
šellakpolituur	šellakpolituuridesse	PlIll
šellakpolituur	šellakpolituuridest	PlEl
šellakpolituur	šellakpolituurideta	PlAb
šellakpolituur	šellakpolituuriga	SgKom
šellakpolituur	šellakpolituuriks	SgTr
šellakpolituur	šellakpolituuril	SgAd
šellakpolituur	šellakpolituurile	SgAll
šellakpolituur	šellakpolituurilt	SgAbl
šellakpolituur	šellakpolituurina	SgEs
šellakpolituur	šellakpolituurini	SgTer
šellakpolituur	šellakpolituuris	SgIn
šellakpolituur	šellakpolituurisid	PlP
šellakpolituur	šellakpolituurisse	SgIll
šellakpolituur	šellakpolituurist	SgEl
šellakpolituur	šellakpolituurita	SgAb
ševiotülikond	ševiotülikond	SgN
ševiotülikond	ševiotülikonda	SgAdt
ševiotülikond	ševiotülikonda	SgP
ševiotülikond	ševiotülikondade	PlG
ševiotülikond	ševiotülikondadega	PlKom
ševiotülikond	ševiotülikondadeks	PlTr
ševiotülikond	ševiotülikondadel	PlAd
ševiotülikond	ševiotülikondadele	PlAll
ševiotülikond	ševiotülikondadelt	PlAbl
ševiotülikond	ševiotülikondadena	PlEs
ševiotülikond	ševiotülikondadeni	PlTer
ševiotülikond	ševiotülikondades	PlIn
ševiotülikond	ševiotülikondadesse	PlIll
ševiotülikond	ševiotülikondadest	PlEl
ševiotülikond	ševiotülikondadeta	PlAb
ševiotülikond	ševiotülikondasid	PlP
ševiotülikond	ševiotülikondi	PlP
ševiotülikond	ševiotülikonna	SgG
ševiotülikond	ševiotülikonnad	PlN
ševiotülikond	ševiotülikonnaga	SgKom
ševiotülikond	ševiotülikonnaks	SgTr
ševiotülikond	ševiotülikonnal	SgAd
ševiotülikond	ševiotülikonnale	SgAll
ševiotülikond	ševiotülikonnalt	SgAbl
ševiotülikond	ševiotülikonnana	SgEs
ševiotülikond	ševiotülikonnani	SgTer
ševiotülikond	ševiotülikonnas	SgIn
ševiotülikond	ševiotülikonnasse	SgIll
ševiotülikond	ševiotülikonnast	SgEl
ševiotülikond	ševiotülikonnata	SgAb
ševiotülikond	ševiotülikonniks	PlTr
ševiotülikond	ševiotülikonnil	PlAd
ševiotülikond	ševiotülikonnile	PlAll
ševiotülikond	ševiotülikonnilt	PlAbl
ševiotülikond	ševiotülikonnis	PlIn
ševiotülikond	ševiotülikonnisse	PlIll
ševiotülikond	ševiotülikonnist	PlEl
šifferlukk	šifferlukeks	PlTr
šifferlukk	šifferlukel	PlAd
šifferlukk	šifferlukele	PlAll
šifferlukk	šifferlukelt	PlAbl
šifferlukk	šifferlukes	PlIn
šifferlukk	šifferlukesse	PlIll
šifferlukk	šifferlukest	PlEl
šifferlukk	šifferlukk	SgN
šifferlukk	šifferlukke	PlP
šifferlukk	šifferlukku	SgAdt
šifferlukk	šifferlukku	SgP
šifferlukk	šifferlukkude	PlG
šifferlukk	šifferlukkudega	PlKom
šifferlukk	šifferlukkudeks	PlTr
šifferlukk	šifferlukkudel	PlAd
šifferlukk	šifferlukkudele	PlAll
šifferlukk	šifferlukkudelt	PlAbl
šifferlukk	šifferlukkudena	PlEs
šifferlukk	šifferlukkudeni	PlTer
šifferlukk	šifferlukkudes	PlIn
šifferlukk	šifferlukkudesse	PlIll
šifferlukk	šifferlukkudest	PlEl
šifferlukk	šifferlukkudeta	PlAb
šifferlukk	šifferlukkusid	PlP
šifferlukk	šifferluku	SgG
šifferlukk	šifferlukud	PlN
šifferlukk	šifferlukuga	SgKom
šifferlukk	šifferlukuks	SgTr
šifferlukk	šifferlukul	SgAd
šifferlukk	šifferlukule	SgAll
šifferlukk	šifferlukult	SgAbl
šifferlukk	šifferlukuna	SgEs
šifferlukk	šifferlukuni	SgTer
šifferlukk	šifferlukus	SgIn
šifferlukk	šifferlukusse	SgIll
šifferlukk	šifferlukust	SgEl
šifferlukk	šifferlukuta	SgAb
šiffertelegramm	šiffertelegramm	SgN
šiffertelegramm	šiffertelegramme	PlP
šiffertelegramm	šiffertelegrammeks	PlTr
šiffertelegramm	šiffertelegrammel	PlAd
šiffertelegramm	šiffertelegrammele	PlAll
šiffertelegramm	šiffertelegrammelt	PlAbl
šiffertelegramm	šiffertelegrammes	PlIn
šiffertelegramm	šiffertelegrammesse	PlIll
šiffertelegramm	šiffertelegrammest	PlEl
šiffertelegramm	šiffertelegrammi	SgAdt
šiffertelegramm	šiffertelegrammi	SgG
šiffertelegramm	šiffertelegrammi	SgP
šiffertelegramm	šiffertelegrammid	PlN
šiffertelegramm	šiffertelegrammide	PlG
šiffertelegramm	šiffertelegrammidega	PlKom
šiffertelegramm	šiffertelegrammideks	PlTr
šiffertelegramm	šiffertelegrammidel	PlAd
šiffertelegramm	šiffertelegrammidele	PlAll
šiffertelegramm	šiffertelegrammidelt	PlAbl
šiffertelegramm	šiffertelegrammidena	PlEs
šiffertelegramm	šiffertelegrammideni	PlTer
šiffertelegramm	šiffertelegrammides	PlIn
šiffertelegramm	šiffertelegrammidesse	PlIll
šiffertelegramm	šiffertelegrammidest	PlEl
šiffertelegramm	šiffertelegrammideta	PlAb
šiffertelegramm	šiffertelegrammiga	SgKom
šiffertelegramm	šiffertelegrammiks	SgTr
šiffertelegramm	šiffertelegrammil	SgAd
šiffertelegramm	šiffertelegrammile	SgAll
šiffertelegramm	šiffertelegrammilt	SgAbl
šiffertelegramm	šiffertelegrammina	SgEs
šiffertelegramm	šiffertelegrammini	SgTer
šiffertelegramm	šiffertelegrammis	SgIn
šiffertelegramm	šiffertelegrammisid	PlP
šiffertelegramm	šiffertelegrammisse	SgIll
šiffertelegramm	šiffertelegrammist	SgEl
šiffertelegramm	šiffertelegrammita	SgAb
šifoonpluus	šifoonpluus	SgN
šifoonpluus	šifoonpluuse	PlP
šifoonpluus	šifoonpluuseks	PlTr
šifoonpluus	šifoonpluusel	PlAd
šifoonpluus	šifoonpluusele	PlAll
šifoonpluus	šifoonpluuselt	PlAbl
šifoonpluus	šifoonpluuses	PlIn
šifoonpluus	šifoonpluusesse	PlIll
šifoonpluus	šifoonpluusest	PlEl
šifoonpluus	šifoonpluusi	SgAdt
šifoonpluus	šifoonpluusi	SgG
šifoonpluus	šifoonpluusi	SgP
šifoonpluus	šifoonpluusid	PlN
šifoonpluus	šifoonpluuside	PlG
šifoonpluus	šifoonpluusidega	PlKom
šifoonpluus	šifoonpluusideks	PlTr
šifoonpluus	šifoonpluusidel	PlAd
šifoonpluus	šifoonpluusidele	PlAll
šifoonpluus	šifoonpluusidelt	PlAbl
šifoonpluus	šifoonpluusidena	PlEs
šifoonpluus	šifoonpluusideni	PlTer
šifoonpluus	šifoonpluusides	PlIn
šifoonpluus	šifoonpluusidesse	PlIll
šifoonpluus	šifoonpluusidest	PlEl
šifoonpluus	šifoonpluusideta	PlAb
šifoonpluus	šifoonpluusiga	SgKom
šifoonpluus	šifoonpluusiks	SgTr
šifoonpluus	šifoonpluusil	SgAd
šifoonpluus	šifoonpluusile	SgAll
šifoonpluus	šifoonpluusilt	SgAbl
šifoonpluus	šifoonpluusina	SgEs
šifoonpluus	šifoonpluusini	SgTer
šifoonpluus	šifoonpluusis	SgIn
šifoonpluus	šifoonpluusisid	PlP
šifoonpluus	šifoonpluusisse	SgIll
šifoonpluus	šifoonpluusist	SgEl
šifoonpluus	šifoonpluusita	SgAb
šlepp	šlepeks	PlTr
šlepp	šlepel	PlAd
šlepp	šlepele	PlAll
šlepp	šlepelt	PlAbl
šlepp	šlepes	PlIn
šlepp	šlepesse	PlIll
šlepp	šlepest	PlEl
šlepp	šlepi	SgG
šlepp	šlepid	PlN
šlepp	šlepiga	SgKom
šlepp	šlepiks	SgTr
šlepp	šlepil	SgAd
šlepp	šlepile	SgAll
šlepp	šlepilt	SgAbl
šlepp	šlepina	SgEs
šlepp	šlepini	SgTer
šlepp	šlepis	SgIn
šlepp	šlepisse	SgIll
šlepp	šlepist	SgEl
šlepp	šlepita	SgAb
šlepp	šlepp	SgN
šlepp	šleppe	PlP
šlepp	šleppi	SgAdt
šlepp	šleppi	SgP
šlepp	šleppide	PlG
šlepp	šleppidega	PlKom
šlepp	šleppideks	PlTr
šlepp	šleppidel	PlAd
šlepp	šleppidele	PlAll
šlepp	šleppidelt	PlAbl
šlepp	šleppidena	PlEs
šlepp	šleppideni	PlTer
šlepp	šleppides	PlIn
šlepp	šleppidesse	PlIll
šlepp	šleppidest	PlEl
šlepp	šleppideta	PlAb
šlepp	šleppisid	PlP
šleppi	šleppi	ID
šnepper	-	SgAdt
šnepper	šnepper	SgN
šnepper	šnepreid	PlP
šnepper	šnepreiks	PlTr
šnepper	šnepreil	PlAd
šnepper	šnepreile	PlAll
šnepper	šnepreilt	PlAbl
šnepper	šnepreis	PlIn
šnepper	šnepreisse	PlIll
šnepper	šnepreist	PlEl
šnepper	šnepri	SgG
šnepper	šneprid	PlN
šnepper	šnepriga	SgKom
šnepper	šnepriks	SgTr
šnepper	šnepril	SgAd
šnepper	šneprile	SgAll
šnepper	šneprilt	SgAbl
šnepper	šneprina	SgEs
šnepper	šneprini	SgTer
šnepper	šnepris	SgIn
šnepper	šneprisse	SgIll
šnepper	šneprist	SgEl
šnepper	šneprit	SgP
šnepper	šneprita	SgAb
šnepper	šneprite	PlG
šnepper	šnepritega	PlKom
šnepper	šnepriteks	PlTr
šnepper	šnepritel	PlAd
šnepper	šnepritele	PlAll
šnepper	šnepritelt	PlAbl
šnepper	šnepritena	PlEs
šnepper	šnepriteni	PlTer
šnepper	šneprites	PlIn
šnepper	šnepritesse	PlIll
šnepper	šnepritest	PlEl
šnepper	šnepriteta	PlAb
šokiravi	-	SgAdt
šokiravi	šokiravi	SgG
šokiravi	šokiravi	SgN
šokiravi	šokiravi	SgP
šokiravi	šokiravid	PlN
šokiravi	šokiravide	PlG
šokiravi	šokiravidega	PlKom
šokiravi	šokiravideks	PlTr
šokiravi	šokiravidel	PlAd
šokiravi	šokiravidele	PlAll
šokiravi	šokiravidelt	PlAbl
šokiravi	šokiravidena	PlEs
šokiravi	šokiravideni	PlTer
šokiravi	šokiravides	PlIn
šokiravi	šokiravidesse	PlIll
šokiravi	šokiravidest	PlEl
šokiravi	šokiravideta	PlAb
šokiravi	šokiraviga	SgKom
šokiravi	šokiraviks	SgTr
šokiravi	šokiravil	SgAd
šokiravi	šokiravile	SgAll
šokiravi	šokiravilt	SgAbl
šokiravi	šokiravina	SgEs
šokiravi	šokiravini	SgTer
šokiravi	šokiravis	SgIn
šokiravi	šokiravisid	PlP
šokiravi	šokiravisse	SgIll
šokiravi	šokiravist	SgEl
šokiravi	šokiravita	SgAb
šokolaadiglasuur	šokolaadiglasuur	SgN
šokolaadiglasuur	šokolaadiglasuure	PlP
šokolaadiglasuur	šokolaadiglasuureks	PlTr
šokolaadiglasuur	šokolaadiglasuurel	PlAd
šokolaadiglasuur	šokolaadiglasuurele	PlAll
šokolaadiglasuur	šokolaadiglasuurelt	PlAbl
šokolaadiglasuur	šokolaadiglasuures	PlIn
šokolaadiglasuur	šokolaadiglasuuresse	PlIll
šokolaadiglasuur	šokolaadiglasuurest	PlEl
šokolaadiglasuur	šokolaadiglasuuri	SgAdt
šokolaadiglasuur	šokolaadiglasuuri	SgG
šokolaadiglasuur	šokolaadiglasuuri	SgP
šokolaadiglasuur	šokolaadiglasuurid	PlN
šokolaadiglasuur	šokolaadiglasuuride	PlG
šokolaadiglasuur	šokolaadiglasuuridega	PlKom
šokolaadiglasuur	šokolaadiglasuurideks	PlTr
šokolaadiglasuur	šokolaadiglasuuridel	PlAd
šokolaadiglasuur	šokolaadiglasuuridele	PlAll
šokolaadiglasuur	šokolaadiglasuuridelt	PlAbl
šokolaadiglasuur	šokolaadiglasuuridena	PlEs
šokolaadiglasuur	šokolaadiglasuurideni	PlTer
šokolaadiglasuur	šokolaadiglasuurides	PlIn
šokolaadiglasuur	šokolaadiglasuuridesse	PlIll
šokolaadiglasuur	šokolaadiglasuuridest	PlEl
šokolaadiglasuur	šokolaadiglasuurideta	PlAb
šokolaadiglasuur	šokolaadiglasuuriga	SgKom
šokolaadiglasuur	šokolaadiglasuuriks	SgTr
šokolaadiglasuur	šokolaadiglasuuril	SgAd
šokolaadiglasuur	šokolaadiglasuurile	SgAll
šokolaadiglasuur	šokolaadiglasuurilt	SgAbl
šokolaadiglasuur	šokolaadiglasuurina	SgEs
šokolaadiglasuur	šokolaadiglasuurini	SgTer
šokolaadiglasuur	šokolaadiglasuuris	SgIn
šokolaadiglasuur	šokolaadiglasuurisid	PlP
šokolaadiglasuur	šokolaadiglasuurisse	SgIll
šokolaadiglasuur	šokolaadiglasuurist	SgEl
šokolaadiglasuur	šokolaadiglasuurita	SgAb
šokolaadipulber	-	SgAdt
šokolaadipulber	šokolaadipulber	SgN
šokolaadipulber	šokolaadipulbreid	PlP
šokolaadipulber	šokolaadipulbreiks	PlTr
šokolaadipulber	šokolaadipulbreil	PlAd
šokolaadipulber	šokolaadipulbreile	PlAll
šokolaadipulber	šokolaadipulbreilt	PlAbl
šokolaadipulber	šokolaadipulbreis	PlIn
šokolaadipulber	šokolaadipulbreisse	PlIll
šokolaadipulber	šokolaadipulbreist	PlEl
šokolaadipulber	šokolaadipulbri	SgG
šokolaadipulber	šokolaadipulbrid	PlN
šokolaadipulber	šokolaadipulbriga	SgKom
šokolaadipulber	šokolaadipulbriks	SgTr
šokolaadipulber	šokolaadipulbril	SgAd
šokolaadipulber	šokolaadipulbrile	SgAll
šokolaadipulber	šokolaadipulbrilt	SgAbl
šokolaadipulber	šokolaadipulbrina	SgEs
šokolaadipulber	šokolaadipulbrini	SgTer
šokolaadipulber	šokolaadipulbris	SgIn
šokolaadipulber	šokolaadipulbrisse	SgIll
šokolaadipulber	šokolaadipulbrist	SgEl
šokolaadipulber	šokolaadipulbrit	SgP
šokolaadipulber	šokolaadipulbrita	SgAb
šokolaadipulber	šokolaadipulbrite	PlG
šokolaadipulber	šokolaadipulbritega	PlKom
šokolaadipulber	šokolaadipulbriteks	PlTr
šokolaadipulber	šokolaadipulbritel	PlAd
šokolaadipulber	šokolaadipulbritele	PlAll
šokolaadipulber	šokolaadipulbritelt	PlAbl
šokolaadipulber	šokolaadipulbritena	PlEs
šokolaadipulber	šokolaadipulbriteni	PlTer
šokolaadipulber	šokolaadipulbrites	PlIn
šokolaadipulber	šokolaadipulbritesse	PlIll
šokolaadipulber	šokolaadipulbritest	PlEl
šokolaadipulber	šokolaadipulbriteta	PlAb
šokolaadivõi	-	SgAdt
šokolaadivõi	šokolaadivõi	SgG
šokolaadivõi	šokolaadivõi	SgN
šokolaadivõi	šokolaadivõid	PlN
šokolaadivõi	šokolaadivõid	SgP
šokolaadivõi	šokolaadivõide	PlG
šokolaadivõi	šokolaadivõidega	PlKom
šokolaadivõi	šokolaadivõideks	PlTr
šokolaadivõi	šokolaadivõidel	PlAd
šokolaadivõi	šokolaadivõidele	PlAll
šokolaadivõi	šokolaadivõidelt	PlAbl
šokolaadivõi	šokolaadivõidena	PlEs
šokolaadivõi	šokolaadivõideni	PlTer
šokolaadivõi	šokolaadivõides	PlIn
šokolaadivõi	šokolaadivõidesse	PlIll
šokolaadivõi	šokolaadivõidest	PlEl
šokolaadivõi	šokolaadivõideta	PlAb
šokolaadivõi	šokolaadivõiga	SgKom
šokolaadivõi	šokolaadivõiks	SgTr
šokolaadivõi	šokolaadivõil	SgAd
šokolaadivõi	šokolaadivõile	SgAll
šokolaadivõi	šokolaadivõilt	SgAbl
šokolaadivõi	šokolaadivõina	SgEs
šokolaadivõi	šokolaadivõini	SgTer
šokolaadivõi	šokolaadivõis	SgIn
šokolaadivõi	šokolaadivõisid	PlP
šokolaadivõi	šokolaadivõisse	SgIll
šokolaadivõi	šokolaadivõist	SgEl
šokolaadivõi	šokolaadivõita	SgAb
šokolaadivärvi	šokolaadivärvi	ID
šotitar	šotitar	SgN
šotitar	šotitare	PlP
šotitar	šotitareks	PlTr
šotitar	šotitarel	PlAd
šotitar	šotitarele	PlAll
šotitar	šotitarelt	PlAbl
šotitar	šotitares	PlIn
šotitar	šotitaresse	PlIll
šotitar	šotitarest	PlEl
šotitar	šotitari	SgAdt
šotitar	šotitari	SgG
šotitar	šotitari	SgP
šotitar	šotitarid	PlN
šotitar	šotitaride	PlG
šotitar	šotitaridega	PlKom
šotitar	šotitarideks	PlTr
šotitar	šotitaridel	PlAd
šotitar	šotitaridele	PlAll
šotitar	šotitaridelt	PlAbl
šotitar	šotitaridena	PlEs
šotitar	šotitarideni	PlTer
šotitar	šotitarides	PlIn
šotitar	šotitaridesse	PlIll
šotitar	šotitaridest	PlEl
šotitar	šotitarideta	PlAb
šotitar	šotitariga	SgKom
šotitar	šotitariks	SgTr
šotitar	šotitaril	SgAd
šotitar	šotitarile	SgAll
šotitar	šotitarilt	SgAbl
šotitar	šotitarina	SgEs
šotitar	šotitarini	SgTer
šotitar	šotitaris	SgIn
šotitar	šotitarisid	PlP
šotitar	šotitarisse	SgIll
šotitar	šotitarist	SgEl
šotitar	šotitarita	SgAb
šrapnellikuul	šrapnellikuul	SgN
šrapnellikuul	šrapnellikuule	PlP
šrapnellikuul	šrapnellikuuleks	PlTr
šrapnellikuul	šrapnellikuulel	PlAd
šrapnellikuul	šrapnellikuulele	PlAll
šrapnellikuul	šrapnellikuulelt	PlAbl
šrapnellikuul	šrapnellikuules	PlIn
šrapnellikuul	šrapnellikuulesse	PlIll
šrapnellikuul	šrapnellikuulest	PlEl
šrapnellikuul	šrapnellikuuli	SgAdt
šrapnellikuul	šrapnellikuuli	SgG
šrapnellikuul	šrapnellikuuli	SgP
šrapnellikuul	šrapnellikuulid	PlN
šrapnellikuul	šrapnellikuulide	PlG
šrapnellikuul	šrapnellikuulidega	PlKom
šrapnellikuul	šrapnellikuulideks	PlTr
šrapnellikuul	šrapnellikuulidel	PlAd
šrapnellikuul	šrapnellikuulidele	PlAll
šrapnellikuul	šrapnellikuulidelt	PlAbl
šrapnellikuul	šrapnellikuulidena	PlEs
šrapnellikuul	šrapnellikuulideni	PlTer
šrapnellikuul	šrapnellikuulides	PlIn
šrapnellikuul	šrapnellikuulidesse	PlIll
šrapnellikuul	šrapnellikuulidest	PlEl
šrapnellikuul	šrapnellikuulideta	PlAb
šrapnellikuul	šrapnellikuuliga	SgKom
šrapnellikuul	šrapnellikuuliks	SgTr
šrapnellikuul	šrapnellikuulil	SgAd
šrapnellikuul	šrapnellikuulile	SgAll
šrapnellikuul	šrapnellikuulilt	SgAbl
šrapnellikuul	šrapnellikuulina	SgEs
šrapnellikuul	šrapnellikuulini	SgTer
šrapnellikuul	šrapnellikuulis	SgIn
šrapnellikuul	šrapnellikuulisid	PlP
šrapnellikuul	šrapnellikuulisse	SgIll
šrapnellikuul	šrapnellikuulist	SgEl
šrapnellikuul	šrapnellikuulita	SgAb
šriftikujundus	šriftikujundus	SgN
šriftikujundus	šriftikujunduse	SgG
šriftikujundus	šriftikujundused	PlN
šriftikujundus	šriftikujundusega	SgKom
šriftikujundus	šriftikujunduseks	SgTr
šriftikujundus	šriftikujundusel	SgAd
šriftikujundus	šriftikujundusele	SgAll
šriftikujundus	šriftikujunduselt	SgAbl
šriftikujundus	šriftikujundusena	SgEs
šriftikujundus	šriftikujunduseni	SgTer
šriftikujundus	šriftikujunduses	SgIn
šriftikujundus	šriftikujundusesse	SgIll
šriftikujundus	šriftikujundusest	SgEl
šriftikujundus	šriftikujunduseta	SgAb
šriftikujundus	šriftikujundusi	PlP
šriftikujundus	šriftikujundusiks	PlTr
šriftikujundus	šriftikujundusil	PlAd
šriftikujundus	šriftikujundusile	PlAll
šriftikujundus	šriftikujundusilt	PlAbl
šriftikujundus	šriftikujundusis	PlIn
šriftikujundus	šriftikujundusisse	PlIll
šriftikujundus	šriftikujundusist	PlEl
šriftikujundus	šriftikujundusse	SgAdt
šriftikujundus	šriftikujundust	SgP
šriftikujundus	šriftikujunduste	PlG
šriftikujundus	šriftikujundustega	PlKom
šriftikujundus	šriftikujundusteks	PlTr
šriftikujundus	šriftikujundustel	PlAd
šriftikujundus	šriftikujundustele	PlAll
šriftikujundus	šriftikujundustelt	PlAbl
šriftikujundus	šriftikujundustena	PlEs
šriftikujundus	šriftikujundusteni	PlTer
šriftikujundus	šriftikujundustes	PlIn
šriftikujundus	šriftikujundustesse	PlIll
šriftikujundus	šriftikujundustest	PlEl
šriftikujundus	šriftikujundusteta	PlAb
šriftikunstnik	šriftikunstnik	SgN
šriftikunstnik	šriftikunstnike	PlG
šriftikunstnik	šriftikunstnikega	PlKom
šriftikunstnik	šriftikunstnikeks	PlTr
šriftikunstnik	šriftikunstnikel	PlAd
šriftikunstnik	šriftikunstnikele	PlAll
šriftikunstnik	šriftikunstnikelt	PlAbl
šriftikunstnik	šriftikunstnikena	PlEs
šriftikunstnik	šriftikunstnikeni	PlTer
šriftikunstnik	šriftikunstnikes	PlIn
šriftikunstnik	šriftikunstnikesse	PlIll
šriftikunstnik	šriftikunstnikest	PlEl
šriftikunstnik	šriftikunstniketa	PlAb
šriftikunstnik	šriftikunstnikke	PlP
šriftikunstnik	šriftikunstnikku	SgAdt
šriftikunstnik	šriftikunstnikku	SgP
šriftikunstnik	šriftikunstnikkude	PlG
šriftikunstnik	šriftikunstnikkudega	PlKom
šriftikunstnik	šriftikunstnikkudeks	PlTr
šriftikunstnik	šriftikunstnikkudel	PlAd
šriftikunstnik	šriftikunstnikkudele	PlAll
šriftikunstnik	šriftikunstnikkudelt	PlAbl
šriftikunstnik	šriftikunstnikkudena	PlEs
šriftikunstnik	šriftikunstnikkudeni	PlTer
šriftikunstnik	šriftikunstnikkudes	PlIn
šriftikunstnik	šriftikunstnikkudesse	PlIll
šriftikunstnik	šriftikunstnikkudest	PlEl
šriftikunstnik	šriftikunstnikkudeta	PlAb
šriftikunstnik	šriftikunstnikkusid	PlP
šriftikunstnik	šriftikunstniku	SgG
šriftikunstnik	šriftikunstnikud	PlN
šriftikunstnik	šriftikunstnikuga	SgKom
šriftikunstnik	šriftikunstnikuks	SgTr
šriftikunstnik	šriftikunstnikul	SgAd
šriftikunstnik	šriftikunstnikule	SgAll
šriftikunstnik	šriftikunstnikult	SgAbl
šriftikunstnik	šriftikunstnikuna	SgEs
šriftikunstnik	šriftikunstnikuni	SgTer
šriftikunstnik	šriftikunstnikus	SgIn
šriftikunstnik	šriftikunstnikusse	SgIll
šriftikunstnik	šriftikunstnikust	SgEl
šriftikunstnik	šriftikunstnikuta	SgAb
šokolaadi-fondant	šokolaadi-fondant	SgN
šokolaadi-fondant	šokolaadi-fondante	PlP
šokolaadi-fondant	šokolaadi-fondanteks	PlTr
šokolaadi-fondant	šokolaadi-fondantel	PlAd
šokolaadi-fondant	šokolaadi-fondantele	PlAll
šokolaadi-fondant	šokolaadi-fondantelt	PlAbl
šokolaadi-fondant	šokolaadi-fondantes	PlIn
šokolaadi-fondant	šokolaadi-fondantesse	PlIll
šokolaadi-fondant	šokolaadi-fondantest	PlEl
šokolaadi-fondant	šokolaadi-fondanti	SgAdt
šokolaadi-fondant	šokolaadi-fondanti	SgG
šokolaadi-fondant	šokolaadi-fondanti	SgP
šokolaadi-fondant	šokolaadi-fondantid	PlN
šokolaadi-fondant	šokolaadi-fondantide	PlG
šokolaadi-fondant	šokolaadi-fondantidega	PlKom
šokolaadi-fondant	šokolaadi-fondantideks	PlTr
šokolaadi-fondant	šokolaadi-fondantidel	PlAd
šokolaadi-fondant	šokolaadi-fondantidele	PlAll
šokolaadi-fondant	šokolaadi-fondantidelt	PlAbl
šokolaadi-fondant	šokolaadi-fondantidena	PlEs
šokolaadi-fondant	šokolaadi-fondantideni	PlTer
šokolaadi-fondant	šokolaadi-fondantides	PlIn
šokolaadi-fondant	šokolaadi-fondantidesse	PlIll
šokolaadi-fondant	šokolaadi-fondantidest	PlEl
šokolaadi-fondant	šokolaadi-fondantideta	PlAb
šokolaadi-fondant	šokolaadi-fondantiga	SgKom
šokolaadi-fondant	šokolaadi-fondantiks	SgTr
šokolaadi-fondant	šokolaadi-fondantil	SgAd
šokolaadi-fondant	šokolaadi-fondantile	SgAll
šokolaadi-fondant	šokolaadi-fondantilt	SgAbl
šokolaadi-fondant	šokolaadi-fondantina	SgEs
šokolaadi-fondant	šokolaadi-fondantini	SgTer
šokolaadi-fondant	šokolaadi-fondantis	SgIn
šokolaadi-fondant	šokolaadi-fondantisid	PlP
šokolaadi-fondant	šokolaadi-fondantisse	SgIll
šokolaadi-fondant	šokolaadi-fondantist	SgEl
šokolaadi-fondant	šokolaadi-fondantita	SgAb
šokolaadimuffin	-	SgAdt
šokolaadimuffin	šokolaadimuffin	SgN
šokolaadimuffin	šokolaadimuffineid	PlP
šokolaadimuffin	šokolaadimuffineiks	PlTr
šokolaadimuffin	šokolaadimuffineil	PlAd
šokolaadimuffin	šokolaadimuffineile	PlAll
šokolaadimuffin	šokolaadimuffineilt	PlAbl
šokolaadimuffin	šokolaadimuffineis	PlIn
šokolaadimuffin	šokolaadimuffineisse	PlIll
šokolaadimuffin	šokolaadimuffineist	PlEl
šokolaadimuffin	šokolaadimuffini	SgG
šokolaadimuffin	šokolaadimuffinid	PlN
šokolaadimuffin	šokolaadimuffiniga	SgKom
šokolaadimuffin	šokolaadimuffiniks	SgTr
šokolaadimuffin	šokolaadimuffinil	SgAd
šokolaadimuffin	šokolaadimuffinile	SgAll
šokolaadimuffin	šokolaadimuffinilt	SgAbl
šokolaadimuffin	šokolaadimuffinina	SgEs
šokolaadimuffin	šokolaadimuffinini	SgTer
šokolaadimuffin	šokolaadimuffinis	SgIn
šokolaadimuffin	šokolaadimuffinisse	SgIll
šokolaadimuffin	šokolaadimuffinist	SgEl
šokolaadimuffin	šokolaadimuffinit	SgP
šokolaadimuffin	šokolaadimuffinita	SgAb
šokolaadimuffin	šokolaadimuffinite	PlG
šokolaadimuffin	šokolaadimuffinitega	PlKom
šokolaadimuffin	šokolaadimuffiniteks	PlTr
šokolaadimuffin	šokolaadimuffinitel	PlAd
šokolaadimuffin	šokolaadimuffinitele	PlAll
šokolaadimuffin	šokolaadimuffinitelt	PlAbl
šokolaadimuffin	šokolaadimuffinitena	PlEs
šokolaadimuffin	šokolaadimuffiniteni	PlTer
šokolaadimuffin	šokolaadimuffinites	PlIn
šokolaadimuffin	šokolaadimuffinitesse	PlIll
šokolaadimuffin	šokolaadimuffinitest	PlEl
šokolaadimuffin	šokolaadimuffiniteta	PlAb
šoppamine	šoppamine	SgN
šoppamine	šoppamise	SgG
šoppamine	šoppamised	PlN
šoppamine	šoppamisega	SgKom
šoppamine	šoppamiseks	SgTr
šoppamine	šoppamisel	SgAd
šoppamine	šoppamisele	SgAll
šoppamine	šoppamiselt	SgAbl
šoppamine	šoppamisena	SgEs
šoppamine	šoppamiseni	SgTer
šoppamine	šoppamises	SgIn
šoppamine	šoppamisesse	SgIll
šoppamine	šoppamisest	SgEl
šoppamine	šoppamiseta	SgAb
šoppamine	šoppamisi	PlP
šoppamine	šoppamisiks	PlTr
šoppamine	šoppamisil	PlAd
šoppamine	šoppamisile	PlAll
šoppamine	šoppamisilt	PlAbl
šoppamine	šoppamisis	PlIn
šoppamine	šoppamisisse	PlIll
šoppamine	šoppamisist	PlEl
šoppamine	šoppamisse	SgAdt
šoppamine	šoppamist	SgP
šoppamine	šoppamiste	PlG
šoppamine	šoppamistega	PlKom
šoppamine	šoppamisteks	PlTr
šoppamine	šoppamistel	PlAd
šoppamine	šoppamistele	PlAll
šoppamine	šoppamistelt	PlAbl
šoppamine	šoppamistena	PlEs
šoppamine	šoppamisteni	PlTer
šoppamine	šoppamistes	PlIn
šoppamine	šoppamistesse	PlIll
šoppamine	šoppamistest	PlEl
šoppamine	šoppamisteta	PlAb
šetlandi poni	šetlandi poni	SgG
šetlandi poni	šetlandi poni	SgN
šetlandi poni	šetlandi poni	SgP
šetlandi poni	šetlandi ponid	PlN
šetlandi poni	šetlandi ponide	PlG
šetlandi poni	šetlandi ponidega	PlKom
šetlandi poni	šetlandi ponideks	PlTr
šetlandi poni	šetlandi ponidel	PlAd
šetlandi poni	šetlandi ponidele	PlAll
šetlandi poni	šetlandi ponidelt	PlAbl
šetlandi poni	šetlandi ponidena	PlEs
šetlandi poni	šetlandi ponideni	PlTer
šetlandi poni	šetlandi ponides	PlIn
šetlandi poni	šetlandi ponidesse	PlIll
šetlandi poni	šetlandi ponidest	PlEl
šetlandi poni	šetlandi ponideta	PlAb
šetlandi poni	šetlandi poniga	SgKom
šetlandi poni	šetlandi poniks	SgTr
šetlandi poni	šetlandi ponil	SgAd
šetlandi poni	šetlandi ponile	SgAll
šetlandi poni	šetlandi ponilt	SgAbl
šetlandi poni	šetlandi ponina	SgEs
šetlandi poni	šetlandi ponini	SgTer
šetlandi poni	šetlandi ponis	SgIn
šetlandi poni	šetlandi ponisid	PlP
šetlandi poni	šetlandi ponisse	SgIll
šetlandi poni	šetlandi ponist	SgEl
šetlandi poni	šetlandi ponita	SgAb
šeiping	-	SgAdt
šeiping	šeiping	SgN
šeiping	šeipingu	SgG
šeiping	šeipingud	PlN
šeiping	šeipinguga	SgKom
šeiping	šeipinguid	PlP
šeiping	šeipinguiks	PlTr
šeiping	šeipinguil	PlAd
šeiping	šeipinguile	PlAll
šeiping	šeipinguilt	PlAbl
šeiping	šeipinguis	PlIn
šeiping	šeipinguisse	PlIll
šeiping	šeipinguist	PlEl
šeiping	šeipinguks	SgTr
šeiping	šeipingul	SgAd
šeiping	šeipingule	SgAll
šeiping	šeipingult	SgAbl
šeiping	šeipinguna	SgEs
šeiping	šeipinguni	SgTer
šeiping	šeipingus	SgIn
šeiping	šeipingusse	SgIll
šeiping	šeipingust	SgEl
šeiping	šeipingut	SgP
šeiping	šeipinguta	SgAb
šeiping	šeipingute	PlG
šeiping	šeipingutega	PlKom
šeiping	šeipinguteks	PlTr
šeiping	šeipingutel	PlAd
šeiping	šeipingutele	PlAll
šeiping	šeipingutelt	PlAbl
šeiping	šeipingutena	PlEs
šeiping	šeipinguteni	PlTer
šeiping	šeipingutes	PlIn
šeiping	šeipingutesse	PlIll
šeiping	šeipingutest	PlEl
šeiping	šeipinguteta	PlAb
šigelloos	šigelloos	SgN
šigelloos	šigelloose	PlP
šigelloos	šigellooseks	PlTr
šigelloos	šigelloosel	PlAd
šigelloos	šigelloosele	PlAll
šigelloos	šigellooselt	PlAbl
šigelloos	šigellooses	PlIn
šigelloos	šigelloosesse	PlIll
šigelloos	šigelloosest	PlEl
šigelloos	šigelloosi	SgAdt
šigelloos	šigelloosi	SgG
šigelloos	šigelloosi	SgP
šigelloos	šigelloosid	PlN
šigelloos	šigellooside	PlG
šigelloos	šigelloosidega	PlKom
šigelloos	šigelloosideks	PlTr
šigelloos	šigelloosidel	PlAd
šigelloos	šigelloosidele	PlAll
šigelloos	šigelloosidelt	PlAbl
šigelloos	šigelloosidena	PlEs
šigelloos	šigelloosideni	PlTer
šigelloos	šigelloosides	PlIn
šigelloos	šigelloosidesse	PlIll
šigelloos	šigelloosidest	PlEl
šigelloos	šigelloosideta	PlAb
šigelloos	šigelloosiga	SgKom
šigelloos	šigelloosiks	SgTr
šigelloos	šigelloosil	SgAd
šigelloos	šigelloosile	SgAll
šigelloos	šigelloosilt	SgAbl
šigelloos	šigelloosina	SgEs
šigelloos	šigelloosini	SgTer
šigelloos	šigelloosis	SgIn
šigelloos	šigelloosisid	PlP
šigelloos	šigelloosisse	SgIll
šigelloos	šigelloosist	SgEl
šigelloos	šigelloosita	SgAb
šoks	šoks	SgN
šoks	šokse	PlP
šoks	šokseks	PlTr
šoks	šoksel	PlAd
šoks	šoksele	PlAll
šoks	šokselt	PlAbl
šoks	šokses	PlIn
šoks	šoksesse	PlIll
šoks	šoksest	PlEl
šoks	šoksi	SgAdt
šoks	šoksi	SgG
šoks	šoksi	SgP
šoks	šoksid	PlN
šoks	šokside	PlG
šoks	šoksidega	PlKom
šoks	šoksideks	PlTr
šoks	šoksidel	PlAd
šoks	šoksidele	PlAll
šoks	šoksidelt	PlAbl
šoks	šoksidena	PlEs
šoks	šoksideni	PlTer
šoks	šoksides	PlIn
šoks	šoksidesse	PlIll
šoks	šoksidest	PlEl
šoks	šoksideta	PlAb
šoks	šoksiga	SgKom
šoks	šoksiks	SgTr
šoks	šoksil	SgAd
šoks	šoksile	SgAll
šoks	šoksilt	SgAbl
šoks	šoksina	SgEs
šoks	šoksini	SgTer
šoks	šoksis	SgIn
šoks	šoksisid	PlP
šoks	šoksisse	SgIll
šoks	šoksist	SgEl
šoks	šoksita	SgAb
šavarma	-	SgAdt
šavarma	šavarma	SgG
šavarma	šavarma	SgN
šavarma	šavarmad	PlN
šavarma	šavarmade	PlG
šavarma	šavarmadega	PlKom
šavarma	šavarmadeks	PlTr
šavarma	šavarmadel	PlAd
šavarma	šavarmadele	PlAll
šavarma	šavarmadelt	PlAbl
šavarma	šavarmadena	PlEs
šavarma	šavarmadeni	PlTer
šavarma	šavarmades	PlIn
šavarma	šavarmadesse	PlIll
šavarma	šavarmadest	PlEl
šavarma	šavarmadeta	PlAb
šavarma	šavarmaga	SgKom
šavarma	šavarmaks	SgTr
šavarma	šavarmal	SgAd
šavarma	šavarmale	SgAll
šavarma	šavarmalt	SgAbl
šavarma	šavarmana	SgEs
šavarma	šavarmani	SgTer
šavarma	šavarmas	SgIn
šavarma	šavarmasid	PlP
šavarma	šavarmasse	SgIll
šavarma	šavarmast	SgEl
šavarma	šavarmat	SgP
šavarma	šavarmata	SgAb
šaurma	-	SgAdt
šaurma	šaurma	SgG
šaurma	šaurma	SgN
šaurma	šaurmad	PlN
šaurma	šaurmade	PlG
šaurma	šaurmadega	PlKom
šaurma	šaurmadeks	PlTr
šaurma	šaurmadel	PlAd
šaurma	šaurmadele	PlAll
šaurma	šaurmadelt	PlAbl
šaurma	šaurmadena	PlEs
šaurma	šaurmadeni	PlTer
šaurma	šaurmades	PlIn
šaurma	šaurmadesse	PlIll
šaurma	šaurmadest	PlEl
šaurma	šaurmadeta	PlAb
šaurma	šaurmaga	SgKom
šaurma	šaurmaks	SgTr
šaurma	šaurmal	SgAd
šaurma	šaurmale	SgAll
šaurma	šaurmalt	SgAbl
šaurma	šaurmana	SgEs
šaurma	šaurmani	SgTer
šaurma	šaurmas	SgIn
šaurma	šaurmasid	PlP
šaurma	šaurmasse	SgIll
šaurma	šaurmast	SgEl
šaurma	šaurmat	SgP
šaurma	šaurmata	SgAb
šturma	-	SgAdt
šturma	šturma	SgG
šturma	šturma	SgN
šturma	šturmad	PlN
šturma	šturmade	PlG
šturma	šturmadega	PlKom
šturma	šturmadeks	PlTr
šturma	šturmadel	PlAd
šturma	šturmadele	PlAll
šturma	šturmadelt	PlAbl
šturma	šturmadena	PlEs
šturma	šturmadeni	PlTer
šturma	šturmades	PlIn
šturma	šturmadesse	PlIll
šturma	šturmadest	PlEl
šturma	šturmadeta	PlAb
šturma	šturmaga	SgKom
šturma	šturmaks	SgTr
šturma	šturmal	SgAd
šturma	šturmale	SgAll
šturma	šturmalt	SgAbl
šturma	šturmana	SgEs
šturma	šturmani	SgTer
šturma	šturmas	SgIn
šturma	šturmasid	PlP
šturma	šturmasse	SgIll
šturma	šturmast	SgEl
šturma	šturmat	SgP
šturma	šturmata	SgAb
šiitake	-	SgAdt
šiitake	šiitake	SgG
šiitake	šiitake	SgN
šiitake	šiitaked	PlN
šiitake	šiitakede	PlG
šiitake	šiitakedega	PlKom
šiitake	šiitakedeks	PlTr
šiitake	šiitakedel	PlAd
šiitake	šiitakedele	PlAll
šiitake	šiitakedelt	PlAbl
šiitake	šiitakedena	PlEs
šiitake	šiitakedeni	PlTer
šiitake	šiitakedes	PlIn
šiitake	šiitakedesse	PlIll
šiitake	šiitakedest	PlEl
šiitake	šiitakedeta	PlAb
šiitake	šiitakega	SgKom
šiitake	šiitakeks	SgTr
šiitake	šiitakel	SgAd
šiitake	šiitakele	SgAll
šiitake	šiitakelt	SgAbl
šiitake	šiitakena	SgEs
šiitake	šiitakeni	SgTer
šiitake	šiitakes	SgIn
šiitake	šiitakesid	PlP
šiitake	šiitakesse	SgIll
šiitake	šiitakest	SgEl
šiitake	šiitaket	SgP
šiitake	šiitaketa	SgAb
šeever	-	SgAdt
šeever	šeever	SgN
šeever	šeevreid	PlP
šeever	šeevreiks	PlTr
šeever	šeevreil	PlAd
šeever	šeevreile	PlAll
šeever	šeevreilt	PlAbl
šeever	šeevreis	PlIn
šeever	šeevreisse	PlIll
šeever	šeevreist	PlEl
šeever	šeevri	SgG
šeever	šeevrid	PlN
šeever	šeevriga	SgKom
šeever	šeevriks	SgTr
šeever	šeevril	SgAd
šeever	šeevrile	SgAll
šeever	šeevrilt	SgAbl
šeever	šeevrina	SgEs
šeever	šeevrini	SgTer
šeever	šeevris	SgIn
šeever	šeevrisse	SgIll
šeever	šeevrist	SgEl
šeever	šeevrit	SgP
šeever	šeevrita	SgAb
šeever	šeevrite	PlG
šeever	šeevritega	PlKom
šeever	šeevriteks	PlTr
šeever	šeevritel	PlAd
šeever	šeevritele	PlAll
šeever	šeevritelt	PlAbl
šeever	šeevritena	PlEs
šeever	šeevriteni	PlTer
šeever	šeevrites	PlIn
šeever	šeevritesse	PlIll
šeever	šeevritest	PlEl
šeever	šeevriteta	PlAb
šott	šoteks	PlTr
šott	šotel	PlAd
šott	šotele	PlAll
šott	šotelt	PlAbl
šott	šotes	PlIn
šott	šotesse	PlIll
šott	šotest	PlEl
šott	šoti	SgG
šott	šotid	PlN
šott	šotiga	SgKom
šott	šotiks	SgTr
šott	šotil	SgAd
šott	šotile	SgAll
šott	šotilt	SgAbl
šott	šotina	SgEs
šott	šotini	SgTer
šott	šotis	SgIn
šott	šotisse	SgIll
šott	šotist	SgEl
šott	šotita	SgAb
šott	šott	SgN
šott	šotte	PlP
šott	šotti	SgAdt
šott	šotti	SgP
šott	šottide	PlG
šott	šottidega	PlKom
šott	šottideks	PlTr
šott	šottidel	PlAd
šott	šottidele	PlAll
šott	šottidelt	PlAbl
šott	šottidena	PlEs
šott	šottideni	PlTer
šott	šottides	PlIn
šott	šottidesse	PlIll
šott	šottidest	PlEl
šott	šottideta	PlAb
šott	šottisid	PlP
šokigranaat	šokigranaadeks	PlTr
šokigranaat	šokigranaadel	PlAd
šokigranaat	šokigranaadele	PlAll
šokigranaat	šokigranaadelt	PlAbl
šokigranaat	šokigranaades	PlIn
šokigranaat	šokigranaadesse	PlIll
šokigranaat	šokigranaadest	PlEl
šokigranaat	šokigranaadi	SgG
šokigranaat	šokigranaadid	PlN
šokigranaat	šokigranaadiga	SgKom
šokigranaat	šokigranaadiks	SgTr
šokigranaat	šokigranaadil	SgAd
šokigranaat	šokigranaadile	SgAll
šokigranaat	šokigranaadilt	SgAbl
šokigranaat	šokigranaadina	SgEs
šokigranaat	šokigranaadini	SgTer
šokigranaat	šokigranaadis	SgIn
šokigranaat	šokigranaadisse	SgIll
šokigranaat	šokigranaadist	SgEl
šokigranaat	šokigranaadita	SgAb
šokigranaat	šokigranaat	SgN
šokigranaat	šokigranaate	PlP
šokigranaat	šokigranaati	SgAdt
šokigranaat	šokigranaati	SgP
šokigranaat	šokigranaatide	PlG
šokigranaat	šokigranaatidega	PlKom
šokigranaat	šokigranaatideks	PlTr
šokigranaat	šokigranaatidel	PlAd
šokigranaat	šokigranaatidele	PlAll
šokigranaat	šokigranaatidelt	PlAbl
šokigranaat	šokigranaatidena	PlEs
šokigranaat	šokigranaatideni	PlTer
šokigranaat	šokigranaatides	PlIn
šokigranaat	šokigranaatidesse	PlIll
šokigranaat	šokigranaatidest	PlEl
šokigranaat	šokigranaatideta	PlAb
šokigranaat	šokigranaatisid	PlP
Šanghai	Šanghai	SgAdt
Šanghai	Šanghai	SgG
Šanghai	Šanghai	SgN
Šanghai	Šanghaid	PlN
Šanghai	Šanghaid	SgP
Šanghai	Šanghaide	PlG
Šanghai	Šanghaidega	PlKom
Šanghai	Šanghaideks	PlTr
Šanghai	Šanghaidel	PlAd
Šanghai	Šanghaidele	PlAll
Šanghai	Šanghaidelt	PlAbl
Šanghai	Šanghaidena	PlEs
Šanghai	Šanghaideni	PlTer
Šanghai	Šanghaides	PlIn
Šanghai	Šanghaidesse	PlIll
Šanghai	Šanghaidest	PlEl
Šanghai	Šanghaideta	PlAb
Šanghai	Šanghaiga	SgKom
Šanghai	Šanghaiks	SgTr
Šanghai	Šanghail	SgAd
Šanghai	Šanghaile	SgAll
Šanghai	Šanghailt	SgAbl
Šanghai	Šanghaina	SgEs
Šanghai	Šanghaini	SgTer
Šanghai	Šanghais	SgIn
Šanghai	Šanghaisid	PlP
Šanghai	Šanghaisse	SgIll
Šanghai	Šanghaist	SgEl
Šanghai	Šanghaita	SgAb
Švaabi Juura	Švaabi Juura	SgAdt
Švaabi Juura	Švaabi Juura	SgG
Švaabi Juura	Švaabi Juura	SgN
Švaabi Juura	Švaabi Juurad	PlN
Švaabi Juura	Švaabi Juurade	PlG
Švaabi Juura	Švaabi Juuradega	PlKom
Švaabi Juura	Švaabi Juuradeks	PlTr
Švaabi Juura	Švaabi Juuradel	PlAd
Švaabi Juura	Švaabi Juuradele	PlAll
Švaabi Juura	Švaabi Juuradelt	PlAbl
Švaabi Juura	Švaabi Juuradena	PlEs
Švaabi Juura	Švaabi Juuradeni	PlTer
Švaabi Juura	Švaabi Juurades	PlIn
Švaabi Juura	Švaabi Juuradesse	PlIll
Švaabi Juura	Švaabi Juuradest	PlEl
Švaabi Juura	Švaabi Juuradeta	PlAb
Švaabi Juura	Švaabi Juuraga	SgKom
Švaabi Juura	Švaabi Juuraks	SgTr
Švaabi Juura	Švaabi Juural	SgAd
Švaabi Juura	Švaabi Juurale	SgAll
Švaabi Juura	Švaabi Juuralt	SgAbl
Švaabi Juura	Švaabi Juurana	SgEs
Švaabi Juura	Švaabi Juurani	SgTer
Švaabi Juura	Švaabi Juuras	SgIn
Švaabi Juura	Švaabi Juurasid	PlP
Švaabi Juura	Švaabi Juurasse	SgIll
Švaabi Juura	Švaabi Juurast	SgEl
Švaabi Juura	Švaabi Juurat	SgP
Švaabi Juura	Švaabi Juurata	SgAb
šambree	-	SgAdt
šambree	šambree	SgG
šambree	šambree	SgN
šambree	šambreed	PlN
šambree	šambreed	SgP
šambree	šambreede	PlG
šambree	šambreedega	PlKom
šambree	šambreedeks	PlTr
šambree	šambreedel	PlAd
šambree	šambreedele	PlAll
šambree	šambreedelt	PlAbl
šambree	šambreedena	PlEs
šambree	šambreedeni	PlTer
šambree	šambreedes	PlIn
šambree	šambreedesse	PlIll
šambree	šambreedest	PlEl
šambree	šambreedeta	PlAb
šambree	šambreega	SgKom
šambree	šambreeks	SgTr
šambree	šambreel	SgAd
šambree	šambreele	SgAll
šambree	šambreelt	SgAbl
šambree	šambreena	SgEs
šambree	šambreeni	SgTer
šambree	šambrees	SgIn
šambree	šambreesid	PlP
šambree	šambreesse	SgIll
šambree	šambreest	SgEl
šambree	šambreeta	SgAb
šambree	šambreid	PlP
šambree	šambreiks	PlTr
šambree	šambreil	PlAd
šambree	šambreile	PlAll
šambree	šambreilt	PlAbl
šambree	šambreis	PlIn
šambree	šambreisse	PlIll
šambree	šambreist	PlEl
Šupaškar	Šupaškar	SgAdt
Šupaškar	Šupaškar	SgN
Šupaškar	Šupaškareid	PlP
Šupaškar	Šupaškareiks	PlTr
Šupaškar	Šupaškareil	PlAd
Šupaškar	Šupaškareile	PlAll
Šupaškar	Šupaškareilt	PlAbl
Šupaškar	Šupaškareis	PlIn
Šupaškar	Šupaškareisse	PlIll
Šupaškar	Šupaškareist	PlEl
Šupaškar	Šupaškari	SgG
Šupaškar	Šupaškarid	PlN
Šupaškar	Šupaškariga	SgKom
Šupaškar	Šupaškariks	SgTr
Šupaškar	Šupaškaril	SgAd
Šupaškar	Šupaškarile	SgAll
Šupaškar	Šupaškarilt	SgAbl
Šupaškar	Šupaškarina	SgEs
Šupaškar	Šupaškarini	SgTer
Šupaškar	Šupaškaris	SgIn
Šupaškar	Šupaškarisse	SgIll
Šupaškar	Šupaškarist	SgEl
Šupaškar	Šupaškarit	SgP
Šupaškar	Šupaškarita	SgAb
Šupaškar	Šupaškarite	PlG
Šupaškar	Šupaškaritega	PlKom
Šupaškar	Šupaškariteks	PlTr
Šupaškar	Šupaškaritel	PlAd
Šupaškar	Šupaškaritele	PlAll
Šupaškar	Šupaškaritelt	PlAbl
Šupaškar	Šupaškaritena	PlEs
Šupaškar	Šupaškariteni	PlTer
Šupaškar	Šupaškarites	PlIn
Šupaškar	Šupaškaritesse	PlIll
Šupaškar	Šupaškaritest	PlEl
Šupaškar	Šupaškariteta	PlAb
Šikoku	Šikoku	SgAdt
Šikoku	Šikoku	SgG
Šikoku	Šikoku	SgN
Šikoku	Šikokud	PlN
Šikoku	Šikokuga	SgKom
Šikoku	Šikokuid	PlP
Šikoku	Šikokuiks	PlTr
Šikoku	Šikokuil	PlAd
Šikoku	Šikokuile	PlAll
Šikoku	Šikokuilt	PlAbl
Šikoku	Šikokuis	PlIn
Šikoku	Šikokuisse	PlIll
Šikoku	Šikokuist	PlEl
Šikoku	Šikokuks	SgTr
Šikoku	Šikokul	SgAd
Šikoku	Šikokule	SgAll
Šikoku	Šikokult	SgAbl
Šikoku	Šikokuna	SgEs
Šikoku	Šikokuni	SgTer
Šikoku	Šikokus	SgIn
Šikoku	Šikokusse	SgIll
Šikoku	Šikokust	SgEl
Šikoku	Šikokut	SgP
Šikoku	Šikokuta	SgAb
Šikoku	Šikokute	PlG
Šikoku	Šikokutega	PlKom
Šikoku	Šikokuteks	PlTr
Šikoku	Šikokutel	PlAd
Šikoku	Šikokutele	PlAll
Šikoku	Šikokutelt	PlAbl
Šikoku	Šikokutena	PlEs
Šikoku	Šikokuteni	PlTer
Šikoku	Šikokutes	PlIn
Šikoku	Šikokutesse	PlIll
Šikoku	Šikokutest	PlEl
Šikoku	Šikokuteta	PlAb
Štšerbõnivka	Štšerbõnivka	SgAdt
Štšerbõnivka	Štšerbõnivka	SgG
Štšerbõnivka	Štšerbõnivka	SgN
Štšerbõnivka	Štšerbõnivkad	PlN
Štšerbõnivka	Štšerbõnivkaga	SgKom
Štšerbõnivka	Štšerbõnivkaid	PlP
Štšerbõnivka	Štšerbõnivkaiks	PlTr
Štšerbõnivka	Štšerbõnivkail	PlAd
Štšerbõnivka	Štšerbõnivkaile	PlAll
Štšerbõnivka	Štšerbõnivkailt	PlAbl
Štšerbõnivka	Štšerbõnivkais	PlIn
Štšerbõnivka	Štšerbõnivkaisse	PlIll
Štšerbõnivka	Štšerbõnivkaist	PlEl
Štšerbõnivka	Štšerbõnivkaks	SgTr
Štšerbõnivka	Štšerbõnivkal	SgAd
Štšerbõnivka	Štšerbõnivkale	SgAll
Štšerbõnivka	Štšerbõnivkalt	SgAbl
Štšerbõnivka	Štšerbõnivkana	SgEs
Štšerbõnivka	Štšerbõnivkani	SgTer
Štšerbõnivka	Štšerbõnivkas	SgIn
Štšerbõnivka	Štšerbõnivkasse	SgIll
Štšerbõnivka	Štšerbõnivkast	SgEl
Štšerbõnivka	Štšerbõnivkat	SgP
Štšerbõnivka	Štšerbõnivkata	SgAb
Štšerbõnivka	Štšerbõnivkate	PlG
Štšerbõnivka	Štšerbõnivkatega	PlKom
Štšerbõnivka	Štšerbõnivkateks	PlTr
Štšerbõnivka	Štšerbõnivkatel	PlAd
Štšerbõnivka	Štšerbõnivkatele	PlAll
Štšerbõnivka	Štšerbõnivkatelt	PlAbl
Štšerbõnivka	Štšerbõnivkatena	PlEs
Štšerbõnivka	Štšerbõnivkateni	PlTer
Štšerbõnivka	Štšerbõnivkates	PlIn
Štšerbõnivka	Štšerbõnivkatesse	PlIll
Štšerbõnivka	Štšerbõnivkatest	PlEl
Štšerbõnivka	Štšerbõnivkateta	PlAb
Štšerbinovka	Štšerbinovka	SgAdt
Štšerbinovka	Štšerbinovka	SgG
Štšerbinovka	Štšerbinovka	SgN
Štšerbinovka	Štšerbinovkad	PlN
Štšerbinovka	Štšerbinovkaga	SgKom
Štšerbinovka	Štšerbinovkaid	PlP
Štšerbinovka	Štšerbinovkaiks	PlTr
Štšerbinovka	Štšerbinovkail	PlAd
Štšerbinovka	Štšerbinovkaile	PlAll
Štšerbinovka	Štšerbinovkailt	PlAbl
Štšerbinovka	Štšerbinovkais	PlIn
Štšerbinovka	Štšerbinovkaisse	PlIll
Štšerbinovka	Štšerbinovkaist	PlEl
Štšerbinovka	Štšerbinovkaks	SgTr
Štšerbinovka	Štšerbinovkal	SgAd
Štšerbinovka	Štšerbinovkale	SgAll
Štšerbinovka	Štšerbinovkalt	SgAbl
Štšerbinovka	Štšerbinovkana	SgEs
Štšerbinovka	Štšerbinovkani	SgTer
Štšerbinovka	Štšerbinovkas	SgIn
Štšerbinovka	Štšerbinovkasse	SgIll
Štšerbinovka	Štšerbinovkast	SgEl
Štšerbinovka	Štšerbinovkat	SgP
Štšerbinovka	Štšerbinovkata	SgAb
Štšerbinovka	Štšerbinovkate	PlG
Štšerbinovka	Štšerbinovkatega	PlKom
Štšerbinovka	Štšerbinovkateks	PlTr
Štšerbinovka	Štšerbinovkatel	PlAd
Štšerbinovka	Štšerbinovkatele	PlAll
Štšerbinovka	Štšerbinovkatelt	PlAbl
Štšerbinovka	Štšerbinovkatena	PlEs
Štšerbinovka	Štšerbinovkateni	PlTer
Štšerbinovka	Štšerbinovkates	PlIn
Štšerbinovka	Štšerbinovkatesse	PlIll
Štšerbinovka	Štšerbinovkatest	PlEl
Štšerbinovka	Štšerbinovkateta	PlAb
Šahtõ	Šahtõ	SgAdt
Šahtõ	Šahtõ	SgG
Šahtõ	Šahtõ	SgN
Šahtõ	Šahtõd	PlN
Šahtõ	Šahtõga	SgKom
Šahtõ	Šahtõid	PlP
Šahtõ	Šahtõiks	PlTr
Šahtõ	Šahtõil	PlAd
Šahtõ	Šahtõile	PlAll
Šahtõ	Šahtõilt	PlAbl
Šahtõ	Šahtõis	PlIn
Šahtõ	Šahtõisse	PlIll
Šahtõ	Šahtõist	PlEl
Šahtõ	Šahtõks	SgTr
Šahtõ	Šahtõl	SgAd
Šahtõ	Šahtõle	SgAll
Šahtõ	Šahtõlt	SgAbl
Šahtõ	Šahtõna	SgEs
Šahtõ	Šahtõni	SgTer
Šahtõ	Šahtõs	SgIn
Šahtõ	Šahtõsse	SgIll
Šahtõ	Šahtõst	SgEl
Šahtõ	Šahtõt	SgP
Šahtõ	Šahtõta	SgAb
Šahtõ	Šahtõte	PlG
Šahtõ	Šahtõtega	PlKom
Šahtõ	Šahtõteks	PlTr
Šahtõ	Šahtõtel	PlAd
Šahtõ	Šahtõtele	PlAll
Šahtõ	Šahtõtelt	PlAbl
Šahtõ	Šahtõtena	PlEs
Šahtõ	Šahtõteni	PlTer
Šahtõ	Šahtõtes	PlIn
Šahtõ	Šahtõtesse	PlIll
Šahtõ	Šahtõtest	PlEl
Šahtõ	Šahtõteta	PlAb
Šani osariik	Šani osariigi	SgG
Šani osariik	Šani osariigid	PlN
Šani osariik	Šani osariigiga	SgKom
Šani osariik	Šani osariigiks	SgTr
Šani osariik	Šani osariigil	SgAd
Šani osariik	Šani osariigile	SgAll
Šani osariik	Šani osariigilt	SgAbl
Šani osariik	Šani osariigina	SgEs
Šani osariik	Šani osariigini	SgTer
Šani osariik	Šani osariigis	SgIn
Šani osariik	Šani osariigisse	SgIll
Šani osariik	Šani osariigist	SgEl
Šani osariik	Šani osariigita	SgAb
Šani osariik	Šani osariik	SgN
Šani osariik	Šani osariike	PlP
Šani osariik	Šani osariikeks	PlTr
Šani osariik	Šani osariikel	PlAd
Šani osariik	Šani osariikele	PlAll
Šani osariik	Šani osariikelt	PlAbl
Šani osariik	Šani osariikes	PlIn
Šani osariik	Šani osariikesse	PlIll
Šani osariik	Šani osariikest	PlEl
Šani osariik	Šani osariiki	SgAdt
Šani osariik	Šani osariiki	SgP
Šani osariik	Šani osariikide	PlG
Šani osariik	Šani osariikidega	PlKom
Šani osariik	Šani osariikideks	PlTr
Šani osariik	Šani osariikidel	PlAd
Šani osariik	Šani osariikidele	PlAll
Šani osariik	Šani osariikidelt	PlAbl
Šani osariik	Šani osariikidena	PlEs
Šani osariik	Šani osariikideni	PlTer
Šani osariik	Šani osariikides	PlIn
Šani osariik	Šani osariikidesse	PlIll
Šani osariik	Šani osariikidest	PlEl
Šani osariik	Šani osariikideta	PlAb
Šani osariik	Šani osariikisid	PlP
Šiauliai	Šiauliai	SgAdt
Šiauliai	Šiauliai	SgG
Šiauliai	Šiauliai	SgN
Šiauliai	Šiauliaid	PlN
Šiauliai	Šiauliaid	SgP
Šiauliai	Šiauliaide	PlG
Šiauliai	Šiauliaidega	PlKom
Šiauliai	Šiauliaideks	PlTr
Šiauliai	Šiauliaidel	PlAd
Šiauliai	Šiauliaidele	PlAll
Šiauliai	Šiauliaidelt	PlAbl
Šiauliai	Šiauliaidena	PlEs
Šiauliai	Šiauliaideni	PlTer
Šiauliai	Šiauliaides	PlIn
Šiauliai	Šiauliaidesse	PlIll
Šiauliai	Šiauliaidest	PlEl
Šiauliai	Šiauliaideta	PlAb
Šiauliai	Šiauliaiga	SgKom
Šiauliai	Šiauliaiks	SgTr
Šiauliai	Šiauliail	SgAd
Šiauliai	Šiauliaile	SgAll
Šiauliai	Šiauliailt	SgAbl
Šiauliai	Šiauliaina	SgEs
Šiauliai	Šiauliaini	SgTer
Šiauliai	Šiauliais	SgIn
Šiauliai	Šiauliaisid	PlP
Šiauliai	Šiauliaisse	SgIll
Šiauliai	Šiauliaist	SgEl
Šiauliai	Šiauliaita	SgAb
Šilutė	Šilutė	SgAdt
Šilutė	Šilutė	SgG
Šilutė	Šilutė	SgN
Šilutė	Šilutėd	PlN
Šilutė	Šilutėde	PlG
Šilutė	Šilutėdega	PlKom
Šilutė	Šilutėdeks	PlTr
Šilutė	Šilutėdel	PlAd
Šilutė	Šilutėdele	PlAll
Šilutė	Šilutėdelt	PlAbl
Šilutė	Šilutėdena	PlEs
Šilutė	Šilutėdeni	PlTer
Šilutė	Šilutėdes	PlIn
Šilutė	Šilutėdesse	PlIll
Šilutė	Šilutėdest	PlEl
Šilutė	Šilutėdeta	PlAb
Šilutė	Šilutėga	SgKom
Šilutė	Šilutėks	SgTr
Šilutė	Šilutėl	SgAd
Šilutė	Šilutėle	SgAll
Šilutė	Šilutėlt	SgAbl
Šilutė	Šilutėna	SgEs
Šilutė	Šilutėni	SgTer
Šilutė	Šilutės	SgIn
Šilutė	Šilutėsid	PlP
Šilutė	Šilutėsse	SgIll
Šilutė	Šilutėst	SgEl
Šilutė	Šilutėt	SgP
Šilutė	Šilutėta	SgAb
Šõmkent	Šõmkendi	SgG
Šõmkent	Šõmkendid	PlN
Šõmkent	Šõmkendiga	SgKom
Šõmkent	Šõmkendiks	SgTr
Šõmkent	Šõmkendil	SgAd
Šõmkent	Šõmkendile	SgAll
Šõmkent	Šõmkendilt	SgAbl
Šõmkent	Šõmkendina	SgEs
Šõmkent	Šõmkendini	SgTer
Šõmkent	Šõmkendis	SgIn
Šõmkent	Šõmkendisse	SgIll
Šõmkent	Šõmkendist	SgEl
Šõmkent	Šõmkendita	SgAb
Šõmkent	Šõmkent	SgN
Šõmkent	Šõmkente	PlP
Šõmkent	Šõmkenteks	PlTr
Šõmkent	Šõmkentel	PlAd
Šõmkent	Šõmkentele	PlAll
Šõmkent	Šõmkentelt	PlAbl
Šõmkent	Šõmkentes	PlIn
Šõmkent	Šõmkentesse	PlIll
Šõmkent	Šõmkentest	PlEl
Šõmkent	Šõmkenti	SgAdt
Šõmkent	Šõmkenti	SgP
Šõmkent	Šõmkentide	PlG
Šõmkent	Šõmkentidega	PlKom
Šõmkent	Šõmkentideks	PlTr
Šõmkent	Šõmkentidel	PlAd
Šõmkent	Šõmkentidele	PlAll
Šõmkent	Šõmkentidelt	PlAbl
Šõmkent	Šõmkentidena	PlEs
Šõmkent	Šõmkentideni	PlTer
Šõmkent	Šõmkentides	PlIn
Šõmkent	Šõmkentidesse	PlIll
Šõmkent	Šõmkentidest	PlEl
Šõmkent	Šõmkentideta	PlAb
Šõmkent	Šõmkentisid	PlP
šibolet	šibolet	SgN
šibolet	šiboleteks	PlTr
šibolet	šiboletel	PlAd
šibolet	šiboletele	PlAll
šibolet	šiboletelt	PlAbl
šibolet	šiboletes	PlIn
šibolet	šiboletesse	PlIll
šibolet	šiboletest	PlEl
šibolet	šiboleti	SgG
šibolet	šiboletid	PlN
šibolet	šiboletiga	SgKom
šibolet	šiboletiks	SgTr
šibolet	šiboletil	SgAd
šibolet	šiboletile	SgAll
šibolet	šiboletilt	SgAbl
šibolet	šiboletina	SgEs
šibolet	šiboletini	SgTer
šibolet	šiboletis	SgIn
šibolet	šiboletisse	SgIll
šibolet	šiboletist	SgEl
šibolet	šiboletita	SgAb
šibolet	šibolette	PlP
šibolet	šiboletti	SgAdt
šibolet	šiboletti	SgP
šibolet	šibolettide	PlG
šibolet	šibolettidega	PlKom
šibolet	šibolettideks	PlTr
šibolet	šibolettidel	PlAd
šibolet	šibolettidele	PlAll
šibolet	šibolettidelt	PlAbl
šibolet	šibolettidena	PlEs
šibolet	šibolettideni	PlTer
šibolet	šibolettides	PlIn
šibolet	šibolettidesse	PlIll
šibolet	šibolettidest	PlEl
šibolet	šibolettideta	PlAb
šibolet	šibolettisid	PlP
Šveitsi besee	Šveitsi besee	SgG
Šveitsi besee	Šveitsi besee	SgN
Šveitsi besee	Šveitsi beseed	PlN
Šveitsi besee	Šveitsi beseed	SgP
Šveitsi besee	Šveitsi beseede	PlG
Šveitsi besee	Šveitsi beseedega	PlKom
Šveitsi besee	Šveitsi beseedeks	PlTr
Šveitsi besee	Šveitsi beseedel	PlAd
Šveitsi besee	Šveitsi beseedele	PlAll
Šveitsi besee	Šveitsi beseedelt	PlAbl
Šveitsi besee	Šveitsi beseedena	PlEs
Šveitsi besee	Šveitsi beseedeni	PlTer
Šveitsi besee	Šveitsi beseedes	PlIn
Šveitsi besee	Šveitsi beseedesse	PlIll
Šveitsi besee	Šveitsi beseedest	PlEl
Šveitsi besee	Šveitsi beseedeta	PlAb
Šveitsi besee	Šveitsi beseega	SgKom
Šveitsi besee	Šveitsi beseeks	SgTr
Šveitsi besee	Šveitsi beseel	SgAd
Šveitsi besee	Šveitsi beseele	SgAll
Šveitsi besee	Šveitsi beseelt	SgAbl
Šveitsi besee	Šveitsi beseena	SgEs
Šveitsi besee	Šveitsi beseeni	SgTer
Šveitsi besee	Šveitsi besees	SgIn
Šveitsi besee	Šveitsi beseesid	PlP
Šveitsi besee	Šveitsi beseesse	SgIll
Šveitsi besee	Šveitsi beseest	SgEl
Šveitsi besee	Šveitsi beseeta	SgAb
Šveitsi besee	Šveitsi beseid	PlP
šikaneerima	šikaneeri	ImpPrSg2
šikaneerima	šikaneeri	IndPrPs_
šikaneerima	šikaneerib	IndPrSg3
šikaneerima	šikaneerid	IndPrSg2
šikaneerima	šikaneerida	Inf
šikaneerima	šikaneerides	Ger
šikaneerima	šikaneerige	ImpPrPl2
šikaneerima	šikaneerigem	ImpPrPl1
šikaneerima	šikaneerigu	ImpPrPs
šikaneerima	šikaneeriks	KndPrPs
šikaneerima	šikaneeriksid	KndPrPl3
šikaneerima	šikaneeriksid	KndPrSg2
šikaneerima	šikaneeriksime	KndPrPl1
šikaneerima	šikaneeriksin	KndPrSg1
šikaneerima	šikaneeriksite	KndPrPl2
šikaneerima	šikaneerima	Sup
šikaneerima	šikaneerimaks	SupTr
šikaneerima	šikaneerimas	SupIn
šikaneerima	šikaneerimast	SupEl
šikaneerima	šikaneerimata	SupAb
šikaneerima	šikaneerime	IndPrPl1
šikaneerima	šikaneerin	IndPrSg1
šikaneerima	šikaneerinud	PtsPtPs
šikaneerima	šikaneerinud	PtsPtPsNeg
šikaneerima	šikaneerinuks	KndPtPs
šikaneerima	šikaneerinuksid	KndPtPl3
šikaneerima	šikaneerinuksid	KndPtSg2
šikaneerima	šikaneerinuksime	KndPtPl1
šikaneerima	šikaneerinuksin	KndPtSg1
šikaneerima	šikaneerinuksite	KndPtPl2
šikaneerima	šikaneerinuvat	KvtPtPs
šikaneerima	šikaneeris	IndIpfSg3
šikaneerima	šikaneerisid	IndIpfPl3
šikaneerima	šikaneerisid	IndIpfSg2
šikaneerima	šikaneerisime	IndIpfPl1
šikaneerima	šikaneerisin	IndIpfSg1
šikaneerima	šikaneerisite	IndIpfPl2
šikaneerima	šikaneerita	IndPrIps_
šikaneerima	šikaneeritagu	ImpPrIps
šikaneerima	šikaneeritaks	KndPrIps
šikaneerima	šikaneeritakse	IndPrIps
šikaneerima	šikaneeritama	SupIps
šikaneerima	šikaneeritav	PtsPrIps
šikaneerima	šikaneeritavat	KvtPrIps
šikaneerima	šikaneerite	IndPrPl2
šikaneerima	šikaneeriti	IndIpfIps
šikaneerima	šikaneeritud	PtsPtIps
šikaneerima	šikaneeritud	PtsPtIpsNeg
šikaneerima	šikaneerituks	KndPtIps
šikaneerima	šikaneerituvat	KvtPtIps
šikaneerima	šikaneeriv	PtsPrPs
šikaneerima	šikaneerivad	IndPrPl3
šikaneerima	šikaneerivat	KvtPrPs
šampanjakaskaad	šampanjakaskaad	SgN
šampanjakaskaad	šampanjakaskaade	PlP
šampanjakaskaad	šampanjakaskaadeks	PlTr
šampanjakaskaad	šampanjakaskaadel	PlAd
šampanjakaskaad	šampanjakaskaadele	PlAll
šampanjakaskaad	šampanjakaskaadelt	PlAbl
šampanjakaskaad	šampanjakaskaades	PlIn
šampanjakaskaad	šampanjakaskaadesse	PlIll
šampanjakaskaad	šampanjakaskaadest	PlEl
šampanjakaskaad	šampanjakaskaadi	SgAdt
šampanjakaskaad	šampanjakaskaadi	SgG
šampanjakaskaad	šampanjakaskaadi	SgP
šampanjakaskaad	šampanjakaskaadid	PlN
šampanjakaskaad	šampanjakaskaadide	PlG
šampanjakaskaad	šampanjakaskaadidega	PlKom
šampanjakaskaad	šampanjakaskaadideks	PlTr
šampanjakaskaad	šampanjakaskaadidel	PlAd
šampanjakaskaad	šampanjakaskaadidele	PlAll
šampanjakaskaad	šampanjakaskaadidelt	PlAbl
šampanjakaskaad	šampanjakaskaadidena	PlEs
šampanjakaskaad	šampanjakaskaadideni	PlTer
šampanjakaskaad	šampanjakaskaadides	PlIn
šampanjakaskaad	šampanjakaskaadidesse	PlIll
šampanjakaskaad	šampanjakaskaadidest	PlEl
šampanjakaskaad	šampanjakaskaadideta	PlAb
šampanjakaskaad	šampanjakaskaadiga	SgKom
šampanjakaskaad	šampanjakaskaadiks	SgTr
šampanjakaskaad	šampanjakaskaadil	SgAd
šampanjakaskaad	šampanjakaskaadile	SgAll
šampanjakaskaad	šampanjakaskaadilt	SgAbl
šampanjakaskaad	šampanjakaskaadina	SgEs
šampanjakaskaad	šampanjakaskaadini	SgTer
šampanjakaskaad	šampanjakaskaadis	SgIn
šampanjakaskaad	šampanjakaskaadisid	PlP
šampanjakaskaad	šampanjakaskaadisse	SgIll
šampanjakaskaad	šampanjakaskaadist	SgEl
šampanjakaskaad	šampanjakaskaadita	SgAb
šampanjasotsialist	šampanjasotsialist	SgN
šampanjasotsialist	šampanjasotsialiste	PlP
šampanjasotsialist	šampanjasotsialisteks	PlTr
šampanjasotsialist	šampanjasotsialistel	PlAd
šampanjasotsialist	šampanjasotsialistele	PlAll
šampanjasotsialist	šampanjasotsialistelt	PlAbl
šampanjasotsialist	šampanjasotsialistes	PlIn
šampanjasotsialist	šampanjasotsialistesse	PlIll
šampanjasotsialist	šampanjasotsialistest	PlEl
šampanjasotsialist	šampanjasotsialisti	SgAdt
šampanjasotsialist	šampanjasotsialisti	SgG
šampanjasotsialist	šampanjasotsialisti	SgP
šampanjasotsialist	šampanjasotsialistid	PlN
šampanjasotsialist	šampanjasotsialistide	PlG
šampanjasotsialist	šampanjasotsialistidega	PlKom
šampanjasotsialist	šampanjasotsialistideks	PlTr
šampanjasotsialist	šampanjasotsialistidel	PlAd
šampanjasotsialist	šampanjasotsialistidele	PlAll
šampanjasotsialist	šampanjasotsialistidelt	PlAbl
šampanjasotsialist	šampanjasotsialistidena	PlEs
šampanjasotsialist	šampanjasotsialistideni	PlTer
šampanjasotsialist	šampanjasotsialistides	PlIn
šampanjasotsialist	šampanjasotsialistidesse	PlIll
šampanjasotsialist	šampanjasotsialistidest	PlEl
šampanjasotsialist	šampanjasotsialistideta	PlAb
šampanjasotsialist	šampanjasotsialistiga	SgKom
šampanjasotsialist	šampanjasotsialistiks	SgTr
šampanjasotsialist	šampanjasotsialistil	SgAd
šampanjasotsialist	šampanjasotsialistile	SgAll
šampanjasotsialist	šampanjasotsialistilt	SgAbl
šampanjasotsialist	šampanjasotsialistina	SgEs
šampanjasotsialist	šampanjasotsialistini	SgTer
šampanjasotsialist	šampanjasotsialistis	SgIn
šampanjasotsialist	šampanjasotsialistisid	PlP
šampanjasotsialist	šampanjasotsialistisse	SgIll
šampanjasotsialist	šampanjasotsialistist	SgEl
šampanjasotsialist	šampanjasotsialistita	SgAb
Šveitsi juust	Šveitsi juust	SgN
Šveitsi juust	Šveitsi juuste	PlP
Šveitsi juust	Šveitsi juustu	SgAdt
Šveitsi juust	Šveitsi juustu	SgG
Šveitsi juust	Šveitsi juustu	SgP
Šveitsi juust	Šveitsi juustud	PlN
Šveitsi juust	Šveitsi juustude	PlG
Šveitsi juust	Šveitsi juustudega	PlKom
Šveitsi juust	Šveitsi juustudeks	PlTr
Šveitsi juust	Šveitsi juustudel	PlAd
Šveitsi juust	Šveitsi juustudele	PlAll
Šveitsi juust	Šveitsi juustudelt	PlAbl
Šveitsi juust	Šveitsi juustudena	PlEs
Šveitsi juust	Šveitsi juustudeni	PlTer
Šveitsi juust	Šveitsi juustudes	PlIn
Šveitsi juust	Šveitsi juustudesse	PlIll
Šveitsi juust	Šveitsi juustudest	PlEl
Šveitsi juust	Šveitsi juustudeta	PlAb
Šveitsi juust	Šveitsi juustuga	SgKom
Šveitsi juust	Šveitsi juustuks	SgTr
Šveitsi juust	Šveitsi juustul	SgAd
Šveitsi juust	Šveitsi juustule	SgAll
Šveitsi juust	Šveitsi juustult	SgAbl
Šveitsi juust	Šveitsi juustuna	SgEs
Šveitsi juust	Šveitsi juustuni	SgTer
Šveitsi juust	Šveitsi juustus	SgIn
Šveitsi juust	Šveitsi juustusid	PlP
Šveitsi juust	Šveitsi juustusse	SgIll
Šveitsi juust	Šveitsi juustust	SgEl
Šveitsi juust	Šveitsi juustuta	SgAb
šikilt	šikilt	ID
šerpa keel	šerpa keel	SgN
šerpa keel	šerpa keelde	SgAdt
šerpa keel	šerpa keele	SgG
šerpa keel	šerpa keeled	PlN
šerpa keel	šerpa keelega	SgKom
šerpa keel	šerpa keeleks	SgTr
šerpa keel	šerpa keelel	SgAd
šerpa keel	šerpa keelele	SgAll
šerpa keel	šerpa keelelt	SgAbl
šerpa keel	šerpa keelena	SgEs
šerpa keel	šerpa keeleni	SgTer
šerpa keel	šerpa keeles	SgIn
šerpa keel	šerpa keelesse	SgIll
šerpa keel	šerpa keelest	SgEl
šerpa keel	šerpa keeleta	SgAb
šerpa keel	šerpa keeli	PlP
šerpa keel	šerpa keelt	SgP
šerpa keel	šerpa keelte	PlG
šerpa keel	šerpa keeltega	PlKom
šerpa keel	šerpa keelteks	PlTr
šerpa keel	šerpa keeltel	PlAd
šerpa keel	šerpa keeltele	PlAll
šerpa keel	šerpa keeltelt	PlAbl
šerpa keel	šerpa keeltena	PlEs
šerpa keel	šerpa keelteni	PlTer
šerpa keel	šerpa keeltes	PlIn
šerpa keel	šerpa keeltesse	PlIll
šerpa keel	šerpa keeltest	PlEl
šerpa keel	šerpa keelteta	PlAb
Šnelli tiik	Šnelli tiigi	SgG
Šnelli tiik	Šnelli tiigiga	SgKom
Šnelli tiik	Šnelli tiigiks	SgTr
Šnelli tiik	Šnelli tiigil	SgAd
Šnelli tiik	Šnelli tiigile	SgAll
Šnelli tiik	Šnelli tiigilt	SgAbl
Šnelli tiik	Šnelli tiigina	SgEs
Šnelli tiik	Šnelli tiigini	SgTer
Šnelli tiik	Šnelli tiigis	SgIn
Šnelli tiik	Šnelli tiigisse	SgIll
Šnelli tiik	Šnelli tiigist	SgEl
Šnelli tiik	Šnelli tiigita	SgAb
Šnelli tiik	Šnelli tiik	SgN
Šnelli tiik	Šnelli tiiki	SgAdt
Šnelli tiik	Šnelli tiiki	SgP
ševaljee	-	SgAdt
ševaljee	ševaljee	SgG
ševaljee	ševaljee	SgN
ševaljee	ševaljeed	PlN
ševaljee	ševaljeed	SgP
ševaljee	ševaljeede	PlG
ševaljee	ševaljeedega	PlKom
ševaljee	ševaljeedeks	PlTr
ševaljee	ševaljeedel	PlAd
ševaljee	ševaljeedele	PlAll
ševaljee	ševaljeedelt	PlAbl
ševaljee	ševaljeedena	PlEs
ševaljee	ševaljeedeni	PlTer
ševaljee	ševaljeedes	PlIn
ševaljee	ševaljeedesse	PlIll
ševaljee	ševaljeedest	PlEl
ševaljee	ševaljeedeta	PlAb
ševaljee	ševaljeega	SgKom
ševaljee	ševaljeeks	SgTr
ševaljee	ševaljeel	SgAd
ševaljee	ševaljeele	SgAll
ševaljee	ševaljeelt	SgAbl
ševaljee	ševaljeena	SgEs
ševaljee	ševaljeeni	SgTer
ševaljee	ševaljees	SgIn
ševaljee	ševaljeesid	PlP
ševaljee	ševaljeesse	SgIll
ševaljee	ševaljeest	SgEl
ševaljee	ševaljeeta	SgAb
ševaljee	ševaljeid	PlP
ševaljee	ševaljeiks	PlTr
ševaljee	ševaljeil	PlAd
ševaljee	ševaljeile	PlAll
ševaljee	ševaljeilt	PlAbl
ševaljee	ševaljeis	PlIn
ševaljee	ševaljeisse	PlIll
ševaljee	ševaljeist	PlEl
Štšeglovsk	Štšeglovsk	SgAdt
Štšeglovsk	Štšeglovsk	SgN
Štšeglovsk	Štšeglovskeid	PlP
Štšeglovsk	Štšeglovskeiks	PlTr
Štšeglovsk	Štšeglovskeil	PlAd
Štšeglovsk	Štšeglovskeile	PlAll
Štšeglovsk	Štšeglovskeilt	PlAbl
Štšeglovsk	Štšeglovskeis	PlIn
Štšeglovsk	Štšeglovskeisse	PlIll
Štšeglovsk	Štšeglovskeist	PlEl
Štšeglovsk	Štšeglovski	SgG
Štšeglovsk	Štšeglovskid	PlN
Štšeglovsk	Štšeglovskiga	SgKom
Štšeglovsk	Štšeglovskiks	SgTr
Štšeglovsk	Štšeglovskil	SgAd
Štšeglovsk	Štšeglovskile	SgAll
Štšeglovsk	Štšeglovskilt	SgAbl
Štšeglovsk	Štšeglovskina	SgEs
Štšeglovsk	Štšeglovskini	SgTer
Štšeglovsk	Štšeglovskis	SgIn
Štšeglovsk	Štšeglovskisse	SgIll
Štšeglovsk	Štšeglovskist	SgEl
Štšeglovsk	Štšeglovskit	SgP
Štšeglovsk	Štšeglovskita	SgAb
Štšeglovsk	Štšeglovskite	PlG
Štšeglovsk	Štšeglovskitega	PlKom
Štšeglovsk	Štšeglovskiteks	PlTr
Štšeglovsk	Štšeglovskitel	PlAd
Štšeglovsk	Štšeglovskitele	PlAll
Štšeglovsk	Štšeglovskitelt	PlAbl
Štšeglovsk	Štšeglovskitena	PlEs
Štšeglovsk	Štšeglovskiteni	PlTer
Štšeglovsk	Štšeglovskites	PlIn
Štšeglovsk	Štšeglovskitesse	PlIll
Štšeglovsk	Štšeglovskitest	PlEl
Štšeglovsk	Štšeglovskiteta	PlAb
Šoutjärv	Šoutjärv	SgN
Šoutjärv	Šoutjärve	SgAdt
Šoutjärv	Šoutjärve	SgG
Šoutjärv	Šoutjärve	SgP
Šoutjärv	Šoutjärved	PlN
Šoutjärv	Šoutjärvede	PlG
Šoutjärv	Šoutjärvedega	PlKom
Šoutjärv	Šoutjärvedeks	PlTr
Šoutjärv	Šoutjärvedel	PlAd
Šoutjärv	Šoutjärvedele	PlAll
Šoutjärv	Šoutjärvedelt	PlAbl
Šoutjärv	Šoutjärvedena	PlEs
Šoutjärv	Šoutjärvedeni	PlTer
Šoutjärv	Šoutjärvedes	PlIn
Šoutjärv	Šoutjärvedesse	PlIll
Šoutjärv	Šoutjärvedest	PlEl
Šoutjärv	Šoutjärvedeta	PlAb
Šoutjärv	Šoutjärvega	SgKom
Šoutjärv	Šoutjärveks	SgTr
Šoutjärv	Šoutjärvel	SgAd
Šoutjärv	Šoutjärvele	SgAll
Šoutjärv	Šoutjärvelt	SgAbl
Šoutjärv	Šoutjärvena	SgEs
Šoutjärv	Šoutjärveni	SgTer
Šoutjärv	Šoutjärves	SgIn
Šoutjärv	Šoutjärvesid	PlP
Šoutjärv	Šoutjärvesse	SgIll
Šoutjärv	Šoutjärvest	SgEl
Šoutjärv	Šoutjärveta	SgAb
Šoutjärv	Šoutjärvi	PlP
Šoutjärv	Šoutjärviks	PlTr
Šoutjärv	Šoutjärvil	PlAd
Šoutjärv	Šoutjärvile	PlAll
Šoutjärv	Šoutjärvilt	PlAbl
Šoutjärv	Šoutjärvis	PlIn
Šoutjärv	Šoutjärvisse	PlIll
Šoutjärv	Šoutjärvist	PlEl
Šoltozero	Šoltozero	SgAdt
Šoltozero	Šoltozero	SgG
Šoltozero	Šoltozero	SgN
Šoltozero	Šoltozerod	PlN
Šoltozero	Šoltozeroga	SgKom
Šoltozero	Šoltozeroid	PlP
Šoltozero	Šoltozeroiks	PlTr
Šoltozero	Šoltozeroil	PlAd
Šoltozero	Šoltozeroile	PlAll
Šoltozero	Šoltozeroilt	PlAbl
Šoltozero	Šoltozerois	PlIn
Šoltozero	Šoltozeroisse	PlIll
Šoltozero	Šoltozeroist	PlEl
Šoltozero	Šoltozeroks	SgTr
Šoltozero	Šoltozerol	SgAd
Šoltozero	Šoltozerole	SgAll
Šoltozero	Šoltozerolt	SgAbl
Šoltozero	Šoltozerona	SgEs
Šoltozero	Šoltozeroni	SgTer
Šoltozero	Šoltozeros	SgIn
Šoltozero	Šoltozerosse	SgIll
Šoltozero	Šoltozerost	SgEl
Šoltozero	Šoltozerot	SgP
Šoltozero	Šoltozerota	SgAb
Šoltozero	Šoltozerote	PlG
Šoltozero	Šoltozerotega	PlKom
Šoltozero	Šoltozeroteks	PlTr
Šoltozero	Šoltozerotel	PlAd
Šoltozero	Šoltozerotele	PlAll
Šoltozero	Šoltozerotelt	PlAbl
Šoltozero	Šoltozerotena	PlEs
Šoltozero	Šoltozeroteni	PlTer
Šoltozero	Šoltozerotes	PlIn
Šoltozero	Šoltozerotesse	PlIll
Šoltozero	Šoltozerotest	PlEl
Šoltozero	Šoltozeroteta	PlAb
Š	Š	SgAdt
Š	Š	SgG
Š	Š	SgN
Š	Š-d	PlN
Š	Š-d	SgP
Š	Š-de	PlG
Š	Š-dega	PlKom
Š	Š-deks	PlTr
Š	Š-del	PlAd
Š	Š-dele	PlAll
Š	Š-delt	PlAbl
Š	Š-dena	PlEs
Š	Š-deni	PlTer
Š	Š-des	PlIn
Š	Š-desse	PlIll
Š	Š-dest	PlEl
Š	Š-deta	PlAb
Š	Š-ga	SgKom
Š	Š-ks	SgTr
Š	Š-l	SgAd
Š	Š-le	SgAll
Š	Š-lt	SgAbl
Š	Š-na	SgEs
Š	Š-ni	SgTer
Š	Š-s	SgIn
Š	Š-sid	PlP
Š	Š-sse	SgIll
Š	Š-st	SgEl
Š	Š-ta	SgAb
šaa	-	SgAdt
šaa	šaa	SgG
šaa	šaa	SgN
šaa	šaad	PlN
šaa	šaad	SgP
šaa	šaade	PlG
šaa	šaadega	PlKom
šaa	šaadeks	PlTr
šaa	šaadel	PlAd
šaa	šaadele	PlAll
šaa	šaadelt	PlAbl
šaa	šaadena	PlEs
šaa	šaadeni	PlTer
šaa	šaades	PlIn
šaa	šaadesse	PlIll
šaa	šaadest	PlEl
šaa	šaadeta	PlAb
šaa	šaaga	SgKom
šaa	šaaks	SgTr
šaa	šaal	SgAd
šaa	šaale	SgAll
šaa	šaalt	SgAbl
šaa	šaana	SgEs
šaa	šaani	SgTer
šaa	šaas	SgIn
šaa	šaasid	PlP
šaa	šaasse	SgIll
šaa	šaast	SgEl
šaa	šaata	SgAb
šiia	-	SgAdt
šiia	šiia	SgG
šiia	šiia	SgN
šiia	šiiad	PlN
šiia	šiiade	PlG
šiia	šiiadega	PlKom
šiia	šiiadeks	PlTr
šiia	šiiadel	PlAd
šiia	šiiadele	PlAll
šiia	šiiadelt	PlAbl
šiia	šiiadena	PlEs
šiia	šiiadeni	PlTer
šiia	šiiades	PlIn
šiia	šiiadesse	PlIll
šiia	šiiadest	PlEl
šiia	šiiadeta	PlAb
šiia	šiiaga	SgKom
šiia	šiiaks	SgTr
šiia	šiial	SgAd
šiia	šiiale	SgAll
šiia	šiialt	SgAbl
šiia	šiiana	SgEs
šiia	šiiani	SgTer
šiia	šiias	SgIn
šiia	šiiasid	PlP
šiia	šiiasse	SgIll
šiia	šiiast	SgEl
šiia	šiiat	SgP
šiia	šiiata	SgAb
šiia islam	-	SgAdt
šiia islam	šiia islam	SgN
šiia islam	šiia islameid	PlP
šiia islam	šiia islameiks	PlTr
šiia islam	šiia islameil	PlAd
šiia islam	šiia islameile	PlAll
šiia islam	šiia islameilt	PlAbl
šiia islam	šiia islameis	PlIn
šiia islam	šiia islameisse	PlIll
šiia islam	šiia islameist	PlEl
šiia islam	šiia islami	SgG
šiia islam	šiia islamid	PlN
šiia islam	šiia islamiga	SgKom
šiia islam	šiia islamiks	SgTr
šiia islam	šiia islamil	SgAd
šiia islam	šiia islamile	SgAll
šiia islam	šiia islamilt	SgAbl
šiia islam	šiia islamina	SgEs
šiia islam	šiia islamini	SgTer
šiia islam	šiia islamis	SgIn
šiia islam	šiia islamisse	SgIll
šiia islam	šiia islamist	SgEl
šiia islam	šiia islamit	SgP
šiia islam	šiia islamita	SgAb
šiia islam	šiia islamite	PlG
šiia islam	šiia islamitega	PlKom
šiia islam	šiia islamiteks	PlTr
šiia islam	šiia islamitel	PlAd
šiia islam	šiia islamitele	PlAll
šiia islam	šiia islamitelt	PlAbl
šiia islam	šiia islamitena	PlEs
šiia islam	šiia islamiteni	PlTer
šiia islam	šiia islamites	PlIn
šiia islam	šiia islamitesse	PlIll
šiia islam	šiia islamitest	PlEl
šiia islam	šiia islamiteta	PlAb
Šakiai	Šakiai	SgAdt
Šakiai	Šakiai	SgG
Šakiai	Šakiai	SgN
Šakiai	Šakiaid	PlN
Šakiai	Šakiaid	SgP
Šakiai	Šakiaide	PlG
Šakiai	Šakiaidega	PlKom
Šakiai	Šakiaideks	PlTr
Šakiai	Šakiaidel	PlAd
Šakiai	Šakiaidele	PlAll
Šakiai	Šakiaidelt	PlAbl
Šakiai	Šakiaidena	PlEs
Šakiai	Šakiaideni	PlTer
Šakiai	Šakiaides	PlIn
Šakiai	Šakiaidesse	PlIll
Šakiai	Šakiaidest	PlEl
Šakiai	Šakiaideta	PlAb
Šakiai	Šakiaiga	SgKom
Šakiai	Šakiaiks	SgTr
Šakiai	Šakiail	SgAd
Šakiai	Šakiaile	SgAll
Šakiai	Šakiailt	SgAbl
Šakiai	Šakiaina	SgEs
Šakiai	Šakiaini	SgTer
Šakiai	Šakiais	SgIn
Šakiai	Šakiaisid	PlP
Šakiai	Šakiaisse	SgIll
Šakiai	Šakiaist	SgEl
Šakiai	Šakiaita	SgAb
Šalčininkai	Šalčininkai	SgAdt
Šalčininkai	Šalčininkai	SgG
Šalčininkai	Šalčininkai	SgN
Šalčininkai	Šalčininkaid	PlN
Šalčininkai	Šalčininkaid	SgP
Šalčininkai	Šalčininkaide	PlG
Šalčininkai	Šalčininkaidega	PlKom
Šalčininkai	Šalčininkaideks	PlTr
Šalčininkai	Šalčininkaidel	PlAd
Šalčininkai	Šalčininkaidele	PlAll
Šalčininkai	Šalčininkaidelt	PlAbl
Šalčininkai	Šalčininkaidena	PlEs
Šalčininkai	Šalčininkaideni	PlTer
Šalčininkai	Šalčininkaides	PlIn
Šalčininkai	Šalčininkaidesse	PlIll
Šalčininkai	Šalčininkaidest	PlEl
Šalčininkai	Šalčininkaideta	PlAb
Šalčininkai	Šalčininkaiga	SgKom
Šalčininkai	Šalčininkaiks	SgTr
Šalčininkai	Šalčininkail	SgAd
Šalčininkai	Šalčininkaile	SgAll
Šalčininkai	Šalčininkailt	SgAbl
Šalčininkai	Šalčininkaina	SgEs
Šalčininkai	Šalčininkaini	SgTer
Šalčininkai	Šalčininkais	SgIn
Šalčininkai	Šalčininkaisid	PlP
Šalčininkai	Šalčininkaisse	SgIll
Šalčininkai	Šalčininkaist	SgEl
Šalčininkai	Šalčininkaita	SgAb
Šilalė	Šilalė	SgAdt
Šilalė	Šilalė	SgG
Šilalė	Šilalė	SgN
Šilalė	Šilalėd	PlN
Šilalė	Šilalėde	PlG
Šilalė	Šilalėdega	PlKom
Šilalė	Šilalėdeks	PlTr
Šilalė	Šilalėdel	PlAd
Šilalė	Šilalėdele	PlAll
Šilalė	Šilalėdelt	PlAbl
Šilalė	Šilalėdena	PlEs
Šilalė	Šilalėdeni	PlTer
Šilalė	Šilalėdes	PlIn
Šilalė	Šilalėdesse	PlIll
Šilalė	Šilalėdest	PlEl
Šilalė	Šilalėdeta	PlAb
Šilalė	Šilalėga	SgKom
Šilalė	Šilalėks	SgTr
Šilalė	Šilalėl	SgAd
Šilalė	Šilalėle	SgAll
Šilalė	Šilalėlt	SgAbl
Šilalė	Šilalėna	SgEs
Šilalė	Šilalėni	SgTer
Šilalė	Šilalės	SgIn
Šilalė	Šilalėsid	PlP
Šilalė	Šilalėsse	SgIll
Šilalė	Šilalėst	SgEl
Šilalė	Šilalėt	SgP
Šilalė	Šilalėta	SgAb
Širvintos	Širvintos	SgN
Širvintos	Širvintose	SgG
Širvintos	Širvintosed	PlN
Širvintos	Širvintosega	SgKom
Širvintos	Širvintoseks	SgTr
Širvintos	Širvintosel	SgAd
Širvintos	Širvintosele	SgAll
Širvintos	Širvintoselt	SgAbl
Širvintos	Širvintosena	SgEs
Širvintos	Širvintoseni	SgTer
Širvintos	Širvintoses	SgIn
Širvintos	Širvintosesse	SgIll
Širvintos	Širvintosest	SgEl
Širvintos	Širvintoseta	SgAb
Širvintos	Širvintosi	PlP
Širvintos	Širvintosiks	PlTr
Širvintos	Širvintosil	PlAd
Širvintos	Širvintosile	PlAll
Širvintos	Širvintosilt	PlAbl
Širvintos	Širvintosis	PlIn
Širvintos	Širvintosisse	PlIll
Širvintos	Širvintosist	PlEl
Širvintos	Širvintosse	SgAdt
Širvintos	Širvintost	SgP
Širvintos	Širvintoste	PlG
Širvintos	Širvintostega	PlKom
Širvintos	Širvintosteks	PlTr
Širvintos	Širvintostel	PlAd
Širvintos	Širvintostele	PlAll
Širvintos	Širvintostelt	PlAbl
Širvintos	Širvintostena	PlEs
Širvintos	Širvintosteni	PlTer
Širvintos	Širvintostes	PlIn
Širvintos	Širvintostesse	PlIll
Širvintos	Širvintostest	PlEl
Širvintos	Širvintosteta	PlAb
Švenčionys	Švenčionys	SgAdt
Švenčionys	Švenčionys	SgN
Švenčionys	Švenčionyse	SgG
Švenčionys	Švenčionysed	PlN
Švenčionys	Švenčionysega	SgKom
Švenčionys	Švenčionyseid	PlP
Švenčionys	Švenčionyseiks	PlTr
Švenčionys	Švenčionyseil	PlAd
Švenčionys	Švenčionyseile	PlAll
Švenčionys	Švenčionyseilt	PlAbl
Švenčionys	Švenčionyseis	PlIn
Švenčionys	Švenčionyseisse	PlIll
Švenčionys	Švenčionyseist	PlEl
Švenčionys	Švenčionyseks	SgTr
Švenčionys	Švenčionysel	SgAd
Švenčionys	Švenčionysele	SgAll
Švenčionys	Švenčionyselt	SgAbl
Švenčionys	Švenčionysena	SgEs
Švenčionys	Švenčionyseni	SgTer
Švenčionys	Švenčionyses	SgIn
Švenčionys	Švenčionysesse	SgIll
Švenčionys	Švenčionysest	SgEl
Švenčionys	Švenčionyseta	SgAb
Švenčionys	Švenčionyst	SgP
Švenčionys	Švenčionyste	PlG
Švenčionys	Švenčionystega	PlKom
Švenčionys	Švenčionysteks	PlTr
Švenčionys	Švenčionystel	PlAd
Švenčionys	Švenčionystele	PlAll
Švenčionys	Švenčionystelt	PlAbl
Švenčionys	Švenčionystena	PlEs
Švenčionys	Švenčionysteni	PlTer
Švenčionys	Švenčionystes	PlIn
Švenčionys	Švenčionystesse	PlIll
Švenčionys	Švenčionystest	PlEl
Švenčionys	Švenčionysteta	PlAb
Ševtšenko	Ševtšenko	SgAdt
Ševtšenko	Ševtšenko	SgG
Ševtšenko	Ševtšenko	SgN
Ševtšenko	Ševtšenkod	PlN
Ševtšenko	Ševtšenkode	PlG
Ševtšenko	Ševtšenkodega	PlKom
Ševtšenko	Ševtšenkodeks	PlTr
Ševtšenko	Ševtšenkodel	PlAd
Ševtšenko	Ševtšenkodele	PlAll
Ševtšenko	Ševtšenkodelt	PlAbl
Ševtšenko	Ševtšenkodena	PlEs
Ševtšenko	Ševtšenkodeni	PlTer
Ševtšenko	Ševtšenkodes	PlIn
Ševtšenko	Ševtšenkodesse	PlIll
Ševtšenko	Ševtšenkodest	PlEl
Ševtšenko	Ševtšenkodeta	PlAb
Ševtšenko	Ševtšenkoga	SgKom
Ševtšenko	Ševtšenkoks	SgTr
Ševtšenko	Ševtšenkol	SgAd
Ševtšenko	Ševtšenkole	SgAll
Ševtšenko	Ševtšenkolt	SgAbl
Ševtšenko	Ševtšenkona	SgEs
Ševtšenko	Ševtšenkoni	SgTer
Ševtšenko	Ševtšenkos	SgIn
Ševtšenko	Ševtšenkosid	PlP
Ševtšenko	Ševtšenkosse	SgIll
Ševtšenko	Ševtšenkost	SgEl
Ševtšenko	Ševtšenkot	SgP
Ševtšenko	Ševtšenkota	SgAb
Šari	Šari	SgAdt
Šari	Šari	SgG
Šari	Šari	SgN
Šari	Šari	SgP
Šari	Šarid	PlN
Šari	Šaride	PlG
Šari	Šaridega	PlKom
Šari	Šarideks	PlTr
Šari	Šaridel	PlAd
Šari	Šaridele	PlAll
Šari	Šaridelt	PlAbl
Šari	Šaridena	PlEs
Šari	Šarideni	PlTer
Šari	Šarides	PlIn
Šari	Šaridesse	PlIll
Šari	Šaridest	PlEl
Šari	Šarideta	PlAb
Šari	Šariga	SgKom
Šari	Šariks	SgTr
Šari	Šaril	SgAd
Šari	Šarile	SgAll
Šari	Šarilt	SgAbl
Šari	Šarina	SgEs
Šari	Šarini	SgTer
Šari	Šaris	SgIn
Šari	Šarisid	PlP
Šari	Šarisse	SgIll
Šari	Šarist	SgEl
Šari	Šarit	SgP
Šari	Šarita	SgAb
Štšerbakov	Štšerbakov	SgN
Štšerbakov	Štšerbakove	PlP
Štšerbakov	Štšerbakoveks	PlTr
Štšerbakov	Štšerbakovel	PlAd
Štšerbakov	Štšerbakovele	PlAll
Štšerbakov	Štšerbakovelt	PlAbl
Štšerbakov	Štšerbakoves	PlIn
Štšerbakov	Štšerbakovesse	PlIll
Štšerbakov	Štšerbakovest	PlEl
Štšerbakov	Štšerbakovi	SgAdt
Štšerbakov	Štšerbakovi	SgG
Štšerbakov	Štšerbakovi	SgP
Štšerbakov	Štšerbakovid	PlN
Štšerbakov	Štšerbakovide	PlG
Štšerbakov	Štšerbakovidega	PlKom
Štšerbakov	Štšerbakovideks	PlTr
Štšerbakov	Štšerbakovidel	PlAd
Štšerbakov	Štšerbakovidele	PlAll
Štšerbakov	Štšerbakovidelt	PlAbl
Štšerbakov	Štšerbakovidena	PlEs
Štšerbakov	Štšerbakovideni	PlTer
Štšerbakov	Štšerbakovides	PlIn
Štšerbakov	Štšerbakovidesse	PlIll
Štšerbakov	Štšerbakovidest	PlEl
Štšerbakov	Štšerbakovideta	PlAb
Štšerbakov	Štšerbakoviga	SgKom
Štšerbakov	Štšerbakoviks	SgTr
Štšerbakov	Štšerbakovil	SgAd
Štšerbakov	Štšerbakovile	SgAll
Štšerbakov	Štšerbakovilt	SgAbl
Štšerbakov	Štšerbakovina	SgEs
Štšerbakov	Štšerbakovini	SgTer
Štšerbakov	Štšerbakovis	SgIn
Štšerbakov	Štšerbakovisid	PlP
Štšerbakov	Štšerbakovisse	SgIll
Štšerbakov	Štšerbakovist	SgEl
Štšerbakov	Štšerbakovita	SgAb
Širaz	Širaz	SgN
Širaz	Širaze	PlP
Širaz	Širazeks	PlTr
Širaz	Širazel	PlAd
Širaz	Širazele	PlAll
Širaz	Širazelt	PlAbl
Širaz	Širazes	PlIn
Širaz	Širazesse	PlIll
Širaz	Širazest	PlEl
Širaz	Širazi	SgAdt
Širaz	Širazi	SgG
Širaz	Širazi	SgP
Širaz	Širazid	PlN
Širaz	Širazide	PlG
Širaz	Širazidega	PlKom
Širaz	Širazideks	PlTr
Širaz	Širazidel	PlAd
Širaz	Širazidele	PlAll
Širaz	Širazidelt	PlAbl
Širaz	Širazidena	PlEs
Širaz	Širazideni	PlTer
Širaz	Širazides	PlIn
Širaz	Širazidesse	PlIll
Širaz	Širazidest	PlEl
Širaz	Širazideta	PlAb
Širaz	Širaziga	SgKom
Širaz	Širaziks	SgTr
Širaz	Širazil	SgAd
Širaz	Širazile	SgAll
Širaz	Širazilt	SgAbl
Širaz	Širazina	SgEs
Širaz	Širazini	SgTer
Širaz	Širazis	SgIn
Širaz	Širazisid	PlP
Širaz	Širazisse	SgIll
Širaz	Širazist	SgEl
Širaz	Širazita	SgAb
Šikotan	Šikotan	SgN
Šikotan	Šikotane	PlP
Šikotan	Šikotaneks	PlTr
Šikotan	Šikotanel	PlAd
Šikotan	Šikotanele	PlAll
Šikotan	Šikotanelt	PlAbl
Šikotan	Šikotanes	PlIn
Šikotan	Šikotanesse	PlIll
Šikotan	Šikotanest	PlEl
Šikotan	Šikotani	SgAdt
Šikotan	Šikotani	SgG
Šikotan	Šikotani	SgP
Šikotan	Šikotanid	PlN
Šikotan	Šikotanide	PlG
Šikotan	Šikotanidega	PlKom
Šikotan	Šikotanideks	PlTr
Šikotan	Šikotanidel	PlAd
Šikotan	Šikotanidele	PlAll
Šikotan	Šikotanidelt	PlAbl
Šikotan	Šikotanidena	PlEs
Šikotan	Šikotanideni	PlTer
Šikotan	Šikotanides	PlIn
Šikotan	Šikotanidesse	PlIll
Šikotan	Šikotanidest	PlEl
Šikotan	Šikotanideta	PlAb
Šikotan	Šikotaniga	SgKom
Šikotan	Šikotaniks	SgTr
Šikotan	Šikotanil	SgAd
Šikotan	Šikotanile	SgAll
Šikotan	Šikotanilt	SgAbl
Šikotan	Šikotanina	SgEs
Šikotan	Šikotanini	SgTer
Šikotan	Šikotanis	SgIn
Šikotan	Šikotanisid	PlP
Šikotan	Šikotanisse	SgIll
Šikotan	Šikotanist	SgEl
Šikotan	Šikotanita	SgAb
šokolaadilaastud	šokolaadilaast	SgN
šokolaadilaastud	šokolaadilaaste	PlP
šokolaadilaastud	šokolaadilaasteks	PlTr
šokolaadilaastud	šokolaadilaastel	PlAd
šokolaadilaastud	šokolaadilaastele	PlAll
šokolaadilaastud	šokolaadilaastelt	PlAbl
šokolaadilaastud	šokolaadilaastes	PlIn
šokolaadilaastud	šokolaadilaastesse	PlIll
šokolaadilaastud	šokolaadilaastest	PlEl
šokolaadilaastud	šokolaadilaastu	SgAdt
šokolaadilaastud	šokolaadilaastu	SgG
šokolaadilaastud	šokolaadilaastu	SgP
šokolaadilaastud	šokolaadilaastud	PlN
šokolaadilaastud	šokolaadilaastude	PlG
šokolaadilaastud	šokolaadilaastudega	PlKom
šokolaadilaastud	šokolaadilaastudeks	PlTr
šokolaadilaastud	šokolaadilaastudel	PlAd
šokolaadilaastud	šokolaadilaastudele	PlAll
šokolaadilaastud	šokolaadilaastudelt	PlAbl
šokolaadilaastud	šokolaadilaastudena	PlEs
šokolaadilaastud	šokolaadilaastudeni	PlTer
šokolaadilaastud	šokolaadilaastudes	PlIn
šokolaadilaastud	šokolaadilaastudesse	PlIll
šokolaadilaastud	šokolaadilaastudest	PlEl
šokolaadilaastud	šokolaadilaastudeta	PlAb
šokolaadilaastud	šokolaadilaastuga	SgKom
šokolaadilaastud	šokolaadilaastuks	SgTr
šokolaadilaastud	šokolaadilaastul	SgAd
šokolaadilaastud	šokolaadilaastule	SgAll
šokolaadilaastud	šokolaadilaastult	SgAbl
šokolaadilaastud	šokolaadilaastuna	SgEs
šokolaadilaastud	šokolaadilaastuni	SgTer
šokolaadilaastud	šokolaadilaastus	SgIn
šokolaadilaastud	šokolaadilaastusid	PlP
šokolaadilaastud	šokolaadilaastusse	SgIll
šokolaadilaastud	šokolaadilaastust	SgEl
šokolaadilaastud	šokolaadilaastuta	SgAb
Šumen	Šumen	SgAdt
Šumen	Šumen	SgN
Šumen	Šumeneid	PlP
Šumen	Šumeneiks	PlTr
Šumen	Šumeneil	PlAd
Šumen	Šumeneile	PlAll
Šumen	Šumeneilt	PlAbl
Šumen	Šumeneis	PlIn
Šumen	Šumeneisse	PlIll
Šumen	Šumeneist	PlEl
Šumen	Šumeni	SgG
Šumen	Šumenid	PlN
Šumen	Šumeniga	SgKom
Šumen	Šumeniks	SgTr
Šumen	Šumenil	SgAd
Šumen	Šumenile	SgAll
Šumen	Šumenilt	SgAbl
Šumen	Šumenina	SgEs
Šumen	Šumenini	SgTer
Šumen	Šumenis	SgIn
Šumen	Šumenisse	SgIll
Šumen	Šumenist	SgEl
Šumen	Šumenit	SgP
Šumen	Šumenita	SgAb
Šumen	Šumenite	PlG
Šumen	Šumenitega	PlKom
Šumen	Šumeniteks	PlTr
Šumen	Šumenitel	PlAd
Šumen	Šumenitele	PlAll
Šumen	Šumenitelt	PlAbl
Šumen	Šumenitena	PlEs
Šumen	Šumeniteni	PlTer
Šumen	Šumenites	PlIn
Šumen	Šumenitesse	PlIll
Šumen	Šumenitest	PlEl
Šumen	Šumeniteta	PlAb
Šibenik	Šibenik	SgN
Šibenik	Šibenike	PlP
Šibenik	Šibenikeks	PlTr
Šibenik	Šibenikel	PlAd
Šibenik	Šibenikele	PlAll
Šibenik	Šibenikelt	PlAbl
Šibenik	Šibenikes	PlIn
Šibenik	Šibenikesse	PlIll
Šibenik	Šibenikest	PlEl
Šibenik	Šibeniki	SgAdt
Šibenik	Šibeniki	SgG
Šibenik	Šibeniki	SgP
Šibenik	Šibenikid	PlN
Šibenik	Šibenikide	PlG
Šibenik	Šibenikidega	PlKom
Šibenik	Šibenikideks	PlTr
Šibenik	Šibenikidel	PlAd
Šibenik	Šibenikidele	PlAll
Šibenik	Šibenikidelt	PlAbl
Šibenik	Šibenikidena	PlEs
Šibenik	Šibenikideni	PlTer
Šibenik	Šibenikides	PlIn
Šibenik	Šibenikidesse	PlIll
Šibenik	Šibenikidest	PlEl
Šibenik	Šibenikideta	PlAb
Šibenik	Šibenikiga	SgKom
Šibenik	Šibenikiks	SgTr
Šibenik	Šibenikil	SgAd
Šibenik	Šibenikile	SgAll
Šibenik	Šibenikilt	SgAbl
Šibenik	Šibenikina	SgEs
Šibenik	Šibenikini	SgTer
Šibenik	Šibenikis	SgIn
Šibenik	Šibenikisid	PlP
Šibenik	Šibenikisse	SgIll
Šibenik	Šibenikist	SgEl
Šibenik	Šibenikita	SgAb
ševroonhelmes	-	SgAdt
ševroonhelmes	ševroonhelme	SgG
ševroonhelmes	ševroonhelmed	PlN
ševroonhelmes	ševroonhelmega	SgKom
ševroonhelmes	ševroonhelmeid	PlP
ševroonhelmes	ševroonhelmeiks	PlTr
ševroonhelmes	ševroonhelmeil	PlAd
ševroonhelmes	ševroonhelmeile	PlAll
ševroonhelmes	ševroonhelmeilt	PlAbl
ševroonhelmes	ševroonhelmeis	PlIn
ševroonhelmes	ševroonhelmeisse	PlIll
ševroonhelmes	ševroonhelmeist	PlEl
ševroonhelmes	ševroonhelmeks	SgTr
ševroonhelmes	ševroonhelmel	SgAd
ševroonhelmes	ševroonhelmele	SgAll
ševroonhelmes	ševroonhelmelt	SgAbl
ševroonhelmes	ševroonhelmena	SgEs
ševroonhelmes	ševroonhelmeni	SgTer
ševroonhelmes	ševroonhelmes	SgIn
ševroonhelmes	ševroonhelmes	SgN
ševroonhelmes	ševroonhelmesse	SgIll
ševroonhelmes	ševroonhelmest	SgEl
ševroonhelmes	ševroonhelmest	SgP
ševroonhelmes	ševroonhelmeste	PlG
ševroonhelmes	ševroonhelmestega	PlKom
ševroonhelmes	ševroonhelmesteks	PlTr
ševroonhelmes	ševroonhelmestel	PlAd
ševroonhelmes	ševroonhelmestele	PlAll
ševroonhelmes	ševroonhelmestelt	PlAbl
ševroonhelmes	ševroonhelmestena	PlEs
ševroonhelmes	ševroonhelmesteni	PlTer
ševroonhelmes	ševroonhelmestes	PlIn
ševroonhelmes	ševroonhelmestesse	PlIll
ševroonhelmes	ševroonhelmestest	PlEl
ševroonhelmes	ševroonhelmesteta	PlAb
ševroonhelmes	ševroonhelmeta	SgAb
Širak	Širak	SgN
Širak	Širake	PlP
Širak	Širakeks	PlTr
Širak	Širakel	PlAd
Širak	Širakele	PlAll
Širak	Širakelt	PlAbl
Širak	Širakes	PlIn
Širak	Širakesse	PlIll
Širak	Širakest	PlEl
Širak	Širaki	SgG
Širak	Širakid	PlN
Širak	Širakiga	SgKom
Širak	Širakiks	SgTr
Širak	Širakil	SgAd
Širak	Širakile	SgAll
Širak	Širakilt	SgAbl
Širak	Širakina	SgEs
Širak	Širakini	SgTer
Širak	Širakis	SgIn
Širak	Širakisse	SgIll
Širak	Širakist	SgEl
Širak	Širakita	SgAb
Širak	Širakki	SgAdt
Širak	Širakki	SgP
Širak	Širakkide	PlG
Širak	Širakkidega	PlKom
Širak	Širakkideks	PlTr
Širak	Širakkidel	PlAd
Širak	Širakkidele	PlAll
Širak	Širakkidelt	PlAbl
Širak	Širakkidena	PlEs
Širak	Širakkideni	PlTer
Širak	Širakkides	PlIn
Širak	Širakkidesse	PlIll
Širak	Širakkidest	PlEl
Širak	Širakkideta	PlAb
Širak	Širakkisid	PlP
Šeki	Šeki	SgAdt
Šeki	Šeki	SgG
Šeki	Šeki	SgN
Šeki	Šekid	PlN
Šeki	Šekid	SgP
Šeki	Šekide	PlG
Šeki	Šekidega	PlKom
Šeki	Šekideks	PlTr
Šeki	Šekidel	PlAd
Šeki	Šekidele	PlAll
Šeki	Šekidelt	PlAbl
Šeki	Šekidena	PlEs
Šeki	Šekideni	PlTer
Šeki	Šekides	PlIn
Šeki	Šekidesse	PlIll
Šeki	Šekidest	PlEl
Šeki	Šekideta	PlAb
Šeki	Šekiga	SgKom
Šeki	Šekiks	SgTr
Šeki	Šekil	SgAd
Šeki	Šekile	SgAll
Šeki	Šekilt	SgAbl
Šeki	Šekina	SgEs
Šeki	Šekini	SgTer
Šeki	Šekis	SgIn
Šeki	Šekisid	PlP
Šeki	Šekisse	SgIll
Šeki	Šekist	SgEl
Šeki	Šekita	SgAb
Šuša	Šuša	SgAdt
Šuša	Šuša	SgG
Šuša	Šuša	SgN
Šuša	Šušad	PlN
Šuša	Šušad	SgP
Šuša	Šušade	PlG
Šuša	Šušadega	PlKom
Šuša	Šušadeks	PlTr
Šuša	Šušadel	PlAd
Šuša	Šušadele	PlAll
Šuša	Šušadelt	PlAbl
Šuša	Šušadena	PlEs
Šuša	Šušadeni	PlTer
Šuša	Šušades	PlIn
Šuša	Šušadesse	PlIll
Šuša	Šušadest	PlEl
Šuša	Šušadeta	PlAb
Šuša	Šušaga	SgKom
Šuša	Šušaks	SgTr
Šuša	Šušal	SgAd
Šuša	Šušale	SgAll
Šuša	Šušalt	SgAbl
Šuša	Šušana	SgEs
Šuša	Šušani	SgTer
Šuša	Šušas	SgIn
Šuša	Šušasid	PlP
Šuša	Šušasse	SgIll
Šuša	Šušast	SgEl
Šuša	Šušata	SgAb
šahh	šahh	SgN
šahh	šahhe	PlP
šahh	šahheks	PlTr
šahh	šahhel	PlAd
šahh	šahhele	PlAll
šahh	šahhelt	PlAbl
šahh	šahhes	PlIn
šahh	šahhesse	PlIll
šahh	šahhest	PlEl
šahh	šahhi	SgAdt
šahh	šahhi	SgG
šahh	šahhi	SgP
šahh	šahhid	PlN
šahh	šahhide	PlG
šahh	šahhidega	PlKom
šahh	šahhideks	PlTr
šahh	šahhidel	PlAd
šahh	šahhidele	PlAll
šahh	šahhidelt	PlAbl
šahh	šahhidena	PlEs
šahh	šahhideni	PlTer
šahh	šahhides	PlIn
šahh	šahhidesse	PlIll
šahh	šahhidest	PlEl
šahh	šahhideta	PlAb
šahh	šahhiga	SgKom
šahh	šahhiks	SgTr
šahh	šahhil	SgAd
šahh	šahhile	SgAll
šahh	šahhilt	SgAbl
šahh	šahhina	SgEs
šahh	šahhini	SgTer
šahh	šahhis	SgIn
šahh	šahhisid	PlP
šahh	šahhisse	SgIll
šahh	šahhist	SgEl
šahh	šahhita	SgAb
Šemahha	Šemahha	SgAdt
Šemahha	Šemahha	SgG
Šemahha	Šemahha	SgN
Šemahha	Šemahhad	PlN
Šemahha	Šemahhad	SgP
Šemahha	Šemahhade	PlG
Šemahha	Šemahhadega	PlKom
Šemahha	Šemahhadeks	PlTr
Šemahha	Šemahhadel	PlAd
Šemahha	Šemahhadele	PlAll
Šemahha	Šemahhadelt	PlAbl
Šemahha	Šemahhadena	PlEs
Šemahha	Šemahhadeni	PlTer
Šemahha	Šemahhades	PlIn
Šemahha	Šemahhadesse	PlIll
Šemahha	Šemahhadest	PlEl
Šemahha	Šemahhadeta	PlAb
Šemahha	Šemahhaga	SgKom
Šemahha	Šemahhaks	SgTr
Šemahha	Šemahhal	SgAd
Šemahha	Šemahhale	SgAll
Šemahha	Šemahhalt	SgAbl
Šemahha	Šemahhana	SgEs
Šemahha	Šemahhani	SgTer
Šemahha	Šemahhas	SgIn
Šemahha	Šemahhasid	PlP
Šemahha	Šemahhasse	SgIll
Šemahha	Šemahhast	SgEl
Šemahha	Šemahhata	SgAb
Šamhor	Šamhor	SgN
Šamhor	Šamhore	PlP
Šamhor	Šamhoreks	PlTr
Šamhor	Šamhorel	PlAd
Šamhor	Šamhorele	PlAll
Šamhor	Šamhorelt	PlAbl
Šamhor	Šamhores	PlIn
Šamhor	Šamhoresse	PlIll
Šamhor	Šamhorest	PlEl
Šamhor	Šamhori	SgAdt
Šamhor	Šamhori	SgG
Šamhor	Šamhori	SgP
Šamhor	Šamhorid	PlN
Šamhor	Šamhoride	PlG
Šamhor	Šamhoridega	PlKom
Šamhor	Šamhorideks	PlTr
Šamhor	Šamhoridel	PlAd
Šamhor	Šamhoridele	PlAll
Šamhor	Šamhoridelt	PlAbl
Šamhor	Šamhoridena	PlEs
Šamhor	Šamhorideni	PlTer
Šamhor	Šamhorides	PlIn
Šamhor	Šamhoridesse	PlIll
Šamhor	Šamhoridest	PlEl
Šamhor	Šamhorideta	PlAb
Šamhor	Šamhoriga	SgKom
Šamhor	Šamhoriks	SgTr
Šamhor	Šamhoril	SgAd
Šamhor	Šamhorile	SgAll
Šamhor	Šamhorilt	SgAbl
Šamhor	Šamhorina	SgEs
Šamhor	Šamhorini	SgTer
Šamhor	Šamhoris	SgIn
Šamhor	Šamhorisid	PlP
Šamhor	Šamhorisse	SgIll
Šamhor	Šamhorist	SgEl
Šamhor	Šamhorita	SgAb
Šarõpovo	Šarõpovo	SgAdt
Šarõpovo	Šarõpovo	SgG
Šarõpovo	Šarõpovo	SgN
Šarõpovo	Šarõpovod	PlN
Šarõpovo	Šarõpovoga	SgKom
Šarõpovo	Šarõpovoid	PlP
Šarõpovo	Šarõpovoiks	PlTr
Šarõpovo	Šarõpovoil	PlAd
Šarõpovo	Šarõpovoile	PlAll
Šarõpovo	Šarõpovoilt	PlAbl
Šarõpovo	Šarõpovois	PlIn
Šarõpovo	Šarõpovoisse	PlIll
Šarõpovo	Šarõpovoist	PlEl
Šarõpovo	Šarõpovoks	SgTr
Šarõpovo	Šarõpovol	SgAd
Šarõpovo	Šarõpovole	SgAll
Šarõpovo	Šarõpovolt	SgAbl
Šarõpovo	Šarõpovona	SgEs
Šarõpovo	Šarõpovoni	SgTer
Šarõpovo	Šarõpovos	SgIn
Šarõpovo	Šarõpovosse	SgIll
Šarõpovo	Šarõpovost	SgEl
Šarõpovo	Šarõpovot	SgP
Šarõpovo	Šarõpovota	SgAb
Šarõpovo	Šarõpovote	PlG
Šarõpovo	Šarõpovotega	PlKom
Šarõpovo	Šarõpovoteks	PlTr
Šarõpovo	Šarõpovotel	PlAd
Šarõpovo	Šarõpovotele	PlAll
Šarõpovo	Šarõpovotelt	PlAbl
Šarõpovo	Šarõpovotena	PlEs
Šarõpovo	Šarõpovoteni	PlTer
Šarõpovo	Šarõpovotes	PlIn
Šarõpovo	Šarõpovotesse	PlIll
Šarõpovo	Šarõpovotest	PlEl
Šarõpovo	Šarõpovoteta	PlAb
